transferID,drugID,transferStage,previousOwner,newOwner,newOwnerType,plannedTransferDateTime,location,status
TX0000001,DRUG000001,1,MFG_01,DIST_01,DISTRIBUTOR,2026-06-17 11:14:00,Vijayawada,PLANNED
TX0000002,DRUG000001,2,DIST_01,WH_01,WHOLESALER,2026-06-19 20:57:00,Guntur,PLANNED
TX0000003,DRUG000001,3,WH_01,RET_001,RETAIL_OUTLET,2026-06-25 06:34:00,Visakhapatnam,PLANNED
TX0000004,DRUG000002,1,MFG_02,DIST_02,DISTRIBUTOR,2026-04-21 11:14:00,Guntur,PLANNED
TX0000005,DRUG000002,2,DIST_02,WH_02,WHOLESALER,2026-04-27 04:15:00,Visakhapatnam,PLANNED
TX0000006,DRUG000002,3,WH_02,RET_002,RETAIL_OUTLET,2026-05-02 16:00:00,Hyderabad,PLANNED
TX0000007,DRUG000003,1,MFG_03,DIST_03,DISTRIBUTOR,2026-06-24 17:17:00,Visakhapatnam,PLANNED
TX0000008,DRUG000003,2,DIST_03,WH_03,WHOLESALER,2026-06-26 04:01:00,Hyderabad,PLANNED
TX0000009,DRUG000003,3,WH_03,RET_003,RETAIL_OUTLET,2026-06-30 17:18:00,Chennai,PLANNED
TX0000010,DRUG000004,1,MFG_04,DIST_04,DISTRIBUTOR,2026-02-16 09:24:00,Hyderabad,PLANNED
TX0000011,DRUG000004,2,DIST_04,WH_04,WHOLESALER,2026-02-17 23:18:00,Chennai,PLANNED
TX0000012,DRUG000004,3,WH_04,RET_004,RETAIL_OUTLET,2026-02-21 16:34:00,Bengaluru,PLANNED
TX0000013,DRUG000005,1,MFG_05,DIST_05,DISTRIBUTOR,2026-08-08 09:59:00,Chennai,PLANNED
TX0000014,DRUG000005,2,DIST_05,WH_05,WHOLESALER,2026-08-12 19:34:00,Bengaluru,PLANNED
TX0000015,DRUG000005,3,WH_05,RET_005,RETAIL_OUTLET,2026-08-16 14:13:00,Pune,PLANNED
TX0000016,DRUG000006,1,MFG_06,DIST_06,DISTRIBUTOR,2026-08-27 09:02:00,Bengaluru,PLANNED
TX0000017,DRUG000006,2,DIST_06,WH_06,WHOLESALER,2026-08-29 21:07:00,Pune,PLANNED
TX0000018,DRUG000006,3,WH_06,RET_006,RETAIL_OUTLET,2026-09-01 06:31:00,Mumbai,PLANNED
TX0000019,DRUG000007,1,MFG_07,DIST_07,DISTRIBUTOR,2026-03-21 13:22:00,Pune,PLANNED
TX0000020,DRUG000007,2,DIST_07,WH_07,WHOLESALER,2026-03-24 07:39:00,Mumbai,PLANNED
TX0000021,DRUG000007,3,WH_07,RET_007,RETAIL_OUTLET,2026-03-26 01:19:00,Kolkata,PLANNED
TX0000022,DRUG000008,1,MFG_08,DIST_08,DISTRIBUTOR,2026-02-20 14:17:00,Mumbai,PLANNED
TX0000023,DRUG000008,2,DIST_08,WH_08,WHOLESALER,2026-02-26 02:00:00,Kolkata,PLANNED
TX0000024,DRUG000008,3,WH_08,RET_008,RETAIL_OUTLET,2026-03-01 10:14:00,New Delhi,PLANNED
TX0000025,DRUG000009,1,MFG_09,DIST_09,DISTRIBUTOR,2026-08-09 12:04:00,Kolkata,PLANNED
TX0000026,DRUG000009,2,DIST_09,WH_09,WHOLESALER,2026-08-12 06:00:00,New Delhi,PLANNED
TX0000027,DRUG000009,3,WH_09,RET_009,RETAIL_OUTLET,2026-08-15 17:41:00,Vijayawada,PLANNED
TX0000028,DRUG000010,1,MFG_10,DIST_10,DISTRIBUTOR,2026-05-18 12:08:00,New Delhi,PLANNED
TX0000029,DRUG000010,2,DIST_10,WH_10,WHOLESALER,2026-05-21 04:42:00,Vijayawada,PLANNED
TX0000030,DRUG000010,3,WH_10,RET_010,RETAIL_OUTLET,2026-05-24 22:09:00,Guntur,PLANNED
TX0000031,DRUG000011,1,MFG_01,DIST_11,DISTRIBUTOR,2026-08-26 10:32:00,Vijayawada,PLANNED
TX0000032,DRUG000011,2,DIST_11,WH_11,WHOLESALER,2026-08-30 20:20:00,Guntur,PLANNED
TX0000033,DRUG000011,3,WH_11,RET_011,RETAIL_OUTLET,2026-09-01 05:29:00,Visakhapatnam,PLANNED
TX0000034,DRUG000012,1,MFG_02,DIST_12,DISTRIBUTOR,2026-06-22 09:24:00,Guntur,PLANNED
TX0000035,DRUG000012,2,DIST_12,WH_12,WHOLESALER,2026-06-27 02:53:00,Visakhapatnam,PLANNED
TX0000036,DRUG000012,3,WH_12,RET_012,RETAIL_OUTLET,2026-07-02 15:28:00,Hyderabad,PLANNED
TX0000037,DRUG000013,1,MFG_03,DIST_13,DISTRIBUTOR,2026-08-16 12:49:00,Visakhapatnam,PLANNED
TX0000038,DRUG000013,2,DIST_13,WH_13,WHOLESALER,2026-08-19 22:07:00,Hyderabad,PLANNED
TX0000039,DRUG000013,3,WH_13,RET_013,RETAIL_OUTLET,2026-08-24 08:36:00,Chennai,PLANNED
TX0000040,DRUG000014,1,MFG_04,DIST_14,DISTRIBUTOR,2026-01-12 16:58:00,Hyderabad,PLANNED
TX0000041,DRUG000014,2,DIST_14,WH_14,WHOLESALER,2026-01-14 11:17:00,Chennai,PLANNED
TX0000042,DRUG000014,3,WH_14,RET_014,RETAIL_OUTLET,2026-01-20 04:29:00,Bengaluru,PLANNED
TX0000043,DRUG000015,1,MFG_05,DIST_15,DISTRIBUTOR,2026-02-17 16:58:00,Chennai,PLANNED
TX0000044,DRUG000015,2,DIST_15,WH_15,WHOLESALER,2026-02-19 10:18:00,Bengaluru,PLANNED
TX0000045,DRUG000015,3,WH_15,RET_015,RETAIL_OUTLET,2026-02-23 18:25:00,Pune,PLANNED
TX0000046,DRUG000016,1,MFG_06,DIST_01,DISTRIBUTOR,2026-09-02 08:15:00,Bengaluru,PLANNED
TX0000047,DRUG000016,2,DIST_01,WH_16,WHOLESALER,2026-09-07 17:20:00,Pune,PLANNED
TX0000048,DRUG000016,3,WH_16,RET_016,RETAIL_OUTLET,2026-09-12 03:08:00,Mumbai,PLANNED
TX0000049,DRUG000017,1,MFG_07,DIST_02,DISTRIBUTOR,2026-05-24 16:10:00,Pune,PLANNED
TX0000050,DRUG000017,2,DIST_02,WH_17,WHOLESALER,2026-05-28 09:05:00,Mumbai,PLANNED
TX0000051,DRUG000017,3,WH_17,RET_017,RETAIL_OUTLET,2026-06-02 23:18:00,Kolkata,PLANNED
TX0000052,DRUG000018,1,MFG_08,DIST_03,DISTRIBUTOR,2026-09-04 18:41:00,Mumbai,PLANNED
TX0000053,DRUG000018,2,DIST_03,WH_18,WHOLESALER,2026-09-08 10:38:00,Kolkata,PLANNED
TX0000054,DRUG000018,3,WH_18,RET_018,RETAIL_OUTLET,2026-09-14 01:45:00,New Delhi,PLANNED
TX0000055,DRUG000019,1,MFG_09,DIST_04,DISTRIBUTOR,2026-03-10 08:37:00,Kolkata,PLANNED
TX0000056,DRUG000019,2,DIST_04,WH_19,WHOLESALER,2026-03-15 20:14:00,New Delhi,PLANNED
TX0000057,DRUG000019,3,WH_19,RET_019,RETAIL_OUTLET,2026-03-18 04:18:00,Vijayawada,PLANNED
TX0000058,DRUG000020,1,MFG_10,DIST_05,DISTRIBUTOR,2026-07-06 08:55:00,New Delhi,PLANNED
TX0000059,DRUG000020,2,DIST_05,WH_20,WHOLESALER,2026-07-09 18:27:00,Vijayawada,PLANNED
TX0000060,DRUG000020,3,WH_20,RET_020,RETAIL_OUTLET,2026-07-12 07:09:00,Guntur,PLANNED
TX0000061,DRUG000021,1,MFG_01,DIST_06,DISTRIBUTOR,2026-05-16 17:36:00,Vijayawada,PLANNED
TX0000062,DRUG000021,2,DIST_06,WH_01,WHOLESALER,2026-05-21 05:26:00,Guntur,PLANNED
TX0000063,DRUG000021,3,WH_01,RET_021,RETAIL_OUTLET,2026-05-25 19:38:00,Visakhapatnam,PLANNED
TX0000064,DRUG000022,1,MFG_02,DIST_07,DISTRIBUTOR,2026-02-04 14:26:00,Guntur,PLANNED
TX0000065,DRUG000022,2,DIST_07,WH_02,WHOLESALER,2026-02-08 23:09:00,Visakhapatnam,PLANNED
TX0000066,DRUG000022,3,WH_02,RET_022,RETAIL_OUTLET,2026-02-10 07:34:00,Hyderabad,PLANNED
TX0000067,DRUG000023,1,MFG_03,DIST_08,DISTRIBUTOR,2026-07-10 11:12:00,Visakhapatnam,PLANNED
TX0000068,DRUG000023,2,DIST_08,WH_03,WHOLESALER,2026-07-16 02:20:00,Hyderabad,PLANNED
TX0000069,DRUG000023,3,WH_03,RET_023,RETAIL_OUTLET,2026-07-20 12:37:00,Chennai,PLANNED
TX0000070,DRUG000024,1,MFG_04,DIST_09,DISTRIBUTOR,2026-05-05 16:06:00,Hyderabad,PLANNED
TX0000071,DRUG000024,2,DIST_09,WH_04,WHOLESALER,2026-05-07 10:40:00,Chennai,PLANNED
TX0000072,DRUG000024,3,WH_04,RET_024,RETAIL_OUTLET,2026-05-08 20:39:00,Bengaluru,PLANNED
TX0000073,DRUG000025,1,MFG_05,DIST_10,DISTRIBUTOR,2026-07-19 15:30:00,Chennai,PLANNED
TX0000074,DRUG000025,2,DIST_10,WH_05,WHOLESALER,2026-07-22 06:27:00,Bengaluru,PLANNED
TX0000075,DRUG000025,3,WH_05,RET_025,RETAIL_OUTLET,2026-07-23 16:51:00,Pune,PLANNED
TX0000076,DRUG000026,1,MFG_06,DIST_11,DISTRIBUTOR,2026-01-10 12:27:00,Bengaluru,PLANNED
TX0000077,DRUG000026,2,DIST_11,WH_06,WHOLESALER,2026-01-16 07:12:00,Pune,PLANNED
TX0000078,DRUG000026,3,WH_06,RET_026,RETAIL_OUTLET,2026-01-20 17:24:00,Mumbai,PLANNED
TX0000079,DRUG000027,1,MFG_07,DIST_12,DISTRIBUTOR,2026-03-23 16:03:00,Pune,PLANNED
TX0000080,DRUG000027,2,DIST_12,WH_07,WHOLESALER,2026-03-27 00:06:00,Mumbai,PLANNED
TX0000081,DRUG000027,3,WH_07,RET_027,RETAIL_OUTLET,2026-04-01 15:38:00,Kolkata,PLANNED
TX0000082,DRUG000028,1,MFG_08,DIST_13,DISTRIBUTOR,2026-08-30 09:54:00,Mumbai,PLANNED
TX0000083,DRUG000028,2,DIST_13,WH_08,WHOLESALER,2026-09-01 19:32:00,Kolkata,PLANNED
TX0000084,DRUG000028,3,WH_08,RET_028,RETAIL_OUTLET,2026-09-03 14:27:00,New Delhi,PLANNED
TX0000085,DRUG000029,1,MFG_09,DIST_14,DISTRIBUTOR,2026-03-09 11:37:00,Kolkata,PLANNED
TX0000086,DRUG000029,2,DIST_14,WH_09,WHOLESALER,2026-03-14 20:16:00,New Delhi,PLANNED
TX0000087,DRUG000029,3,WH_09,RET_029,RETAIL_OUTLET,2026-03-16 10:58:00,Vijayawada,PLANNED
TX0000088,DRUG000030,1,MFG_10,DIST_15,DISTRIBUTOR,2026-06-06 18:45:00,New Delhi,PLANNED
TX0000089,DRUG000030,2,DIST_15,WH_10,WHOLESALER,2026-06-10 06:01:00,Vijayawada,PLANNED
TX0000090,DRUG000030,3,WH_10,RET_030,RETAIL_OUTLET,2026-06-14 16:43:00,Guntur,PLANNED
TX0000091,DRUG000031,1,MFG_01,DIST_01,DISTRIBUTOR,2026-06-26 09:00:00,Vijayawada,PLANNED
TX0000092,DRUG000031,2,DIST_01,WH_11,WHOLESALER,2026-07-01 02:36:00,Guntur,PLANNED
TX0000093,DRUG000031,3,WH_11,RET_031,RETAIL_OUTLET,2026-07-02 12:10:00,Visakhapatnam,PLANNED
TX0000094,DRUG000032,1,MFG_02,DIST_02,DISTRIBUTOR,2026-03-02 09:56:00,Guntur,PLANNED
TX0000095,DRUG000032,2,DIST_02,WH_12,WHOLESALER,2026-03-04 23:14:00,Visakhapatnam,PLANNED
TX0000096,DRUG000032,3,WH_12,RET_032,RETAIL_OUTLET,2026-03-07 15:07:00,Hyderabad,PLANNED
TX0000097,DRUG000033,1,MFG_03,DIST_03,DISTRIBUTOR,2026-06-04 08:42:00,Visakhapatnam,PLANNED
TX0000098,DRUG000033,2,DIST_03,WH_13,WHOLESALER,2026-06-09 21:41:00,Hyderabad,PLANNED
TX0000099,DRUG000033,3,WH_13,RET_033,RETAIL_OUTLET,2026-06-11 07:57:00,Chennai,PLANNED
TX0000100,DRUG000034,1,MFG_04,DIST_04,DISTRIBUTOR,2026-02-10 12:18:00,Hyderabad,PLANNED
TX0000101,DRUG000034,2,DIST_04,WH_14,WHOLESALER,2026-02-16 00:03:00,Chennai,PLANNED
TX0000102,DRUG000034,3,WH_14,RET_034,RETAIL_OUTLET,2026-02-19 11:46:00,Bengaluru,PLANNED
TX0000103,DRUG000035,1,MFG_05,DIST_05,DISTRIBUTOR,2026-06-25 12:57:00,Chennai,PLANNED
TX0000104,DRUG000035,2,DIST_05,WH_15,WHOLESALER,2026-06-26 22:37:00,Bengaluru,PLANNED
TX0000105,DRUG000035,3,WH_15,RET_035,RETAIL_OUTLET,2026-07-01 10:39:00,Pune,PLANNED
TX0000106,DRUG000036,1,MFG_06,DIST_06,DISTRIBUTOR,2026-01-07 10:47:00,Bengaluru,PLANNED
TX0000107,DRUG000036,2,DIST_06,WH_16,WHOLESALER,2026-01-12 03:32:00,Pune,PLANNED
TX0000108,DRUG000036,3,WH_16,RET_036,RETAIL_OUTLET,2026-01-16 19:32:00,Mumbai,PLANNED
TX0000109,DRUG000037,1,MFG_07,DIST_07,DISTRIBUTOR,2026-02-06 08:53:00,Pune,PLANNED
TX0000110,DRUG000037,2,DIST_07,WH_17,WHOLESALER,2026-02-10 02:28:00,Mumbai,PLANNED
TX0000111,DRUG000037,3,WH_17,RET_037,RETAIL_OUTLET,2026-02-12 16:36:00,Kolkata,PLANNED
TX0000112,DRUG000038,1,MFG_08,DIST_08,DISTRIBUTOR,2026-01-18 13:13:00,Mumbai,PLANNED
TX0000113,DRUG000038,2,DIST_08,WH_18,WHOLESALER,2026-01-21 07:19:00,Kolkata,PLANNED
TX0000114,DRUG000038,3,WH_18,RET_038,RETAIL_OUTLET,2026-01-25 00:15:00,New Delhi,PLANNED
TX0000115,DRUG000039,1,MFG_09,DIST_09,DISTRIBUTOR,2026-08-24 11:55:00,Kolkata,PLANNED
TX0000116,DRUG000039,2,DIST_09,WH_19,WHOLESALER,2026-08-26 22:51:00,New Delhi,PLANNED
TX0000117,DRUG000039,3,WH_19,RET_039,RETAIL_OUTLET,2026-08-31 07:02:00,Vijayawada,PLANNED
TX0000118,DRUG000040,1,MFG_10,DIST_10,DISTRIBUTOR,2026-07-17 12:10:00,New Delhi,PLANNED
TX0000119,DRUG000040,2,DIST_10,WH_20,WHOLESALER,2026-07-19 03:05:00,Vijayawada,PLANNED
TX0000120,DRUG000040,3,WH_20,RET_040,RETAIL_OUTLET,2026-07-20 18:19:00,Guntur,PLANNED
TX0000121,DRUG000041,1,MFG_01,DIST_11,DISTRIBUTOR,2026-03-02 11:14:00,Vijayawada,PLANNED
TX0000122,DRUG000041,2,DIST_11,WH_01,WHOLESALER,2026-03-04 05:26:00,Guntur,PLANNED
TX0000123,DRUG000041,3,WH_01,RET_041,RETAIL_OUTLET,2026-03-08 18:43:00,Visakhapatnam,PLANNED
TX0000124,DRUG000042,1,MFG_02,DIST_12,DISTRIBUTOR,2026-08-18 18:32:00,Guntur,PLANNED
TX0000125,DRUG000042,2,DIST_12,WH_02,WHOLESALER,2026-08-23 13:25:00,Visakhapatnam,PLANNED
TX0000126,DRUG000042,3,WH_02,RET_042,RETAIL_OUTLET,2026-08-29 02:26:00,Hyderabad,PLANNED
TX0000127,DRUG000043,1,MFG_03,DIST_13,DISTRIBUTOR,2026-02-07 12:02:00,Visakhapatnam,PLANNED
TX0000128,DRUG000043,2,DIST_13,WH_03,WHOLESALER,2026-02-09 05:29:00,Hyderabad,PLANNED
TX0000129,DRUG000043,3,WH_03,RET_043,RETAIL_OUTLET,2026-02-12 18:56:00,Chennai,PLANNED
TX0000130,DRUG000044,1,MFG_04,DIST_14,DISTRIBUTOR,2026-06-17 11:16:00,Hyderabad,PLANNED
TX0000131,DRUG000044,2,DIST_14,WH_04,WHOLESALER,2026-06-19 01:16:00,Chennai,PLANNED
TX0000132,DRUG000044,3,WH_04,RET_044,RETAIL_OUTLET,2026-06-24 17:59:00,Bengaluru,PLANNED
TX0000133,DRUG000045,1,MFG_05,DIST_15,DISTRIBUTOR,2026-07-14 09:42:00,Chennai,PLANNED
TX0000134,DRUG000045,2,DIST_15,WH_05,WHOLESALER,2026-07-18 03:02:00,Bengaluru,PLANNED
TX0000135,DRUG000045,3,WH_05,RET_045,RETAIL_OUTLET,2026-07-19 15:34:00,Pune,PLANNED
TX0000136,DRUG000046,1,MFG_06,DIST_01,DISTRIBUTOR,2026-03-31 12:35:00,Bengaluru,PLANNED
TX0000137,DRUG000046,2,DIST_01,WH_06,WHOLESALER,2026-04-03 00:01:00,Pune,PLANNED
TX0000138,DRUG000046,3,WH_06,RET_046,RETAIL_OUTLET,2026-04-07 18:48:00,Mumbai,PLANNED
TX0000139,DRUG000047,1,MFG_07,DIST_02,DISTRIBUTOR,2026-09-04 12:25:00,Pune,PLANNED
TX0000140,DRUG000047,2,DIST_02,WH_07,WHOLESALER,2026-09-09 20:44:00,Mumbai,PLANNED
TX0000141,DRUG000047,3,WH_07,RET_047,RETAIL_OUTLET,2026-09-13 08:11:00,Kolkata,PLANNED
TX0000142,DRUG000048,1,MFG_08,DIST_03,DISTRIBUTOR,2026-08-02 15:43:00,Mumbai,PLANNED
TX0000143,DRUG000048,2,DIST_03,WH_08,WHOLESALER,2026-08-05 08:13:00,Kolkata,PLANNED
TX0000144,DRUG000048,3,WH_08,RET_048,RETAIL_OUTLET,2026-08-08 02:18:00,New Delhi,PLANNED
TX0000145,DRUG000049,1,MFG_09,DIST_04,DISTRIBUTOR,2026-03-18 18:19:00,Kolkata,PLANNED
TX0000146,DRUG000049,2,DIST_04,WH_09,WHOLESALER,2026-03-21 05:28:00,New Delhi,PLANNED
TX0000147,DRUG000049,3,WH_09,RET_049,RETAIL_OUTLET,2026-03-22 13:43:00,Vijayawada,PLANNED
TX0000148,DRUG000050,1,MFG_10,DIST_05,DISTRIBUTOR,2026-05-14 18:36:00,New Delhi,PLANNED
TX0000149,DRUG000050,2,DIST_05,WH_10,WHOLESALER,2026-05-17 09:07:00,Vijayawada,PLANNED
TX0000150,DRUG000050,3,WH_10,RET_050,RETAIL_OUTLET,2026-05-21 20:16:00,Guntur,PLANNED
TX0000151,DRUG000051,1,MFG_01,DIST_06,DISTRIBUTOR,2026-06-23 11:11:00,Vijayawada,PLANNED
TX0000152,DRUG000051,2,DIST_06,WH_11,WHOLESALER,2026-06-29 02:14:00,Guntur,PLANNED
TX0000153,DRUG000051,3,WH_11,RET_001,RETAIL_OUTLET,2026-07-04 14:12:00,Visakhapatnam,PLANNED
TX0000154,DRUG000052,1,MFG_02,DIST_07,DISTRIBUTOR,2026-08-16 15:42:00,Guntur,PLANNED
TX0000155,DRUG000052,2,DIST_07,WH_12,WHOLESALER,2026-08-22 08:20:00,Visakhapatnam,PLANNED
TX0000156,DRUG000052,3,WH_12,RET_002,RETAIL_OUTLET,2026-08-25 23:59:00,Hyderabad,PLANNED
TX0000157,DRUG000053,1,MFG_03,DIST_08,DISTRIBUTOR,2026-08-10 10:47:00,Visakhapatnam,PLANNED
TX0000158,DRUG000053,2,DIST_08,WH_13,WHOLESALER,2026-08-15 02:03:00,Hyderabad,PLANNED
TX0000159,DRUG000053,3,WH_13,RET_003,RETAIL_OUTLET,2026-08-17 20:20:00,Chennai,PLANNED
TX0000160,DRUG000054,1,MFG_04,DIST_09,DISTRIBUTOR,2026-07-23 15:04:00,Hyderabad,PLANNED
TX0000161,DRUG000054,2,DIST_09,WH_14,WHOLESALER,2026-07-27 02:21:00,Chennai,PLANNED
TX0000162,DRUG000054,3,WH_14,RET_004,RETAIL_OUTLET,2026-07-30 16:18:00,Bengaluru,PLANNED
TX0000163,DRUG000055,1,MFG_05,DIST_10,DISTRIBUTOR,2026-05-24 11:24:00,Chennai,PLANNED
TX0000164,DRUG000055,2,DIST_10,WH_15,WHOLESALER,2026-05-26 22:28:00,Bengaluru,PLANNED
TX0000165,DRUG000055,3,WH_15,RET_005,RETAIL_OUTLET,2026-05-31 12:49:00,Pune,PLANNED
TX0000166,DRUG000056,1,MFG_06,DIST_11,DISTRIBUTOR,2026-05-27 11:53:00,Bengaluru,PLANNED
TX0000167,DRUG000056,2,DIST_11,WH_16,WHOLESALER,2026-06-01 02:50:00,Pune,PLANNED
TX0000168,DRUG000056,3,WH_16,RET_006,RETAIL_OUTLET,2026-06-06 11:44:00,Mumbai,PLANNED
TX0000169,DRUG000057,1,MFG_07,DIST_12,DISTRIBUTOR,2026-08-23 13:19:00,Pune,PLANNED
TX0000170,DRUG000057,2,DIST_12,WH_17,WHOLESALER,2026-08-28 03:53:00,Mumbai,PLANNED
TX0000171,DRUG000057,3,WH_17,RET_007,RETAIL_OUTLET,2026-09-02 21:50:00,Kolkata,PLANNED
TX0000172,DRUG000058,1,MFG_08,DIST_13,DISTRIBUTOR,2026-03-05 14:31:00,Mumbai,PLANNED
TX0000173,DRUG000058,2,DIST_13,WH_18,WHOLESALER,2026-03-07 04:52:00,Kolkata,PLANNED
TX0000174,DRUG000058,3,WH_18,RET_008,RETAIL_OUTLET,2026-03-11 15:45:00,New Delhi,PLANNED
TX0000175,DRUG000059,1,MFG_09,DIST_14,DISTRIBUTOR,2026-05-15 08:58:00,Kolkata,PLANNED
TX0000176,DRUG000059,2,DIST_14,WH_19,WHOLESALER,2026-05-20 02:34:00,New Delhi,PLANNED
TX0000177,DRUG000059,3,WH_19,RET_009,RETAIL_OUTLET,2026-05-21 12:15:00,Vijayawada,PLANNED
TX0000178,DRUG000060,1,MFG_10,DIST_15,DISTRIBUTOR,2026-04-30 08:16:00,New Delhi,PLANNED
TX0000179,DRUG000060,2,DIST_15,WH_20,WHOLESALER,2026-05-04 21:29:00,Vijayawada,PLANNED
TX0000180,DRUG000060,3,WH_20,RET_010,RETAIL_OUTLET,2026-05-09 10:50:00,Guntur,PLANNED
TX0000181,DRUG000061,1,MFG_01,DIST_01,DISTRIBUTOR,2026-07-23 12:53:00,Vijayawada,PLANNED
TX0000182,DRUG000061,2,DIST_01,WH_01,WHOLESALER,2026-07-25 03:54:00,Guntur,PLANNED
TX0000183,DRUG000061,3,WH_01,RET_011,RETAIL_OUTLET,2026-07-30 12:16:00,Visakhapatnam,PLANNED
TX0000184,DRUG000062,1,MFG_02,DIST_02,DISTRIBUTOR,2026-03-01 11:12:00,Guntur,PLANNED
TX0000185,DRUG000062,2,DIST_02,WH_02,WHOLESALER,2026-03-03 04:21:00,Visakhapatnam,PLANNED
TX0000186,DRUG000062,3,WH_02,RET_012,RETAIL_OUTLET,2026-03-05 14:51:00,Hyderabad,PLANNED
TX0000187,DRUG000063,1,MFG_03,DIST_03,DISTRIBUTOR,2026-07-03 15:44:00,Visakhapatnam,PLANNED
TX0000188,DRUG000063,2,DIST_03,WH_03,WHOLESALER,2026-07-07 04:54:00,Hyderabad,PLANNED
TX0000189,DRUG000063,3,WH_03,RET_013,RETAIL_OUTLET,2026-07-12 22:41:00,Chennai,PLANNED
TX0000190,DRUG000064,1,MFG_04,DIST_04,DISTRIBUTOR,2026-07-09 09:37:00,Hyderabad,PLANNED
TX0000191,DRUG000064,2,DIST_04,WH_04,WHOLESALER,2026-07-10 22:13:00,Chennai,PLANNED
TX0000192,DRUG000064,3,WH_04,RET_014,RETAIL_OUTLET,2026-07-15 12:58:00,Bengaluru,PLANNED
TX0000193,DRUG000065,1,MFG_05,DIST_05,DISTRIBUTOR,2026-03-04 09:44:00,Chennai,PLANNED
TX0000194,DRUG000065,2,DIST_05,WH_05,WHOLESALER,2026-03-08 04:22:00,Bengaluru,PLANNED
TX0000195,DRUG000065,3,WH_05,RET_015,RETAIL_OUTLET,2026-03-09 22:12:00,Pune,PLANNED
TX0000196,DRUG000066,1,MFG_06,DIST_06,DISTRIBUTOR,2026-01-24 18:23:00,Bengaluru,PLANNED
TX0000197,DRUG000066,2,DIST_06,WH_06,WHOLESALER,2026-01-26 11:04:00,Pune,PLANNED
TX0000198,DRUG000066,3,WH_06,RET_016,RETAIL_OUTLET,2026-01-29 19:58:00,Mumbai,PLANNED
TX0000199,DRUG000067,1,MFG_07,DIST_07,DISTRIBUTOR,2026-04-24 13:40:00,Pune,PLANNED
TX0000200,DRUG000067,2,DIST_07,WH_07,WHOLESALER,2026-04-29 00:07:00,Mumbai,PLANNED
TX0000201,DRUG000067,3,WH_07,RET_017,RETAIL_OUTLET,2026-05-01 16:48:00,Kolkata,PLANNED
TX0000202,DRUG000068,1,MFG_08,DIST_08,DISTRIBUTOR,2026-03-23 17:17:00,Mumbai,PLANNED
TX0000203,DRUG000068,2,DIST_08,WH_08,WHOLESALER,2026-03-27 05:10:00,Kolkata,PLANNED
TX0000204,DRUG000068,3,WH_08,RET_018,RETAIL_OUTLET,2026-03-28 18:06:00,New Delhi,PLANNED
TX0000205,DRUG000069,1,MFG_09,DIST_09,DISTRIBUTOR,2026-05-09 17:42:00,Kolkata,PLANNED
TX0000206,DRUG000069,2,DIST_09,WH_09,WHOLESALER,2026-05-14 06:43:00,New Delhi,PLANNED
TX0000207,DRUG000069,3,WH_09,RET_019,RETAIL_OUTLET,2026-05-18 19:54:00,Vijayawada,PLANNED
TX0000208,DRUG000070,1,MFG_10,DIST_10,DISTRIBUTOR,2026-05-14 13:17:00,New Delhi,PLANNED
TX0000209,DRUG000070,2,DIST_10,WH_10,WHOLESALER,2026-05-20 01:52:00,Vijayawada,PLANNED
TX0000210,DRUG000070,3,WH_10,RET_020,RETAIL_OUTLET,2026-05-21 18:04:00,Guntur,PLANNED
TX0000211,DRUG000071,1,MFG_01,DIST_11,DISTRIBUTOR,2026-02-02 16:48:00,Vijayawada,PLANNED
TX0000212,DRUG000071,2,DIST_11,WH_11,WHOLESALER,2026-02-05 08:29:00,Guntur,PLANNED
TX0000213,DRUG000071,3,WH_11,RET_021,RETAIL_OUTLET,2026-02-10 00:19:00,Visakhapatnam,PLANNED
TX0000214,DRUG000072,1,MFG_02,DIST_12,DISTRIBUTOR,2026-01-12 14:44:00,Guntur,PLANNED
TX0000215,DRUG000072,2,DIST_12,WH_12,WHOLESALER,2026-01-15 03:26:00,Visakhapatnam,PLANNED
TX0000216,DRUG000072,3,WH_12,RET_022,RETAIL_OUTLET,2026-01-20 16:56:00,Hyderabad,PLANNED
TX0000217,DRUG000073,1,MFG_03,DIST_13,DISTRIBUTOR,2026-06-03 13:22:00,Visakhapatnam,PLANNED
TX0000218,DRUG000073,2,DIST_13,WH_13,WHOLESALER,2026-06-08 01:41:00,Hyderabad,PLANNED
TX0000219,DRUG000073,3,WH_13,RET_023,RETAIL_OUTLET,2026-06-11 12:48:00,Chennai,PLANNED
TX0000220,DRUG000074,1,MFG_04,DIST_14,DISTRIBUTOR,2026-07-11 16:48:00,Hyderabad,PLANNED
TX0000221,DRUG000074,2,DIST_14,WH_14,WHOLESALER,2026-07-14 04:01:00,Chennai,PLANNED
TX0000222,DRUG000074,3,WH_14,RET_024,RETAIL_OUTLET,2026-07-18 16:47:00,Bengaluru,PLANNED
TX0000223,DRUG000075,1,MFG_05,DIST_15,DISTRIBUTOR,2026-06-04 12:14:00,Chennai,PLANNED
TX0000224,DRUG000075,2,DIST_15,WH_15,WHOLESALER,2026-06-07 22:33:00,Bengaluru,PLANNED
TX0000225,DRUG000075,3,WH_15,RET_025,RETAIL_OUTLET,2026-06-09 14:41:00,Pune,PLANNED
TX0000226,DRUG000076,1,MFG_06,DIST_01,DISTRIBUTOR,2026-03-18 12:44:00,Bengaluru,PLANNED
TX0000227,DRUG000076,2,DIST_01,WH_16,WHOLESALER,2026-03-21 07:39:00,Pune,PLANNED
TX0000228,DRUG000076,3,WH_16,RET_026,RETAIL_OUTLET,2026-03-25 17:34:00,Mumbai,PLANNED
TX0000229,DRUG000077,1,MFG_07,DIST_02,DISTRIBUTOR,2026-01-16 15:21:00,Pune,PLANNED
TX0000230,DRUG000077,2,DIST_02,WH_17,WHOLESALER,2026-01-18 23:37:00,Mumbai,PLANNED
TX0000231,DRUG000077,3,WH_17,RET_027,RETAIL_OUTLET,2026-01-23 09:29:00,Kolkata,PLANNED
TX0000232,DRUG000078,1,MFG_08,DIST_03,DISTRIBUTOR,2026-01-26 17:40:00,Mumbai,PLANNED
TX0000233,DRUG000078,2,DIST_03,WH_18,WHOLESALER,2026-01-28 03:49:00,Kolkata,PLANNED
TX0000234,DRUG000078,3,WH_18,RET_028,RETAIL_OUTLET,2026-02-02 15:54:00,New Delhi,PLANNED
TX0000235,DRUG000079,1,MFG_09,DIST_04,DISTRIBUTOR,2026-03-18 17:38:00,Kolkata,PLANNED
TX0000236,DRUG000079,2,DIST_04,WH_19,WHOLESALER,2026-03-24 05:27:00,New Delhi,PLANNED
TX0000237,DRUG000079,3,WH_19,RET_029,RETAIL_OUTLET,2026-03-29 19:55:00,Vijayawada,PLANNED
TX0000238,DRUG000080,1,MFG_10,DIST_05,DISTRIBUTOR,2026-08-31 14:19:00,New Delhi,PLANNED
TX0000239,DRUG000080,2,DIST_05,WH_20,WHOLESALER,2026-09-06 07:22:00,Vijayawada,PLANNED
TX0000240,DRUG000080,3,WH_20,RET_030,RETAIL_OUTLET,2026-09-11 17:10:00,Guntur,PLANNED
TX0000241,DRUG000081,1,MFG_01,DIST_06,DISTRIBUTOR,2026-03-01 10:15:00,Vijayawada,PLANNED
TX0000242,DRUG000081,2,DIST_06,WH_01,WHOLESALER,2026-03-04 02:19:00,Guntur,PLANNED
TX0000243,DRUG000081,3,WH_01,RET_031,RETAIL_OUTLET,2026-03-06 10:45:00,Visakhapatnam,PLANNED
TX0000244,DRUG000082,1,MFG_02,DIST_07,DISTRIBUTOR,2026-05-02 11:18:00,Guntur,PLANNED
TX0000245,DRUG000082,2,DIST_07,WH_02,WHOLESALER,2026-05-06 02:22:00,Visakhapatnam,PLANNED
TX0000246,DRUG000082,3,WH_02,RET_032,RETAIL_OUTLET,2026-05-08 15:12:00,Hyderabad,PLANNED
TX0000247,DRUG000083,1,MFG_03,DIST_08,DISTRIBUTOR,2026-07-30 16:14:00,Visakhapatnam,PLANNED
TX0000248,DRUG000083,2,DIST_08,WH_03,WHOLESALER,2026-08-02 05:06:00,Hyderabad,PLANNED
TX0000249,DRUG000083,3,WH_03,RET_033,RETAIL_OUTLET,2026-08-04 14:09:00,Chennai,PLANNED
TX0000250,DRUG000084,1,MFG_04,DIST_09,DISTRIBUTOR,2026-02-27 12:28:00,Hyderabad,PLANNED
TX0000251,DRUG000084,2,DIST_09,WH_04,WHOLESALER,2026-03-01 04:12:00,Chennai,PLANNED
TX0000252,DRUG000084,3,WH_04,RET_034,RETAIL_OUTLET,2026-03-04 18:29:00,Bengaluru,PLANNED
TX0000253,DRUG000085,1,MFG_05,DIST_10,DISTRIBUTOR,2026-05-18 17:02:00,Chennai,PLANNED
TX0000254,DRUG000085,2,DIST_10,WH_05,WHOLESALER,2026-05-23 06:40:00,Bengaluru,PLANNED
TX0000255,DRUG000085,3,WH_05,RET_035,RETAIL_OUTLET,2026-05-26 14:45:00,Pune,PLANNED
TX0000256,DRUG000086,1,MFG_06,DIST_11,DISTRIBUTOR,2026-03-10 08:48:00,Bengaluru,PLANNED
TX0000257,DRUG000086,2,DIST_11,WH_06,WHOLESALER,2026-03-13 00:21:00,Pune,PLANNED
TX0000258,DRUG000086,3,WH_06,RET_036,RETAIL_OUTLET,2026-03-17 12:32:00,Mumbai,PLANNED
TX0000259,DRUG000087,1,MFG_07,DIST_12,DISTRIBUTOR,2026-06-08 15:22:00,Pune,PLANNED
TX0000260,DRUG000087,2,DIST_12,WH_07,WHOLESALER,2026-06-13 04:42:00,Mumbai,PLANNED
TX0000261,DRUG000087,3,WH_07,RET_037,RETAIL_OUTLET,2026-06-14 15:03:00,Kolkata,PLANNED
TX0000262,DRUG000088,1,MFG_08,DIST_13,DISTRIBUTOR,2026-04-25 16:02:00,Mumbai,PLANNED
TX0000263,DRUG000088,2,DIST_13,WH_08,WHOLESALER,2026-04-30 01:22:00,Kolkata,PLANNED
TX0000264,DRUG000088,3,WH_08,RET_038,RETAIL_OUTLET,2026-05-03 14:29:00,New Delhi,PLANNED
TX0000265,DRUG000089,1,MFG_09,DIST_14,DISTRIBUTOR,2026-07-27 18:55:00,Kolkata,PLANNED
TX0000266,DRUG000089,2,DIST_14,WH_09,WHOLESALER,2026-08-02 10:21:00,New Delhi,PLANNED
TX0000267,DRUG000089,3,WH_09,RET_039,RETAIL_OUTLET,2026-08-03 21:54:00,Vijayawada,PLANNED
TX0000268,DRUG000090,1,MFG_10,DIST_15,DISTRIBUTOR,2026-04-12 11:17:00,New Delhi,PLANNED
TX0000269,DRUG000090,2,DIST_15,WH_10,WHOLESALER,2026-04-17 22:16:00,Vijayawada,PLANNED
TX0000270,DRUG000090,3,WH_10,RET_040,RETAIL_OUTLET,2026-04-21 14:12:00,Guntur,PLANNED
TX0000271,DRUG000091,1,MFG_01,DIST_01,DISTRIBUTOR,2026-07-01 18:38:00,Vijayawada,PLANNED
TX0000272,DRUG000091,2,DIST_01,WH_11,WHOLESALER,2026-07-04 04:57:00,Guntur,PLANNED
TX0000273,DRUG000091,3,WH_11,RET_041,RETAIL_OUTLET,2026-07-09 13:32:00,Visakhapatnam,PLANNED
TX0000274,DRUG000092,1,MFG_02,DIST_02,DISTRIBUTOR,2026-04-20 15:07:00,Guntur,PLANNED
TX0000275,DRUG000092,2,DIST_02,WH_12,WHOLESALER,2026-04-23 07:06:00,Visakhapatnam,PLANNED
TX0000276,DRUG000092,3,WH_12,RET_042,RETAIL_OUTLET,2026-04-26 23:51:00,Hyderabad,PLANNED
TX0000277,DRUG000093,1,MFG_03,DIST_03,DISTRIBUTOR,2026-03-23 11:29:00,Visakhapatnam,PLANNED
TX0000278,DRUG000093,2,DIST_03,WH_13,WHOLESALER,2026-03-28 21:53:00,Hyderabad,PLANNED
TX0000279,DRUG000093,3,WH_13,RET_043,RETAIL_OUTLET,2026-03-31 15:25:00,Chennai,PLANNED
TX0000280,DRUG000094,1,MFG_04,DIST_04,DISTRIBUTOR,2026-07-16 14:21:00,Hyderabad,PLANNED
TX0000281,DRUG000094,2,DIST_04,WH_14,WHOLESALER,2026-07-22 03:13:00,Chennai,PLANNED
TX0000282,DRUG000094,3,WH_14,RET_044,RETAIL_OUTLET,2026-07-23 15:59:00,Bengaluru,PLANNED
TX0000283,DRUG000095,1,MFG_05,DIST_05,DISTRIBUTOR,2026-03-25 16:30:00,Chennai,PLANNED
TX0000284,DRUG000095,2,DIST_05,WH_15,WHOLESALER,2026-03-29 06:05:00,Bengaluru,PLANNED
TX0000285,DRUG000095,3,WH_15,RET_045,RETAIL_OUTLET,2026-04-03 20:34:00,Pune,PLANNED
TX0000286,DRUG000096,1,MFG_06,DIST_06,DISTRIBUTOR,2026-09-02 17:24:00,Bengaluru,PLANNED
TX0000287,DRUG000096,2,DIST_06,WH_16,WHOLESALER,2026-09-05 07:26:00,Pune,PLANNED
TX0000288,DRUG000096,3,WH_16,RET_046,RETAIL_OUTLET,2026-09-08 23:11:00,Mumbai,PLANNED
TX0000289,DRUG000097,1,MFG_07,DIST_07,DISTRIBUTOR,2026-08-31 15:02:00,Pune,PLANNED
TX0000290,DRUG000097,2,DIST_07,WH_17,WHOLESALER,2026-09-03 07:39:00,Mumbai,PLANNED
TX0000291,DRUG000097,3,WH_17,RET_047,RETAIL_OUTLET,2026-09-06 17:34:00,Kolkata,PLANNED
TX0000292,DRUG000098,1,MFG_08,DIST_08,DISTRIBUTOR,2026-08-12 15:00:00,Mumbai,PLANNED
TX0000293,DRUG000098,2,DIST_08,WH_18,WHOLESALER,2026-08-15 05:55:00,Kolkata,PLANNED
TX0000294,DRUG000098,3,WH_18,RET_048,RETAIL_OUTLET,2026-08-17 15:25:00,New Delhi,PLANNED
TX0000295,DRUG000099,1,MFG_09,DIST_09,DISTRIBUTOR,2026-07-31 14:41:00,Kolkata,PLANNED
TX0000296,DRUG000099,2,DIST_09,WH_19,WHOLESALER,2026-08-02 04:35:00,New Delhi,PLANNED
TX0000297,DRUG000099,3,WH_19,RET_049,RETAIL_OUTLET,2026-08-07 18:55:00,Vijayawada,PLANNED
TX0000298,DRUG000100,1,MFG_10,DIST_10,DISTRIBUTOR,2026-06-20 17:04:00,New Delhi,PLANNED
TX0000299,DRUG000100,2,DIST_10,WH_20,WHOLESALER,2026-06-23 11:47:00,Vijayawada,PLANNED
TX0000300,DRUG000100,3,WH_20,RET_050,RETAIL_OUTLET,2026-06-26 23:34:00,Guntur,PLANNED
TX0000301,DRUG000101,1,MFG_01,DIST_11,DISTRIBUTOR,2026-01-27 15:10:00,Vijayawada,PLANNED
TX0000302,DRUG000101,2,DIST_11,WH_01,WHOLESALER,2026-01-30 23:12:00,Guntur,PLANNED
TX0000303,DRUG000101,3,WH_01,RET_001,RETAIL_OUTLET,2026-02-03 07:30:00,Visakhapatnam,PLANNED
TX0000304,DRUG000102,1,MFG_02,DIST_12,DISTRIBUTOR,2026-04-11 11:33:00,Guntur,PLANNED
TX0000305,DRUG000102,2,DIST_12,WH_02,WHOLESALER,2026-04-16 05:16:00,Visakhapatnam,PLANNED
TX0000306,DRUG000102,3,WH_02,RET_002,RETAIL_OUTLET,2026-04-18 15:27:00,Hyderabad,PLANNED
TX0000307,DRUG000103,1,MFG_03,DIST_13,DISTRIBUTOR,2026-02-02 15:58:00,Visakhapatnam,PLANNED
TX0000308,DRUG000103,2,DIST_13,WH_03,WHOLESALER,2026-02-08 02:12:00,Hyderabad,PLANNED
TX0000309,DRUG000103,3,WH_03,RET_003,RETAIL_OUTLET,2026-02-12 20:28:00,Chennai,PLANNED
TX0000310,DRUG000104,1,MFG_04,DIST_14,DISTRIBUTOR,2026-05-03 12:43:00,Hyderabad,PLANNED
TX0000311,DRUG000104,2,DIST_14,WH_04,WHOLESALER,2026-05-08 22:47:00,Chennai,PLANNED
TX0000312,DRUG000104,3,WH_04,RET_004,RETAIL_OUTLET,2026-05-13 12:24:00,Bengaluru,PLANNED
TX0000313,DRUG000105,1,MFG_05,DIST_15,DISTRIBUTOR,2026-03-27 12:12:00,Chennai,PLANNED
TX0000314,DRUG000105,2,DIST_15,WH_05,WHOLESALER,2026-04-01 03:18:00,Bengaluru,PLANNED
TX0000315,DRUG000105,3,WH_05,RET_005,RETAIL_OUTLET,2026-04-03 17:54:00,Pune,PLANNED
TX0000316,DRUG000106,1,MFG_06,DIST_01,DISTRIBUTOR,2026-04-08 18:25:00,Bengaluru,PLANNED
TX0000317,DRUG000106,2,DIST_01,WH_06,WHOLESALER,2026-04-12 03:01:00,Pune,PLANNED
TX0000318,DRUG000106,3,WH_06,RET_006,RETAIL_OUTLET,2026-04-13 20:48:00,Mumbai,PLANNED
TX0000319,DRUG000107,1,MFG_07,DIST_02,DISTRIBUTOR,2026-05-17 13:14:00,Pune,PLANNED
TX0000320,DRUG000107,2,DIST_02,WH_07,WHOLESALER,2026-05-20 06:30:00,Mumbai,PLANNED
TX0000321,DRUG000107,3,WH_07,RET_007,RETAIL_OUTLET,2026-05-23 00:36:00,Kolkata,PLANNED
TX0000322,DRUG000108,1,MFG_08,DIST_03,DISTRIBUTOR,2026-08-29 08:37:00,Mumbai,PLANNED
TX0000323,DRUG000108,2,DIST_03,WH_08,WHOLESALER,2026-09-01 18:42:00,Kolkata,PLANNED
TX0000324,DRUG000108,3,WH_08,RET_008,RETAIL_OUTLET,2026-09-05 08:29:00,New Delhi,PLANNED
TX0000325,DRUG000109,1,MFG_09,DIST_04,DISTRIBUTOR,2026-04-23 16:56:00,Kolkata,PLANNED
TX0000326,DRUG000109,2,DIST_04,WH_09,WHOLESALER,2026-04-27 09:28:00,New Delhi,PLANNED
TX0000327,DRUG000109,3,WH_09,RET_009,RETAIL_OUTLET,2026-04-30 19:44:00,Vijayawada,PLANNED
TX0000328,DRUG000110,1,MFG_10,DIST_05,DISTRIBUTOR,2026-08-30 09:29:00,New Delhi,PLANNED
TX0000329,DRUG000110,2,DIST_05,WH_10,WHOLESALER,2026-08-31 20:17:00,Vijayawada,PLANNED
TX0000330,DRUG000110,3,WH_10,RET_010,RETAIL_OUTLET,2026-09-03 15:03:00,Guntur,PLANNED
TX0000331,DRUG000111,1,MFG_01,DIST_06,DISTRIBUTOR,2026-07-04 09:50:00,Vijayawada,PLANNED
TX0000332,DRUG000111,2,DIST_06,WH_11,WHOLESALER,2026-07-08 18:06:00,Guntur,PLANNED
TX0000333,DRUG000111,3,WH_11,RET_011,RETAIL_OUTLET,2026-07-14 03:35:00,Visakhapatnam,PLANNED
TX0000334,DRUG000112,1,MFG_02,DIST_07,DISTRIBUTOR,2026-04-19 18:23:00,Guntur,PLANNED
TX0000335,DRUG000112,2,DIST_07,WH_12,WHOLESALER,2026-04-21 12:37:00,Visakhapatnam,PLANNED
TX0000336,DRUG000112,3,WH_12,RET_012,RETAIL_OUTLET,2026-04-25 21:16:00,Hyderabad,PLANNED
TX0000337,DRUG000113,1,MFG_03,DIST_08,DISTRIBUTOR,2026-08-27 18:04:00,Visakhapatnam,PLANNED
TX0000338,DRUG000113,2,DIST_08,WH_13,WHOLESALER,2026-09-01 06:45:00,Hyderabad,PLANNED
TX0000339,DRUG000113,3,WH_13,RET_013,RETAIL_OUTLET,2026-09-05 15:53:00,Chennai,PLANNED
TX0000340,DRUG000114,1,MFG_04,DIST_09,DISTRIBUTOR,2026-01-21 09:06:00,Hyderabad,PLANNED
TX0000341,DRUG000114,2,DIST_09,WH_14,WHOLESALER,2026-01-24 01:14:00,Chennai,PLANNED
TX0000342,DRUG000114,3,WH_14,RET_014,RETAIL_OUTLET,2026-01-28 16:37:00,Bengaluru,PLANNED
TX0000343,DRUG000115,1,MFG_05,DIST_10,DISTRIBUTOR,2026-07-03 14:41:00,Chennai,PLANNED
TX0000344,DRUG000115,2,DIST_10,WH_15,WHOLESALER,2026-07-05 06:20:00,Bengaluru,PLANNED
TX0000345,DRUG000115,3,WH_15,RET_015,RETAIL_OUTLET,2026-07-09 18:22:00,Pune,PLANNED
TX0000346,DRUG000116,1,MFG_06,DIST_11,DISTRIBUTOR,2026-07-04 15:15:00,Bengaluru,PLANNED
TX0000347,DRUG000116,2,DIST_11,WH_16,WHOLESALER,2026-07-08 00:58:00,Pune,PLANNED
TX0000348,DRUG000116,3,WH_16,RET_016,RETAIL_OUTLET,2026-07-11 17:55:00,Mumbai,PLANNED
TX0000349,DRUG000117,1,MFG_07,DIST_12,DISTRIBUTOR,2026-06-20 12:12:00,Pune,PLANNED
TX0000350,DRUG000117,2,DIST_12,WH_17,WHOLESALER,2026-06-22 03:17:00,Mumbai,PLANNED
TX0000351,DRUG000117,3,WH_17,RET_017,RETAIL_OUTLET,2026-06-24 21:57:00,Kolkata,PLANNED
TX0000352,DRUG000118,1,MFG_08,DIST_13,DISTRIBUTOR,2026-06-06 11:08:00,Mumbai,PLANNED
TX0000353,DRUG000118,2,DIST_13,WH_18,WHOLESALER,2026-06-11 22:12:00,Kolkata,PLANNED
TX0000354,DRUG000118,3,WH_18,RET_018,RETAIL_OUTLET,2026-06-17 09:49:00,New Delhi,PLANNED
TX0000355,DRUG000119,1,MFG_09,DIST_14,DISTRIBUTOR,2026-03-05 17:00:00,Kolkata,PLANNED
TX0000356,DRUG000119,2,DIST_14,WH_19,WHOLESALER,2026-03-09 03:08:00,New Delhi,PLANNED
TX0000357,DRUG000119,3,WH_19,RET_019,RETAIL_OUTLET,2026-03-14 15:59:00,Vijayawada,PLANNED
TX0000358,DRUG000120,1,MFG_10,DIST_15,DISTRIBUTOR,2026-02-17 08:22:00,New Delhi,PLANNED
TX0000359,DRUG000120,2,DIST_15,WH_20,WHOLESALER,2026-02-20 01:42:00,Vijayawada,PLANNED
TX0000360,DRUG000120,3,WH_20,RET_020,RETAIL_OUTLET,2026-02-21 11:58:00,Guntur,PLANNED
TX0000361,DRUG000121,1,MFG_01,DIST_01,DISTRIBUTOR,2026-01-26 09:47:00,Vijayawada,PLANNED
TX0000362,DRUG000121,2,DIST_01,WH_01,WHOLESALER,2026-01-28 01:15:00,Guntur,PLANNED
TX0000363,DRUG000121,3,WH_01,RET_021,RETAIL_OUTLET,2026-01-31 17:52:00,Visakhapatnam,PLANNED
TX0000364,DRUG000122,1,MFG_02,DIST_02,DISTRIBUTOR,2026-02-08 17:02:00,Guntur,PLANNED
TX0000365,DRUG000122,2,DIST_02,WH_02,WHOLESALER,2026-02-14 05:31:00,Visakhapatnam,PLANNED
TX0000366,DRUG000122,3,WH_02,RET_022,RETAIL_OUTLET,2026-02-15 14:01:00,Hyderabad,PLANNED
TX0000367,DRUG000123,1,MFG_03,DIST_03,DISTRIBUTOR,2026-08-13 15:45:00,Visakhapatnam,PLANNED
TX0000368,DRUG000123,2,DIST_03,WH_03,WHOLESALER,2026-08-18 01:42:00,Hyderabad,PLANNED
TX0000369,DRUG000123,3,WH_03,RET_023,RETAIL_OUTLET,2026-08-19 15:20:00,Chennai,PLANNED
TX0000370,DRUG000124,1,MFG_04,DIST_04,DISTRIBUTOR,2026-02-13 17:40:00,Hyderabad,PLANNED
TX0000371,DRUG000124,2,DIST_04,WH_04,WHOLESALER,2026-02-19 10:25:00,Chennai,PLANNED
TX0000372,DRUG000124,3,WH_04,RET_024,RETAIL_OUTLET,2026-02-23 01:03:00,Bengaluru,PLANNED
TX0000373,DRUG000125,1,MFG_05,DIST_05,DISTRIBUTOR,2026-05-29 17:27:00,Chennai,PLANNED
TX0000374,DRUG000125,2,DIST_05,WH_05,WHOLESALER,2026-05-31 03:21:00,Bengaluru,PLANNED
TX0000375,DRUG000125,3,WH_05,RET_025,RETAIL_OUTLET,2026-06-05 14:48:00,Pune,PLANNED
TX0000376,DRUG000126,1,MFG_06,DIST_06,DISTRIBUTOR,2026-05-06 15:25:00,Bengaluru,PLANNED
TX0000377,DRUG000126,2,DIST_06,WH_06,WHOLESALER,2026-05-11 00:45:00,Pune,PLANNED
TX0000378,DRUG000126,3,WH_06,RET_026,RETAIL_OUTLET,2026-05-15 14:27:00,Mumbai,PLANNED
TX0000379,DRUG000127,1,MFG_07,DIST_07,DISTRIBUTOR,2026-03-14 09:05:00,Pune,PLANNED
TX0000380,DRUG000127,2,DIST_07,WH_07,WHOLESALER,2026-03-15 18:32:00,Mumbai,PLANNED
TX0000381,DRUG000127,3,WH_07,RET_027,RETAIL_OUTLET,2026-03-17 08:23:00,Kolkata,PLANNED
TX0000382,DRUG000128,1,MFG_08,DIST_08,DISTRIBUTOR,2026-02-18 16:21:00,Mumbai,PLANNED
TX0000383,DRUG000128,2,DIST_08,WH_08,WHOLESALER,2026-02-20 06:43:00,Kolkata,PLANNED
TX0000384,DRUG000128,3,WH_08,RET_028,RETAIL_OUTLET,2026-02-24 15:01:00,New Delhi,PLANNED
TX0000385,DRUG000129,1,MFG_09,DIST_09,DISTRIBUTOR,2026-06-10 17:32:00,Kolkata,PLANNED
TX0000386,DRUG000129,2,DIST_09,WH_09,WHOLESALER,2026-06-13 04:14:00,New Delhi,PLANNED
TX0000387,DRUG000129,3,WH_09,RET_029,RETAIL_OUTLET,2026-06-17 16:08:00,Vijayawada,PLANNED
TX0000388,DRUG000130,1,MFG_10,DIST_10,DISTRIBUTOR,2026-02-09 09:48:00,New Delhi,PLANNED
TX0000389,DRUG000130,2,DIST_10,WH_10,WHOLESALER,2026-02-13 03:02:00,Vijayawada,PLANNED
TX0000390,DRUG000130,3,WH_10,RET_030,RETAIL_OUTLET,2026-02-17 19:51:00,Guntur,PLANNED
TX0000391,DRUG000131,1,MFG_01,DIST_11,DISTRIBUTOR,2026-08-11 08:11:00,Vijayawada,PLANNED
TX0000392,DRUG000131,2,DIST_11,WH_11,WHOLESALER,2026-08-14 21:09:00,Guntur,PLANNED
TX0000393,DRUG000131,3,WH_11,RET_031,RETAIL_OUTLET,2026-08-18 10:09:00,Visakhapatnam,PLANNED
TX0000394,DRUG000132,1,MFG_02,DIST_12,DISTRIBUTOR,2026-03-02 09:09:00,Guntur,PLANNED
TX0000395,DRUG000132,2,DIST_12,WH_12,WHOLESALER,2026-03-03 18:56:00,Visakhapatnam,PLANNED
TX0000396,DRUG000132,3,WH_12,RET_032,RETAIL_OUTLET,2026-03-09 06:20:00,Hyderabad,PLANNED
TX0000397,DRUG000133,1,MFG_03,DIST_13,DISTRIBUTOR,2026-04-26 13:19:00,Visakhapatnam,PLANNED
TX0000398,DRUG000133,2,DIST_13,WH_13,WHOLESALER,2026-04-30 06:57:00,Hyderabad,PLANNED
TX0000399,DRUG000133,3,WH_13,RET_033,RETAIL_OUTLET,2026-05-01 15:06:00,Chennai,PLANNED
TX0000400,DRUG000134,1,MFG_04,DIST_14,DISTRIBUTOR,2026-02-15 15:42:00,Hyderabad,PLANNED
TX0000401,DRUG000134,2,DIST_14,WH_14,WHOLESALER,2026-02-20 07:20:00,Chennai,PLANNED
TX0000402,DRUG000134,3,WH_14,RET_034,RETAIL_OUTLET,2026-02-24 21:37:00,Bengaluru,PLANNED
TX0000403,DRUG000135,1,MFG_05,DIST_15,DISTRIBUTOR,2026-03-07 09:18:00,Chennai,PLANNED
TX0000404,DRUG000135,2,DIST_15,WH_15,WHOLESALER,2026-03-13 00:51:00,Bengaluru,PLANNED
TX0000405,DRUG000135,3,WH_15,RET_035,RETAIL_OUTLET,2026-03-16 09:05:00,Pune,PLANNED
TX0000406,DRUG000136,1,MFG_06,DIST_01,DISTRIBUTOR,2026-04-15 12:13:00,Bengaluru,PLANNED
TX0000407,DRUG000136,2,DIST_01,WH_16,WHOLESALER,2026-04-18 00:31:00,Pune,PLANNED
TX0000408,DRUG000136,3,WH_16,RET_036,RETAIL_OUTLET,2026-04-21 09:31:00,Mumbai,PLANNED
TX0000409,DRUG000137,1,MFG_07,DIST_02,DISTRIBUTOR,2026-05-13 14:34:00,Pune,PLANNED
TX0000410,DRUG000137,2,DIST_02,WH_17,WHOLESALER,2026-05-16 07:09:00,Mumbai,PLANNED
TX0000411,DRUG000137,3,WH_17,RET_037,RETAIL_OUTLET,2026-05-19 16:34:00,Kolkata,PLANNED
TX0000412,DRUG000138,1,MFG_08,DIST_03,DISTRIBUTOR,2026-08-17 15:58:00,Mumbai,PLANNED
TX0000413,DRUG000138,2,DIST_03,WH_18,WHOLESALER,2026-08-19 05:34:00,Kolkata,PLANNED
TX0000414,DRUG000138,3,WH_18,RET_038,RETAIL_OUTLET,2026-08-23 22:59:00,New Delhi,PLANNED
TX0000415,DRUG000139,1,MFG_09,DIST_04,DISTRIBUTOR,2026-07-07 14:01:00,Kolkata,PLANNED
TX0000416,DRUG000139,2,DIST_04,WH_19,WHOLESALER,2026-07-11 00:52:00,New Delhi,PLANNED
TX0000417,DRUG000139,3,WH_19,RET_039,RETAIL_OUTLET,2026-07-16 16:45:00,Vijayawada,PLANNED
TX0000418,DRUG000140,1,MFG_10,DIST_05,DISTRIBUTOR,2026-07-02 09:15:00,New Delhi,PLANNED
TX0000419,DRUG000140,2,DIST_05,WH_20,WHOLESALER,2026-07-07 02:40:00,Vijayawada,PLANNED
TX0000420,DRUG000140,3,WH_20,RET_040,RETAIL_OUTLET,2026-07-12 12:05:00,Guntur,PLANNED
TX0000421,DRUG000141,1,MFG_01,DIST_06,DISTRIBUTOR,2026-08-19 13:49:00,Vijayawada,PLANNED
TX0000422,DRUG000141,2,DIST_06,WH_01,WHOLESALER,2026-08-21 23:21:00,Guntur,PLANNED
TX0000423,DRUG000141,3,WH_01,RET_041,RETAIL_OUTLET,2026-08-23 15:53:00,Visakhapatnam,PLANNED
TX0000424,DRUG000142,1,MFG_02,DIST_07,DISTRIBUTOR,2026-02-27 11:06:00,Guntur,PLANNED
TX0000425,DRUG000142,2,DIST_07,WH_02,WHOLESALER,2026-03-01 23:18:00,Visakhapatnam,PLANNED
TX0000426,DRUG000142,3,WH_02,RET_042,RETAIL_OUTLET,2026-03-04 16:27:00,Hyderabad,PLANNED
TX0000427,DRUG000143,1,MFG_03,DIST_08,DISTRIBUTOR,2026-07-21 15:48:00,Visakhapatnam,PLANNED
TX0000428,DRUG000143,2,DIST_08,WH_03,WHOLESALER,2026-07-27 09:16:00,Hyderabad,PLANNED
TX0000429,DRUG000143,3,WH_03,RET_043,RETAIL_OUTLET,2026-08-02 03:56:00,Chennai,PLANNED
TX0000430,DRUG000144,1,MFG_04,DIST_09,DISTRIBUTOR,2026-06-17 15:04:00,Hyderabad,PLANNED
TX0000431,DRUG000144,2,DIST_09,WH_04,WHOLESALER,2026-06-22 06:44:00,Chennai,PLANNED
TX0000432,DRUG000144,3,WH_04,RET_044,RETAIL_OUTLET,2026-06-25 19:21:00,Bengaluru,PLANNED
TX0000433,DRUG000145,1,MFG_05,DIST_10,DISTRIBUTOR,2026-01-25 12:29:00,Chennai,PLANNED
TX0000434,DRUG000145,2,DIST_10,WH_05,WHOLESALER,2026-01-29 20:32:00,Bengaluru,PLANNED
TX0000435,DRUG000145,3,WH_05,RET_045,RETAIL_OUTLET,2026-02-02 08:36:00,Pune,PLANNED
TX0000436,DRUG000146,1,MFG_06,DIST_11,DISTRIBUTOR,2026-06-30 16:24:00,Bengaluru,PLANNED
TX0000437,DRUG000146,2,DIST_11,WH_06,WHOLESALER,2026-07-05 09:59:00,Pune,PLANNED
TX0000438,DRUG000146,3,WH_06,RET_046,RETAIL_OUTLET,2026-07-07 01:57:00,Mumbai,PLANNED
TX0000439,DRUG000147,1,MFG_07,DIST_12,DISTRIBUTOR,2026-08-07 15:32:00,Pune,PLANNED
TX0000440,DRUG000147,2,DIST_12,WH_07,WHOLESALER,2026-08-10 00:00:00,Mumbai,PLANNED
TX0000441,DRUG000147,3,WH_07,RET_047,RETAIL_OUTLET,2026-08-11 13:45:00,Kolkata,PLANNED
TX0000442,DRUG000148,1,MFG_08,DIST_13,DISTRIBUTOR,2026-01-25 15:28:00,Mumbai,PLANNED
TX0000443,DRUG000148,2,DIST_13,WH_08,WHOLESALER,2026-01-31 08:07:00,Kolkata,PLANNED
TX0000444,DRUG000148,3,WH_08,RET_048,RETAIL_OUTLET,2026-02-02 21:30:00,New Delhi,PLANNED
TX0000445,DRUG000149,1,MFG_09,DIST_14,DISTRIBUTOR,2026-09-03 13:43:00,Kolkata,PLANNED
TX0000446,DRUG000149,2,DIST_14,WH_09,WHOLESALER,2026-09-08 22:33:00,New Delhi,PLANNED
TX0000447,DRUG000149,3,WH_09,RET_049,RETAIL_OUTLET,2026-09-12 07:54:00,Vijayawada,PLANNED
TX0000448,DRUG000150,1,MFG_10,DIST_15,DISTRIBUTOR,2026-02-02 18:58:00,New Delhi,PLANNED
TX0000449,DRUG000150,2,DIST_15,WH_10,WHOLESALER,2026-02-08 05:19:00,Vijayawada,PLANNED
TX0000450,DRUG000150,3,WH_10,RET_050,RETAIL_OUTLET,2026-02-09 23:01:00,Guntur,PLANNED
TX0000451,DRUG000151,1,MFG_01,DIST_01,DISTRIBUTOR,2026-02-15 10:38:00,Vijayawada,PLANNED
TX0000452,DRUG000151,2,DIST_01,WH_11,WHOLESALER,2026-02-16 23:13:00,Guntur,PLANNED
TX0000453,DRUG000151,3,WH_11,RET_001,RETAIL_OUTLET,2026-02-21 18:03:00,Visakhapatnam,PLANNED
TX0000454,DRUG000152,1,MFG_02,DIST_02,DISTRIBUTOR,2026-04-05 18:42:00,Guntur,PLANNED
TX0000455,DRUG000152,2,DIST_02,WH_12,WHOLESALER,2026-04-10 11:05:00,Visakhapatnam,PLANNED
TX0000456,DRUG000152,3,WH_12,RET_002,RETAIL_OUTLET,2026-04-12 00:24:00,Hyderabad,PLANNED
TX0000457,DRUG000153,1,MFG_03,DIST_03,DISTRIBUTOR,2026-02-26 11:14:00,Visakhapatnam,PLANNED
TX0000458,DRUG000153,2,DIST_03,WH_13,WHOLESALER,2026-02-28 21:18:00,Hyderabad,PLANNED
TX0000459,DRUG000153,3,WH_13,RET_003,RETAIL_OUTLET,2026-03-04 06:50:00,Chennai,PLANNED
TX0000460,DRUG000154,1,MFG_04,DIST_04,DISTRIBUTOR,2026-07-28 10:38:00,Hyderabad,PLANNED
TX0000461,DRUG000154,2,DIST_04,WH_14,WHOLESALER,2026-08-01 20:48:00,Chennai,PLANNED
TX0000462,DRUG000154,3,WH_14,RET_004,RETAIL_OUTLET,2026-08-04 14:39:00,Bengaluru,PLANNED
TX0000463,DRUG000155,1,MFG_05,DIST_05,DISTRIBUTOR,2026-08-29 14:23:00,Chennai,PLANNED
TX0000464,DRUG000155,2,DIST_05,WH_15,WHOLESALER,2026-09-01 06:02:00,Bengaluru,PLANNED
TX0000465,DRUG000155,3,WH_15,RET_005,RETAIL_OUTLET,2026-09-04 21:16:00,Pune,PLANNED
TX0000466,DRUG000156,1,MFG_06,DIST_06,DISTRIBUTOR,2026-05-26 11:23:00,Bengaluru,PLANNED
TX0000467,DRUG000156,2,DIST_06,WH_16,WHOLESALER,2026-06-01 02:52:00,Pune,PLANNED
TX0000468,DRUG000156,3,WH_16,RET_006,RETAIL_OUTLET,2026-06-04 17:24:00,Mumbai,PLANNED
TX0000469,DRUG000157,1,MFG_07,DIST_07,DISTRIBUTOR,2026-05-21 17:08:00,Pune,PLANNED
TX0000470,DRUG000157,2,DIST_07,WH_17,WHOLESALER,2026-05-25 01:49:00,Mumbai,PLANNED
TX0000471,DRUG000157,3,WH_17,RET_007,RETAIL_OUTLET,2026-05-29 15:24:00,Kolkata,PLANNED
TX0000472,DRUG000158,1,MFG_08,DIST_08,DISTRIBUTOR,2026-09-07 12:05:00,Mumbai,PLANNED
TX0000473,DRUG000158,2,DIST_08,WH_18,WHOLESALER,2026-09-10 00:33:00,Kolkata,PLANNED
TX0000474,DRUG000158,3,WH_18,RET_008,RETAIL_OUTLET,2026-09-15 11:26:00,New Delhi,PLANNED
TX0000475,DRUG000159,1,MFG_09,DIST_09,DISTRIBUTOR,2026-04-30 13:59:00,Kolkata,PLANNED
TX0000476,DRUG000159,2,DIST_09,WH_19,WHOLESALER,2026-05-02 04:02:00,New Delhi,PLANNED
TX0000477,DRUG000159,3,WH_19,RET_009,RETAIL_OUTLET,2026-05-06 20:25:00,Vijayawada,PLANNED
TX0000478,DRUG000160,1,MFG_10,DIST_10,DISTRIBUTOR,2026-03-07 11:01:00,New Delhi,PLANNED
TX0000479,DRUG000160,2,DIST_10,WH_20,WHOLESALER,2026-03-10 20:54:00,Vijayawada,PLANNED
TX0000480,DRUG000160,3,WH_20,RET_010,RETAIL_OUTLET,2026-03-14 07:02:00,Guntur,PLANNED
TX0000481,DRUG000161,1,MFG_01,DIST_11,DISTRIBUTOR,2026-01-20 15:28:00,Vijayawada,PLANNED
TX0000482,DRUG000161,2,DIST_11,WH_01,WHOLESALER,2026-01-26 00:25:00,Guntur,PLANNED
TX0000483,DRUG000161,3,WH_01,RET_011,RETAIL_OUTLET,2026-01-27 08:41:00,Visakhapatnam,PLANNED
TX0000484,DRUG000162,1,MFG_02,DIST_12,DISTRIBUTOR,2026-03-11 16:27:00,Guntur,PLANNED
TX0000485,DRUG000162,2,DIST_12,WH_02,WHOLESALER,2026-03-13 04:42:00,Visakhapatnam,PLANNED
TX0000486,DRUG000162,3,WH_02,RET_012,RETAIL_OUTLET,2026-03-16 13:45:00,Hyderabad,PLANNED
TX0000487,DRUG000163,1,MFG_03,DIST_13,DISTRIBUTOR,2026-03-17 09:07:00,Visakhapatnam,PLANNED
TX0000488,DRUG000163,2,DIST_13,WH_03,WHOLESALER,2026-03-22 02:41:00,Hyderabad,PLANNED
TX0000489,DRUG000163,3,WH_03,RET_013,RETAIL_OUTLET,2026-03-23 21:13:00,Chennai,PLANNED
TX0000490,DRUG000164,1,MFG_04,DIST_14,DISTRIBUTOR,2026-06-03 14:00:00,Hyderabad,PLANNED
TX0000491,DRUG000164,2,DIST_14,WH_04,WHOLESALER,2026-06-09 03:15:00,Chennai,PLANNED
TX0000492,DRUG000164,3,WH_04,RET_014,RETAIL_OUTLET,2026-06-14 17:26:00,Bengaluru,PLANNED
TX0000493,DRUG000165,1,MFG_05,DIST_15,DISTRIBUTOR,2026-07-02 09:33:00,Chennai,PLANNED
TX0000494,DRUG000165,2,DIST_15,WH_05,WHOLESALER,2026-07-08 02:23:00,Bengaluru,PLANNED
TX0000495,DRUG000165,3,WH_05,RET_015,RETAIL_OUTLET,2026-07-13 18:24:00,Pune,PLANNED
TX0000496,DRUG000166,1,MFG_06,DIST_01,DISTRIBUTOR,2026-04-15 13:16:00,Bengaluru,PLANNED
TX0000497,DRUG000166,2,DIST_01,WH_06,WHOLESALER,2026-04-17 03:06:00,Pune,PLANNED
TX0000498,DRUG000166,3,WH_06,RET_016,RETAIL_OUTLET,2026-04-18 16:21:00,Mumbai,PLANNED
TX0000499,DRUG000167,1,MFG_07,DIST_02,DISTRIBUTOR,2026-07-20 10:02:00,Pune,PLANNED
TX0000500,DRUG000167,2,DIST_02,WH_07,WHOLESALER,2026-07-24 02:23:00,Mumbai,PLANNED
TX0000501,DRUG000167,3,WH_07,RET_017,RETAIL_OUTLET,2026-07-26 20:52:00,Kolkata,PLANNED
TX0000502,DRUG000168,1,MFG_08,DIST_03,DISTRIBUTOR,2026-07-03 09:45:00,Mumbai,PLANNED
TX0000503,DRUG000168,2,DIST_03,WH_08,WHOLESALER,2026-07-07 18:03:00,Kolkata,PLANNED
TX0000504,DRUG000168,3,WH_08,RET_018,RETAIL_OUTLET,2026-07-10 02:53:00,New Delhi,PLANNED
TX0000505,DRUG000169,1,MFG_09,DIST_04,DISTRIBUTOR,2026-03-02 16:25:00,Kolkata,PLANNED
TX0000506,DRUG000169,2,DIST_04,WH_09,WHOLESALER,2026-03-08 07:41:00,New Delhi,PLANNED
TX0000507,DRUG000169,3,WH_09,RET_019,RETAIL_OUTLET,2026-03-10 01:53:00,Vijayawada,PLANNED
TX0000508,DRUG000170,1,MFG_10,DIST_05,DISTRIBUTOR,2026-03-19 12:07:00,New Delhi,PLANNED
TX0000509,DRUG000170,2,DIST_05,WH_10,WHOLESALER,2026-03-23 03:03:00,Vijayawada,PLANNED
TX0000510,DRUG000170,3,WH_10,RET_020,RETAIL_OUTLET,2026-03-27 19:00:00,Guntur,PLANNED
TX0000511,DRUG000171,1,MFG_01,DIST_06,DISTRIBUTOR,2026-04-16 15:23:00,Vijayawada,PLANNED
TX0000512,DRUG000171,2,DIST_06,WH_11,WHOLESALER,2026-04-22 04:14:00,Guntur,PLANNED
TX0000513,DRUG000171,3,WH_11,RET_021,RETAIL_OUTLET,2026-04-23 18:19:00,Visakhapatnam,PLANNED
TX0000514,DRUG000172,1,MFG_02,DIST_07,DISTRIBUTOR,2026-05-03 13:06:00,Guntur,PLANNED
TX0000515,DRUG000172,2,DIST_07,WH_12,WHOLESALER,2026-05-05 02:48:00,Visakhapatnam,PLANNED
TX0000516,DRUG000172,3,WH_12,RET_022,RETAIL_OUTLET,2026-05-08 15:16:00,Hyderabad,PLANNED
TX0000517,DRUG000173,1,MFG_03,DIST_08,DISTRIBUTOR,2026-06-11 13:28:00,Visakhapatnam,PLANNED
TX0000518,DRUG000173,2,DIST_08,WH_13,WHOLESALER,2026-06-13 03:07:00,Hyderabad,PLANNED
TX0000519,DRUG000173,3,WH_13,RET_023,RETAIL_OUTLET,2026-06-17 15:47:00,Chennai,PLANNED
TX0000520,DRUG000174,1,MFG_04,DIST_09,DISTRIBUTOR,2026-07-28 13:32:00,Hyderabad,PLANNED
TX0000521,DRUG000174,2,DIST_09,WH_14,WHOLESALER,2026-07-30 21:41:00,Chennai,PLANNED
TX0000522,DRUG000174,3,WH_14,RET_024,RETAIL_OUTLET,2026-08-05 16:31:00,Bengaluru,PLANNED
TX0000523,DRUG000175,1,MFG_05,DIST_10,DISTRIBUTOR,2026-04-27 11:49:00,Chennai,PLANNED
TX0000524,DRUG000175,2,DIST_10,WH_15,WHOLESALER,2026-05-01 01:13:00,Bengaluru,PLANNED
TX0000525,DRUG000175,3,WH_15,RET_025,RETAIL_OUTLET,2026-05-06 09:51:00,Pune,PLANNED
TX0000526,DRUG000176,1,MFG_06,DIST_11,DISTRIBUTOR,2026-02-18 15:48:00,Bengaluru,PLANNED
TX0000527,DRUG000176,2,DIST_11,WH_16,WHOLESALER,2026-02-20 08:56:00,Pune,PLANNED
TX0000528,DRUG000176,3,WH_16,RET_026,RETAIL_OUTLET,2026-02-25 22:21:00,Mumbai,PLANNED
TX0000529,DRUG000177,1,MFG_07,DIST_12,DISTRIBUTOR,2026-03-27 08:47:00,Pune,PLANNED
TX0000530,DRUG000177,2,DIST_12,WH_17,WHOLESALER,2026-03-30 00:20:00,Mumbai,PLANNED
TX0000531,DRUG000177,3,WH_17,RET_027,RETAIL_OUTLET,2026-04-03 16:27:00,Kolkata,PLANNED
TX0000532,DRUG000178,1,MFG_08,DIST_13,DISTRIBUTOR,2026-03-19 17:18:00,Mumbai,PLANNED
TX0000533,DRUG000178,2,DIST_13,WH_18,WHOLESALER,2026-03-24 04:25:00,Kolkata,PLANNED
TX0000534,DRUG000178,3,WH_18,RET_028,RETAIL_OUTLET,2026-03-26 13:53:00,New Delhi,PLANNED
TX0000535,DRUG000179,1,MFG_09,DIST_14,DISTRIBUTOR,2026-02-19 18:22:00,Kolkata,PLANNED
TX0000536,DRUG000179,2,DIST_14,WH_19,WHOLESALER,2026-02-21 10:56:00,New Delhi,PLANNED
TX0000537,DRUG000179,3,WH_19,RET_029,RETAIL_OUTLET,2026-02-24 23:50:00,Vijayawada,PLANNED
TX0000538,DRUG000180,1,MFG_10,DIST_15,DISTRIBUTOR,2026-02-21 11:07:00,New Delhi,PLANNED
TX0000539,DRUG000180,2,DIST_15,WH_20,WHOLESALER,2026-02-23 21:22:00,Vijayawada,PLANNED
TX0000540,DRUG000180,3,WH_20,RET_030,RETAIL_OUTLET,2026-02-28 05:45:00,Guntur,PLANNED
TX0000541,DRUG000181,1,MFG_01,DIST_01,DISTRIBUTOR,2026-06-04 10:39:00,Vijayawada,PLANNED
TX0000542,DRUG000181,2,DIST_01,WH_01,WHOLESALER,2026-06-05 19:58:00,Guntur,PLANNED
TX0000543,DRUG000181,3,WH_01,RET_031,RETAIL_OUTLET,2026-06-10 11:31:00,Visakhapatnam,PLANNED
TX0000544,DRUG000182,1,MFG_02,DIST_02,DISTRIBUTOR,2026-04-27 10:20:00,Guntur,PLANNED
TX0000545,DRUG000182,2,DIST_02,WH_02,WHOLESALER,2026-04-29 01:49:00,Visakhapatnam,PLANNED
TX0000546,DRUG000182,3,WH_02,RET_032,RETAIL_OUTLET,2026-05-04 14:57:00,Hyderabad,PLANNED
TX0000547,DRUG000183,1,MFG_03,DIST_03,DISTRIBUTOR,2026-08-20 16:58:00,Visakhapatnam,PLANNED
TX0000548,DRUG000183,2,DIST_03,WH_03,WHOLESALER,2026-08-22 02:31:00,Hyderabad,PLANNED
TX0000549,DRUG000183,3,WH_03,RET_033,RETAIL_OUTLET,2026-08-24 14:41:00,Chennai,PLANNED
TX0000550,DRUG000184,1,MFG_04,DIST_04,DISTRIBUTOR,2026-02-18 16:57:00,Hyderabad,PLANNED
TX0000551,DRUG000184,2,DIST_04,WH_04,WHOLESALER,2026-02-22 02:13:00,Chennai,PLANNED
TX0000552,DRUG000184,3,WH_04,RET_034,RETAIL_OUTLET,2026-02-24 20:48:00,Bengaluru,PLANNED
TX0000553,DRUG000185,1,MFG_05,DIST_05,DISTRIBUTOR,2026-03-22 16:05:00,Chennai,PLANNED
TX0000554,DRUG000185,2,DIST_05,WH_05,WHOLESALER,2026-03-28 10:15:00,Bengaluru,PLANNED
TX0000555,DRUG000185,3,WH_05,RET_035,RETAIL_OUTLET,2026-04-03 03:24:00,Pune,PLANNED
TX0000556,DRUG000186,1,MFG_06,DIST_06,DISTRIBUTOR,2026-02-24 08:05:00,Bengaluru,PLANNED
TX0000557,DRUG000186,2,DIST_06,WH_06,WHOLESALER,2026-02-26 02:54:00,Pune,PLANNED
TX0000558,DRUG000186,3,WH_06,RET_036,RETAIL_OUTLET,2026-03-03 15:35:00,Mumbai,PLANNED
TX0000559,DRUG000187,1,MFG_07,DIST_07,DISTRIBUTOR,2026-03-06 15:56:00,Pune,PLANNED
TX0000560,DRUG000187,2,DIST_07,WH_07,WHOLESALER,2026-03-12 04:37:00,Mumbai,PLANNED
TX0000561,DRUG000187,3,WH_07,RET_037,RETAIL_OUTLET,2026-03-15 19:52:00,Kolkata,PLANNED
TX0000562,DRUG000188,1,MFG_08,DIST_08,DISTRIBUTOR,2026-08-04 09:44:00,Mumbai,PLANNED
TX0000563,DRUG000188,2,DIST_08,WH_08,WHOLESALER,2026-08-05 20:12:00,Kolkata,PLANNED
TX0000564,DRUG000188,3,WH_08,RET_038,RETAIL_OUTLET,2026-08-10 11:41:00,New Delhi,PLANNED
TX0000565,DRUG000189,1,MFG_09,DIST_09,DISTRIBUTOR,2026-03-06 13:55:00,Kolkata,PLANNED
TX0000566,DRUG000189,2,DIST_09,WH_09,WHOLESALER,2026-03-10 03:20:00,New Delhi,PLANNED
TX0000567,DRUG000189,3,WH_09,RET_039,RETAIL_OUTLET,2026-03-12 16:52:00,Vijayawada,PLANNED
TX0000568,DRUG000190,1,MFG_10,DIST_10,DISTRIBUTOR,2026-06-01 15:07:00,New Delhi,PLANNED
TX0000569,DRUG000190,2,DIST_10,WH_10,WHOLESALER,2026-06-05 06:22:00,Vijayawada,PLANNED
TX0000570,DRUG000190,3,WH_10,RET_040,RETAIL_OUTLET,2026-06-07 15:25:00,Guntur,PLANNED
TX0000571,DRUG000191,1,MFG_01,DIST_11,DISTRIBUTOR,2026-03-30 11:55:00,Vijayawada,PLANNED
TX0000572,DRUG000191,2,DIST_11,WH_11,WHOLESALER,2026-04-02 01:54:00,Guntur,PLANNED
TX0000573,DRUG000191,3,WH_11,RET_041,RETAIL_OUTLET,2026-04-07 15:06:00,Visakhapatnam,PLANNED
TX0000574,DRUG000192,1,MFG_02,DIST_12,DISTRIBUTOR,2026-07-28 15:31:00,Guntur,PLANNED
TX0000575,DRUG000192,2,DIST_12,WH_12,WHOLESALER,2026-08-01 06:32:00,Visakhapatnam,PLANNED
TX0000576,DRUG000192,3,WH_12,RET_042,RETAIL_OUTLET,2026-08-02 21:04:00,Hyderabad,PLANNED
TX0000577,DRUG000193,1,MFG_03,DIST_13,DISTRIBUTOR,2026-05-07 13:03:00,Visakhapatnam,PLANNED
TX0000578,DRUG000193,2,DIST_13,WH_13,WHOLESALER,2026-05-09 01:34:00,Hyderabad,PLANNED
TX0000579,DRUG000193,3,WH_13,RET_043,RETAIL_OUTLET,2026-05-14 20:17:00,Chennai,PLANNED
TX0000580,DRUG000194,1,MFG_04,DIST_14,DISTRIBUTOR,2026-05-11 09:27:00,Hyderabad,PLANNED
TX0000581,DRUG000194,2,DIST_14,WH_14,WHOLESALER,2026-05-13 22:13:00,Chennai,PLANNED
TX0000582,DRUG000194,3,WH_14,RET_044,RETAIL_OUTLET,2026-05-17 12:36:00,Bengaluru,PLANNED
TX0000583,DRUG000195,1,MFG_05,DIST_15,DISTRIBUTOR,2026-01-18 16:12:00,Chennai,PLANNED
TX0000584,DRUG000195,2,DIST_15,WH_15,WHOLESALER,2026-01-22 08:30:00,Bengaluru,PLANNED
TX0000585,DRUG000195,3,WH_15,RET_045,RETAIL_OUTLET,2026-01-23 23:02:00,Pune,PLANNED
TX0000586,DRUG000196,1,MFG_06,DIST_01,DISTRIBUTOR,2026-05-11 09:08:00,Bengaluru,PLANNED
TX0000587,DRUG000196,2,DIST_01,WH_16,WHOLESALER,2026-05-12 23:31:00,Pune,PLANNED
TX0000588,DRUG000196,3,WH_16,RET_046,RETAIL_OUTLET,2026-05-16 15:54:00,Mumbai,PLANNED
TX0000589,DRUG000197,1,MFG_07,DIST_02,DISTRIBUTOR,2026-07-22 16:25:00,Pune,PLANNED
TX0000590,DRUG000197,2,DIST_02,WH_17,WHOLESALER,2026-07-28 00:27:00,Mumbai,PLANNED
TX0000591,DRUG000197,3,WH_17,RET_047,RETAIL_OUTLET,2026-07-29 11:12:00,Kolkata,PLANNED
TX0000592,DRUG000198,1,MFG_08,DIST_03,DISTRIBUTOR,2026-04-09 10:38:00,Mumbai,PLANNED
TX0000593,DRUG000198,2,DIST_03,WH_18,WHOLESALER,2026-04-14 20:58:00,Kolkata,PLANNED
TX0000594,DRUG000198,3,WH_18,RET_048,RETAIL_OUTLET,2026-04-20 10:08:00,New Delhi,PLANNED
TX0000595,DRUG000199,1,MFG_09,DIST_04,DISTRIBUTOR,2026-04-24 16:53:00,Kolkata,PLANNED
TX0000596,DRUG000199,2,DIST_04,WH_19,WHOLESALER,2026-04-30 09:24:00,New Delhi,PLANNED
TX0000597,DRUG000199,3,WH_19,RET_049,RETAIL_OUTLET,2026-05-05 21:54:00,Vijayawada,PLANNED
TX0000598,DRUG000200,1,MFG_10,DIST_05,DISTRIBUTOR,2026-08-06 18:07:00,New Delhi,PLANNED
TX0000599,DRUG000200,2,DIST_05,WH_20,WHOLESALER,2026-08-11 11:26:00,Vijayawada,PLANNED
TX0000600,DRUG000200,3,WH_20,RET_050,RETAIL_OUTLET,2026-08-13 04:56:00,Guntur,PLANNED
TX0000601,DRUG000201,1,MFG_01,DIST_06,DISTRIBUTOR,2026-03-15 15:10:00,Vijayawada,PLANNED
TX0000602,DRUG000201,2,DIST_06,WH_01,WHOLESALER,2026-03-21 09:56:00,Guntur,PLANNED
TX0000603,DRUG000201,3,WH_01,RET_001,RETAIL_OUTLET,2026-03-27 00:05:00,Visakhapatnam,PLANNED
TX0000604,DRUG000202,1,MFG_02,DIST_07,DISTRIBUTOR,2026-08-05 09:12:00,Guntur,PLANNED
TX0000605,DRUG000202,2,DIST_07,WH_02,WHOLESALER,2026-08-07 00:32:00,Visakhapatnam,PLANNED
TX0000606,DRUG000202,3,WH_02,RET_002,RETAIL_OUTLET,2026-08-11 10:58:00,Hyderabad,PLANNED
TX0000607,DRUG000203,1,MFG_03,DIST_08,DISTRIBUTOR,2026-07-08 17:58:00,Visakhapatnam,PLANNED
TX0000608,DRUG000203,2,DIST_08,WH_03,WHOLESALER,2026-07-13 02:43:00,Hyderabad,PLANNED
TX0000609,DRUG000203,3,WH_03,RET_003,RETAIL_OUTLET,2026-07-15 18:56:00,Chennai,PLANNED
TX0000610,DRUG000204,1,MFG_04,DIST_09,DISTRIBUTOR,2026-06-06 14:20:00,Hyderabad,PLANNED
TX0000611,DRUG000204,2,DIST_09,WH_04,WHOLESALER,2026-06-09 06:18:00,Chennai,PLANNED
TX0000612,DRUG000204,3,WH_04,RET_004,RETAIL_OUTLET,2026-06-14 19:52:00,Bengaluru,PLANNED
TX0000613,DRUG000205,1,MFG_05,DIST_10,DISTRIBUTOR,2026-04-15 11:15:00,Chennai,PLANNED
TX0000614,DRUG000205,2,DIST_10,WH_05,WHOLESALER,2026-04-19 03:34:00,Bengaluru,PLANNED
TX0000615,DRUG000205,3,WH_05,RET_005,RETAIL_OUTLET,2026-04-21 16:23:00,Pune,PLANNED
TX0000616,DRUG000206,1,MFG_06,DIST_11,DISTRIBUTOR,2026-03-26 15:22:00,Bengaluru,PLANNED
TX0000617,DRUG000206,2,DIST_11,WH_06,WHOLESALER,2026-04-01 03:40:00,Pune,PLANNED
TX0000618,DRUG000206,3,WH_06,RET_006,RETAIL_OUTLET,2026-04-02 21:23:00,Mumbai,PLANNED
TX0000619,DRUG000207,1,MFG_07,DIST_12,DISTRIBUTOR,2026-05-30 10:18:00,Pune,PLANNED
TX0000620,DRUG000207,2,DIST_12,WH_07,WHOLESALER,2026-05-31 23:03:00,Mumbai,PLANNED
TX0000621,DRUG000207,3,WH_07,RET_007,RETAIL_OUTLET,2026-06-02 13:02:00,Kolkata,PLANNED
TX0000622,DRUG000208,1,MFG_08,DIST_13,DISTRIBUTOR,2026-05-04 11:52:00,Mumbai,PLANNED
TX0000623,DRUG000208,2,DIST_13,WH_08,WHOLESALER,2026-05-10 00:51:00,Kolkata,PLANNED
TX0000624,DRUG000208,3,WH_08,RET_008,RETAIL_OUTLET,2026-05-15 12:59:00,New Delhi,PLANNED
TX0000625,DRUG000209,1,MFG_09,DIST_14,DISTRIBUTOR,2026-02-02 18:57:00,Kolkata,PLANNED
TX0000626,DRUG000209,2,DIST_14,WH_09,WHOLESALER,2026-02-08 06:37:00,New Delhi,PLANNED
TX0000627,DRUG000209,3,WH_09,RET_009,RETAIL_OUTLET,2026-02-10 14:43:00,Vijayawada,PLANNED
TX0000628,DRUG000210,1,MFG_10,DIST_15,DISTRIBUTOR,2026-04-25 18:49:00,New Delhi,PLANNED
TX0000629,DRUG000210,2,DIST_15,WH_10,WHOLESALER,2026-04-28 03:24:00,Vijayawada,PLANNED
TX0000630,DRUG000210,3,WH_10,RET_010,RETAIL_OUTLET,2026-04-30 18:05:00,Guntur,PLANNED
TX0000631,DRUG000211,1,MFG_01,DIST_01,DISTRIBUTOR,2026-09-07 12:20:00,Vijayawada,PLANNED
TX0000632,DRUG000211,2,DIST_01,WH_11,WHOLESALER,2026-09-11 06:23:00,Guntur,PLANNED
TX0000633,DRUG000211,3,WH_11,RET_011,RETAIL_OUTLET,2026-09-13 00:59:00,Visakhapatnam,PLANNED
TX0000634,DRUG000212,1,MFG_02,DIST_02,DISTRIBUTOR,2026-03-08 10:59:00,Guntur,PLANNED
TX0000635,DRUG000212,2,DIST_02,WH_12,WHOLESALER,2026-03-10 01:49:00,Visakhapatnam,PLANNED
TX0000636,DRUG000212,3,WH_12,RET_012,RETAIL_OUTLET,2026-03-14 12:48:00,Hyderabad,PLANNED
TX0000637,DRUG000213,1,MFG_03,DIST_03,DISTRIBUTOR,2026-07-13 12:36:00,Visakhapatnam,PLANNED
TX0000638,DRUG000213,2,DIST_03,WH_13,WHOLESALER,2026-07-18 22:35:00,Hyderabad,PLANNED
TX0000639,DRUG000213,3,WH_13,RET_013,RETAIL_OUTLET,2026-07-22 11:04:00,Chennai,PLANNED
TX0000640,DRUG000214,1,MFG_04,DIST_04,DISTRIBUTOR,2026-06-22 15:17:00,Hyderabad,PLANNED
TX0000641,DRUG000214,2,DIST_04,WH_14,WHOLESALER,2026-06-25 00:38:00,Chennai,PLANNED
TX0000642,DRUG000214,3,WH_14,RET_014,RETAIL_OUTLET,2026-06-27 16:19:00,Bengaluru,PLANNED
TX0000643,DRUG000215,1,MFG_05,DIST_05,DISTRIBUTOR,2026-03-11 12:36:00,Chennai,PLANNED
TX0000644,DRUG000215,2,DIST_05,WH_15,WHOLESALER,2026-03-13 23:15:00,Bengaluru,PLANNED
TX0000645,DRUG000215,3,WH_15,RET_015,RETAIL_OUTLET,2026-03-18 13:47:00,Pune,PLANNED
TX0000646,DRUG000216,1,MFG_06,DIST_06,DISTRIBUTOR,2026-04-02 10:08:00,Bengaluru,PLANNED
TX0000647,DRUG000216,2,DIST_06,WH_16,WHOLESALER,2026-04-07 00:07:00,Pune,PLANNED
TX0000648,DRUG000216,3,WH_16,RET_016,RETAIL_OUTLET,2026-04-09 08:23:00,Mumbai,PLANNED
TX0000649,DRUG000217,1,MFG_07,DIST_07,DISTRIBUTOR,2026-04-20 13:19:00,Pune,PLANNED
TX0000650,DRUG000217,2,DIST_07,WH_17,WHOLESALER,2026-04-26 06:19:00,Mumbai,PLANNED
TX0000651,DRUG000217,3,WH_17,RET_017,RETAIL_OUTLET,2026-04-30 00:42:00,Kolkata,PLANNED
TX0000652,DRUG000218,1,MFG_08,DIST_08,DISTRIBUTOR,2026-06-29 15:19:00,Mumbai,PLANNED
TX0000653,DRUG000218,2,DIST_08,WH_18,WHOLESALER,2026-07-02 06:02:00,Kolkata,PLANNED
TX0000654,DRUG000218,3,WH_18,RET_018,RETAIL_OUTLET,2026-07-07 18:46:00,New Delhi,PLANNED
TX0000655,DRUG000219,1,MFG_09,DIST_09,DISTRIBUTOR,2026-02-11 11:14:00,Kolkata,PLANNED
TX0000656,DRUG000219,2,DIST_09,WH_19,WHOLESALER,2026-02-14 02:23:00,New Delhi,PLANNED
TX0000657,DRUG000219,3,WH_19,RET_019,RETAIL_OUTLET,2026-02-18 19:46:00,Vijayawada,PLANNED
TX0000658,DRUG000220,1,MFG_10,DIST_10,DISTRIBUTOR,2026-04-28 11:43:00,New Delhi,PLANNED
TX0000659,DRUG000220,2,DIST_10,WH_20,WHOLESALER,2026-05-03 21:16:00,Vijayawada,PLANNED
TX0000660,DRUG000220,3,WH_20,RET_020,RETAIL_OUTLET,2026-05-08 14:01:00,Guntur,PLANNED
TX0000661,DRUG000221,1,MFG_01,DIST_11,DISTRIBUTOR,2026-04-14 08:53:00,Vijayawada,PLANNED
TX0000662,DRUG000221,2,DIST_11,WH_01,WHOLESALER,2026-04-20 01:05:00,Guntur,PLANNED
TX0000663,DRUG000221,3,WH_01,RET_021,RETAIL_OUTLET,2026-04-25 17:14:00,Visakhapatnam,PLANNED
TX0000664,DRUG000222,1,MFG_02,DIST_12,DISTRIBUTOR,2026-02-25 09:43:00,Guntur,PLANNED
TX0000665,DRUG000222,2,DIST_12,WH_02,WHOLESALER,2026-02-28 03:14:00,Visakhapatnam,PLANNED
TX0000666,DRUG000222,3,WH_02,RET_022,RETAIL_OUTLET,2026-03-01 19:42:00,Hyderabad,PLANNED
TX0000667,DRUG000223,1,MFG_03,DIST_13,DISTRIBUTOR,2026-08-06 16:26:00,Visakhapatnam,PLANNED
TX0000668,DRUG000223,2,DIST_13,WH_03,WHOLESALER,2026-08-11 09:29:00,Hyderabad,PLANNED
TX0000669,DRUG000223,3,WH_03,RET_023,RETAIL_OUTLET,2026-08-17 01:12:00,Chennai,PLANNED
TX0000670,DRUG000224,1,MFG_04,DIST_14,DISTRIBUTOR,2026-07-31 12:52:00,Hyderabad,PLANNED
TX0000671,DRUG000224,2,DIST_14,WH_04,WHOLESALER,2026-08-02 00:29:00,Chennai,PLANNED
TX0000672,DRUG000224,3,WH_04,RET_024,RETAIL_OUTLET,2026-08-03 08:56:00,Bengaluru,PLANNED
TX0000673,DRUG000225,1,MFG_05,DIST_15,DISTRIBUTOR,2026-04-09 09:59:00,Chennai,PLANNED
TX0000674,DRUG000225,2,DIST_15,WH_05,WHOLESALER,2026-04-13 18:17:00,Bengaluru,PLANNED
TX0000675,DRUG000225,3,WH_05,RET_025,RETAIL_OUTLET,2026-04-18 05:06:00,Pune,PLANNED
TX0000676,DRUG000226,1,MFG_06,DIST_01,DISTRIBUTOR,2026-02-14 15:55:00,Bengaluru,PLANNED
TX0000677,DRUG000226,2,DIST_01,WH_06,WHOLESALER,2026-02-19 06:00:00,Pune,PLANNED
TX0000678,DRUG000226,3,WH_06,RET_026,RETAIL_OUTLET,2026-02-24 16:41:00,Mumbai,PLANNED
TX0000679,DRUG000227,1,MFG_07,DIST_02,DISTRIBUTOR,2026-08-13 16:25:00,Pune,PLANNED
TX0000680,DRUG000227,2,DIST_02,WH_07,WHOLESALER,2026-08-19 03:11:00,Mumbai,PLANNED
TX0000681,DRUG000227,3,WH_07,RET_027,RETAIL_OUTLET,2026-08-21 11:59:00,Kolkata,PLANNED
TX0000682,DRUG000228,1,MFG_08,DIST_03,DISTRIBUTOR,2026-01-19 14:34:00,Mumbai,PLANNED
TX0000683,DRUG000228,2,DIST_03,WH_08,WHOLESALER,2026-01-24 01:49:00,Kolkata,PLANNED
TX0000684,DRUG000228,3,WH_08,RET_028,RETAIL_OUTLET,2026-01-28 14:58:00,New Delhi,PLANNED
TX0000685,DRUG000229,1,MFG_09,DIST_04,DISTRIBUTOR,2026-03-15 18:26:00,Kolkata,PLANNED
TX0000686,DRUG000229,2,DIST_04,WH_09,WHOLESALER,2026-03-21 02:41:00,New Delhi,PLANNED
TX0000687,DRUG000229,3,WH_09,RET_029,RETAIL_OUTLET,2026-03-23 11:47:00,Vijayawada,PLANNED
TX0000688,DRUG000230,1,MFG_10,DIST_05,DISTRIBUTOR,2026-06-15 18:45:00,New Delhi,PLANNED
TX0000689,DRUG000230,2,DIST_05,WH_10,WHOLESALER,2026-06-17 06:32:00,Vijayawada,PLANNED
TX0000690,DRUG000230,3,WH_10,RET_030,RETAIL_OUTLET,2026-06-18 21:00:00,Guntur,PLANNED
TX0000691,DRUG000231,1,MFG_01,DIST_06,DISTRIBUTOR,2026-03-04 16:18:00,Vijayawada,PLANNED
TX0000692,DRUG000231,2,DIST_06,WH_11,WHOLESALER,2026-03-07 09:38:00,Guntur,PLANNED
TX0000693,DRUG000231,3,WH_11,RET_031,RETAIL_OUTLET,2026-03-13 03:27:00,Visakhapatnam,PLANNED
TX0000694,DRUG000232,1,MFG_02,DIST_07,DISTRIBUTOR,2026-06-29 10:42:00,Guntur,PLANNED
TX0000695,DRUG000232,2,DIST_07,WH_12,WHOLESALER,2026-07-04 22:08:00,Visakhapatnam,PLANNED
TX0000696,DRUG000232,3,WH_12,RET_032,RETAIL_OUTLET,2026-07-08 10:11:00,Hyderabad,PLANNED
TX0000697,DRUG000233,1,MFG_03,DIST_08,DISTRIBUTOR,2026-06-04 15:03:00,Visakhapatnam,PLANNED
TX0000698,DRUG000233,2,DIST_08,WH_13,WHOLESALER,2026-06-08 09:45:00,Hyderabad,PLANNED
TX0000699,DRUG000233,3,WH_13,RET_033,RETAIL_OUTLET,2026-06-13 02:05:00,Chennai,PLANNED
TX0000700,DRUG000234,1,MFG_04,DIST_09,DISTRIBUTOR,2026-07-07 12:24:00,Hyderabad,PLANNED
TX0000701,DRUG000234,2,DIST_09,WH_14,WHOLESALER,2026-07-10 04:54:00,Chennai,PLANNED
TX0000702,DRUG000234,3,WH_14,RET_034,RETAIL_OUTLET,2026-07-12 16:13:00,Bengaluru,PLANNED
TX0000703,DRUG000235,1,MFG_05,DIST_10,DISTRIBUTOR,2026-08-17 16:26:00,Chennai,PLANNED
TX0000704,DRUG000235,2,DIST_10,WH_15,WHOLESALER,2026-08-22 08:59:00,Bengaluru,PLANNED
TX0000705,DRUG000235,3,WH_15,RET_035,RETAIL_OUTLET,2026-08-24 23:14:00,Pune,PLANNED
TX0000706,DRUG000236,1,MFG_06,DIST_11,DISTRIBUTOR,2026-03-14 15:54:00,Bengaluru,PLANNED
TX0000707,DRUG000236,2,DIST_11,WH_16,WHOLESALER,2026-03-18 01:28:00,Pune,PLANNED
TX0000708,DRUG000236,3,WH_16,RET_036,RETAIL_OUTLET,2026-03-20 09:45:00,Mumbai,PLANNED
TX0000709,DRUG000237,1,MFG_07,DIST_12,DISTRIBUTOR,2026-04-11 17:46:00,Pune,PLANNED
TX0000710,DRUG000237,2,DIST_12,WH_17,WHOLESALER,2026-04-17 05:16:00,Mumbai,PLANNED
TX0000711,DRUG000237,3,WH_17,RET_037,RETAIL_OUTLET,2026-04-19 18:35:00,Kolkata,PLANNED
TX0000712,DRUG000238,1,MFG_08,DIST_13,DISTRIBUTOR,2026-08-27 09:47:00,Mumbai,PLANNED
TX0000713,DRUG000238,2,DIST_13,WH_18,WHOLESALER,2026-08-31 21:31:00,Kolkata,PLANNED
TX0000714,DRUG000238,3,WH_18,RET_038,RETAIL_OUTLET,2026-09-06 08:56:00,New Delhi,PLANNED
TX0000715,DRUG000239,1,MFG_09,DIST_14,DISTRIBUTOR,2026-09-04 12:24:00,Kolkata,PLANNED
TX0000716,DRUG000239,2,DIST_14,WH_19,WHOLESALER,2026-09-09 05:05:00,New Delhi,PLANNED
TX0000717,DRUG000239,3,WH_19,RET_039,RETAIL_OUTLET,2026-09-12 17:21:00,Vijayawada,PLANNED
TX0000718,DRUG000240,1,MFG_10,DIST_15,DISTRIBUTOR,2026-04-12 15:48:00,New Delhi,PLANNED
TX0000719,DRUG000240,2,DIST_15,WH_20,WHOLESALER,2026-04-16 03:11:00,Vijayawada,PLANNED
TX0000720,DRUG000240,3,WH_20,RET_040,RETAIL_OUTLET,2026-04-19 17:13:00,Guntur,PLANNED
TX0000721,DRUG000241,1,MFG_01,DIST_01,DISTRIBUTOR,2026-05-29 12:35:00,Vijayawada,PLANNED
TX0000722,DRUG000241,2,DIST_01,WH_01,WHOLESALER,2026-06-04 06:21:00,Guntur,PLANNED
TX0000723,DRUG000241,3,WH_01,RET_041,RETAIL_OUTLET,2026-06-08 18:30:00,Visakhapatnam,PLANNED
TX0000724,DRUG000242,1,MFG_02,DIST_02,DISTRIBUTOR,2026-02-28 17:53:00,Guntur,PLANNED
TX0000725,DRUG000242,2,DIST_02,WH_02,WHOLESALER,2026-03-03 09:28:00,Visakhapatnam,PLANNED
TX0000726,DRUG000242,3,WH_02,RET_042,RETAIL_OUTLET,2026-03-06 22:16:00,Hyderabad,PLANNED
TX0000727,DRUG000243,1,MFG_03,DIST_03,DISTRIBUTOR,2026-08-11 10:46:00,Visakhapatnam,PLANNED
TX0000728,DRUG000243,2,DIST_03,WH_03,WHOLESALER,2026-08-14 20:54:00,Hyderabad,PLANNED
TX0000729,DRUG000243,3,WH_03,RET_043,RETAIL_OUTLET,2026-08-20 12:05:00,Chennai,PLANNED
TX0000730,DRUG000244,1,MFG_04,DIST_04,DISTRIBUTOR,2026-09-02 09:52:00,Hyderabad,PLANNED
TX0000731,DRUG000244,2,DIST_04,WH_04,WHOLESALER,2026-09-03 18:18:00,Chennai,PLANNED
TX0000732,DRUG000244,3,WH_04,RET_044,RETAIL_OUTLET,2026-09-06 12:32:00,Bengaluru,PLANNED
TX0000733,DRUG000245,1,MFG_05,DIST_05,DISTRIBUTOR,2026-01-21 16:29:00,Chennai,PLANNED
TX0000734,DRUG000245,2,DIST_05,WH_05,WHOLESALER,2026-01-25 01:08:00,Bengaluru,PLANNED
TX0000735,DRUG000245,3,WH_05,RET_045,RETAIL_OUTLET,2026-01-30 16:50:00,Pune,PLANNED
TX0000736,DRUG000246,1,MFG_06,DIST_06,DISTRIBUTOR,2026-05-11 16:26:00,Bengaluru,PLANNED
TX0000737,DRUG000246,2,DIST_06,WH_06,WHOLESALER,2026-05-13 00:59:00,Pune,PLANNED
TX0000738,DRUG000246,3,WH_06,RET_046,RETAIL_OUTLET,2026-05-16 17:17:00,Mumbai,PLANNED
TX0000739,DRUG000247,1,MFG_07,DIST_07,DISTRIBUTOR,2026-01-09 09:33:00,Pune,PLANNED
TX0000740,DRUG000247,2,DIST_07,WH_07,WHOLESALER,2026-01-11 20:45:00,Mumbai,PLANNED
TX0000741,DRUG000247,3,WH_07,RET_047,RETAIL_OUTLET,2026-01-17 13:01:00,Kolkata,PLANNED
TX0000742,DRUG000248,1,MFG_08,DIST_08,DISTRIBUTOR,2026-08-06 09:23:00,Mumbai,PLANNED
TX0000743,DRUG000248,2,DIST_08,WH_08,WHOLESALER,2026-08-11 00:59:00,Kolkata,PLANNED
TX0000744,DRUG000248,3,WH_08,RET_048,RETAIL_OUTLET,2026-08-13 12:18:00,New Delhi,PLANNED
TX0000745,DRUG000249,1,MFG_09,DIST_09,DISTRIBUTOR,2026-06-27 14:24:00,Kolkata,PLANNED
TX0000746,DRUG000249,2,DIST_09,WH_09,WHOLESALER,2026-07-02 06:54:00,New Delhi,PLANNED
TX0000747,DRUG000249,3,WH_09,RET_049,RETAIL_OUTLET,2026-07-04 00:54:00,Vijayawada,PLANNED
TX0000748,DRUG000250,1,MFG_10,DIST_10,DISTRIBUTOR,2026-07-05 14:41:00,New Delhi,PLANNED
TX0000749,DRUG000250,2,DIST_10,WH_10,WHOLESALER,2026-07-09 08:35:00,Vijayawada,PLANNED
TX0000750,DRUG000250,3,WH_10,RET_050,RETAIL_OUTLET,2026-07-11 01:33:00,Guntur,PLANNED
TX0000751,DRUG000251,1,MFG_01,DIST_11,DISTRIBUTOR,2026-01-20 15:17:00,Vijayawada,PLANNED
TX0000752,DRUG000251,2,DIST_11,WH_11,WHOLESALER,2026-01-22 01:00:00,Guntur,PLANNED
TX0000753,DRUG000251,3,WH_11,RET_001,RETAIL_OUTLET,2026-01-25 17:36:00,Visakhapatnam,PLANNED
TX0000754,DRUG000252,1,MFG_02,DIST_12,DISTRIBUTOR,2026-06-24 08:13:00,Guntur,PLANNED
TX0000755,DRUG000252,2,DIST_12,WH_12,WHOLESALER,2026-06-29 19:01:00,Visakhapatnam,PLANNED
TX0000756,DRUG000252,3,WH_12,RET_002,RETAIL_OUTLET,2026-07-04 04:20:00,Hyderabad,PLANNED
TX0000757,DRUG000253,1,MFG_03,DIST_13,DISTRIBUTOR,2026-02-25 18:57:00,Visakhapatnam,PLANNED
TX0000758,DRUG000253,2,DIST_13,WH_13,WHOLESALER,2026-03-03 08:21:00,Hyderabad,PLANNED
TX0000759,DRUG000253,3,WH_13,RET_003,RETAIL_OUTLET,2026-03-05 17:53:00,Chennai,PLANNED
TX0000760,DRUG000254,1,MFG_04,DIST_14,DISTRIBUTOR,2026-07-12 14:14:00,Hyderabad,PLANNED
TX0000761,DRUG000254,2,DIST_14,WH_14,WHOLESALER,2026-07-14 03:52:00,Chennai,PLANNED
TX0000762,DRUG000254,3,WH_14,RET_004,RETAIL_OUTLET,2026-07-19 21:17:00,Bengaluru,PLANNED
TX0000763,DRUG000255,1,MFG_05,DIST_15,DISTRIBUTOR,2026-07-22 15:31:00,Chennai,PLANNED
TX0000764,DRUG000255,2,DIST_15,WH_15,WHOLESALER,2026-07-25 05:06:00,Bengaluru,PLANNED
TX0000765,DRUG000255,3,WH_15,RET_005,RETAIL_OUTLET,2026-07-29 19:17:00,Pune,PLANNED
TX0000766,DRUG000256,1,MFG_06,DIST_01,DISTRIBUTOR,2026-07-01 12:51:00,Bengaluru,PLANNED
TX0000767,DRUG000256,2,DIST_01,WH_16,WHOLESALER,2026-07-03 21:56:00,Pune,PLANNED
TX0000768,DRUG000256,3,WH_16,RET_006,RETAIL_OUTLET,2026-07-07 08:20:00,Mumbai,PLANNED
TX0000769,DRUG000257,1,MFG_07,DIST_02,DISTRIBUTOR,2026-07-12 13:06:00,Pune,PLANNED
TX0000770,DRUG000257,2,DIST_02,WH_17,WHOLESALER,2026-07-13 21:25:00,Mumbai,PLANNED
TX0000771,DRUG000257,3,WH_17,RET_007,RETAIL_OUTLET,2026-07-18 11:13:00,Kolkata,PLANNED
TX0000772,DRUG000258,1,MFG_08,DIST_03,DISTRIBUTOR,2026-03-15 10:27:00,Mumbai,PLANNED
TX0000773,DRUG000258,2,DIST_03,WH_18,WHOLESALER,2026-03-20 03:02:00,Kolkata,PLANNED
TX0000774,DRUG000258,3,WH_18,RET_008,RETAIL_OUTLET,2026-03-25 17:08:00,New Delhi,PLANNED
TX0000775,DRUG000259,1,MFG_09,DIST_04,DISTRIBUTOR,2026-01-18 09:38:00,Kolkata,PLANNED
TX0000776,DRUG000259,2,DIST_04,WH_19,WHOLESALER,2026-01-23 23:33:00,New Delhi,PLANNED
TX0000777,DRUG000259,3,WH_19,RET_009,RETAIL_OUTLET,2026-01-28 07:51:00,Vijayawada,PLANNED
TX0000778,DRUG000260,1,MFG_10,DIST_05,DISTRIBUTOR,2026-04-23 11:36:00,New Delhi,PLANNED
TX0000779,DRUG000260,2,DIST_05,WH_20,WHOLESALER,2026-04-28 22:19:00,Vijayawada,PLANNED
TX0000780,DRUG000260,3,WH_20,RET_010,RETAIL_OUTLET,2026-05-03 08:27:00,Guntur,PLANNED
TX0000781,DRUG000261,1,MFG_01,DIST_06,DISTRIBUTOR,2026-03-19 10:04:00,Vijayawada,PLANNED
TX0000782,DRUG000261,2,DIST_06,WH_01,WHOLESALER,2026-03-22 00:21:00,Guntur,PLANNED
TX0000783,DRUG000261,3,WH_01,RET_011,RETAIL_OUTLET,2026-03-26 12:51:00,Visakhapatnam,PLANNED
TX0000784,DRUG000262,1,MFG_02,DIST_07,DISTRIBUTOR,2026-07-29 11:46:00,Guntur,PLANNED
TX0000785,DRUG000262,2,DIST_07,WH_02,WHOLESALER,2026-08-03 05:25:00,Visakhapatnam,PLANNED
TX0000786,DRUG000262,3,WH_02,RET_012,RETAIL_OUTLET,2026-08-05 20:31:00,Hyderabad,PLANNED
TX0000787,DRUG000263,1,MFG_03,DIST_08,DISTRIBUTOR,2026-02-09 13:53:00,Visakhapatnam,PLANNED
TX0000788,DRUG000263,2,DIST_08,WH_03,WHOLESALER,2026-02-15 04:44:00,Hyderabad,PLANNED
TX0000789,DRUG000263,3,WH_03,RET_013,RETAIL_OUTLET,2026-02-18 20:05:00,Chennai,PLANNED
TX0000790,DRUG000264,1,MFG_04,DIST_09,DISTRIBUTOR,2026-04-29 17:44:00,Hyderabad,PLANNED
TX0000791,DRUG000264,2,DIST_09,WH_04,WHOLESALER,2026-05-02 09:04:00,Chennai,PLANNED
TX0000792,DRUG000264,3,WH_04,RET_014,RETAIL_OUTLET,2026-05-04 23:24:00,Bengaluru,PLANNED
TX0000793,DRUG000265,1,MFG_05,DIST_10,DISTRIBUTOR,2026-03-28 13:24:00,Chennai,PLANNED
TX0000794,DRUG000265,2,DIST_10,WH_05,WHOLESALER,2026-04-01 03:47:00,Bengaluru,PLANNED
TX0000795,DRUG000265,3,WH_05,RET_015,RETAIL_OUTLET,2026-04-02 20:59:00,Pune,PLANNED
TX0000796,DRUG000266,1,MFG_06,DIST_11,DISTRIBUTOR,2026-06-11 15:45:00,Bengaluru,PLANNED
TX0000797,DRUG000266,2,DIST_11,WH_06,WHOLESALER,2026-06-14 07:36:00,Pune,PLANNED
TX0000798,DRUG000266,3,WH_06,RET_016,RETAIL_OUTLET,2026-06-17 17:28:00,Mumbai,PLANNED
TX0000799,DRUG000267,1,MFG_07,DIST_12,DISTRIBUTOR,2026-08-16 18:19:00,Pune,PLANNED
TX0000800,DRUG000267,2,DIST_12,WH_07,WHOLESALER,2026-08-19 07:01:00,Mumbai,PLANNED
TX0000801,DRUG000267,3,WH_07,RET_017,RETAIL_OUTLET,2026-08-21 21:51:00,Kolkata,PLANNED
TX0000802,DRUG000268,1,MFG_08,DIST_13,DISTRIBUTOR,2026-04-20 15:37:00,Mumbai,PLANNED
TX0000803,DRUG000268,2,DIST_13,WH_08,WHOLESALER,2026-04-25 08:09:00,Kolkata,PLANNED
TX0000804,DRUG000268,3,WH_08,RET_018,RETAIL_OUTLET,2026-04-30 00:11:00,New Delhi,PLANNED
TX0000805,DRUG000269,1,MFG_09,DIST_14,DISTRIBUTOR,2026-08-05 18:58:00,Kolkata,PLANNED
TX0000806,DRUG000269,2,DIST_14,WH_09,WHOLESALER,2026-08-07 04:47:00,New Delhi,PLANNED
TX0000807,DRUG000269,3,WH_09,RET_019,RETAIL_OUTLET,2026-08-09 23:29:00,Vijayawada,PLANNED
TX0000808,DRUG000270,1,MFG_10,DIST_15,DISTRIBUTOR,2026-04-12 17:41:00,New Delhi,PLANNED
TX0000809,DRUG000270,2,DIST_15,WH_10,WHOLESALER,2026-04-17 07:31:00,Vijayawada,PLANNED
TX0000810,DRUG000270,3,WH_10,RET_020,RETAIL_OUTLET,2026-04-21 16:31:00,Guntur,PLANNED
TX0000811,DRUG000271,1,MFG_01,DIST_01,DISTRIBUTOR,2026-02-04 16:35:00,Vijayawada,PLANNED
TX0000812,DRUG000271,2,DIST_01,WH_11,WHOLESALER,2026-02-10 09:49:00,Guntur,PLANNED
TX0000813,DRUG000271,3,WH_11,RET_021,RETAIL_OUTLET,2026-02-14 23:14:00,Visakhapatnam,PLANNED
TX0000814,DRUG000272,1,MFG_02,DIST_02,DISTRIBUTOR,2026-05-06 15:06:00,Guntur,PLANNED
TX0000815,DRUG000272,2,DIST_02,WH_12,WHOLESALER,2026-05-10 06:04:00,Visakhapatnam,PLANNED
TX0000816,DRUG000272,3,WH_12,RET_022,RETAIL_OUTLET,2026-05-11 15:57:00,Hyderabad,PLANNED
TX0000817,DRUG000273,1,MFG_03,DIST_03,DISTRIBUTOR,2026-09-07 13:29:00,Visakhapatnam,PLANNED
TX0000818,DRUG000273,2,DIST_03,WH_13,WHOLESALER,2026-09-10 05:59:00,Hyderabad,PLANNED
TX0000819,DRUG000273,3,WH_13,RET_023,RETAIL_OUTLET,2026-09-13 21:05:00,Chennai,PLANNED
TX0000820,DRUG000274,1,MFG_04,DIST_04,DISTRIBUTOR,2026-04-30 12:02:00,Hyderabad,PLANNED
TX0000821,DRUG000274,2,DIST_04,WH_14,WHOLESALER,2026-05-01 20:56:00,Chennai,PLANNED
TX0000822,DRUG000274,3,WH_14,RET_024,RETAIL_OUTLET,2026-05-05 15:02:00,Bengaluru,PLANNED
TX0000823,DRUG000275,1,MFG_05,DIST_05,DISTRIBUTOR,2026-07-02 10:35:00,Chennai,PLANNED
TX0000824,DRUG000275,2,DIST_05,WH_15,WHOLESALER,2026-07-05 00:10:00,Bengaluru,PLANNED
TX0000825,DRUG000275,3,WH_15,RET_025,RETAIL_OUTLET,2026-07-09 15:24:00,Pune,PLANNED
TX0000826,DRUG000276,1,MFG_06,DIST_06,DISTRIBUTOR,2026-07-29 18:42:00,Bengaluru,PLANNED
TX0000827,DRUG000276,2,DIST_06,WH_16,WHOLESALER,2026-08-03 08:43:00,Pune,PLANNED
TX0000828,DRUG000276,3,WH_16,RET_026,RETAIL_OUTLET,2026-08-08 20:11:00,Mumbai,PLANNED
TX0000829,DRUG000277,1,MFG_07,DIST_07,DISTRIBUTOR,2026-06-09 11:13:00,Pune,PLANNED
TX0000830,DRUG000277,2,DIST_07,WH_17,WHOLESALER,2026-06-12 20:49:00,Mumbai,PLANNED
TX0000831,DRUG000277,3,WH_17,RET_027,RETAIL_OUTLET,2026-06-14 13:00:00,Kolkata,PLANNED
TX0000832,DRUG000278,1,MFG_08,DIST_08,DISTRIBUTOR,2026-04-12 09:16:00,Mumbai,PLANNED
TX0000833,DRUG000278,2,DIST_08,WH_18,WHOLESALER,2026-04-17 01:56:00,Kolkata,PLANNED
TX0000834,DRUG000278,3,WH_18,RET_028,RETAIL_OUTLET,2026-04-20 19:20:00,New Delhi,PLANNED
TX0000835,DRUG000279,1,MFG_09,DIST_09,DISTRIBUTOR,2026-06-17 13:22:00,Kolkata,PLANNED
TX0000836,DRUG000279,2,DIST_09,WH_19,WHOLESALER,2026-06-22 06:33:00,New Delhi,PLANNED
TX0000837,DRUG000279,3,WH_19,RET_029,RETAIL_OUTLET,2026-06-26 00:10:00,Vijayawada,PLANNED
TX0000838,DRUG000280,1,MFG_10,DIST_10,DISTRIBUTOR,2026-01-29 11:19:00,New Delhi,PLANNED
TX0000839,DRUG000280,2,DIST_10,WH_20,WHOLESALER,2026-01-30 21:42:00,Vijayawada,PLANNED
TX0000840,DRUG000280,3,WH_20,RET_030,RETAIL_OUTLET,2026-02-02 14:06:00,Guntur,PLANNED
TX0000841,DRUG000281,1,MFG_01,DIST_11,DISTRIBUTOR,2026-05-02 14:11:00,Vijayawada,PLANNED
TX0000842,DRUG000281,2,DIST_11,WH_01,WHOLESALER,2026-05-07 08:45:00,Guntur,PLANNED
TX0000843,DRUG000281,3,WH_01,RET_031,RETAIL_OUTLET,2026-05-10 00:55:00,Visakhapatnam,PLANNED
TX0000844,DRUG000282,1,MFG_02,DIST_12,DISTRIBUTOR,2026-05-11 13:53:00,Guntur,PLANNED
TX0000845,DRUG000282,2,DIST_12,WH_02,WHOLESALER,2026-05-16 06:56:00,Visakhapatnam,PLANNED
TX0000846,DRUG000282,3,WH_02,RET_032,RETAIL_OUTLET,2026-05-19 15:27:00,Hyderabad,PLANNED
TX0000847,DRUG000283,1,MFG_03,DIST_13,DISTRIBUTOR,2026-02-16 16:41:00,Visakhapatnam,PLANNED
TX0000848,DRUG000283,2,DIST_13,WH_03,WHOLESALER,2026-02-21 07:24:00,Hyderabad,PLANNED
TX0000849,DRUG000283,3,WH_03,RET_033,RETAIL_OUTLET,2026-02-25 22:09:00,Chennai,PLANNED
TX0000850,DRUG000284,1,MFG_04,DIST_14,DISTRIBUTOR,2026-08-14 09:36:00,Hyderabad,PLANNED
TX0000851,DRUG000284,2,DIST_14,WH_04,WHOLESALER,2026-08-15 20:54:00,Chennai,PLANNED
TX0000852,DRUG000284,3,WH_04,RET_034,RETAIL_OUTLET,2026-08-17 09:08:00,Bengaluru,PLANNED
TX0000853,DRUG000285,1,MFG_05,DIST_15,DISTRIBUTOR,2026-05-25 17:47:00,Chennai,PLANNED
TX0000854,DRUG000285,2,DIST_15,WH_05,WHOLESALER,2026-05-30 10:19:00,Bengaluru,PLANNED
TX0000855,DRUG000285,3,WH_05,RET_035,RETAIL_OUTLET,2026-06-01 03:26:00,Pune,PLANNED
TX0000856,DRUG000286,1,MFG_06,DIST_01,DISTRIBUTOR,2026-03-20 15:34:00,Bengaluru,PLANNED
TX0000857,DRUG000286,2,DIST_01,WH_06,WHOLESALER,2026-03-23 05:40:00,Pune,PLANNED
TX0000858,DRUG000286,3,WH_06,RET_036,RETAIL_OUTLET,2026-03-25 18:35:00,Mumbai,PLANNED
TX0000859,DRUG000287,1,MFG_07,DIST_02,DISTRIBUTOR,2026-01-17 09:28:00,Pune,PLANNED
TX0000860,DRUG000287,2,DIST_02,WH_07,WHOLESALER,2026-01-18 20:41:00,Mumbai,PLANNED
TX0000861,DRUG000287,3,WH_07,RET_037,RETAIL_OUTLET,2026-01-24 10:36:00,Kolkata,PLANNED
TX0000862,DRUG000288,1,MFG_08,DIST_03,DISTRIBUTOR,2026-07-09 10:50:00,Mumbai,PLANNED
TX0000863,DRUG000288,2,DIST_03,WH_08,WHOLESALER,2026-07-11 22:41:00,Kolkata,PLANNED
TX0000864,DRUG000288,3,WH_08,RET_038,RETAIL_OUTLET,2026-07-13 16:03:00,New Delhi,PLANNED
TX0000865,DRUG000289,1,MFG_09,DIST_04,DISTRIBUTOR,2026-06-01 10:20:00,Kolkata,PLANNED
TX0000866,DRUG000289,2,DIST_04,WH_09,WHOLESALER,2026-06-04 22:56:00,New Delhi,PLANNED
TX0000867,DRUG000289,3,WH_09,RET_039,RETAIL_OUTLET,2026-06-08 15:53:00,Vijayawada,PLANNED
TX0000868,DRUG000290,1,MFG_10,DIST_05,DISTRIBUTOR,2026-06-30 08:17:00,New Delhi,PLANNED
TX0000869,DRUG000290,2,DIST_05,WH_10,WHOLESALER,2026-07-02 18:32:00,Vijayawada,PLANNED
TX0000870,DRUG000290,3,WH_10,RET_040,RETAIL_OUTLET,2026-07-05 08:25:00,Guntur,PLANNED
TX0000871,DRUG000291,1,MFG_01,DIST_06,DISTRIBUTOR,2026-03-15 17:40:00,Vijayawada,PLANNED
TX0000872,DRUG000291,2,DIST_06,WH_11,WHOLESALER,2026-03-19 12:06:00,Guntur,PLANNED
TX0000873,DRUG000291,3,WH_11,RET_041,RETAIL_OUTLET,2026-03-24 03:10:00,Visakhapatnam,PLANNED
TX0000874,DRUG000292,1,MFG_02,DIST_07,DISTRIBUTOR,2026-06-24 12:44:00,Guntur,PLANNED
TX0000875,DRUG000292,2,DIST_07,WH_12,WHOLESALER,2026-06-28 04:15:00,Visakhapatnam,PLANNED
TX0000876,DRUG000292,3,WH_12,RET_042,RETAIL_OUTLET,2026-07-01 21:15:00,Hyderabad,PLANNED
TX0000877,DRUG000293,1,MFG_03,DIST_08,DISTRIBUTOR,2026-08-22 09:50:00,Visakhapatnam,PLANNED
TX0000878,DRUG000293,2,DIST_08,WH_13,WHOLESALER,2026-08-28 00:03:00,Hyderabad,PLANNED
TX0000879,DRUG000293,3,WH_13,RET_043,RETAIL_OUTLET,2026-09-01 11:34:00,Chennai,PLANNED
TX0000880,DRUG000294,1,MFG_04,DIST_09,DISTRIBUTOR,2026-03-18 16:36:00,Hyderabad,PLANNED
TX0000881,DRUG000294,2,DIST_09,WH_14,WHOLESALER,2026-03-21 10:30:00,Chennai,PLANNED
TX0000882,DRUG000294,3,WH_14,RET_044,RETAIL_OUTLET,2026-03-26 00:27:00,Bengaluru,PLANNED
TX0000883,DRUG000295,1,MFG_05,DIST_10,DISTRIBUTOR,2026-06-26 18:50:00,Chennai,PLANNED
TX0000884,DRUG000295,2,DIST_10,WH_15,WHOLESALER,2026-07-01 02:57:00,Bengaluru,PLANNED
TX0000885,DRUG000295,3,WH_15,RET_045,RETAIL_OUTLET,2026-07-03 18:26:00,Pune,PLANNED
TX0000886,DRUG000296,1,MFG_06,DIST_11,DISTRIBUTOR,2026-01-07 18:19:00,Bengaluru,PLANNED
TX0000887,DRUG000296,2,DIST_11,WH_16,WHOLESALER,2026-01-10 06:24:00,Pune,PLANNED
TX0000888,DRUG000296,3,WH_16,RET_046,RETAIL_OUTLET,2026-01-13 18:29:00,Mumbai,PLANNED
TX0000889,DRUG000297,1,MFG_07,DIST_12,DISTRIBUTOR,2026-04-11 18:19:00,Pune,PLANNED
TX0000890,DRUG000297,2,DIST_12,WH_17,WHOLESALER,2026-04-14 09:00:00,Mumbai,PLANNED
TX0000891,DRUG000297,3,WH_17,RET_047,RETAIL_OUTLET,2026-04-15 18:00:00,Kolkata,PLANNED
TX0000892,DRUG000298,1,MFG_08,DIST_13,DISTRIBUTOR,2026-02-28 17:14:00,Mumbai,PLANNED
TX0000893,DRUG000298,2,DIST_13,WH_18,WHOLESALER,2026-03-06 11:42:00,Kolkata,PLANNED
TX0000894,DRUG000298,3,WH_18,RET_048,RETAIL_OUTLET,2026-03-07 20:26:00,New Delhi,PLANNED
TX0000895,DRUG000299,1,MFG_09,DIST_14,DISTRIBUTOR,2026-04-07 15:04:00,Kolkata,PLANNED
TX0000896,DRUG000299,2,DIST_14,WH_19,WHOLESALER,2026-04-10 05:09:00,New Delhi,PLANNED
TX0000897,DRUG000299,3,WH_19,RET_049,RETAIL_OUTLET,2026-04-11 14:29:00,Vijayawada,PLANNED
TX0000898,DRUG000300,1,MFG_10,DIST_15,DISTRIBUTOR,2026-04-12 10:41:00,New Delhi,PLANNED
TX0000899,DRUG000300,2,DIST_15,WH_20,WHOLESALER,2026-04-14 20:14:00,Vijayawada,PLANNED
TX0000900,DRUG000300,3,WH_20,RET_050,RETAIL_OUTLET,2026-04-20 04:53:00,Guntur,PLANNED
TX0000901,DRUG000301,1,MFG_01,DIST_01,DISTRIBUTOR,2026-06-27 11:40:00,Vijayawada,PLANNED
TX0000902,DRUG000301,2,DIST_01,WH_01,WHOLESALER,2026-06-30 02:19:00,Guntur,PLANNED
TX0000903,DRUG000301,3,WH_01,RET_001,RETAIL_OUTLET,2026-07-04 13:24:00,Visakhapatnam,PLANNED
TX0000904,DRUG000302,1,MFG_02,DIST_02,DISTRIBUTOR,2026-08-22 17:46:00,Guntur,PLANNED
TX0000905,DRUG000302,2,DIST_02,WH_02,WHOLESALER,2026-08-27 07:13:00,Visakhapatnam,PLANNED
TX0000906,DRUG000302,3,WH_02,RET_002,RETAIL_OUTLET,2026-08-30 17:28:00,Hyderabad,PLANNED
TX0000907,DRUG000303,1,MFG_03,DIST_03,DISTRIBUTOR,2026-03-21 17:38:00,Visakhapatnam,PLANNED
TX0000908,DRUG000303,2,DIST_03,WH_03,WHOLESALER,2026-03-27 06:27:00,Hyderabad,PLANNED
TX0000909,DRUG000303,3,WH_03,RET_003,RETAIL_OUTLET,2026-03-29 01:23:00,Chennai,PLANNED
TX0000910,DRUG000304,1,MFG_04,DIST_04,DISTRIBUTOR,2026-04-02 16:12:00,Hyderabad,PLANNED
TX0000911,DRUG000304,2,DIST_04,WH_04,WHOLESALER,2026-04-07 04:53:00,Chennai,PLANNED
TX0000912,DRUG000304,3,WH_04,RET_004,RETAIL_OUTLET,2026-04-08 16:24:00,Bengaluru,PLANNED
TX0000913,DRUG000305,1,MFG_05,DIST_05,DISTRIBUTOR,2026-04-17 18:38:00,Chennai,PLANNED
TX0000914,DRUG000305,2,DIST_05,WH_05,WHOLESALER,2026-04-19 11:34:00,Bengaluru,PLANNED
TX0000915,DRUG000305,3,WH_05,RET_005,RETAIL_OUTLET,2026-04-21 01:33:00,Pune,PLANNED
TX0000916,DRUG000306,1,MFG_06,DIST_06,DISTRIBUTOR,2026-04-04 14:23:00,Bengaluru,PLANNED
TX0000917,DRUG000306,2,DIST_06,WH_06,WHOLESALER,2026-04-10 08:34:00,Pune,PLANNED
TX0000918,DRUG000306,3,WH_06,RET_006,RETAIL_OUTLET,2026-04-14 17:35:00,Mumbai,PLANNED
TX0000919,DRUG000307,1,MFG_07,DIST_07,DISTRIBUTOR,2026-06-04 11:02:00,Pune,PLANNED
TX0000920,DRUG000307,2,DIST_07,WH_07,WHOLESALER,2026-06-06 01:34:00,Mumbai,PLANNED
TX0000921,DRUG000307,3,WH_07,RET_007,RETAIL_OUTLET,2026-06-09 20:19:00,Kolkata,PLANNED
TX0000922,DRUG000308,1,MFG_08,DIST_08,DISTRIBUTOR,2026-05-20 09:40:00,Mumbai,PLANNED
TX0000923,DRUG000308,2,DIST_08,WH_08,WHOLESALER,2026-05-26 02:19:00,Kolkata,PLANNED
TX0000924,DRUG000308,3,WH_08,RET_008,RETAIL_OUTLET,2026-05-28 14:24:00,New Delhi,PLANNED
TX0000925,DRUG000309,1,MFG_09,DIST_09,DISTRIBUTOR,2026-04-01 10:34:00,Kolkata,PLANNED
TX0000926,DRUG000309,2,DIST_09,WH_09,WHOLESALER,2026-04-05 01:11:00,New Delhi,PLANNED
TX0000927,DRUG000309,3,WH_09,RET_009,RETAIL_OUTLET,2026-04-06 13:55:00,Vijayawada,PLANNED
TX0000928,DRUG000310,1,MFG_10,DIST_10,DISTRIBUTOR,2026-04-25 09:59:00,New Delhi,PLANNED
TX0000929,DRUG000310,2,DIST_10,WH_10,WHOLESALER,2026-04-29 19:28:00,Vijayawada,PLANNED
TX0000930,DRUG000310,3,WH_10,RET_010,RETAIL_OUTLET,2026-05-05 12:31:00,Guntur,PLANNED
TX0000931,DRUG000311,1,MFG_01,DIST_11,DISTRIBUTOR,2026-03-24 10:44:00,Vijayawada,PLANNED
TX0000932,DRUG000311,2,DIST_11,WH_11,WHOLESALER,2026-03-25 21:15:00,Guntur,PLANNED
TX0000933,DRUG000311,3,WH_11,RET_011,RETAIL_OUTLET,2026-03-29 13:48:00,Visakhapatnam,PLANNED
TX0000934,DRUG000312,1,MFG_02,DIST_12,DISTRIBUTOR,2026-07-26 10:47:00,Guntur,PLANNED
TX0000935,DRUG000312,2,DIST_12,WH_12,WHOLESALER,2026-07-29 20:36:00,Visakhapatnam,PLANNED
TX0000936,DRUG000312,3,WH_12,RET_012,RETAIL_OUTLET,2026-07-31 10:27:00,Hyderabad,PLANNED
TX0000937,DRUG000313,1,MFG_03,DIST_13,DISTRIBUTOR,2026-04-30 12:45:00,Visakhapatnam,PLANNED
TX0000938,DRUG000313,2,DIST_13,WH_13,WHOLESALER,2026-05-06 06:49:00,Hyderabad,PLANNED
TX0000939,DRUG000313,3,WH_13,RET_013,RETAIL_OUTLET,2026-05-10 22:21:00,Chennai,PLANNED
TX0000940,DRUG000314,1,MFG_04,DIST_14,DISTRIBUTOR,2026-04-16 10:23:00,Hyderabad,PLANNED
TX0000941,DRUG000314,2,DIST_14,WH_14,WHOLESALER,2026-04-18 23:12:00,Chennai,PLANNED
TX0000942,DRUG000314,3,WH_14,RET_014,RETAIL_OUTLET,2026-04-20 16:55:00,Bengaluru,PLANNED
TX0000943,DRUG000315,1,MFG_05,DIST_15,DISTRIBUTOR,2026-07-14 08:02:00,Chennai,PLANNED
TX0000944,DRUG000315,2,DIST_15,WH_15,WHOLESALER,2026-07-15 19:04:00,Bengaluru,PLANNED
TX0000945,DRUG000315,3,WH_15,RET_015,RETAIL_OUTLET,2026-07-20 08:28:00,Pune,PLANNED
TX0000946,DRUG000316,1,MFG_06,DIST_01,DISTRIBUTOR,2026-08-28 16:51:00,Bengaluru,PLANNED
TX0000947,DRUG000316,2,DIST_01,WH_16,WHOLESALER,2026-09-02 04:11:00,Pune,PLANNED
TX0000948,DRUG000316,3,WH_16,RET_016,RETAIL_OUTLET,2026-09-04 19:09:00,Mumbai,PLANNED
TX0000949,DRUG000317,1,MFG_07,DIST_02,DISTRIBUTOR,2026-07-10 17:23:00,Pune,PLANNED
TX0000950,DRUG000317,2,DIST_02,WH_17,WHOLESALER,2026-07-12 10:06:00,Mumbai,PLANNED
TX0000951,DRUG000317,3,WH_17,RET_017,RETAIL_OUTLET,2026-07-13 20:20:00,Kolkata,PLANNED
TX0000952,DRUG000318,1,MFG_08,DIST_03,DISTRIBUTOR,2026-08-02 15:55:00,Mumbai,PLANNED
TX0000953,DRUG000318,2,DIST_03,WH_18,WHOLESALER,2026-08-06 04:15:00,Kolkata,PLANNED
TX0000954,DRUG000318,3,WH_18,RET_018,RETAIL_OUTLET,2026-08-07 20:44:00,New Delhi,PLANNED
TX0000955,DRUG000319,1,MFG_09,DIST_04,DISTRIBUTOR,2026-01-10 17:50:00,Kolkata,PLANNED
TX0000956,DRUG000319,2,DIST_04,WH_19,WHOLESALER,2026-01-14 11:05:00,New Delhi,PLANNED
TX0000957,DRUG000319,3,WH_19,RET_019,RETAIL_OUTLET,2026-01-19 00:42:00,Vijayawada,PLANNED
TX0000958,DRUG000320,1,MFG_10,DIST_05,DISTRIBUTOR,2026-05-18 10:00:00,New Delhi,PLANNED
TX0000959,DRUG000320,2,DIST_05,WH_20,WHOLESALER,2026-05-22 18:14:00,Vijayawada,PLANNED
TX0000960,DRUG000320,3,WH_20,RET_020,RETAIL_OUTLET,2026-05-28 07:54:00,Guntur,PLANNED
TX0000961,DRUG000321,1,MFG_01,DIST_06,DISTRIBUTOR,2026-08-10 18:24:00,Vijayawada,PLANNED
TX0000962,DRUG000321,2,DIST_06,WH_01,WHOLESALER,2026-08-14 03:37:00,Guntur,PLANNED
TX0000963,DRUG000321,3,WH_01,RET_021,RETAIL_OUTLET,2026-08-19 15:03:00,Visakhapatnam,PLANNED
TX0000964,DRUG000322,1,MFG_02,DIST_07,DISTRIBUTOR,2026-05-12 09:02:00,Guntur,PLANNED
TX0000965,DRUG000322,2,DIST_07,WH_02,WHOLESALER,2026-05-15 01:28:00,Visakhapatnam,PLANNED
TX0000966,DRUG000322,3,WH_02,RET_022,RETAIL_OUTLET,2026-05-18 17:15:00,Hyderabad,PLANNED
TX0000967,DRUG000323,1,MFG_03,DIST_08,DISTRIBUTOR,2026-02-02 18:52:00,Visakhapatnam,PLANNED
TX0000968,DRUG000323,2,DIST_08,WH_03,WHOLESALER,2026-02-07 04:29:00,Hyderabad,PLANNED
TX0000969,DRUG000323,3,WH_03,RET_023,RETAIL_OUTLET,2026-02-12 12:56:00,Chennai,PLANNED
TX0000970,DRUG000324,1,MFG_04,DIST_09,DISTRIBUTOR,2026-06-26 12:54:00,Hyderabad,PLANNED
TX0000971,DRUG000324,2,DIST_09,WH_04,WHOLESALER,2026-06-30 03:38:00,Chennai,PLANNED
TX0000972,DRUG000324,3,WH_04,RET_024,RETAIL_OUTLET,2026-07-03 17:06:00,Bengaluru,PLANNED
TX0000973,DRUG000325,1,MFG_05,DIST_10,DISTRIBUTOR,2026-03-15 10:49:00,Chennai,PLANNED
TX0000974,DRUG000325,2,DIST_10,WH_05,WHOLESALER,2026-03-20 19:58:00,Bengaluru,PLANNED
TX0000975,DRUG000325,3,WH_05,RET_025,RETAIL_OUTLET,2026-03-22 06:26:00,Pune,PLANNED
TX0000976,DRUG000326,1,MFG_06,DIST_11,DISTRIBUTOR,2026-05-08 16:22:00,Bengaluru,PLANNED
TX0000977,DRUG000326,2,DIST_11,WH_06,WHOLESALER,2026-05-11 07:41:00,Pune,PLANNED
TX0000978,DRUG000326,3,WH_06,RET_026,RETAIL_OUTLET,2026-05-15 20:35:00,Mumbai,PLANNED
TX0000979,DRUG000327,1,MFG_07,DIST_12,DISTRIBUTOR,2026-02-06 17:02:00,Pune,PLANNED
TX0000980,DRUG000327,2,DIST_12,WH_07,WHOLESALER,2026-02-09 06:11:00,Mumbai,PLANNED
TX0000981,DRUG000327,3,WH_07,RET_027,RETAIL_OUTLET,2026-02-10 17:33:00,Kolkata,PLANNED
TX0000982,DRUG000328,1,MFG_08,DIST_13,DISTRIBUTOR,2026-04-20 10:01:00,Mumbai,PLANNED
TX0000983,DRUG000328,2,DIST_13,WH_08,WHOLESALER,2026-04-25 01:36:00,Kolkata,PLANNED
TX0000984,DRUG000328,3,WH_08,RET_028,RETAIL_OUTLET,2026-04-30 12:42:00,New Delhi,PLANNED
TX0000985,DRUG000329,1,MFG_09,DIST_14,DISTRIBUTOR,2026-05-03 08:03:00,Kolkata,PLANNED
TX0000986,DRUG000329,2,DIST_14,WH_09,WHOLESALER,2026-05-05 18:15:00,New Delhi,PLANNED
TX0000987,DRUG000329,3,WH_09,RET_029,RETAIL_OUTLET,2026-05-10 07:58:00,Vijayawada,PLANNED
TX0000988,DRUG000330,1,MFG_10,DIST_15,DISTRIBUTOR,2026-06-26 12:58:00,New Delhi,PLANNED
TX0000989,DRUG000330,2,DIST_15,WH_10,WHOLESALER,2026-06-27 21:02:00,Vijayawada,PLANNED
TX0000990,DRUG000330,3,WH_10,RET_030,RETAIL_OUTLET,2026-06-30 15:30:00,Guntur,PLANNED
TX0000991,DRUG000331,1,MFG_01,DIST_01,DISTRIBUTOR,2026-08-01 09:02:00,Vijayawada,PLANNED
TX0000992,DRUG000331,2,DIST_01,WH_11,WHOLESALER,2026-08-05 17:12:00,Guntur,PLANNED
TX0000993,DRUG000331,3,WH_11,RET_031,RETAIL_OUTLET,2026-08-11 08:04:00,Visakhapatnam,PLANNED
TX0000994,DRUG000332,1,MFG_02,DIST_02,DISTRIBUTOR,2026-07-14 14:43:00,Guntur,PLANNED
TX0000995,DRUG000332,2,DIST_02,WH_12,WHOLESALER,2026-07-19 01:05:00,Visakhapatnam,PLANNED
TX0000996,DRUG000332,3,WH_12,RET_032,RETAIL_OUTLET,2026-07-21 11:22:00,Hyderabad,PLANNED
TX0000997,DRUG000333,1,MFG_03,DIST_03,DISTRIBUTOR,2026-03-17 17:39:00,Visakhapatnam,PLANNED
TX0000998,DRUG000333,2,DIST_03,WH_13,WHOLESALER,2026-03-23 05:20:00,Hyderabad,PLANNED
TX0000999,DRUG000333,3,WH_13,RET_033,RETAIL_OUTLET,2026-03-26 20:46:00,Chennai,PLANNED
TX0001000,DRUG000334,1,MFG_04,DIST_04,DISTRIBUTOR,2026-08-16 12:24:00,Hyderabad,PLANNED
TX0001001,DRUG000334,2,DIST_04,WH_14,WHOLESALER,2026-08-19 02:36:00,Chennai,PLANNED
TX0001002,DRUG000334,3,WH_14,RET_034,RETAIL_OUTLET,2026-08-24 14:16:00,Bengaluru,PLANNED
TX0001003,DRUG000335,1,MFG_05,DIST_05,DISTRIBUTOR,2026-08-04 15:34:00,Chennai,PLANNED
TX0001004,DRUG000335,2,DIST_05,WH_15,WHOLESALER,2026-08-09 05:32:00,Bengaluru,PLANNED
TX0001005,DRUG000335,3,WH_15,RET_035,RETAIL_OUTLET,2026-08-14 21:52:00,Pune,PLANNED
TX0001006,DRUG000336,1,MFG_06,DIST_06,DISTRIBUTOR,2026-04-14 13:38:00,Bengaluru,PLANNED
TX0001007,DRUG000336,2,DIST_06,WH_16,WHOLESALER,2026-04-16 22:35:00,Pune,PLANNED
TX0001008,DRUG000336,3,WH_16,RET_036,RETAIL_OUTLET,2026-04-20 07:26:00,Mumbai,PLANNED
TX0001009,DRUG000337,1,MFG_07,DIST_07,DISTRIBUTOR,2026-05-13 10:06:00,Pune,PLANNED
TX0001010,DRUG000337,2,DIST_07,WH_17,WHOLESALER,2026-05-16 04:21:00,Mumbai,PLANNED
TX0001011,DRUG000337,3,WH_17,RET_037,RETAIL_OUTLET,2026-05-19 21:13:00,Kolkata,PLANNED
TX0001012,DRUG000338,1,MFG_08,DIST_08,DISTRIBUTOR,2026-07-31 14:22:00,Mumbai,PLANNED
TX0001013,DRUG000338,2,DIST_08,WH_18,WHOLESALER,2026-08-03 00:37:00,Kolkata,PLANNED
TX0001014,DRUG000338,3,WH_18,RET_038,RETAIL_OUTLET,2026-08-08 14:28:00,New Delhi,PLANNED
TX0001015,DRUG000339,1,MFG_09,DIST_09,DISTRIBUTOR,2026-07-19 13:36:00,Kolkata,PLANNED
TX0001016,DRUG000339,2,DIST_09,WH_19,WHOLESALER,2026-07-25 00:12:00,New Delhi,PLANNED
TX0001017,DRUG000339,3,WH_19,RET_039,RETAIL_OUTLET,2026-07-27 15:46:00,Vijayawada,PLANNED
TX0001018,DRUG000340,1,MFG_10,DIST_10,DISTRIBUTOR,2026-03-30 09:03:00,New Delhi,PLANNED
TX0001019,DRUG000340,2,DIST_10,WH_20,WHOLESALER,2026-04-02 02:17:00,Vijayawada,PLANNED
TX0001020,DRUG000340,3,WH_20,RET_040,RETAIL_OUTLET,2026-04-03 18:47:00,Guntur,PLANNED
TX0001021,DRUG000341,1,MFG_01,DIST_11,DISTRIBUTOR,2026-01-13 10:21:00,Vijayawada,PLANNED
TX0001022,DRUG000341,2,DIST_11,WH_01,WHOLESALER,2026-01-15 23:24:00,Guntur,PLANNED
TX0001023,DRUG000341,3,WH_01,RET_041,RETAIL_OUTLET,2026-01-17 10:01:00,Visakhapatnam,PLANNED
TX0001024,DRUG000342,1,MFG_02,DIST_12,DISTRIBUTOR,2026-07-07 13:04:00,Guntur,PLANNED
TX0001025,DRUG000342,2,DIST_12,WH_02,WHOLESALER,2026-07-11 07:29:00,Visakhapatnam,PLANNED
TX0001026,DRUG000342,3,WH_02,RET_042,RETAIL_OUTLET,2026-07-16 16:50:00,Hyderabad,PLANNED
TX0001027,DRUG000343,1,MFG_03,DIST_13,DISTRIBUTOR,2026-03-24 14:50:00,Visakhapatnam,PLANNED
TX0001028,DRUG000343,2,DIST_13,WH_03,WHOLESALER,2026-03-29 09:10:00,Hyderabad,PLANNED
TX0001029,DRUG000343,3,WH_03,RET_043,RETAIL_OUTLET,2026-04-01 01:54:00,Chennai,PLANNED
TX0001030,DRUG000344,1,MFG_04,DIST_14,DISTRIBUTOR,2026-08-25 10:24:00,Hyderabad,PLANNED
TX0001031,DRUG000344,2,DIST_14,WH_04,WHOLESALER,2026-08-28 22:32:00,Chennai,PLANNED
TX0001032,DRUG000344,3,WH_04,RET_044,RETAIL_OUTLET,2026-08-31 07:16:00,Bengaluru,PLANNED
TX0001033,DRUG000345,1,MFG_05,DIST_15,DISTRIBUTOR,2026-06-07 10:38:00,Chennai,PLANNED
TX0001034,DRUG000345,2,DIST_15,WH_05,WHOLESALER,2026-06-11 03:52:00,Bengaluru,PLANNED
TX0001035,DRUG000345,3,WH_05,RET_045,RETAIL_OUTLET,2026-06-16 13:51:00,Pune,PLANNED
TX0001036,DRUG000346,1,MFG_06,DIST_01,DISTRIBUTOR,2026-05-15 11:22:00,Bengaluru,PLANNED
TX0001037,DRUG000346,2,DIST_01,WH_06,WHOLESALER,2026-05-18 22:02:00,Pune,PLANNED
TX0001038,DRUG000346,3,WH_06,RET_046,RETAIL_OUTLET,2026-05-20 16:42:00,Mumbai,PLANNED
TX0001039,DRUG000347,1,MFG_07,DIST_02,DISTRIBUTOR,2026-07-15 12:13:00,Pune,PLANNED
TX0001040,DRUG000347,2,DIST_02,WH_07,WHOLESALER,2026-07-17 21:35:00,Mumbai,PLANNED
TX0001041,DRUG000347,3,WH_07,RET_047,RETAIL_OUTLET,2026-07-21 07:21:00,Kolkata,PLANNED
TX0001042,DRUG000348,1,MFG_08,DIST_03,DISTRIBUTOR,2026-01-12 14:10:00,Mumbai,PLANNED
TX0001043,DRUG000348,2,DIST_03,WH_08,WHOLESALER,2026-01-17 06:06:00,Kolkata,PLANNED
TX0001044,DRUG000348,3,WH_08,RET_048,RETAIL_OUTLET,2026-01-21 19:40:00,New Delhi,PLANNED
TX0001045,DRUG000349,1,MFG_09,DIST_04,DISTRIBUTOR,2026-04-20 18:48:00,Kolkata,PLANNED
TX0001046,DRUG000349,2,DIST_04,WH_09,WHOLESALER,2026-04-23 05:16:00,New Delhi,PLANNED
TX0001047,DRUG000349,3,WH_09,RET_049,RETAIL_OUTLET,2026-04-24 13:34:00,Vijayawada,PLANNED
TX0001048,DRUG000350,1,MFG_10,DIST_05,DISTRIBUTOR,2026-01-12 09:21:00,New Delhi,PLANNED
TX0001049,DRUG000350,2,DIST_05,WH_10,WHOLESALER,2026-01-14 23:31:00,Vijayawada,PLANNED
TX0001050,DRUG000350,3,WH_10,RET_050,RETAIL_OUTLET,2026-01-16 16:28:00,Guntur,PLANNED
TX0001051,DRUG000351,1,MFG_01,DIST_06,DISTRIBUTOR,2026-02-08 15:45:00,Vijayawada,PLANNED
TX0001052,DRUG000351,2,DIST_06,WH_11,WHOLESALER,2026-02-10 06:26:00,Guntur,PLANNED
TX0001053,DRUG000351,3,WH_11,RET_001,RETAIL_OUTLET,2026-02-13 00:22:00,Visakhapatnam,PLANNED
TX0001054,DRUG000352,1,MFG_02,DIST_07,DISTRIBUTOR,2026-04-24 13:13:00,Guntur,PLANNED
TX0001055,DRUG000352,2,DIST_07,WH_12,WHOLESALER,2026-04-27 03:57:00,Visakhapatnam,PLANNED
TX0001056,DRUG000352,3,WH_12,RET_002,RETAIL_OUTLET,2026-05-02 20:13:00,Hyderabad,PLANNED
TX0001057,DRUG000353,1,MFG_03,DIST_08,DISTRIBUTOR,2026-06-26 09:03:00,Visakhapatnam,PLANNED
TX0001058,DRUG000353,2,DIST_08,WH_13,WHOLESALER,2026-07-01 02:38:00,Hyderabad,PLANNED
TX0001059,DRUG000353,3,WH_13,RET_003,RETAIL_OUTLET,2026-07-05 12:41:00,Chennai,PLANNED
TX0001060,DRUG000354,1,MFG_04,DIST_09,DISTRIBUTOR,2026-04-11 12:52:00,Hyderabad,PLANNED
TX0001061,DRUG000354,2,DIST_09,WH_14,WHOLESALER,2026-04-17 04:04:00,Chennai,PLANNED
TX0001062,DRUG000354,3,WH_14,RET_004,RETAIL_OUTLET,2026-04-18 12:17:00,Bengaluru,PLANNED
TX0001063,DRUG000355,1,MFG_05,DIST_10,DISTRIBUTOR,2026-02-19 09:19:00,Chennai,PLANNED
TX0001064,DRUG000355,2,DIST_10,WH_15,WHOLESALER,2026-02-24 00:50:00,Bengaluru,PLANNED
TX0001065,DRUG000355,3,WH_15,RET_005,RETAIL_OUTLET,2026-02-27 10:31:00,Pune,PLANNED
TX0001066,DRUG000356,1,MFG_06,DIST_11,DISTRIBUTOR,2026-05-26 14:23:00,Bengaluru,PLANNED
TX0001067,DRUG000356,2,DIST_11,WH_16,WHOLESALER,2026-05-29 05:25:00,Pune,PLANNED
TX0001068,DRUG000356,3,WH_16,RET_006,RETAIL_OUTLET,2026-06-01 20:54:00,Mumbai,PLANNED
TX0001069,DRUG000357,1,MFG_07,DIST_12,DISTRIBUTOR,2026-03-19 08:09:00,Pune,PLANNED
TX0001070,DRUG000357,2,DIST_12,WH_17,WHOLESALER,2026-03-20 17:51:00,Mumbai,PLANNED
TX0001071,DRUG000357,3,WH_17,RET_007,RETAIL_OUTLET,2026-03-24 10:17:00,Kolkata,PLANNED
TX0001072,DRUG000358,1,MFG_08,DIST_13,DISTRIBUTOR,2026-07-23 14:52:00,Mumbai,PLANNED
TX0001073,DRUG000358,2,DIST_13,WH_18,WHOLESALER,2026-07-29 05:26:00,Kolkata,PLANNED
TX0001074,DRUG000358,3,WH_18,RET_008,RETAIL_OUTLET,2026-08-02 23:22:00,New Delhi,PLANNED
TX0001075,DRUG000359,1,MFG_09,DIST_14,DISTRIBUTOR,2026-03-08 14:57:00,Kolkata,PLANNED
TX0001076,DRUG000359,2,DIST_14,WH_19,WHOLESALER,2026-03-10 07:33:00,New Delhi,PLANNED
TX0001077,DRUG000359,3,WH_19,RET_009,RETAIL_OUTLET,2026-03-16 01:16:00,Vijayawada,PLANNED
TX0001078,DRUG000360,1,MFG_10,DIST_15,DISTRIBUTOR,2026-06-14 10:10:00,New Delhi,PLANNED
TX0001079,DRUG000360,2,DIST_15,WH_20,WHOLESALER,2026-06-16 21:18:00,Vijayawada,PLANNED
TX0001080,DRUG000360,3,WH_20,RET_010,RETAIL_OUTLET,2026-06-18 11:23:00,Guntur,PLANNED
TX0001081,DRUG000361,1,MFG_01,DIST_01,DISTRIBUTOR,2026-06-30 17:16:00,Vijayawada,PLANNED
TX0001082,DRUG000361,2,DIST_01,WH_01,WHOLESALER,2026-07-04 02:21:00,Guntur,PLANNED
TX0001083,DRUG000361,3,WH_01,RET_011,RETAIL_OUTLET,2026-07-08 18:46:00,Visakhapatnam,PLANNED
TX0001084,DRUG000362,1,MFG_02,DIST_02,DISTRIBUTOR,2026-06-01 15:58:00,Guntur,PLANNED
TX0001085,DRUG000362,2,DIST_02,WH_02,WHOLESALER,2026-06-03 09:35:00,Visakhapatnam,PLANNED
TX0001086,DRUG000362,3,WH_02,RET_012,RETAIL_OUTLET,2026-06-08 23:42:00,Hyderabad,PLANNED
TX0001087,DRUG000363,1,MFG_03,DIST_03,DISTRIBUTOR,2026-04-25 17:37:00,Visakhapatnam,PLANNED
TX0001088,DRUG000363,2,DIST_03,WH_03,WHOLESALER,2026-04-27 03:13:00,Hyderabad,PLANNED
TX0001089,DRUG000363,3,WH_03,RET_013,RETAIL_OUTLET,2026-04-28 16:08:00,Chennai,PLANNED
TX0001090,DRUG000364,1,MFG_04,DIST_04,DISTRIBUTOR,2026-05-28 14:41:00,Hyderabad,PLANNED
TX0001091,DRUG000364,2,DIST_04,WH_04,WHOLESALER,2026-06-02 08:19:00,Chennai,PLANNED
TX0001092,DRUG000364,3,WH_04,RET_014,RETAIL_OUTLET,2026-06-06 16:30:00,Bengaluru,PLANNED
TX0001093,DRUG000365,1,MFG_05,DIST_05,DISTRIBUTOR,2026-03-20 17:43:00,Chennai,PLANNED
TX0001094,DRUG000365,2,DIST_05,WH_05,WHOLESALER,2026-03-25 02:08:00,Bengaluru,PLANNED
TX0001095,DRUG000365,3,WH_05,RET_015,RETAIL_OUTLET,2026-03-28 13:11:00,Pune,PLANNED
TX0001096,DRUG000366,1,MFG_06,DIST_06,DISTRIBUTOR,2026-07-18 08:21:00,Bengaluru,PLANNED
TX0001097,DRUG000366,2,DIST_06,WH_06,WHOLESALER,2026-07-21 20:38:00,Pune,PLANNED
TX0001098,DRUG000366,3,WH_06,RET_016,RETAIL_OUTLET,2026-07-26 14:44:00,Mumbai,PLANNED
TX0001099,DRUG000367,1,MFG_07,DIST_07,DISTRIBUTOR,2026-08-17 15:49:00,Pune,PLANNED
TX0001100,DRUG000367,2,DIST_07,WH_07,WHOLESALER,2026-08-21 04:35:00,Mumbai,PLANNED
TX0001101,DRUG000367,3,WH_07,RET_017,RETAIL_OUTLET,2026-08-25 22:16:00,Kolkata,PLANNED
TX0001102,DRUG000368,1,MFG_08,DIST_08,DISTRIBUTOR,2026-02-02 14:47:00,Mumbai,PLANNED
TX0001103,DRUG000368,2,DIST_08,WH_08,WHOLESALER,2026-02-07 07:42:00,Kolkata,PLANNED
TX0001104,DRUG000368,3,WH_08,RET_018,RETAIL_OUTLET,2026-02-10 16:14:00,New Delhi,PLANNED
TX0001105,DRUG000369,1,MFG_09,DIST_09,DISTRIBUTOR,2026-07-27 16:25:00,Kolkata,PLANNED
TX0001106,DRUG000369,2,DIST_09,WH_09,WHOLESALER,2026-07-30 09:21:00,New Delhi,PLANNED
TX0001107,DRUG000369,3,WH_09,RET_019,RETAIL_OUTLET,2026-08-04 17:32:00,Vijayawada,PLANNED
TX0001108,DRUG000370,1,MFG_10,DIST_10,DISTRIBUTOR,2026-02-22 08:29:00,New Delhi,PLANNED
TX0001109,DRUG000370,2,DIST_10,WH_10,WHOLESALER,2026-02-23 22:14:00,Vijayawada,PLANNED
TX0001110,DRUG000370,3,WH_10,RET_020,RETAIL_OUTLET,2026-02-26 10:37:00,Guntur,PLANNED
TX0001111,DRUG000371,1,MFG_01,DIST_11,DISTRIBUTOR,2026-08-12 18:59:00,Vijayawada,PLANNED
TX0001112,DRUG000371,2,DIST_11,WH_11,WHOLESALER,2026-08-14 13:00:00,Guntur,PLANNED
TX0001113,DRUG000371,3,WH_11,RET_021,RETAIL_OUTLET,2026-08-17 02:31:00,Visakhapatnam,PLANNED
TX0001114,DRUG000372,1,MFG_02,DIST_12,DISTRIBUTOR,2026-06-09 17:35:00,Guntur,PLANNED
TX0001115,DRUG000372,2,DIST_12,WH_12,WHOLESALER,2026-06-13 06:45:00,Visakhapatnam,PLANNED
TX0001116,DRUG000372,3,WH_12,RET_022,RETAIL_OUTLET,2026-06-16 16:03:00,Hyderabad,PLANNED
TX0001117,DRUG000373,1,MFG_03,DIST_13,DISTRIBUTOR,2026-01-11 17:49:00,Visakhapatnam,PLANNED
TX0001118,DRUG000373,2,DIST_13,WH_13,WHOLESALER,2026-01-14 05:30:00,Hyderabad,PLANNED
TX0001119,DRUG000373,3,WH_13,RET_023,RETAIL_OUTLET,2026-01-16 23:43:00,Chennai,PLANNED
TX0001120,DRUG000374,1,MFG_04,DIST_14,DISTRIBUTOR,2026-03-20 18:00:00,Hyderabad,PLANNED
TX0001121,DRUG000374,2,DIST_14,WH_14,WHOLESALER,2026-03-25 04:41:00,Chennai,PLANNED
TX0001122,DRUG000374,3,WH_14,RET_024,RETAIL_OUTLET,2026-03-27 22:32:00,Bengaluru,PLANNED
TX0001123,DRUG000375,1,MFG_05,DIST_15,DISTRIBUTOR,2026-01-13 12:45:00,Chennai,PLANNED
TX0001124,DRUG000375,2,DIST_15,WH_15,WHOLESALER,2026-01-17 03:42:00,Bengaluru,PLANNED
TX0001125,DRUG000375,3,WH_15,RET_025,RETAIL_OUTLET,2026-01-21 17:11:00,Pune,PLANNED
TX0001126,DRUG000376,1,MFG_06,DIST_01,DISTRIBUTOR,2026-03-17 18:33:00,Bengaluru,PLANNED
TX0001127,DRUG000376,2,DIST_01,WH_16,WHOLESALER,2026-03-23 09:10:00,Pune,PLANNED
TX0001128,DRUG000376,3,WH_16,RET_026,RETAIL_OUTLET,2026-03-24 17:42:00,Mumbai,PLANNED
TX0001129,DRUG000377,1,MFG_07,DIST_02,DISTRIBUTOR,2026-07-03 17:18:00,Pune,PLANNED
TX0001130,DRUG000377,2,DIST_02,WH_17,WHOLESALER,2026-07-07 11:24:00,Mumbai,PLANNED
TX0001131,DRUG000377,3,WH_17,RET_027,RETAIL_OUTLET,2026-07-11 20:45:00,Kolkata,PLANNED
TX0001132,DRUG000378,1,MFG_08,DIST_03,DISTRIBUTOR,2026-03-20 18:45:00,Mumbai,PLANNED
TX0001133,DRUG000378,2,DIST_03,WH_18,WHOLESALER,2026-03-24 05:54:00,Kolkata,PLANNED
TX0001134,DRUG000378,3,WH_18,RET_028,RETAIL_OUTLET,2026-03-29 17:51:00,New Delhi,PLANNED
TX0001135,DRUG000379,1,MFG_09,DIST_04,DISTRIBUTOR,2026-01-23 08:41:00,Kolkata,PLANNED
TX0001136,DRUG000379,2,DIST_04,WH_19,WHOLESALER,2026-01-27 20:57:00,New Delhi,PLANNED
TX0001137,DRUG000379,3,WH_19,RET_029,RETAIL_OUTLET,2026-02-01 11:21:00,Vijayawada,PLANNED
TX0001138,DRUG000380,1,MFG_10,DIST_05,DISTRIBUTOR,2026-07-23 11:21:00,New Delhi,PLANNED
TX0001139,DRUG000380,2,DIST_05,WH_20,WHOLESALER,2026-07-26 05:55:00,Vijayawada,PLANNED
TX0001140,DRUG000380,3,WH_20,RET_030,RETAIL_OUTLET,2026-07-31 00:17:00,Guntur,PLANNED
TX0001141,DRUG000381,1,MFG_01,DIST_06,DISTRIBUTOR,2026-05-18 10:18:00,Vijayawada,PLANNED
TX0001142,DRUG000381,2,DIST_06,WH_01,WHOLESALER,2026-05-20 01:26:00,Guntur,PLANNED
TX0001143,DRUG000381,3,WH_01,RET_031,RETAIL_OUTLET,2026-05-23 18:14:00,Visakhapatnam,PLANNED
TX0001144,DRUG000382,1,MFG_02,DIST_07,DISTRIBUTOR,2026-08-29 11:22:00,Guntur,PLANNED
TX0001145,DRUG000382,2,DIST_07,WH_02,WHOLESALER,2026-08-31 23:48:00,Visakhapatnam,PLANNED
TX0001146,DRUG000382,3,WH_02,RET_032,RETAIL_OUTLET,2026-09-04 13:04:00,Hyderabad,PLANNED
TX0001147,DRUG000383,1,MFG_03,DIST_08,DISTRIBUTOR,2026-06-08 15:03:00,Visakhapatnam,PLANNED
TX0001148,DRUG000383,2,DIST_08,WH_03,WHOLESALER,2026-06-14 08:42:00,Hyderabad,PLANNED
TX0001149,DRUG000383,3,WH_03,RET_033,RETAIL_OUTLET,2026-06-16 00:38:00,Chennai,PLANNED
TX0001150,DRUG000384,1,MFG_04,DIST_09,DISTRIBUTOR,2026-03-03 12:26:00,Hyderabad,PLANNED
TX0001151,DRUG000384,2,DIST_09,WH_04,WHOLESALER,2026-03-04 22:34:00,Chennai,PLANNED
TX0001152,DRUG000384,3,WH_04,RET_034,RETAIL_OUTLET,2026-03-07 12:00:00,Bengaluru,PLANNED
TX0001153,DRUG000385,1,MFG_05,DIST_10,DISTRIBUTOR,2026-06-01 10:49:00,Chennai,PLANNED
TX0001154,DRUG000385,2,DIST_10,WH_05,WHOLESALER,2026-06-03 02:10:00,Bengaluru,PLANNED
TX0001155,DRUG000385,3,WH_05,RET_035,RETAIL_OUTLET,2026-06-05 15:50:00,Pune,PLANNED
TX0001156,DRUG000386,1,MFG_06,DIST_11,DISTRIBUTOR,2026-01-26 11:48:00,Bengaluru,PLANNED
TX0001157,DRUG000386,2,DIST_11,WH_06,WHOLESALER,2026-01-29 05:36:00,Pune,PLANNED
TX0001158,DRUG000386,3,WH_06,RET_036,RETAIL_OUTLET,2026-01-31 21:26:00,Mumbai,PLANNED
TX0001159,DRUG000387,1,MFG_07,DIST_12,DISTRIBUTOR,2026-07-23 14:40:00,Pune,PLANNED
TX0001160,DRUG000387,2,DIST_12,WH_07,WHOLESALER,2026-07-28 05:07:00,Mumbai,PLANNED
TX0001161,DRUG000387,3,WH_07,RET_037,RETAIL_OUTLET,2026-08-01 19:07:00,Kolkata,PLANNED
TX0001162,DRUG000388,1,MFG_08,DIST_13,DISTRIBUTOR,2026-01-17 13:48:00,Mumbai,PLANNED
TX0001163,DRUG000388,2,DIST_13,WH_08,WHOLESALER,2026-01-23 00:49:00,Kolkata,PLANNED
TX0001164,DRUG000388,3,WH_08,RET_038,RETAIL_OUTLET,2026-01-24 19:35:00,New Delhi,PLANNED
TX0001165,DRUG000389,1,MFG_09,DIST_14,DISTRIBUTOR,2026-03-14 10:06:00,Kolkata,PLANNED
TX0001166,DRUG000389,2,DIST_14,WH_09,WHOLESALER,2026-03-19 02:43:00,New Delhi,PLANNED
TX0001167,DRUG000389,3,WH_09,RET_039,RETAIL_OUTLET,2026-03-22 12:47:00,Vijayawada,PLANNED
TX0001168,DRUG000390,1,MFG_10,DIST_15,DISTRIBUTOR,2026-08-07 15:46:00,New Delhi,PLANNED
TX0001169,DRUG000390,2,DIST_15,WH_10,WHOLESALER,2026-08-13 09:19:00,Vijayawada,PLANNED
TX0001170,DRUG000390,3,WH_10,RET_040,RETAIL_OUTLET,2026-08-17 00:15:00,Guntur,PLANNED
TX0001171,DRUG000391,1,MFG_01,DIST_01,DISTRIBUTOR,2026-07-05 13:48:00,Vijayawada,PLANNED
TX0001172,DRUG000391,2,DIST_01,WH_11,WHOLESALER,2026-07-08 00:46:00,Guntur,PLANNED
TX0001173,DRUG000391,3,WH_11,RET_041,RETAIL_OUTLET,2026-07-12 09:00:00,Visakhapatnam,PLANNED
TX0001174,DRUG000392,1,MFG_02,DIST_02,DISTRIBUTOR,2026-03-04 17:32:00,Guntur,PLANNED
TX0001175,DRUG000392,2,DIST_02,WH_12,WHOLESALER,2026-03-07 02:55:00,Visakhapatnam,PLANNED
TX0001176,DRUG000392,3,WH_12,RET_042,RETAIL_OUTLET,2026-03-08 17:51:00,Hyderabad,PLANNED
TX0001177,DRUG000393,1,MFG_03,DIST_03,DISTRIBUTOR,2026-06-27 08:38:00,Visakhapatnam,PLANNED
TX0001178,DRUG000393,2,DIST_03,WH_13,WHOLESALER,2026-06-29 02:44:00,Hyderabad,PLANNED
TX0001179,DRUG000393,3,WH_13,RET_043,RETAIL_OUTLET,2026-06-30 11:28:00,Chennai,PLANNED
TX0001180,DRUG000394,1,MFG_04,DIST_04,DISTRIBUTOR,2026-02-11 09:35:00,Hyderabad,PLANNED
TX0001181,DRUG000394,2,DIST_04,WH_14,WHOLESALER,2026-02-15 01:19:00,Chennai,PLANNED
TX0001182,DRUG000394,3,WH_14,RET_044,RETAIL_OUTLET,2026-02-17 13:03:00,Bengaluru,PLANNED
TX0001183,DRUG000395,1,MFG_05,DIST_05,DISTRIBUTOR,2026-07-04 18:06:00,Chennai,PLANNED
TX0001184,DRUG000395,2,DIST_05,WH_15,WHOLESALER,2026-07-10 06:45:00,Bengaluru,PLANNED
TX0001185,DRUG000395,3,WH_15,RET_045,RETAIL_OUTLET,2026-07-15 17:11:00,Pune,PLANNED
TX0001186,DRUG000396,1,MFG_06,DIST_06,DISTRIBUTOR,2026-08-15 09:18:00,Bengaluru,PLANNED
TX0001187,DRUG000396,2,DIST_06,WH_16,WHOLESALER,2026-08-16 18:49:00,Pune,PLANNED
TX0001188,DRUG000396,3,WH_16,RET_046,RETAIL_OUTLET,2026-08-19 12:01:00,Mumbai,PLANNED
TX0001189,DRUG000397,1,MFG_07,DIST_07,DISTRIBUTOR,2026-07-30 13:45:00,Pune,PLANNED
TX0001190,DRUG000397,2,DIST_07,WH_17,WHOLESALER,2026-08-04 01:55:00,Mumbai,PLANNED
TX0001191,DRUG000397,3,WH_17,RET_047,RETAIL_OUTLET,2026-08-05 18:26:00,Kolkata,PLANNED
TX0001192,DRUG000398,1,MFG_08,DIST_08,DISTRIBUTOR,2026-09-02 11:00:00,Mumbai,PLANNED
TX0001193,DRUG000398,2,DIST_08,WH_18,WHOLESALER,2026-09-04 05:05:00,Kolkata,PLANNED
TX0001194,DRUG000398,3,WH_18,RET_048,RETAIL_OUTLET,2026-09-05 22:47:00,New Delhi,PLANNED
TX0001195,DRUG000399,1,MFG_09,DIST_09,DISTRIBUTOR,2026-05-14 09:46:00,Kolkata,PLANNED
TX0001196,DRUG000399,2,DIST_09,WH_19,WHOLESALER,2026-05-15 22:27:00,New Delhi,PLANNED
TX0001197,DRUG000399,3,WH_19,RET_049,RETAIL_OUTLET,2026-05-18 13:45:00,Vijayawada,PLANNED
TX0001198,DRUG000400,1,MFG_10,DIST_10,DISTRIBUTOR,2026-03-11 10:55:00,New Delhi,PLANNED
TX0001199,DRUG000400,2,DIST_10,WH_20,WHOLESALER,2026-03-12 23:18:00,Vijayawada,PLANNED
TX0001200,DRUG000400,3,WH_20,RET_050,RETAIL_OUTLET,2026-03-16 14:05:00,Guntur,PLANNED
TX0001201,DRUG000401,1,MFG_01,DIST_11,DISTRIBUTOR,2026-02-01 10:42:00,Vijayawada,PLANNED
TX0001202,DRUG000401,2,DIST_11,WH_01,WHOLESALER,2026-02-04 00:04:00,Guntur,PLANNED
TX0001203,DRUG000401,3,WH_01,RET_001,RETAIL_OUTLET,2026-02-08 17:21:00,Visakhapatnam,PLANNED
TX0001204,DRUG000402,1,MFG_02,DIST_12,DISTRIBUTOR,2026-08-22 10:07:00,Guntur,PLANNED
TX0001205,DRUG000402,2,DIST_12,WH_02,WHOLESALER,2026-08-27 00:36:00,Visakhapatnam,PLANNED
TX0001206,DRUG000402,3,WH_02,RET_002,RETAIL_OUTLET,2026-08-30 15:20:00,Hyderabad,PLANNED
TX0001207,DRUG000403,1,MFG_03,DIST_13,DISTRIBUTOR,2026-08-15 09:08:00,Visakhapatnam,PLANNED
TX0001208,DRUG000403,2,DIST_13,WH_03,WHOLESALER,2026-08-16 19:14:00,Hyderabad,PLANNED
TX0001209,DRUG000403,3,WH_03,RET_003,RETAIL_OUTLET,2026-08-21 12:44:00,Chennai,PLANNED
TX0001210,DRUG000404,1,MFG_04,DIST_14,DISTRIBUTOR,2026-08-02 14:49:00,Hyderabad,PLANNED
TX0001211,DRUG000404,2,DIST_14,WH_04,WHOLESALER,2026-08-06 07:50:00,Chennai,PLANNED
TX0001212,DRUG000404,3,WH_04,RET_004,RETAIL_OUTLET,2026-08-08 23:48:00,Bengaluru,PLANNED
TX0001213,DRUG000405,1,MFG_05,DIST_15,DISTRIBUTOR,2026-05-16 08:04:00,Chennai,PLANNED
TX0001214,DRUG000405,2,DIST_15,WH_05,WHOLESALER,2026-05-20 02:24:00,Bengaluru,PLANNED
TX0001215,DRUG000405,3,WH_05,RET_005,RETAIL_OUTLET,2026-05-21 20:57:00,Pune,PLANNED
TX0001216,DRUG000406,1,MFG_06,DIST_01,DISTRIBUTOR,2026-07-27 16:44:00,Bengaluru,PLANNED
TX0001217,DRUG000406,2,DIST_01,WH_06,WHOLESALER,2026-08-02 02:11:00,Pune,PLANNED
TX0001218,DRUG000406,3,WH_06,RET_006,RETAIL_OUTLET,2026-08-04 17:33:00,Mumbai,PLANNED
TX0001219,DRUG000407,1,MFG_07,DIST_02,DISTRIBUTOR,2026-06-27 17:03:00,Pune,PLANNED
TX0001220,DRUG000407,2,DIST_02,WH_07,WHOLESALER,2026-06-29 12:02:00,Mumbai,PLANNED
TX0001221,DRUG000407,3,WH_07,RET_007,RETAIL_OUTLET,2026-07-02 04:56:00,Kolkata,PLANNED
TX0001222,DRUG000408,1,MFG_08,DIST_03,DISTRIBUTOR,2026-05-05 15:20:00,Mumbai,PLANNED
TX0001223,DRUG000408,2,DIST_03,WH_08,WHOLESALER,2026-05-08 04:37:00,Kolkata,PLANNED
TX0001224,DRUG000408,3,WH_08,RET_008,RETAIL_OUTLET,2026-05-09 20:51:00,New Delhi,PLANNED
TX0001225,DRUG000409,1,MFG_09,DIST_04,DISTRIBUTOR,2026-05-30 09:29:00,Kolkata,PLANNED
TX0001226,DRUG000409,2,DIST_04,WH_09,WHOLESALER,2026-06-04 02:57:00,New Delhi,PLANNED
TX0001227,DRUG000409,3,WH_09,RET_009,RETAIL_OUTLET,2026-06-05 18:25:00,Vijayawada,PLANNED
TX0001228,DRUG000410,1,MFG_10,DIST_05,DISTRIBUTOR,2026-03-31 09:25:00,New Delhi,PLANNED
TX0001229,DRUG000410,2,DIST_05,WH_10,WHOLESALER,2026-04-04 18:00:00,Vijayawada,PLANNED
TX0001230,DRUG000410,3,WH_10,RET_010,RETAIL_OUTLET,2026-04-10 02:52:00,Guntur,PLANNED
TX0001231,DRUG000411,1,MFG_01,DIST_06,DISTRIBUTOR,2026-02-07 11:41:00,Vijayawada,PLANNED
TX0001232,DRUG000411,2,DIST_06,WH_11,WHOLESALER,2026-02-12 01:04:00,Guntur,PLANNED
TX0001233,DRUG000411,3,WH_11,RET_011,RETAIL_OUTLET,2026-02-13 12:58:00,Visakhapatnam,PLANNED
TX0001234,DRUG000412,1,MFG_02,DIST_07,DISTRIBUTOR,2026-05-11 17:30:00,Guntur,PLANNED
TX0001235,DRUG000412,2,DIST_07,WH_12,WHOLESALER,2026-05-15 08:37:00,Visakhapatnam,PLANNED
TX0001236,DRUG000412,3,WH_12,RET_012,RETAIL_OUTLET,2026-05-17 02:51:00,Hyderabad,PLANNED
TX0001237,DRUG000413,1,MFG_03,DIST_08,DISTRIBUTOR,2026-01-10 16:33:00,Visakhapatnam,PLANNED
TX0001238,DRUG000413,2,DIST_08,WH_13,WHOLESALER,2026-01-14 01:35:00,Hyderabad,PLANNED
TX0001239,DRUG000413,3,WH_13,RET_013,RETAIL_OUTLET,2026-01-16 16:43:00,Chennai,PLANNED
TX0001240,DRUG000414,1,MFG_04,DIST_09,DISTRIBUTOR,2026-08-04 17:12:00,Hyderabad,PLANNED
TX0001241,DRUG000414,2,DIST_09,WH_14,WHOLESALER,2026-08-07 03:11:00,Chennai,PLANNED
TX0001242,DRUG000414,3,WH_14,RET_014,RETAIL_OUTLET,2026-08-11 14:40:00,Bengaluru,PLANNED
TX0001243,DRUG000415,1,MFG_05,DIST_10,DISTRIBUTOR,2026-08-07 14:02:00,Chennai,PLANNED
TX0001244,DRUG000415,2,DIST_10,WH_15,WHOLESALER,2026-08-12 23:51:00,Bengaluru,PLANNED
TX0001245,DRUG000415,3,WH_15,RET_015,RETAIL_OUTLET,2026-08-17 15:33:00,Pune,PLANNED
TX0001246,DRUG000416,1,MFG_06,DIST_11,DISTRIBUTOR,2026-06-09 16:47:00,Bengaluru,PLANNED
TX0001247,DRUG000416,2,DIST_11,WH_16,WHOLESALER,2026-06-11 09:46:00,Pune,PLANNED
TX0001248,DRUG000416,3,WH_16,RET_016,RETAIL_OUTLET,2026-06-16 03:16:00,Mumbai,PLANNED
TX0001249,DRUG000417,1,MFG_07,DIST_12,DISTRIBUTOR,2026-09-06 10:06:00,Pune,PLANNED
TX0001250,DRUG000417,2,DIST_12,WH_17,WHOLESALER,2026-09-11 04:44:00,Mumbai,PLANNED
TX0001251,DRUG000417,3,WH_17,RET_017,RETAIL_OUTLET,2026-09-16 18:16:00,Kolkata,PLANNED
TX0001252,DRUG000418,1,MFG_08,DIST_13,DISTRIBUTOR,2026-08-26 11:17:00,Mumbai,PLANNED
TX0001253,DRUG000418,2,DIST_13,WH_18,WHOLESALER,2026-08-31 00:35:00,Kolkata,PLANNED
TX0001254,DRUG000418,3,WH_18,RET_018,RETAIL_OUTLET,2026-09-04 10:43:00,New Delhi,PLANNED
TX0001255,DRUG000419,1,MFG_09,DIST_14,DISTRIBUTOR,2026-04-28 16:40:00,Kolkata,PLANNED
TX0001256,DRUG000419,2,DIST_14,WH_19,WHOLESALER,2026-05-01 03:53:00,New Delhi,PLANNED
TX0001257,DRUG000419,3,WH_19,RET_019,RETAIL_OUTLET,2026-05-06 16:36:00,Vijayawada,PLANNED
TX0001258,DRUG000420,1,MFG_10,DIST_15,DISTRIBUTOR,2026-04-07 16:44:00,New Delhi,PLANNED
TX0001259,DRUG000420,2,DIST_15,WH_20,WHOLESALER,2026-04-11 02:32:00,Vijayawada,PLANNED
TX0001260,DRUG000420,3,WH_20,RET_020,RETAIL_OUTLET,2026-04-14 19:02:00,Guntur,PLANNED
TX0001261,DRUG000421,1,MFG_01,DIST_01,DISTRIBUTOR,2026-06-11 14:51:00,Vijayawada,PLANNED
TX0001262,DRUG000421,2,DIST_01,WH_01,WHOLESALER,2026-06-13 06:57:00,Guntur,PLANNED
TX0001263,DRUG000421,3,WH_01,RET_021,RETAIL_OUTLET,2026-06-14 21:06:00,Visakhapatnam,PLANNED
TX0001264,DRUG000422,1,MFG_02,DIST_02,DISTRIBUTOR,2026-01-21 10:18:00,Guntur,PLANNED
TX0001265,DRUG000422,2,DIST_02,WH_02,WHOLESALER,2026-01-24 21:11:00,Visakhapatnam,PLANNED
TX0001266,DRUG000422,3,WH_02,RET_022,RETAIL_OUTLET,2026-01-26 09:24:00,Hyderabad,PLANNED
TX0001267,DRUG000423,1,MFG_03,DIST_03,DISTRIBUTOR,2026-07-22 09:39:00,Visakhapatnam,PLANNED
TX0001268,DRUG000423,2,DIST_03,WH_03,WHOLESALER,2026-07-27 21:26:00,Hyderabad,PLANNED
TX0001269,DRUG000423,3,WH_03,RET_023,RETAIL_OUTLET,2026-08-02 11:41:00,Chennai,PLANNED
TX0001270,DRUG000424,1,MFG_04,DIST_04,DISTRIBUTOR,2026-05-16 14:26:00,Hyderabad,PLANNED
TX0001271,DRUG000424,2,DIST_04,WH_04,WHOLESALER,2026-05-20 06:29:00,Chennai,PLANNED
TX0001272,DRUG000424,3,WH_04,RET_024,RETAIL_OUTLET,2026-05-21 18:41:00,Bengaluru,PLANNED
TX0001273,DRUG000425,1,MFG_05,DIST_05,DISTRIBUTOR,2026-06-15 17:34:00,Chennai,PLANNED
TX0001274,DRUG000425,2,DIST_05,WH_05,WHOLESALER,2026-06-21 05:23:00,Bengaluru,PLANNED
TX0001275,DRUG000425,3,WH_05,RET_025,RETAIL_OUTLET,2026-06-23 17:51:00,Pune,PLANNED
TX0001276,DRUG000426,1,MFG_06,DIST_06,DISTRIBUTOR,2026-02-20 16:07:00,Bengaluru,PLANNED
TX0001277,DRUG000426,2,DIST_06,WH_06,WHOLESALER,2026-02-25 00:34:00,Pune,PLANNED
TX0001278,DRUG000426,3,WH_06,RET_026,RETAIL_OUTLET,2026-02-28 16:50:00,Mumbai,PLANNED
TX0001279,DRUG000427,1,MFG_07,DIST_07,DISTRIBUTOR,2026-02-16 08:21:00,Pune,PLANNED
TX0001280,DRUG000427,2,DIST_07,WH_07,WHOLESALER,2026-02-20 18:23:00,Mumbai,PLANNED
TX0001281,DRUG000427,3,WH_07,RET_027,RETAIL_OUTLET,2026-02-23 08:01:00,Kolkata,PLANNED
TX0001282,DRUG000428,1,MFG_08,DIST_08,DISTRIBUTOR,2026-01-27 16:22:00,Mumbai,PLANNED
TX0001283,DRUG000428,2,DIST_08,WH_08,WHOLESALER,2026-01-29 05:55:00,Kolkata,PLANNED
TX0001284,DRUG000428,3,WH_08,RET_028,RETAIL_OUTLET,2026-01-31 16:28:00,New Delhi,PLANNED
TX0001285,DRUG000429,1,MFG_09,DIST_09,DISTRIBUTOR,2026-01-30 16:25:00,Kolkata,PLANNED
TX0001286,DRUG000429,2,DIST_09,WH_09,WHOLESALER,2026-02-01 05:39:00,New Delhi,PLANNED
TX0001287,DRUG000429,3,WH_09,RET_029,RETAIL_OUTLET,2026-02-04 00:00:00,Vijayawada,PLANNED
TX0001288,DRUG000430,1,MFG_10,DIST_10,DISTRIBUTOR,2026-04-02 17:33:00,New Delhi,PLANNED
TX0001289,DRUG000430,2,DIST_10,WH_10,WHOLESALER,2026-04-07 10:25:00,Vijayawada,PLANNED
TX0001290,DRUG000430,3,WH_10,RET_030,RETAIL_OUTLET,2026-04-08 20:07:00,Guntur,PLANNED
TX0001291,DRUG000431,1,MFG_01,DIST_11,DISTRIBUTOR,2026-04-08 17:15:00,Vijayawada,PLANNED
TX0001292,DRUG000431,2,DIST_11,WH_11,WHOLESALER,2026-04-10 12:11:00,Guntur,PLANNED
TX0001293,DRUG000431,3,WH_11,RET_031,RETAIL_OUTLET,2026-04-14 03:09:00,Visakhapatnam,PLANNED
TX0001294,DRUG000432,1,MFG_02,DIST_12,DISTRIBUTOR,2026-08-02 16:46:00,Guntur,PLANNED
TX0001295,DRUG000432,2,DIST_12,WH_12,WHOLESALER,2026-08-06 01:44:00,Visakhapatnam,PLANNED
TX0001296,DRUG000432,3,WH_12,RET_032,RETAIL_OUTLET,2026-08-11 15:16:00,Hyderabad,PLANNED
TX0001297,DRUG000433,1,MFG_03,DIST_13,DISTRIBUTOR,2026-08-03 12:57:00,Visakhapatnam,PLANNED
TX0001298,DRUG000433,2,DIST_13,WH_13,WHOLESALER,2026-08-06 02:29:00,Hyderabad,PLANNED
TX0001299,DRUG000433,3,WH_13,RET_033,RETAIL_OUTLET,2026-08-07 11:39:00,Chennai,PLANNED
TX0001300,DRUG000434,1,MFG_04,DIST_14,DISTRIBUTOR,2026-07-21 18:40:00,Hyderabad,PLANNED
TX0001301,DRUG000434,2,DIST_14,WH_14,WHOLESALER,2026-07-24 13:07:00,Chennai,PLANNED
TX0001302,DRUG000434,3,WH_14,RET_034,RETAIL_OUTLET,2026-07-26 00:41:00,Bengaluru,PLANNED
TX0001303,DRUG000435,1,MFG_05,DIST_15,DISTRIBUTOR,2026-08-05 08:29:00,Chennai,PLANNED
TX0001304,DRUG000435,2,DIST_15,WH_15,WHOLESALER,2026-08-08 16:34:00,Bengaluru,PLANNED
TX0001305,DRUG000435,3,WH_15,RET_035,RETAIL_OUTLET,2026-08-10 00:45:00,Pune,PLANNED
TX0001306,DRUG000436,1,MFG_06,DIST_01,DISTRIBUTOR,2026-08-02 17:52:00,Bengaluru,PLANNED
TX0001307,DRUG000436,2,DIST_01,WH_16,WHOLESALER,2026-08-05 06:18:00,Pune,PLANNED
TX0001308,DRUG000436,3,WH_16,RET_036,RETAIL_OUTLET,2026-08-09 21:58:00,Mumbai,PLANNED
TX0001309,DRUG000437,1,MFG_07,DIST_02,DISTRIBUTOR,2026-04-21 14:43:00,Pune,PLANNED
TX0001310,DRUG000437,2,DIST_02,WH_17,WHOLESALER,2026-04-23 06:43:00,Mumbai,PLANNED
TX0001311,DRUG000437,3,WH_17,RET_037,RETAIL_OUTLET,2026-04-28 16:31:00,Kolkata,PLANNED
TX0001312,DRUG000438,1,MFG_08,DIST_03,DISTRIBUTOR,2026-07-15 16:06:00,Mumbai,PLANNED
TX0001313,DRUG000438,2,DIST_03,WH_18,WHOLESALER,2026-07-19 10:25:00,Kolkata,PLANNED
TX0001314,DRUG000438,3,WH_18,RET_038,RETAIL_OUTLET,2026-07-24 19:43:00,New Delhi,PLANNED
TX0001315,DRUG000439,1,MFG_09,DIST_04,DISTRIBUTOR,2026-07-26 18:01:00,Kolkata,PLANNED
TX0001316,DRUG000439,2,DIST_04,WH_19,WHOLESALER,2026-07-31 04:35:00,New Delhi,PLANNED
TX0001317,DRUG000439,3,WH_19,RET_039,RETAIL_OUTLET,2026-08-02 15:22:00,Vijayawada,PLANNED
TX0001318,DRUG000440,1,MFG_10,DIST_05,DISTRIBUTOR,2026-04-17 18:56:00,New Delhi,PLANNED
TX0001319,DRUG000440,2,DIST_05,WH_20,WHOLESALER,2026-04-21 03:31:00,Vijayawada,PLANNED
TX0001320,DRUG000440,3,WH_20,RET_040,RETAIL_OUTLET,2026-04-26 13:38:00,Guntur,PLANNED
TX0001321,DRUG000441,1,MFG_01,DIST_06,DISTRIBUTOR,2026-01-26 14:34:00,Vijayawada,PLANNED
TX0001322,DRUG000441,2,DIST_06,WH_01,WHOLESALER,2026-01-31 23:53:00,Guntur,PLANNED
TX0001323,DRUG000441,3,WH_01,RET_041,RETAIL_OUTLET,2026-02-03 13:06:00,Visakhapatnam,PLANNED
TX0001324,DRUG000442,1,MFG_02,DIST_07,DISTRIBUTOR,2026-04-21 11:39:00,Guntur,PLANNED
TX0001325,DRUG000442,2,DIST_07,WH_02,WHOLESALER,2026-04-24 22:46:00,Visakhapatnam,PLANNED
TX0001326,DRUG000442,3,WH_02,RET_042,RETAIL_OUTLET,2026-04-27 17:37:00,Hyderabad,PLANNED
TX0001327,DRUG000443,1,MFG_03,DIST_08,DISTRIBUTOR,2026-06-08 18:35:00,Visakhapatnam,PLANNED
TX0001328,DRUG000443,2,DIST_08,WH_03,WHOLESALER,2026-06-10 07:17:00,Hyderabad,PLANNED
TX0001329,DRUG000443,3,WH_03,RET_043,RETAIL_OUTLET,2026-06-11 19:23:00,Chennai,PLANNED
TX0001330,DRUG000444,1,MFG_04,DIST_09,DISTRIBUTOR,2026-03-01 10:42:00,Hyderabad,PLANNED
TX0001331,DRUG000444,2,DIST_09,WH_04,WHOLESALER,2026-03-03 20:00:00,Chennai,PLANNED
TX0001332,DRUG000444,3,WH_04,RET_044,RETAIL_OUTLET,2026-03-09 05:57:00,Bengaluru,PLANNED
TX0001333,DRUG000445,1,MFG_05,DIST_10,DISTRIBUTOR,2026-03-03 13:39:00,Chennai,PLANNED
TX0001334,DRUG000445,2,DIST_10,WH_05,WHOLESALER,2026-03-07 06:48:00,Bengaluru,PLANNED
TX0001335,DRUG000445,3,WH_05,RET_045,RETAIL_OUTLET,2026-03-13 00:11:00,Pune,PLANNED
TX0001336,DRUG000446,1,MFG_06,DIST_11,DISTRIBUTOR,2026-08-04 08:20:00,Bengaluru,PLANNED
TX0001337,DRUG000446,2,DIST_11,WH_06,WHOLESALER,2026-08-06 20:05:00,Pune,PLANNED
TX0001338,DRUG000446,3,WH_06,RET_046,RETAIL_OUTLET,2026-08-11 08:58:00,Mumbai,PLANNED
TX0001339,DRUG000447,1,MFG_07,DIST_12,DISTRIBUTOR,2026-04-13 15:28:00,Pune,PLANNED
TX0001340,DRUG000447,2,DIST_12,WH_07,WHOLESALER,2026-04-17 03:59:00,Mumbai,PLANNED
TX0001341,DRUG000447,3,WH_07,RET_047,RETAIL_OUTLET,2026-04-22 13:10:00,Kolkata,PLANNED
TX0001342,DRUG000448,1,MFG_08,DIST_13,DISTRIBUTOR,2026-06-22 16:12:00,Mumbai,PLANNED
TX0001343,DRUG000448,2,DIST_13,WH_08,WHOLESALER,2026-06-26 10:16:00,Kolkata,PLANNED
TX0001344,DRUG000448,3,WH_08,RET_048,RETAIL_OUTLET,2026-06-27 19:10:00,New Delhi,PLANNED
TX0001345,DRUG000449,1,MFG_09,DIST_14,DISTRIBUTOR,2026-05-25 14:49:00,Kolkata,PLANNED
TX0001346,DRUG000449,2,DIST_14,WH_09,WHOLESALER,2026-05-31 02:47:00,New Delhi,PLANNED
TX0001347,DRUG000449,3,WH_09,RET_049,RETAIL_OUTLET,2026-06-01 19:03:00,Vijayawada,PLANNED
TX0001348,DRUG000450,1,MFG_10,DIST_15,DISTRIBUTOR,2026-05-26 14:14:00,New Delhi,PLANNED
TX0001349,DRUG000450,2,DIST_15,WH_10,WHOLESALER,2026-06-01 02:22:00,Vijayawada,PLANNED
TX0001350,DRUG000450,3,WH_10,RET_050,RETAIL_OUTLET,2026-06-05 18:54:00,Guntur,PLANNED
TX0001351,DRUG000451,1,MFG_01,DIST_01,DISTRIBUTOR,2026-02-04 08:42:00,Vijayawada,PLANNED
TX0001352,DRUG000451,2,DIST_01,WH_11,WHOLESALER,2026-02-07 02:25:00,Guntur,PLANNED
TX0001353,DRUG000451,3,WH_11,RET_001,RETAIL_OUTLET,2026-02-09 18:33:00,Visakhapatnam,PLANNED
TX0001354,DRUG000452,1,MFG_02,DIST_02,DISTRIBUTOR,2026-05-03 17:42:00,Guntur,PLANNED
TX0001355,DRUG000452,2,DIST_02,WH_12,WHOLESALER,2026-05-06 09:04:00,Visakhapatnam,PLANNED
TX0001356,DRUG000452,3,WH_12,RET_002,RETAIL_OUTLET,2026-05-07 20:52:00,Hyderabad,PLANNED
TX0001357,DRUG000453,1,MFG_03,DIST_03,DISTRIBUTOR,2026-05-10 13:14:00,Visakhapatnam,PLANNED
TX0001358,DRUG000453,2,DIST_03,WH_13,WHOLESALER,2026-05-12 07:27:00,Hyderabad,PLANNED
TX0001359,DRUG000453,3,WH_13,RET_003,RETAIL_OUTLET,2026-05-17 20:51:00,Chennai,PLANNED
TX0001360,DRUG000454,1,MFG_04,DIST_04,DISTRIBUTOR,2026-05-03 18:20:00,Hyderabad,PLANNED
TX0001361,DRUG000454,2,DIST_04,WH_14,WHOLESALER,2026-05-05 11:00:00,Chennai,PLANNED
TX0001362,DRUG000454,3,WH_14,RET_004,RETAIL_OUTLET,2026-05-08 23:37:00,Bengaluru,PLANNED
TX0001363,DRUG000455,1,MFG_05,DIST_05,DISTRIBUTOR,2026-05-31 13:37:00,Chennai,PLANNED
TX0001364,DRUG000455,2,DIST_05,WH_15,WHOLESALER,2026-06-02 05:53:00,Bengaluru,PLANNED
TX0001365,DRUG000455,3,WH_15,RET_005,RETAIL_OUTLET,2026-06-06 17:26:00,Pune,PLANNED
TX0001366,DRUG000456,1,MFG_06,DIST_06,DISTRIBUTOR,2026-04-24 15:56:00,Bengaluru,PLANNED
TX0001367,DRUG000456,2,DIST_06,WH_16,WHOLESALER,2026-04-30 00:28:00,Pune,PLANNED
TX0001368,DRUG000456,3,WH_16,RET_006,RETAIL_OUTLET,2026-05-02 15:38:00,Mumbai,PLANNED
TX0001369,DRUG000457,1,MFG_07,DIST_07,DISTRIBUTOR,2026-03-12 11:09:00,Pune,PLANNED
TX0001370,DRUG000457,2,DIST_07,WH_17,WHOLESALER,2026-03-14 21:32:00,Mumbai,PLANNED
TX0001371,DRUG000457,3,WH_17,RET_007,RETAIL_OUTLET,2026-03-20 07:14:00,Kolkata,PLANNED
TX0001372,DRUG000458,1,MFG_08,DIST_08,DISTRIBUTOR,2026-03-07 15:43:00,Mumbai,PLANNED
TX0001373,DRUG000458,2,DIST_08,WH_18,WHOLESALER,2026-03-12 06:56:00,Kolkata,PLANNED
TX0001374,DRUG000458,3,WH_18,RET_008,RETAIL_OUTLET,2026-03-17 17:37:00,New Delhi,PLANNED
TX0001375,DRUG000459,1,MFG_09,DIST_09,DISTRIBUTOR,2026-08-05 08:08:00,Kolkata,PLANNED
TX0001376,DRUG000459,2,DIST_09,WH_19,WHOLESALER,2026-08-11 01:18:00,New Delhi,PLANNED
TX0001377,DRUG000459,3,WH_19,RET_009,RETAIL_OUTLET,2026-08-13 19:50:00,Vijayawada,PLANNED
TX0001378,DRUG000460,1,MFG_10,DIST_10,DISTRIBUTOR,2026-01-14 12:59:00,New Delhi,PLANNED
TX0001379,DRUG000460,2,DIST_10,WH_20,WHOLESALER,2026-01-17 05:24:00,Vijayawada,PLANNED
TX0001380,DRUG000460,3,WH_20,RET_010,RETAIL_OUTLET,2026-01-22 23:04:00,Guntur,PLANNED
TX0001381,DRUG000461,1,MFG_01,DIST_11,DISTRIBUTOR,2026-01-09 15:38:00,Vijayawada,PLANNED
TX0001382,DRUG000461,2,DIST_11,WH_01,WHOLESALER,2026-01-14 06:48:00,Guntur,PLANNED
TX0001383,DRUG000461,3,WH_01,RET_011,RETAIL_OUTLET,2026-01-16 21:26:00,Visakhapatnam,PLANNED
TX0001384,DRUG000462,1,MFG_02,DIST_12,DISTRIBUTOR,2026-02-21 12:10:00,Guntur,PLANNED
TX0001385,DRUG000462,2,DIST_12,WH_02,WHOLESALER,2026-02-25 03:48:00,Visakhapatnam,PLANNED
TX0001386,DRUG000462,3,WH_02,RET_012,RETAIL_OUTLET,2026-03-02 13:02:00,Hyderabad,PLANNED
TX0001387,DRUG000463,1,MFG_03,DIST_13,DISTRIBUTOR,2026-04-11 08:12:00,Visakhapatnam,PLANNED
TX0001388,DRUG000463,2,DIST_13,WH_03,WHOLESALER,2026-04-17 00:55:00,Hyderabad,PLANNED
TX0001389,DRUG000463,3,WH_03,RET_013,RETAIL_OUTLET,2026-04-21 11:33:00,Chennai,PLANNED
TX0001390,DRUG000464,1,MFG_04,DIST_14,DISTRIBUTOR,2026-02-07 17:02:00,Hyderabad,PLANNED
TX0001391,DRUG000464,2,DIST_14,WH_04,WHOLESALER,2026-02-13 09:50:00,Chennai,PLANNED
TX0001392,DRUG000464,3,WH_04,RET_014,RETAIL_OUTLET,2026-02-14 19:20:00,Bengaluru,PLANNED
TX0001393,DRUG000465,1,MFG_05,DIST_15,DISTRIBUTOR,2026-07-03 08:57:00,Chennai,PLANNED
TX0001394,DRUG000465,2,DIST_15,WH_05,WHOLESALER,2026-07-08 01:23:00,Bengaluru,PLANNED
TX0001395,DRUG000465,3,WH_05,RET_015,RETAIL_OUTLET,2026-07-11 10:07:00,Pune,PLANNED
TX0001396,DRUG000466,1,MFG_06,DIST_01,DISTRIBUTOR,2026-05-24 14:22:00,Bengaluru,PLANNED
TX0001397,DRUG000466,2,DIST_01,WH_06,WHOLESALER,2026-05-30 07:28:00,Pune,PLANNED
TX0001398,DRUG000466,3,WH_06,RET_016,RETAIL_OUTLET,2026-06-03 17:44:00,Mumbai,PLANNED
TX0001399,DRUG000467,1,MFG_07,DIST_02,DISTRIBUTOR,2026-05-08 17:56:00,Pune,PLANNED
TX0001400,DRUG000467,2,DIST_02,WH_07,WHOLESALER,2026-05-14 08:12:00,Mumbai,PLANNED
TX0001401,DRUG000467,3,WH_07,RET_017,RETAIL_OUTLET,2026-05-16 16:57:00,Kolkata,PLANNED
TX0001402,DRUG000468,1,MFG_08,DIST_03,DISTRIBUTOR,2026-07-25 09:33:00,Mumbai,PLANNED
TX0001403,DRUG000468,2,DIST_03,WH_08,WHOLESALER,2026-07-27 00:14:00,Kolkata,PLANNED
TX0001404,DRUG000468,3,WH_08,RET_018,RETAIL_OUTLET,2026-07-29 13:40:00,New Delhi,PLANNED
TX0001405,DRUG000469,1,MFG_09,DIST_04,DISTRIBUTOR,2026-04-10 18:37:00,Kolkata,PLANNED
TX0001406,DRUG000469,2,DIST_04,WH_09,WHOLESALER,2026-04-14 07:31:00,New Delhi,PLANNED
TX0001407,DRUG000469,3,WH_09,RET_019,RETAIL_OUTLET,2026-04-19 22:07:00,Vijayawada,PLANNED
TX0001408,DRUG000470,1,MFG_10,DIST_05,DISTRIBUTOR,2026-04-13 14:35:00,New Delhi,PLANNED
TX0001409,DRUG000470,2,DIST_05,WH_10,WHOLESALER,2026-04-19 05:46:00,Vijayawada,PLANNED
TX0001410,DRUG000470,3,WH_10,RET_020,RETAIL_OUTLET,2026-04-22 22:21:00,Guntur,PLANNED
TX0001411,DRUG000471,1,MFG_01,DIST_06,DISTRIBUTOR,2026-05-14 13:49:00,Vijayawada,PLANNED
TX0001412,DRUG000471,2,DIST_06,WH_11,WHOLESALER,2026-05-19 00:43:00,Guntur,PLANNED
TX0001413,DRUG000471,3,WH_11,RET_021,RETAIL_OUTLET,2026-05-20 12:11:00,Visakhapatnam,PLANNED
TX0001414,DRUG000472,1,MFG_02,DIST_07,DISTRIBUTOR,2026-07-24 16:25:00,Guntur,PLANNED
TX0001415,DRUG000472,2,DIST_07,WH_12,WHOLESALER,2026-07-28 09:04:00,Visakhapatnam,PLANNED
TX0001416,DRUG000472,3,WH_12,RET_022,RETAIL_OUTLET,2026-07-29 19:28:00,Hyderabad,PLANNED
TX0001417,DRUG000473,1,MFG_03,DIST_08,DISTRIBUTOR,2026-06-16 15:59:00,Visakhapatnam,PLANNED
TX0001418,DRUG000473,2,DIST_08,WH_13,WHOLESALER,2026-06-22 06:04:00,Hyderabad,PLANNED
TX0001419,DRUG000473,3,WH_13,RET_023,RETAIL_OUTLET,2026-06-23 18:18:00,Chennai,PLANNED
TX0001420,DRUG000474,1,MFG_04,DIST_09,DISTRIBUTOR,2026-04-16 14:59:00,Hyderabad,PLANNED
TX0001421,DRUG000474,2,DIST_09,WH_14,WHOLESALER,2026-04-21 08:40:00,Chennai,PLANNED
TX0001422,DRUG000474,3,WH_14,RET_024,RETAIL_OUTLET,2026-04-26 21:25:00,Bengaluru,PLANNED
TX0001423,DRUG000475,1,MFG_05,DIST_10,DISTRIBUTOR,2026-06-09 15:00:00,Chennai,PLANNED
TX0001424,DRUG000475,2,DIST_10,WH_15,WHOLESALER,2026-06-12 09:59:00,Bengaluru,PLANNED
TX0001425,DRUG000475,3,WH_15,RET_025,RETAIL_OUTLET,2026-06-17 22:11:00,Pune,PLANNED
TX0001426,DRUG000476,1,MFG_06,DIST_11,DISTRIBUTOR,2026-01-21 18:02:00,Bengaluru,PLANNED
TX0001427,DRUG000476,2,DIST_11,WH_16,WHOLESALER,2026-01-25 05:43:00,Pune,PLANNED
TX0001428,DRUG000476,3,WH_16,RET_026,RETAIL_OUTLET,2026-01-26 15:48:00,Mumbai,PLANNED
TX0001429,DRUG000477,1,MFG_07,DIST_12,DISTRIBUTOR,2026-03-22 14:37:00,Pune,PLANNED
TX0001430,DRUG000477,2,DIST_12,WH_17,WHOLESALER,2026-03-25 06:37:00,Mumbai,PLANNED
TX0001431,DRUG000477,3,WH_17,RET_027,RETAIL_OUTLET,2026-03-26 16:12:00,Kolkata,PLANNED
TX0001432,DRUG000478,1,MFG_08,DIST_13,DISTRIBUTOR,2026-03-23 11:38:00,Mumbai,PLANNED
TX0001433,DRUG000478,2,DIST_13,WH_18,WHOLESALER,2026-03-26 03:37:00,Kolkata,PLANNED
TX0001434,DRUG000478,3,WH_18,RET_028,RETAIL_OUTLET,2026-03-30 20:37:00,New Delhi,PLANNED
TX0001435,DRUG000479,1,MFG_09,DIST_14,DISTRIBUTOR,2026-03-20 09:35:00,Kolkata,PLANNED
TX0001436,DRUG000479,2,DIST_14,WH_19,WHOLESALER,2026-03-22 01:53:00,New Delhi,PLANNED
TX0001437,DRUG000479,3,WH_19,RET_029,RETAIL_OUTLET,2026-03-25 11:44:00,Vijayawada,PLANNED
TX0001438,DRUG000480,1,MFG_10,DIST_15,DISTRIBUTOR,2026-05-26 12:44:00,New Delhi,PLANNED
TX0001439,DRUG000480,2,DIST_15,WH_20,WHOLESALER,2026-05-31 03:20:00,Vijayawada,PLANNED
TX0001440,DRUG000480,3,WH_20,RET_030,RETAIL_OUTLET,2026-06-04 15:08:00,Guntur,PLANNED
TX0001441,DRUG000481,1,MFG_01,DIST_01,DISTRIBUTOR,2026-04-10 08:30:00,Vijayawada,PLANNED
TX0001442,DRUG000481,2,DIST_01,WH_01,WHOLESALER,2026-04-11 20:34:00,Guntur,PLANNED
TX0001443,DRUG000481,3,WH_01,RET_031,RETAIL_OUTLET,2026-04-16 15:24:00,Visakhapatnam,PLANNED
TX0001444,DRUG000482,1,MFG_02,DIST_02,DISTRIBUTOR,2026-03-08 13:33:00,Guntur,PLANNED
TX0001445,DRUG000482,2,DIST_02,WH_02,WHOLESALER,2026-03-13 22:17:00,Visakhapatnam,PLANNED
TX0001446,DRUG000482,3,WH_02,RET_032,RETAIL_OUTLET,2026-03-17 09:35:00,Hyderabad,PLANNED
TX0001447,DRUG000483,1,MFG_03,DIST_03,DISTRIBUTOR,2026-01-31 16:59:00,Visakhapatnam,PLANNED
TX0001448,DRUG000483,2,DIST_03,WH_03,WHOLESALER,2026-02-03 08:19:00,Hyderabad,PLANNED
TX0001449,DRUG000483,3,WH_03,RET_033,RETAIL_OUTLET,2026-02-06 20:16:00,Chennai,PLANNED
TX0001450,DRUG000484,1,MFG_04,DIST_04,DISTRIBUTOR,2026-06-01 15:47:00,Hyderabad,PLANNED
TX0001451,DRUG000484,2,DIST_04,WH_04,WHOLESALER,2026-06-04 03:34:00,Chennai,PLANNED
TX0001452,DRUG000484,3,WH_04,RET_034,RETAIL_OUTLET,2026-06-06 15:47:00,Bengaluru,PLANNED
TX0001453,DRUG000485,1,MFG_05,DIST_05,DISTRIBUTOR,2026-03-09 13:09:00,Chennai,PLANNED
TX0001454,DRUG000485,2,DIST_05,WH_05,WHOLESALER,2026-03-10 23:07:00,Bengaluru,PLANNED
TX0001455,DRUG000485,3,WH_05,RET_035,RETAIL_OUTLET,2026-03-12 17:49:00,Pune,PLANNED
TX0001456,DRUG000486,1,MFG_06,DIST_06,DISTRIBUTOR,2026-05-17 15:23:00,Bengaluru,PLANNED
TX0001457,DRUG000486,2,DIST_06,WH_06,WHOLESALER,2026-05-23 04:54:00,Pune,PLANNED
TX0001458,DRUG000486,3,WH_06,RET_036,RETAIL_OUTLET,2026-05-28 17:25:00,Mumbai,PLANNED
TX0001459,DRUG000487,1,MFG_07,DIST_07,DISTRIBUTOR,2026-02-25 17:08:00,Pune,PLANNED
TX0001460,DRUG000487,2,DIST_07,WH_07,WHOLESALER,2026-02-27 09:59:00,Mumbai,PLANNED
TX0001461,DRUG000487,3,WH_07,RET_037,RETAIL_OUTLET,2026-03-04 01:33:00,Kolkata,PLANNED
TX0001462,DRUG000488,1,MFG_08,DIST_08,DISTRIBUTOR,2026-01-18 15:07:00,Mumbai,PLANNED
TX0001463,DRUG000488,2,DIST_08,WH_08,WHOLESALER,2026-01-24 06:27:00,Kolkata,PLANNED
TX0001464,DRUG000488,3,WH_08,RET_038,RETAIL_OUTLET,2026-01-25 15:10:00,New Delhi,PLANNED
TX0001465,DRUG000489,1,MFG_09,DIST_09,DISTRIBUTOR,2026-03-06 13:23:00,Kolkata,PLANNED
TX0001466,DRUG000489,2,DIST_09,WH_09,WHOLESALER,2026-03-12 01:34:00,New Delhi,PLANNED
TX0001467,DRUG000489,3,WH_09,RET_039,RETAIL_OUTLET,2026-03-17 13:49:00,Vijayawada,PLANNED
TX0001468,DRUG000490,1,MFG_10,DIST_10,DISTRIBUTOR,2026-03-23 13:11:00,New Delhi,PLANNED
TX0001469,DRUG000490,2,DIST_10,WH_10,WHOLESALER,2026-03-28 03:24:00,Vijayawada,PLANNED
TX0001470,DRUG000490,3,WH_10,RET_040,RETAIL_OUTLET,2026-04-01 16:47:00,Guntur,PLANNED
TX0001471,DRUG000491,1,MFG_01,DIST_11,DISTRIBUTOR,2026-08-16 10:36:00,Vijayawada,PLANNED
TX0001472,DRUG000491,2,DIST_11,WH_11,WHOLESALER,2026-08-19 04:19:00,Guntur,PLANNED
TX0001473,DRUG000491,3,WH_11,RET_041,RETAIL_OUTLET,2026-08-21 14:05:00,Visakhapatnam,PLANNED
TX0001474,DRUG000492,1,MFG_02,DIST_12,DISTRIBUTOR,2026-03-24 14:12:00,Guntur,PLANNED
TX0001475,DRUG000492,2,DIST_12,WH_12,WHOLESALER,2026-03-27 00:42:00,Visakhapatnam,PLANNED
TX0001476,DRUG000492,3,WH_12,RET_042,RETAIL_OUTLET,2026-03-28 11:08:00,Hyderabad,PLANNED
TX0001477,DRUG000493,1,MFG_03,DIST_13,DISTRIBUTOR,2026-05-22 13:50:00,Visakhapatnam,PLANNED
TX0001478,DRUG000493,2,DIST_13,WH_13,WHOLESALER,2026-05-27 02:06:00,Hyderabad,PLANNED
TX0001479,DRUG000493,3,WH_13,RET_043,RETAIL_OUTLET,2026-06-01 19:09:00,Chennai,PLANNED
TX0001480,DRUG000494,1,MFG_04,DIST_14,DISTRIBUTOR,2026-04-16 11:52:00,Hyderabad,PLANNED
TX0001481,DRUG000494,2,DIST_14,WH_14,WHOLESALER,2026-04-20 03:45:00,Chennai,PLANNED
TX0001482,DRUG000494,3,WH_14,RET_044,RETAIL_OUTLET,2026-04-21 19:32:00,Bengaluru,PLANNED
TX0001483,DRUG000495,1,MFG_05,DIST_15,DISTRIBUTOR,2026-04-05 16:35:00,Chennai,PLANNED
TX0001484,DRUG000495,2,DIST_15,WH_15,WHOLESALER,2026-04-09 05:36:00,Bengaluru,PLANNED
TX0001485,DRUG000495,3,WH_15,RET_045,RETAIL_OUTLET,2026-04-13 14:58:00,Pune,PLANNED
TX0001486,DRUG000496,1,MFG_06,DIST_01,DISTRIBUTOR,2026-08-26 18:41:00,Bengaluru,PLANNED
TX0001487,DRUG000496,2,DIST_01,WH_16,WHOLESALER,2026-09-01 05:30:00,Pune,PLANNED
TX0001488,DRUG000496,3,WH_16,RET_046,RETAIL_OUTLET,2026-09-04 18:50:00,Mumbai,PLANNED
TX0001489,DRUG000497,1,MFG_07,DIST_02,DISTRIBUTOR,2026-07-01 14:39:00,Pune,PLANNED
TX0001490,DRUG000497,2,DIST_02,WH_17,WHOLESALER,2026-07-05 06:19:00,Mumbai,PLANNED
TX0001491,DRUG000497,3,WH_17,RET_047,RETAIL_OUTLET,2026-07-07 16:59:00,Kolkata,PLANNED
TX0001492,DRUG000498,1,MFG_08,DIST_03,DISTRIBUTOR,2026-08-07 17:25:00,Mumbai,PLANNED
TX0001493,DRUG000498,2,DIST_03,WH_18,WHOLESALER,2026-08-09 02:35:00,Kolkata,PLANNED
TX0001494,DRUG000498,3,WH_18,RET_048,RETAIL_OUTLET,2026-08-12 13:55:00,New Delhi,PLANNED
TX0001495,DRUG000499,1,MFG_09,DIST_04,DISTRIBUTOR,2026-04-02 18:25:00,Kolkata,PLANNED
TX0001496,DRUG000499,2,DIST_04,WH_19,WHOLESALER,2026-04-06 10:14:00,New Delhi,PLANNED
TX0001497,DRUG000499,3,WH_19,RET_049,RETAIL_OUTLET,2026-04-10 03:47:00,Vijayawada,PLANNED
TX0001498,DRUG000500,1,MFG_10,DIST_05,DISTRIBUTOR,2026-05-01 08:08:00,New Delhi,PLANNED
TX0001499,DRUG000500,2,DIST_05,WH_20,WHOLESALER,2026-05-04 02:24:00,Vijayawada,PLANNED
TX0001500,DRUG000500,3,WH_20,RET_050,RETAIL_OUTLET,2026-05-05 13:34:00,Guntur,PLANNED
TX0001501,DRUG000501,1,MFG_01,DIST_06,DISTRIBUTOR,2026-04-15 15:35:00,Vijayawada,PLANNED
TX0001502,DRUG000501,2,DIST_06,WH_01,WHOLESALER,2026-04-17 00:24:00,Guntur,PLANNED
TX0001503,DRUG000501,3,WH_01,RET_001,RETAIL_OUTLET,2026-04-21 17:12:00,Visakhapatnam,PLANNED
TX0001504,DRUG000502,1,MFG_02,DIST_07,DISTRIBUTOR,2026-02-01 10:05:00,Guntur,PLANNED
TX0001505,DRUG000502,2,DIST_07,WH_02,WHOLESALER,2026-02-05 22:19:00,Visakhapatnam,PLANNED
TX0001506,DRUG000502,3,WH_02,RET_002,RETAIL_OUTLET,2026-02-08 10:47:00,Hyderabad,PLANNED
TX0001507,DRUG000503,1,MFG_03,DIST_08,DISTRIBUTOR,2026-06-18 10:01:00,Visakhapatnam,PLANNED
TX0001508,DRUG000503,2,DIST_08,WH_03,WHOLESALER,2026-06-20 04:23:00,Hyderabad,PLANNED
TX0001509,DRUG000503,3,WH_03,RET_003,RETAIL_OUTLET,2026-06-23 19:52:00,Chennai,PLANNED
TX0001510,DRUG000504,1,MFG_04,DIST_09,DISTRIBUTOR,2026-08-24 10:44:00,Hyderabad,PLANNED
TX0001511,DRUG000504,2,DIST_09,WH_04,WHOLESALER,2026-08-29 21:21:00,Chennai,PLANNED
TX0001512,DRUG000504,3,WH_04,RET_004,RETAIL_OUTLET,2026-09-04 13:01:00,Bengaluru,PLANNED
TX0001513,DRUG000505,1,MFG_05,DIST_10,DISTRIBUTOR,2026-07-25 12:58:00,Chennai,PLANNED
TX0001514,DRUG000505,2,DIST_10,WH_05,WHOLESALER,2026-07-29 04:32:00,Bengaluru,PLANNED
TX0001515,DRUG000505,3,WH_05,RET_005,RETAIL_OUTLET,2026-07-31 14:00:00,Pune,PLANNED
TX0001516,DRUG000506,1,MFG_06,DIST_11,DISTRIBUTOR,2026-03-30 10:19:00,Bengaluru,PLANNED
TX0001517,DRUG000506,2,DIST_11,WH_06,WHOLESALER,2026-03-31 18:52:00,Pune,PLANNED
TX0001518,DRUG000506,3,WH_06,RET_006,RETAIL_OUTLET,2026-04-03 08:10:00,Mumbai,PLANNED
TX0001519,DRUG000507,1,MFG_07,DIST_12,DISTRIBUTOR,2026-05-13 12:00:00,Pune,PLANNED
TX0001520,DRUG000507,2,DIST_12,WH_07,WHOLESALER,2026-05-18 00:38:00,Mumbai,PLANNED
TX0001521,DRUG000507,3,WH_07,RET_007,RETAIL_OUTLET,2026-05-20 09:13:00,Kolkata,PLANNED
TX0001522,DRUG000508,1,MFG_08,DIST_13,DISTRIBUTOR,2026-04-18 14:25:00,Mumbai,PLANNED
TX0001523,DRUG000508,2,DIST_13,WH_08,WHOLESALER,2026-04-21 01:10:00,Kolkata,PLANNED
TX0001524,DRUG000508,3,WH_08,RET_008,RETAIL_OUTLET,2026-04-25 15:24:00,New Delhi,PLANNED
TX0001525,DRUG000509,1,MFG_09,DIST_14,DISTRIBUTOR,2026-03-18 16:48:00,Kolkata,PLANNED
TX0001526,DRUG000509,2,DIST_14,WH_09,WHOLESALER,2026-03-24 11:05:00,New Delhi,PLANNED
TX0001527,DRUG000509,3,WH_09,RET_009,RETAIL_OUTLET,2026-03-28 05:52:00,Vijayawada,PLANNED
TX0001528,DRUG000510,1,MFG_10,DIST_15,DISTRIBUTOR,2026-05-26 09:11:00,New Delhi,PLANNED
TX0001529,DRUG000510,2,DIST_15,WH_10,WHOLESALER,2026-05-28 21:18:00,Vijayawada,PLANNED
TX0001530,DRUG000510,3,WH_10,RET_010,RETAIL_OUTLET,2026-06-02 14:46:00,Guntur,PLANNED
TX0001531,DRUG000511,1,MFG_01,DIST_01,DISTRIBUTOR,2026-03-18 08:09:00,Vijayawada,PLANNED
TX0001532,DRUG000511,2,DIST_01,WH_11,WHOLESALER,2026-03-20 00:10:00,Guntur,PLANNED
TX0001533,DRUG000511,3,WH_11,RET_011,RETAIL_OUTLET,2026-03-22 09:28:00,Visakhapatnam,PLANNED
TX0001534,DRUG000512,1,MFG_02,DIST_02,DISTRIBUTOR,2026-03-19 11:05:00,Guntur,PLANNED
TX0001535,DRUG000512,2,DIST_02,WH_12,WHOLESALER,2026-03-21 19:36:00,Visakhapatnam,PLANNED
TX0001536,DRUG000512,3,WH_12,RET_012,RETAIL_OUTLET,2026-03-24 09:02:00,Hyderabad,PLANNED
TX0001537,DRUG000513,1,MFG_03,DIST_03,DISTRIBUTOR,2026-03-31 08:21:00,Visakhapatnam,PLANNED
TX0001538,DRUG000513,2,DIST_03,WH_13,WHOLESALER,2026-04-01 18:24:00,Hyderabad,PLANNED
TX0001539,DRUG000513,3,WH_13,RET_013,RETAIL_OUTLET,2026-04-05 08:28:00,Chennai,PLANNED
TX0001540,DRUG000514,1,MFG_04,DIST_04,DISTRIBUTOR,2026-05-25 12:52:00,Hyderabad,PLANNED
TX0001541,DRUG000514,2,DIST_04,WH_14,WHOLESALER,2026-05-29 20:59:00,Chennai,PLANNED
TX0001542,DRUG000514,3,WH_14,RET_014,RETAIL_OUTLET,2026-06-01 11:48:00,Bengaluru,PLANNED
TX0001543,DRUG000515,1,MFG_05,DIST_05,DISTRIBUTOR,2026-04-27 15:47:00,Chennai,PLANNED
TX0001544,DRUG000515,2,DIST_05,WH_15,WHOLESALER,2026-04-29 08:29:00,Bengaluru,PLANNED
TX0001545,DRUG000515,3,WH_15,RET_015,RETAIL_OUTLET,2026-05-01 23:53:00,Pune,PLANNED
TX0001546,DRUG000516,1,MFG_06,DIST_06,DISTRIBUTOR,2026-07-02 18:46:00,Bengaluru,PLANNED
TX0001547,DRUG000516,2,DIST_06,WH_16,WHOLESALER,2026-07-04 11:19:00,Pune,PLANNED
TX0001548,DRUG000516,3,WH_16,RET_016,RETAIL_OUTLET,2026-07-05 23:49:00,Mumbai,PLANNED
TX0001549,DRUG000517,1,MFG_07,DIST_07,DISTRIBUTOR,2026-06-20 08:55:00,Pune,PLANNED
TX0001550,DRUG000517,2,DIST_07,WH_17,WHOLESALER,2026-06-22 18:10:00,Mumbai,PLANNED
TX0001551,DRUG000517,3,WH_17,RET_017,RETAIL_OUTLET,2026-06-27 07:10:00,Kolkata,PLANNED
TX0001552,DRUG000518,1,MFG_08,DIST_08,DISTRIBUTOR,2026-02-23 14:50:00,Mumbai,PLANNED
TX0001553,DRUG000518,2,DIST_08,WH_18,WHOLESALER,2026-02-25 22:52:00,Kolkata,PLANNED
TX0001554,DRUG000518,3,WH_18,RET_018,RETAIL_OUTLET,2026-03-03 14:36:00,New Delhi,PLANNED
TX0001555,DRUG000519,1,MFG_09,DIST_09,DISTRIBUTOR,2026-06-09 11:10:00,Kolkata,PLANNED
TX0001556,DRUG000519,2,DIST_09,WH_19,WHOLESALER,2026-06-13 20:53:00,New Delhi,PLANNED
TX0001557,DRUG000519,3,WH_19,RET_019,RETAIL_OUTLET,2026-06-19 10:52:00,Vijayawada,PLANNED
TX0001558,DRUG000520,1,MFG_10,DIST_10,DISTRIBUTOR,2026-07-18 18:09:00,New Delhi,PLANNED
TX0001559,DRUG000520,2,DIST_10,WH_20,WHOLESALER,2026-07-24 03:17:00,Vijayawada,PLANNED
TX0001560,DRUG000520,3,WH_20,RET_020,RETAIL_OUTLET,2026-07-28 14:37:00,Guntur,PLANNED
TX0001561,DRUG000521,1,MFG_01,DIST_11,DISTRIBUTOR,2026-06-02 08:44:00,Vijayawada,PLANNED
TX0001562,DRUG000521,2,DIST_11,WH_01,WHOLESALER,2026-06-06 22:30:00,Guntur,PLANNED
TX0001563,DRUG000521,3,WH_01,RET_021,RETAIL_OUTLET,2026-06-09 11:27:00,Visakhapatnam,PLANNED
TX0001564,DRUG000522,1,MFG_02,DIST_12,DISTRIBUTOR,2026-01-24 12:34:00,Guntur,PLANNED
TX0001565,DRUG000522,2,DIST_12,WH_02,WHOLESALER,2026-01-29 00:10:00,Visakhapatnam,PLANNED
TX0001566,DRUG000522,3,WH_02,RET_022,RETAIL_OUTLET,2026-01-31 16:32:00,Hyderabad,PLANNED
TX0001567,DRUG000523,1,MFG_03,DIST_13,DISTRIBUTOR,2026-04-03 16:10:00,Visakhapatnam,PLANNED
TX0001568,DRUG000523,2,DIST_13,WH_03,WHOLESALER,2026-04-05 08:19:00,Hyderabad,PLANNED
TX0001569,DRUG000523,3,WH_03,RET_023,RETAIL_OUTLET,2026-04-09 21:11:00,Chennai,PLANNED
TX0001570,DRUG000524,1,MFG_04,DIST_14,DISTRIBUTOR,2026-03-18 18:32:00,Hyderabad,PLANNED
TX0001571,DRUG000524,2,DIST_14,WH_04,WHOLESALER,2026-03-23 05:28:00,Chennai,PLANNED
TX0001572,DRUG000524,3,WH_04,RET_024,RETAIL_OUTLET,2026-03-24 23:22:00,Bengaluru,PLANNED
TX0001573,DRUG000525,1,MFG_05,DIST_15,DISTRIBUTOR,2026-04-11 18:34:00,Chennai,PLANNED
TX0001574,DRUG000525,2,DIST_15,WH_05,WHOLESALER,2026-04-16 06:07:00,Bengaluru,PLANNED
TX0001575,DRUG000525,3,WH_05,RET_025,RETAIL_OUTLET,2026-04-20 22:16:00,Pune,PLANNED
TX0001576,DRUG000526,1,MFG_06,DIST_01,DISTRIBUTOR,2026-06-16 18:20:00,Bengaluru,PLANNED
TX0001577,DRUG000526,2,DIST_01,WH_06,WHOLESALER,2026-06-18 03:53:00,Pune,PLANNED
TX0001578,DRUG000526,3,WH_06,RET_026,RETAIL_OUTLET,2026-06-19 12:46:00,Mumbai,PLANNED
TX0001579,DRUG000527,1,MFG_07,DIST_02,DISTRIBUTOR,2026-09-02 11:06:00,Pune,PLANNED
TX0001580,DRUG000527,2,DIST_02,WH_07,WHOLESALER,2026-09-06 22:12:00,Mumbai,PLANNED
TX0001581,DRUG000527,3,WH_07,RET_027,RETAIL_OUTLET,2026-09-08 15:53:00,Kolkata,PLANNED
TX0001582,DRUG000528,1,MFG_08,DIST_03,DISTRIBUTOR,2026-08-16 17:44:00,Mumbai,PLANNED
TX0001583,DRUG000528,2,DIST_03,WH_08,WHOLESALER,2026-08-22 05:47:00,Kolkata,PLANNED
TX0001584,DRUG000528,3,WH_08,RET_028,RETAIL_OUTLET,2026-08-25 17:25:00,New Delhi,PLANNED
TX0001585,DRUG000529,1,MFG_09,DIST_04,DISTRIBUTOR,2026-07-06 18:31:00,Kolkata,PLANNED
TX0001586,DRUG000529,2,DIST_04,WH_09,WHOLESALER,2026-07-08 10:22:00,New Delhi,PLANNED
TX0001587,DRUG000529,3,WH_09,RET_029,RETAIL_OUTLET,2026-07-09 23:57:00,Vijayawada,PLANNED
TX0001588,DRUG000530,1,MFG_10,DIST_05,DISTRIBUTOR,2026-07-17 17:17:00,New Delhi,PLANNED
TX0001589,DRUG000530,2,DIST_05,WH_10,WHOLESALER,2026-07-23 02:03:00,Vijayawada,PLANNED
TX0001590,DRUG000530,3,WH_10,RET_030,RETAIL_OUTLET,2026-07-24 14:07:00,Guntur,PLANNED
TX0001591,DRUG000531,1,MFG_01,DIST_06,DISTRIBUTOR,2026-03-01 16:24:00,Vijayawada,PLANNED
TX0001592,DRUG000531,2,DIST_06,WH_11,WHOLESALER,2026-03-04 03:57:00,Guntur,PLANNED
TX0001593,DRUG000531,3,WH_11,RET_031,RETAIL_OUTLET,2026-03-06 21:37:00,Visakhapatnam,PLANNED
TX0001594,DRUG000532,1,MFG_02,DIST_07,DISTRIBUTOR,2026-02-22 13:43:00,Guntur,PLANNED
TX0001595,DRUG000532,2,DIST_07,WH_12,WHOLESALER,2026-02-27 08:10:00,Visakhapatnam,PLANNED
TX0001596,DRUG000532,3,WH_12,RET_032,RETAIL_OUTLET,2026-02-28 19:00:00,Hyderabad,PLANNED
TX0001597,DRUG000533,1,MFG_03,DIST_08,DISTRIBUTOR,2026-02-28 18:10:00,Visakhapatnam,PLANNED
TX0001598,DRUG000533,2,DIST_08,WH_13,WHOLESALER,2026-03-06 11:38:00,Hyderabad,PLANNED
TX0001599,DRUG000533,3,WH_13,RET_033,RETAIL_OUTLET,2026-03-10 01:13:00,Chennai,PLANNED
TX0001600,DRUG000534,1,MFG_04,DIST_09,DISTRIBUTOR,2026-04-05 13:38:00,Hyderabad,PLANNED
TX0001601,DRUG000534,2,DIST_09,WH_14,WHOLESALER,2026-04-08 07:12:00,Chennai,PLANNED
TX0001602,DRUG000534,3,WH_14,RET_034,RETAIL_OUTLET,2026-04-10 22:01:00,Bengaluru,PLANNED
TX0001603,DRUG000535,1,MFG_05,DIST_10,DISTRIBUTOR,2026-05-31 15:25:00,Chennai,PLANNED
TX0001604,DRUG000535,2,DIST_10,WH_15,WHOLESALER,2026-06-01 23:43:00,Bengaluru,PLANNED
TX0001605,DRUG000535,3,WH_15,RET_035,RETAIL_OUTLET,2026-06-07 08:16:00,Pune,PLANNED
TX0001606,DRUG000536,1,MFG_06,DIST_11,DISTRIBUTOR,2026-02-08 11:13:00,Bengaluru,PLANNED
TX0001607,DRUG000536,2,DIST_11,WH_16,WHOLESALER,2026-02-11 20:02:00,Pune,PLANNED
TX0001608,DRUG000536,3,WH_16,RET_036,RETAIL_OUTLET,2026-02-15 12:34:00,Mumbai,PLANNED
TX0001609,DRUG000537,1,MFG_07,DIST_12,DISTRIBUTOR,2026-05-26 15:22:00,Pune,PLANNED
TX0001610,DRUG000537,2,DIST_12,WH_17,WHOLESALER,2026-05-29 01:38:00,Mumbai,PLANNED
TX0001611,DRUG000537,3,WH_17,RET_037,RETAIL_OUTLET,2026-06-01 18:53:00,Kolkata,PLANNED
TX0001612,DRUG000538,1,MFG_08,DIST_13,DISTRIBUTOR,2026-03-07 17:25:00,Mumbai,PLANNED
TX0001613,DRUG000538,2,DIST_13,WH_18,WHOLESALER,2026-03-13 05:11:00,Kolkata,PLANNED
TX0001614,DRUG000538,3,WH_18,RET_038,RETAIL_OUTLET,2026-03-14 19:01:00,New Delhi,PLANNED
TX0001615,DRUG000539,1,MFG_09,DIST_14,DISTRIBUTOR,2026-05-17 09:38:00,Kolkata,PLANNED
TX0001616,DRUG000539,2,DIST_14,WH_19,WHOLESALER,2026-05-20 18:24:00,New Delhi,PLANNED
TX0001617,DRUG000539,3,WH_19,RET_039,RETAIL_OUTLET,2026-05-26 08:29:00,Vijayawada,PLANNED
TX0001618,DRUG000540,1,MFG_10,DIST_15,DISTRIBUTOR,2026-07-28 14:26:00,New Delhi,PLANNED
TX0001619,DRUG000540,2,DIST_15,WH_20,WHOLESALER,2026-07-30 02:13:00,Vijayawada,PLANNED
TX0001620,DRUG000540,3,WH_20,RET_040,RETAIL_OUTLET,2026-08-04 10:53:00,Guntur,PLANNED
TX0001621,DRUG000541,1,MFG_01,DIST_01,DISTRIBUTOR,2026-07-23 16:02:00,Vijayawada,PLANNED
TX0001622,DRUG000541,2,DIST_01,WH_01,WHOLESALER,2026-07-27 08:38:00,Guntur,PLANNED
TX0001623,DRUG000541,3,WH_01,RET_041,RETAIL_OUTLET,2026-07-29 22:10:00,Visakhapatnam,PLANNED
TX0001624,DRUG000542,1,MFG_02,DIST_02,DISTRIBUTOR,2026-07-02 18:46:00,Guntur,PLANNED
TX0001625,DRUG000542,2,DIST_02,WH_02,WHOLESALER,2026-07-07 10:34:00,Visakhapatnam,PLANNED
TX0001626,DRUG000542,3,WH_02,RET_042,RETAIL_OUTLET,2026-07-13 04:06:00,Hyderabad,PLANNED
TX0001627,DRUG000543,1,MFG_03,DIST_03,DISTRIBUTOR,2026-02-03 14:09:00,Visakhapatnam,PLANNED
TX0001628,DRUG000543,2,DIST_03,WH_03,WHOLESALER,2026-02-06 03:14:00,Hyderabad,PLANNED
TX0001629,DRUG000543,3,WH_03,RET_043,RETAIL_OUTLET,2026-02-10 21:01:00,Chennai,PLANNED
TX0001630,DRUG000544,1,MFG_04,DIST_04,DISTRIBUTOR,2026-01-19 14:32:00,Hyderabad,PLANNED
TX0001631,DRUG000544,2,DIST_04,WH_04,WHOLESALER,2026-01-24 01:20:00,Chennai,PLANNED
TX0001632,DRUG000544,3,WH_04,RET_044,RETAIL_OUTLET,2026-01-26 16:55:00,Bengaluru,PLANNED
TX0001633,DRUG000545,1,MFG_05,DIST_05,DISTRIBUTOR,2026-03-04 11:35:00,Chennai,PLANNED
TX0001634,DRUG000545,2,DIST_05,WH_05,WHOLESALER,2026-03-10 03:50:00,Bengaluru,PLANNED
TX0001635,DRUG000545,3,WH_05,RET_045,RETAIL_OUTLET,2026-03-12 13:07:00,Pune,PLANNED
TX0001636,DRUG000546,1,MFG_06,DIST_06,DISTRIBUTOR,2026-07-29 09:07:00,Bengaluru,PLANNED
TX0001637,DRUG000546,2,DIST_06,WH_06,WHOLESALER,2026-08-02 23:30:00,Pune,PLANNED
TX0001638,DRUG000546,3,WH_06,RET_046,RETAIL_OUTLET,2026-08-06 10:50:00,Mumbai,PLANNED
TX0001639,DRUG000547,1,MFG_07,DIST_07,DISTRIBUTOR,2026-04-06 13:39:00,Pune,PLANNED
TX0001640,DRUG000547,2,DIST_07,WH_07,WHOLESALER,2026-04-11 06:48:00,Mumbai,PLANNED
TX0001641,DRUG000547,3,WH_07,RET_047,RETAIL_OUTLET,2026-04-15 15:47:00,Kolkata,PLANNED
TX0001642,DRUG000548,1,MFG_08,DIST_08,DISTRIBUTOR,2026-08-05 10:48:00,Mumbai,PLANNED
TX0001643,DRUG000548,2,DIST_08,WH_08,WHOLESALER,2026-08-06 20:35:00,Kolkata,PLANNED
TX0001644,DRUG000548,3,WH_08,RET_048,RETAIL_OUTLET,2026-08-08 08:14:00,New Delhi,PLANNED
TX0001645,DRUG000549,1,MFG_09,DIST_09,DISTRIBUTOR,2026-09-01 13:44:00,Kolkata,PLANNED
TX0001646,DRUG000549,2,DIST_09,WH_09,WHOLESALER,2026-09-03 02:12:00,New Delhi,PLANNED
TX0001647,DRUG000549,3,WH_09,RET_049,RETAIL_OUTLET,2026-09-07 10:33:00,Vijayawada,PLANNED
TX0001648,DRUG000550,1,MFG_10,DIST_10,DISTRIBUTOR,2026-03-04 16:48:00,New Delhi,PLANNED
TX0001649,DRUG000550,2,DIST_10,WH_10,WHOLESALER,2026-03-08 09:18:00,Vijayawada,PLANNED
TX0001650,DRUG000550,3,WH_10,RET_050,RETAIL_OUTLET,2026-03-13 20:02:00,Guntur,PLANNED
TX0001651,DRUG000551,1,MFG_01,DIST_11,DISTRIBUTOR,2026-07-10 18:33:00,Vijayawada,PLANNED
TX0001652,DRUG000551,2,DIST_11,WH_11,WHOLESALER,2026-07-12 06:43:00,Guntur,PLANNED
TX0001653,DRUG000551,3,WH_11,RET_001,RETAIL_OUTLET,2026-07-13 18:55:00,Visakhapatnam,PLANNED
TX0001654,DRUG000552,1,MFG_02,DIST_12,DISTRIBUTOR,2026-07-27 18:00:00,Guntur,PLANNED
TX0001655,DRUG000552,2,DIST_12,WH_12,WHOLESALER,2026-07-29 08:42:00,Visakhapatnam,PLANNED
TX0001656,DRUG000552,3,WH_12,RET_002,RETAIL_OUTLET,2026-08-02 03:36:00,Hyderabad,PLANNED
TX0001657,DRUG000553,1,MFG_03,DIST_13,DISTRIBUTOR,2026-08-25 12:55:00,Visakhapatnam,PLANNED
TX0001658,DRUG000553,2,DIST_13,WH_13,WHOLESALER,2026-08-30 00:19:00,Hyderabad,PLANNED
TX0001659,DRUG000553,3,WH_13,RET_003,RETAIL_OUTLET,2026-09-04 10:16:00,Chennai,PLANNED
TX0001660,DRUG000554,1,MFG_04,DIST_14,DISTRIBUTOR,2026-04-06 09:11:00,Hyderabad,PLANNED
TX0001661,DRUG000554,2,DIST_14,WH_14,WHOLESALER,2026-04-09 01:40:00,Chennai,PLANNED
TX0001662,DRUG000554,3,WH_14,RET_004,RETAIL_OUTLET,2026-04-14 09:42:00,Bengaluru,PLANNED
TX0001663,DRUG000555,1,MFG_05,DIST_15,DISTRIBUTOR,2026-03-15 14:47:00,Chennai,PLANNED
TX0001664,DRUG000555,2,DIST_15,WH_15,WHOLESALER,2026-03-17 23:09:00,Bengaluru,PLANNED
TX0001665,DRUG000555,3,WH_15,RET_005,RETAIL_OUTLET,2026-03-21 12:49:00,Pune,PLANNED
TX0001666,DRUG000556,1,MFG_06,DIST_01,DISTRIBUTOR,2026-03-31 08:40:00,Bengaluru,PLANNED
TX0001667,DRUG000556,2,DIST_01,WH_16,WHOLESALER,2026-04-03 23:36:00,Pune,PLANNED
TX0001668,DRUG000556,3,WH_16,RET_006,RETAIL_OUTLET,2026-04-05 15:53:00,Mumbai,PLANNED
TX0001669,DRUG000557,1,MFG_07,DIST_02,DISTRIBUTOR,2026-03-09 18:08:00,Pune,PLANNED
TX0001670,DRUG000557,2,DIST_02,WH_17,WHOLESALER,2026-03-11 08:41:00,Mumbai,PLANNED
TX0001671,DRUG000557,3,WH_17,RET_007,RETAIL_OUTLET,2026-03-17 03:24:00,Kolkata,PLANNED
TX0001672,DRUG000558,1,MFG_08,DIST_03,DISTRIBUTOR,2026-03-09 10:27:00,Mumbai,PLANNED
TX0001673,DRUG000558,2,DIST_03,WH_18,WHOLESALER,2026-03-13 03:48:00,Kolkata,PLANNED
TX0001674,DRUG000558,3,WH_18,RET_008,RETAIL_OUTLET,2026-03-17 19:56:00,New Delhi,PLANNED
TX0001675,DRUG000559,1,MFG_09,DIST_04,DISTRIBUTOR,2026-03-09 18:51:00,Kolkata,PLANNED
TX0001676,DRUG000559,2,DIST_04,WH_19,WHOLESALER,2026-03-12 05:10:00,New Delhi,PLANNED
TX0001677,DRUG000559,3,WH_19,RET_009,RETAIL_OUTLET,2026-03-17 15:37:00,Vijayawada,PLANNED
TX0001678,DRUG000560,1,MFG_10,DIST_05,DISTRIBUTOR,2026-09-02 13:04:00,New Delhi,PLANNED
TX0001679,DRUG000560,2,DIST_05,WH_20,WHOLESALER,2026-09-08 05:50:00,Vijayawada,PLANNED
TX0001680,DRUG000560,3,WH_20,RET_010,RETAIL_OUTLET,2026-09-09 16:10:00,Guntur,PLANNED
TX0001681,DRUG000561,1,MFG_01,DIST_06,DISTRIBUTOR,2026-08-07 14:26:00,Vijayawada,PLANNED
TX0001682,DRUG000561,2,DIST_06,WH_01,WHOLESALER,2026-08-11 06:13:00,Guntur,PLANNED
TX0001683,DRUG000561,3,WH_01,RET_011,RETAIL_OUTLET,2026-08-14 17:02:00,Visakhapatnam,PLANNED
TX0001684,DRUG000562,1,MFG_02,DIST_07,DISTRIBUTOR,2026-02-23 08:48:00,Guntur,PLANNED
TX0001685,DRUG000562,2,DIST_07,WH_02,WHOLESALER,2026-03-01 02:05:00,Visakhapatnam,PLANNED
TX0001686,DRUG000562,3,WH_02,RET_012,RETAIL_OUTLET,2026-03-06 19:44:00,Hyderabad,PLANNED
TX0001687,DRUG000563,1,MFG_03,DIST_08,DISTRIBUTOR,2026-03-06 13:05:00,Visakhapatnam,PLANNED
TX0001688,DRUG000563,2,DIST_08,WH_03,WHOLESALER,2026-03-10 23:37:00,Hyderabad,PLANNED
TX0001689,DRUG000563,3,WH_03,RET_013,RETAIL_OUTLET,2026-03-16 15:22:00,Chennai,PLANNED
TX0001690,DRUG000564,1,MFG_04,DIST_09,DISTRIBUTOR,2026-06-23 15:30:00,Hyderabad,PLANNED
TX0001691,DRUG000564,2,DIST_09,WH_04,WHOLESALER,2026-06-26 01:42:00,Chennai,PLANNED
TX0001692,DRUG000564,3,WH_04,RET_014,RETAIL_OUTLET,2026-06-28 10:08:00,Bengaluru,PLANNED
TX0001693,DRUG000565,1,MFG_05,DIST_10,DISTRIBUTOR,2026-07-24 11:47:00,Chennai,PLANNED
TX0001694,DRUG000565,2,DIST_10,WH_05,WHOLESALER,2026-07-26 22:51:00,Bengaluru,PLANNED
TX0001695,DRUG000565,3,WH_05,RET_015,RETAIL_OUTLET,2026-07-29 14:46:00,Pune,PLANNED
TX0001696,DRUG000566,1,MFG_06,DIST_11,DISTRIBUTOR,2026-06-17 11:27:00,Bengaluru,PLANNED
TX0001697,DRUG000566,2,DIST_11,WH_06,WHOLESALER,2026-06-21 20:05:00,Pune,PLANNED
TX0001698,DRUG000566,3,WH_06,RET_016,RETAIL_OUTLET,2026-06-26 09:30:00,Mumbai,PLANNED
TX0001699,DRUG000567,1,MFG_07,DIST_12,DISTRIBUTOR,2026-06-16 15:29:00,Pune,PLANNED
TX0001700,DRUG000567,2,DIST_12,WH_07,WHOLESALER,2026-06-18 03:02:00,Mumbai,PLANNED
TX0001701,DRUG000567,3,WH_07,RET_017,RETAIL_OUTLET,2026-06-23 17:49:00,Kolkata,PLANNED
TX0001702,DRUG000568,1,MFG_08,DIST_13,DISTRIBUTOR,2026-01-21 11:18:00,Mumbai,PLANNED
TX0001703,DRUG000568,2,DIST_13,WH_08,WHOLESALER,2026-01-26 02:14:00,Kolkata,PLANNED
TX0001704,DRUG000568,3,WH_08,RET_018,RETAIL_OUTLET,2026-01-29 14:43:00,New Delhi,PLANNED
TX0001705,DRUG000569,1,MFG_09,DIST_14,DISTRIBUTOR,2026-02-22 08:44:00,Kolkata,PLANNED
TX0001706,DRUG000569,2,DIST_14,WH_09,WHOLESALER,2026-02-27 19:13:00,New Delhi,PLANNED
TX0001707,DRUG000569,3,WH_09,RET_019,RETAIL_OUTLET,2026-03-04 04:59:00,Vijayawada,PLANNED
TX0001708,DRUG000570,1,MFG_10,DIST_15,DISTRIBUTOR,2026-05-17 16:08:00,New Delhi,PLANNED
TX0001709,DRUG000570,2,DIST_15,WH_10,WHOLESALER,2026-05-22 06:28:00,Vijayawada,PLANNED
TX0001710,DRUG000570,3,WH_10,RET_020,RETAIL_OUTLET,2026-05-26 14:39:00,Guntur,PLANNED
TX0001711,DRUG000571,1,MFG_01,DIST_01,DISTRIBUTOR,2026-05-06 12:20:00,Vijayawada,PLANNED
TX0001712,DRUG000571,2,DIST_01,WH_11,WHOLESALER,2026-05-08 21:25:00,Guntur,PLANNED
TX0001713,DRUG000571,3,WH_11,RET_021,RETAIL_OUTLET,2026-05-10 13:05:00,Visakhapatnam,PLANNED
TX0001714,DRUG000572,1,MFG_02,DIST_02,DISTRIBUTOR,2026-04-16 16:39:00,Guntur,PLANNED
TX0001715,DRUG000572,2,DIST_02,WH_12,WHOLESALER,2026-04-19 07:14:00,Visakhapatnam,PLANNED
TX0001716,DRUG000572,3,WH_12,RET_022,RETAIL_OUTLET,2026-04-23 16:03:00,Hyderabad,PLANNED
TX0001717,DRUG000573,1,MFG_03,DIST_03,DISTRIBUTOR,2026-02-25 10:55:00,Visakhapatnam,PLANNED
TX0001718,DRUG000573,2,DIST_03,WH_13,WHOLESALER,2026-02-27 21:44:00,Hyderabad,PLANNED
TX0001719,DRUG000573,3,WH_13,RET_023,RETAIL_OUTLET,2026-03-01 12:03:00,Chennai,PLANNED
TX0001720,DRUG000574,1,MFG_04,DIST_04,DISTRIBUTOR,2026-03-28 09:57:00,Hyderabad,PLANNED
TX0001721,DRUG000574,2,DIST_04,WH_14,WHOLESALER,2026-03-30 20:57:00,Chennai,PLANNED
TX0001722,DRUG000574,3,WH_14,RET_024,RETAIL_OUTLET,2026-04-05 08:57:00,Bengaluru,PLANNED
TX0001723,DRUG000575,1,MFG_05,DIST_05,DISTRIBUTOR,2026-05-11 08:38:00,Chennai,PLANNED
TX0001724,DRUG000575,2,DIST_05,WH_15,WHOLESALER,2026-05-15 19:51:00,Bengaluru,PLANNED
TX0001725,DRUG000575,3,WH_15,RET_025,RETAIL_OUTLET,2026-05-21 14:21:00,Pune,PLANNED
TX0001726,DRUG000576,1,MFG_06,DIST_06,DISTRIBUTOR,2026-05-06 17:38:00,Bengaluru,PLANNED
TX0001727,DRUG000576,2,DIST_06,WH_16,WHOLESALER,2026-05-08 05:34:00,Pune,PLANNED
TX0001728,DRUG000576,3,WH_16,RET_026,RETAIL_OUTLET,2026-05-13 18:13:00,Mumbai,PLANNED
TX0001729,DRUG000577,1,MFG_07,DIST_07,DISTRIBUTOR,2026-06-13 10:03:00,Pune,PLANNED
TX0001730,DRUG000577,2,DIST_07,WH_17,WHOLESALER,2026-06-16 18:12:00,Mumbai,PLANNED
TX0001731,DRUG000577,3,WH_17,RET_027,RETAIL_OUTLET,2026-06-18 12:48:00,Kolkata,PLANNED
TX0001732,DRUG000578,1,MFG_08,DIST_08,DISTRIBUTOR,2026-08-10 08:06:00,Mumbai,PLANNED
TX0001733,DRUG000578,2,DIST_08,WH_18,WHOLESALER,2026-08-14 18:16:00,Kolkata,PLANNED
TX0001734,DRUG000578,3,WH_18,RET_028,RETAIL_OUTLET,2026-08-18 11:58:00,New Delhi,PLANNED
TX0001735,DRUG000579,1,MFG_09,DIST_09,DISTRIBUTOR,2026-07-10 13:59:00,Kolkata,PLANNED
TX0001736,DRUG000579,2,DIST_09,WH_19,WHOLESALER,2026-07-11 23:48:00,New Delhi,PLANNED
TX0001737,DRUG000579,3,WH_19,RET_029,RETAIL_OUTLET,2026-07-15 13:11:00,Vijayawada,PLANNED
TX0001738,DRUG000580,1,MFG_10,DIST_10,DISTRIBUTOR,2026-08-24 16:04:00,New Delhi,PLANNED
TX0001739,DRUG000580,2,DIST_10,WH_20,WHOLESALER,2026-08-28 07:12:00,Vijayawada,PLANNED
TX0001740,DRUG000580,3,WH_20,RET_030,RETAIL_OUTLET,2026-08-29 19:33:00,Guntur,PLANNED
TX0001741,DRUG000581,1,MFG_01,DIST_11,DISTRIBUTOR,2026-05-26 11:39:00,Vijayawada,PLANNED
TX0001742,DRUG000581,2,DIST_11,WH_01,WHOLESALER,2026-05-27 21:15:00,Guntur,PLANNED
TX0001743,DRUG000581,3,WH_01,RET_031,RETAIL_OUTLET,2026-06-02 06:45:00,Visakhapatnam,PLANNED
TX0001744,DRUG000582,1,MFG_02,DIST_12,DISTRIBUTOR,2026-07-17 13:16:00,Guntur,PLANNED
TX0001745,DRUG000582,2,DIST_12,WH_02,WHOLESALER,2026-07-23 06:55:00,Visakhapatnam,PLANNED
TX0001746,DRUG000582,3,WH_02,RET_032,RETAIL_OUTLET,2026-07-26 17:34:00,Hyderabad,PLANNED
TX0001747,DRUG000583,1,MFG_03,DIST_13,DISTRIBUTOR,2026-06-07 15:51:00,Visakhapatnam,PLANNED
TX0001748,DRUG000583,2,DIST_13,WH_03,WHOLESALER,2026-06-10 09:05:00,Hyderabad,PLANNED
TX0001749,DRUG000583,3,WH_03,RET_033,RETAIL_OUTLET,2026-06-13 20:05:00,Chennai,PLANNED
TX0001750,DRUG000584,1,MFG_04,DIST_14,DISTRIBUTOR,2026-02-09 11:51:00,Hyderabad,PLANNED
TX0001751,DRUG000584,2,DIST_14,WH_04,WHOLESALER,2026-02-15 02:17:00,Chennai,PLANNED
TX0001752,DRUG000584,3,WH_04,RET_034,RETAIL_OUTLET,2026-02-16 15:39:00,Bengaluru,PLANNED
TX0001753,DRUG000585,1,MFG_05,DIST_15,DISTRIBUTOR,2026-05-27 12:16:00,Chennai,PLANNED
TX0001754,DRUG000585,2,DIST_15,WH_05,WHOLESALER,2026-05-29 00:35:00,Bengaluru,PLANNED
TX0001755,DRUG000585,3,WH_05,RET_035,RETAIL_OUTLET,2026-06-03 16:55:00,Pune,PLANNED
TX0001756,DRUG000586,1,MFG_06,DIST_01,DISTRIBUTOR,2026-07-21 13:25:00,Bengaluru,PLANNED
TX0001757,DRUG000586,2,DIST_01,WH_06,WHOLESALER,2026-07-27 06:26:00,Pune,PLANNED
TX0001758,DRUG000586,3,WH_06,RET_036,RETAIL_OUTLET,2026-07-29 17:47:00,Mumbai,PLANNED
TX0001759,DRUG000587,1,MFG_07,DIST_02,DISTRIBUTOR,2026-08-14 08:41:00,Pune,PLANNED
TX0001760,DRUG000587,2,DIST_02,WH_07,WHOLESALER,2026-08-16 23:50:00,Mumbai,PLANNED
TX0001761,DRUG000587,3,WH_07,RET_037,RETAIL_OUTLET,2026-08-21 16:47:00,Kolkata,PLANNED
TX0001762,DRUG000588,1,MFG_08,DIST_03,DISTRIBUTOR,2026-04-04 16:19:00,Mumbai,PLANNED
TX0001763,DRUG000588,2,DIST_03,WH_08,WHOLESALER,2026-04-10 10:39:00,Kolkata,PLANNED
TX0001764,DRUG000588,3,WH_08,RET_038,RETAIL_OUTLET,2026-04-16 02:40:00,New Delhi,PLANNED
TX0001765,DRUG000589,1,MFG_09,DIST_04,DISTRIBUTOR,2026-03-02 10:17:00,Kolkata,PLANNED
TX0001766,DRUG000589,2,DIST_04,WH_09,WHOLESALER,2026-03-03 23:41:00,New Delhi,PLANNED
TX0001767,DRUG000589,3,WH_09,RET_039,RETAIL_OUTLET,2026-03-09 10:17:00,Vijayawada,PLANNED
TX0001768,DRUG000590,1,MFG_10,DIST_05,DISTRIBUTOR,2026-06-13 09:55:00,New Delhi,PLANNED
TX0001769,DRUG000590,2,DIST_05,WH_10,WHOLESALER,2026-06-16 23:40:00,Vijayawada,PLANNED
TX0001770,DRUG000590,3,WH_10,RET_040,RETAIL_OUTLET,2026-06-18 12:06:00,Guntur,PLANNED
TX0001771,DRUG000591,1,MFG_01,DIST_06,DISTRIBUTOR,2026-01-30 15:53:00,Vijayawada,PLANNED
TX0001772,DRUG000591,2,DIST_06,WH_11,WHOLESALER,2026-02-03 03:26:00,Guntur,PLANNED
TX0001773,DRUG000591,3,WH_11,RET_041,RETAIL_OUTLET,2026-02-06 13:33:00,Visakhapatnam,PLANNED
TX0001774,DRUG000592,1,MFG_02,DIST_07,DISTRIBUTOR,2026-04-11 15:32:00,Guntur,PLANNED
TX0001775,DRUG000592,2,DIST_07,WH_12,WHOLESALER,2026-04-13 07:29:00,Visakhapatnam,PLANNED
TX0001776,DRUG000592,3,WH_12,RET_042,RETAIL_OUTLET,2026-04-18 17:41:00,Hyderabad,PLANNED
TX0001777,DRUG000593,1,MFG_03,DIST_08,DISTRIBUTOR,2026-04-10 13:09:00,Visakhapatnam,PLANNED
TX0001778,DRUG000593,2,DIST_08,WH_13,WHOLESALER,2026-04-12 05:52:00,Hyderabad,PLANNED
TX0001779,DRUG000593,3,WH_13,RET_043,RETAIL_OUTLET,2026-04-14 17:38:00,Chennai,PLANNED
TX0001780,DRUG000594,1,MFG_04,DIST_09,DISTRIBUTOR,2026-01-22 09:00:00,Hyderabad,PLANNED
TX0001781,DRUG000594,2,DIST_09,WH_14,WHOLESALER,2026-01-25 17:43:00,Chennai,PLANNED
TX0001782,DRUG000594,3,WH_14,RET_044,RETAIL_OUTLET,2026-01-31 03:04:00,Bengaluru,PLANNED
TX0001783,DRUG000595,1,MFG_05,DIST_10,DISTRIBUTOR,2026-05-07 18:47:00,Chennai,PLANNED
TX0001784,DRUG000595,2,DIST_10,WH_15,WHOLESALER,2026-05-11 03:23:00,Bengaluru,PLANNED
TX0001785,DRUG000595,3,WH_15,RET_045,RETAIL_OUTLET,2026-05-14 22:20:00,Pune,PLANNED
TX0001786,DRUG000596,1,MFG_06,DIST_11,DISTRIBUTOR,2026-03-01 12:17:00,Bengaluru,PLANNED
TX0001787,DRUG000596,2,DIST_11,WH_16,WHOLESALER,2026-03-07 02:06:00,Pune,PLANNED
TX0001788,DRUG000596,3,WH_16,RET_046,RETAIL_OUTLET,2026-03-11 20:13:00,Mumbai,PLANNED
TX0001789,DRUG000597,1,MFG_07,DIST_12,DISTRIBUTOR,2026-03-17 09:00:00,Pune,PLANNED
TX0001790,DRUG000597,2,DIST_12,WH_17,WHOLESALER,2026-03-23 01:32:00,Mumbai,PLANNED
TX0001791,DRUG000597,3,WH_17,RET_047,RETAIL_OUTLET,2026-03-24 13:06:00,Kolkata,PLANNED
TX0001792,DRUG000598,1,MFG_08,DIST_13,DISTRIBUTOR,2026-04-07 12:36:00,Mumbai,PLANNED
TX0001793,DRUG000598,2,DIST_13,WH_18,WHOLESALER,2026-04-09 22:40:00,Kolkata,PLANNED
TX0001794,DRUG000598,3,WH_18,RET_048,RETAIL_OUTLET,2026-04-13 16:37:00,New Delhi,PLANNED
TX0001795,DRUG000599,1,MFG_09,DIST_14,DISTRIBUTOR,2026-03-31 08:30:00,Kolkata,PLANNED
TX0001796,DRUG000599,2,DIST_14,WH_19,WHOLESALER,2026-04-01 17:54:00,New Delhi,PLANNED
TX0001797,DRUG000599,3,WH_19,RET_049,RETAIL_OUTLET,2026-04-03 03:21:00,Vijayawada,PLANNED
TX0001798,DRUG000600,1,MFG_10,DIST_15,DISTRIBUTOR,2026-04-26 18:53:00,New Delhi,PLANNED
TX0001799,DRUG000600,2,DIST_15,WH_20,WHOLESALER,2026-05-01 12:15:00,Vijayawada,PLANNED
TX0001800,DRUG000600,3,WH_20,RET_050,RETAIL_OUTLET,2026-05-05 02:07:00,Guntur,PLANNED
TX0001801,DRUG000601,1,MFG_01,DIST_01,DISTRIBUTOR,2026-03-05 10:05:00,Vijayawada,PLANNED
TX0001802,DRUG000601,2,DIST_01,WH_01,WHOLESALER,2026-03-09 19:34:00,Guntur,PLANNED
TX0001803,DRUG000601,3,WH_01,RET_001,RETAIL_OUTLET,2026-03-13 14:15:00,Visakhapatnam,PLANNED
TX0001804,DRUG000602,1,MFG_02,DIST_02,DISTRIBUTOR,2026-07-11 11:09:00,Guntur,PLANNED
TX0001805,DRUG000602,2,DIST_02,WH_02,WHOLESALER,2026-07-17 00:07:00,Visakhapatnam,PLANNED
TX0001806,DRUG000602,3,WH_02,RET_002,RETAIL_OUTLET,2026-07-20 14:18:00,Hyderabad,PLANNED
TX0001807,DRUG000603,1,MFG_03,DIST_03,DISTRIBUTOR,2026-07-09 15:01:00,Visakhapatnam,PLANNED
TX0001808,DRUG000603,2,DIST_03,WH_03,WHOLESALER,2026-07-11 06:08:00,Hyderabad,PLANNED
TX0001809,DRUG000603,3,WH_03,RET_003,RETAIL_OUTLET,2026-07-14 21:37:00,Chennai,PLANNED
TX0001810,DRUG000604,1,MFG_04,DIST_04,DISTRIBUTOR,2026-08-13 17:36:00,Hyderabad,PLANNED
TX0001811,DRUG000604,2,DIST_04,WH_04,WHOLESALER,2026-08-16 09:42:00,Chennai,PLANNED
TX0001812,DRUG000604,3,WH_04,RET_004,RETAIL_OUTLET,2026-08-20 19:02:00,Bengaluru,PLANNED
TX0001813,DRUG000605,1,MFG_05,DIST_05,DISTRIBUTOR,2026-06-02 15:25:00,Chennai,PLANNED
TX0001814,DRUG000605,2,DIST_05,WH_05,WHOLESALER,2026-06-08 05:40:00,Bengaluru,PLANNED
TX0001815,DRUG000605,3,WH_05,RET_005,RETAIL_OUTLET,2026-06-13 17:15:00,Pune,PLANNED
TX0001816,DRUG000606,1,MFG_06,DIST_06,DISTRIBUTOR,2026-02-18 13:13:00,Bengaluru,PLANNED
TX0001817,DRUG000606,2,DIST_06,WH_06,WHOLESALER,2026-02-24 04:03:00,Pune,PLANNED
TX0001818,DRUG000606,3,WH_06,RET_006,RETAIL_OUTLET,2026-02-28 21:53:00,Mumbai,PLANNED
TX0001819,DRUG000607,1,MFG_07,DIST_07,DISTRIBUTOR,2026-04-02 17:53:00,Pune,PLANNED
TX0001820,DRUG000607,2,DIST_07,WH_07,WHOLESALER,2026-04-07 03:30:00,Mumbai,PLANNED
TX0001821,DRUG000607,3,WH_07,RET_007,RETAIL_OUTLET,2026-04-12 18:50:00,Kolkata,PLANNED
TX0001822,DRUG000608,1,MFG_08,DIST_08,DISTRIBUTOR,2026-06-02 12:25:00,Mumbai,PLANNED
TX0001823,DRUG000608,2,DIST_08,WH_08,WHOLESALER,2026-06-04 05:31:00,Kolkata,PLANNED
TX0001824,DRUG000608,3,WH_08,RET_008,RETAIL_OUTLET,2026-06-09 19:51:00,New Delhi,PLANNED
TX0001825,DRUG000609,1,MFG_09,DIST_09,DISTRIBUTOR,2026-05-11 10:56:00,Kolkata,PLANNED
TX0001826,DRUG000609,2,DIST_09,WH_09,WHOLESALER,2026-05-17 05:47:00,New Delhi,PLANNED
TX0001827,DRUG000609,3,WH_09,RET_009,RETAIL_OUTLET,2026-05-18 16:29:00,Vijayawada,PLANNED
TX0001828,DRUG000610,1,MFG_10,DIST_10,DISTRIBUTOR,2026-02-20 14:39:00,New Delhi,PLANNED
TX0001829,DRUG000610,2,DIST_10,WH_10,WHOLESALER,2026-02-26 05:51:00,Vijayawada,PLANNED
TX0001830,DRUG000610,3,WH_10,RET_010,RETAIL_OUTLET,2026-03-01 00:47:00,Guntur,PLANNED
TX0001831,DRUG000611,1,MFG_01,DIST_11,DISTRIBUTOR,2026-04-05 14:45:00,Vijayawada,PLANNED
TX0001832,DRUG000611,2,DIST_11,WH_11,WHOLESALER,2026-04-09 00:22:00,Guntur,PLANNED
TX0001833,DRUG000611,3,WH_11,RET_011,RETAIL_OUTLET,2026-04-10 17:54:00,Visakhapatnam,PLANNED
TX0001834,DRUG000612,1,MFG_02,DIST_12,DISTRIBUTOR,2026-04-20 13:57:00,Guntur,PLANNED
TX0001835,DRUG000612,2,DIST_12,WH_12,WHOLESALER,2026-04-25 21:57:00,Visakhapatnam,PLANNED
TX0001836,DRUG000612,3,WH_12,RET_012,RETAIL_OUTLET,2026-05-01 11:04:00,Hyderabad,PLANNED
TX0001837,DRUG000613,1,MFG_03,DIST_13,DISTRIBUTOR,2026-08-12 14:44:00,Visakhapatnam,PLANNED
TX0001838,DRUG000613,2,DIST_13,WH_13,WHOLESALER,2026-08-18 05:24:00,Hyderabad,PLANNED
TX0001839,DRUG000613,3,WH_13,RET_013,RETAIL_OUTLET,2026-08-21 19:49:00,Chennai,PLANNED
TX0001840,DRUG000614,1,MFG_04,DIST_14,DISTRIBUTOR,2026-04-19 18:11:00,Hyderabad,PLANNED
TX0001841,DRUG000614,2,DIST_14,WH_14,WHOLESALER,2026-04-24 04:23:00,Chennai,PLANNED
TX0001842,DRUG000614,3,WH_14,RET_014,RETAIL_OUTLET,2026-04-29 19:16:00,Bengaluru,PLANNED
TX0001843,DRUG000615,1,MFG_05,DIST_15,DISTRIBUTOR,2026-09-03 12:55:00,Chennai,PLANNED
TX0001844,DRUG000615,2,DIST_15,WH_15,WHOLESALER,2026-09-05 22:55:00,Bengaluru,PLANNED
TX0001845,DRUG000615,3,WH_15,RET_015,RETAIL_OUTLET,2026-09-07 16:56:00,Pune,PLANNED
TX0001846,DRUG000616,1,MFG_06,DIST_01,DISTRIBUTOR,2026-02-15 09:08:00,Bengaluru,PLANNED
TX0001847,DRUG000616,2,DIST_01,WH_16,WHOLESALER,2026-02-20 01:05:00,Pune,PLANNED
TX0001848,DRUG000616,3,WH_16,RET_016,RETAIL_OUTLET,2026-02-25 15:44:00,Mumbai,PLANNED
TX0001849,DRUG000617,1,MFG_07,DIST_02,DISTRIBUTOR,2026-03-01 16:52:00,Pune,PLANNED
TX0001850,DRUG000617,2,DIST_02,WH_17,WHOLESALER,2026-03-06 07:14:00,Mumbai,PLANNED
TX0001851,DRUG000617,3,WH_17,RET_017,RETAIL_OUTLET,2026-03-08 17:41:00,Kolkata,PLANNED
TX0001852,DRUG000618,1,MFG_08,DIST_03,DISTRIBUTOR,2026-06-18 11:45:00,Mumbai,PLANNED
TX0001853,DRUG000618,2,DIST_03,WH_18,WHOLESALER,2026-06-24 00:11:00,Kolkata,PLANNED
TX0001854,DRUG000618,3,WH_18,RET_018,RETAIL_OUTLET,2026-06-29 17:34:00,New Delhi,PLANNED
TX0001855,DRUG000619,1,MFG_09,DIST_04,DISTRIBUTOR,2026-01-23 13:07:00,Kolkata,PLANNED
TX0001856,DRUG000619,2,DIST_04,WH_19,WHOLESALER,2026-01-29 04:51:00,New Delhi,PLANNED
TX0001857,DRUG000619,3,WH_19,RET_019,RETAIL_OUTLET,2026-01-30 15:37:00,Vijayawada,PLANNED
TX0001858,DRUG000620,1,MFG_10,DIST_05,DISTRIBUTOR,2026-07-20 09:33:00,New Delhi,PLANNED
TX0001859,DRUG000620,2,DIST_05,WH_20,WHOLESALER,2026-07-25 18:48:00,Vijayawada,PLANNED
TX0001860,DRUG000620,3,WH_20,RET_020,RETAIL_OUTLET,2026-07-30 13:35:00,Guntur,PLANNED
TX0001861,DRUG000621,1,MFG_01,DIST_06,DISTRIBUTOR,2026-07-03 12:39:00,Vijayawada,PLANNED
TX0001862,DRUG000621,2,DIST_06,WH_01,WHOLESALER,2026-07-05 02:13:00,Guntur,PLANNED
TX0001863,DRUG000621,3,WH_01,RET_021,RETAIL_OUTLET,2026-07-06 17:42:00,Visakhapatnam,PLANNED
TX0001864,DRUG000622,1,MFG_02,DIST_07,DISTRIBUTOR,2026-05-25 14:22:00,Guntur,PLANNED
TX0001865,DRUG000622,2,DIST_07,WH_02,WHOLESALER,2026-05-29 02:32:00,Visakhapatnam,PLANNED
TX0001866,DRUG000622,3,WH_02,RET_022,RETAIL_OUTLET,2026-05-30 20:19:00,Hyderabad,PLANNED
TX0001867,DRUG000623,1,MFG_03,DIST_08,DISTRIBUTOR,2026-03-24 17:10:00,Visakhapatnam,PLANNED
TX0001868,DRUG000623,2,DIST_08,WH_03,WHOLESALER,2026-03-30 01:52:00,Hyderabad,PLANNED
TX0001869,DRUG000623,3,WH_03,RET_023,RETAIL_OUTLET,2026-04-02 18:53:00,Chennai,PLANNED
TX0001870,DRUG000624,1,MFG_04,DIST_09,DISTRIBUTOR,2026-03-19 16:04:00,Hyderabad,PLANNED
TX0001871,DRUG000624,2,DIST_09,WH_04,WHOLESALER,2026-03-23 04:12:00,Chennai,PLANNED
TX0001872,DRUG000624,3,WH_04,RET_024,RETAIL_OUTLET,2026-03-28 16:29:00,Bengaluru,PLANNED
TX0001873,DRUG000625,1,MFG_05,DIST_10,DISTRIBUTOR,2026-08-10 17:11:00,Chennai,PLANNED
TX0001874,DRUG000625,2,DIST_10,WH_05,WHOLESALER,2026-08-16 03:53:00,Bengaluru,PLANNED
TX0001875,DRUG000625,3,WH_05,RET_025,RETAIL_OUTLET,2026-08-20 17:44:00,Pune,PLANNED
TX0001876,DRUG000626,1,MFG_06,DIST_11,DISTRIBUTOR,2026-02-22 10:51:00,Bengaluru,PLANNED
TX0001877,DRUG000626,2,DIST_11,WH_06,WHOLESALER,2026-02-27 19:12:00,Pune,PLANNED
TX0001878,DRUG000626,3,WH_06,RET_026,RETAIL_OUTLET,2026-03-01 05:50:00,Mumbai,PLANNED
TX0001879,DRUG000627,1,MFG_07,DIST_12,DISTRIBUTOR,2026-09-09 14:15:00,Pune,PLANNED
TX0001880,DRUG000627,2,DIST_12,WH_07,WHOLESALER,2026-09-14 08:25:00,Mumbai,PLANNED
TX0001881,DRUG000627,3,WH_07,RET_027,RETAIL_OUTLET,2026-09-17 02:11:00,Kolkata,PLANNED
TX0001882,DRUG000628,1,MFG_08,DIST_13,DISTRIBUTOR,2026-08-08 09:03:00,Mumbai,PLANNED
TX0001883,DRUG000628,2,DIST_13,WH_08,WHOLESALER,2026-08-11 00:28:00,Kolkata,PLANNED
TX0001884,DRUG000628,3,WH_08,RET_028,RETAIL_OUTLET,2026-08-15 12:58:00,New Delhi,PLANNED
TX0001885,DRUG000629,1,MFG_09,DIST_14,DISTRIBUTOR,2026-07-22 15:16:00,Kolkata,PLANNED
TX0001886,DRUG000629,2,DIST_14,WH_09,WHOLESALER,2026-07-25 08:11:00,New Delhi,PLANNED
TX0001887,DRUG000629,3,WH_09,RET_029,RETAIL_OUTLET,2026-07-29 16:29:00,Vijayawada,PLANNED
TX0001888,DRUG000630,1,MFG_10,DIST_15,DISTRIBUTOR,2026-09-05 16:43:00,New Delhi,PLANNED
TX0001889,DRUG000630,2,DIST_15,WH_10,WHOLESALER,2026-09-07 02:41:00,Vijayawada,PLANNED
TX0001890,DRUG000630,3,WH_10,RET_030,RETAIL_OUTLET,2026-09-12 21:03:00,Guntur,PLANNED
TX0001891,DRUG000631,1,MFG_01,DIST_01,DISTRIBUTOR,2026-08-18 13:17:00,Vijayawada,PLANNED
TX0001892,DRUG000631,2,DIST_01,WH_11,WHOLESALER,2026-08-21 22:33:00,Guntur,PLANNED
TX0001893,DRUG000631,3,WH_11,RET_031,RETAIL_OUTLET,2026-08-27 13:02:00,Visakhapatnam,PLANNED
TX0001894,DRUG000632,1,MFG_02,DIST_02,DISTRIBUTOR,2026-07-29 16:21:00,Guntur,PLANNED
TX0001895,DRUG000632,2,DIST_02,WH_12,WHOLESALER,2026-08-01 05:56:00,Visakhapatnam,PLANNED
TX0001896,DRUG000632,3,WH_12,RET_032,RETAIL_OUTLET,2026-08-02 23:56:00,Hyderabad,PLANNED
TX0001897,DRUG000633,1,MFG_03,DIST_03,DISTRIBUTOR,2026-08-06 09:33:00,Visakhapatnam,PLANNED
TX0001898,DRUG000633,2,DIST_03,WH_13,WHOLESALER,2026-08-08 04:01:00,Hyderabad,PLANNED
TX0001899,DRUG000633,3,WH_13,RET_033,RETAIL_OUTLET,2026-08-11 15:47:00,Chennai,PLANNED
TX0001900,DRUG000634,1,MFG_04,DIST_04,DISTRIBUTOR,2026-03-19 08:39:00,Hyderabad,PLANNED
TX0001901,DRUG000634,2,DIST_04,WH_14,WHOLESALER,2026-03-20 17:17:00,Chennai,PLANNED
TX0001902,DRUG000634,3,WH_14,RET_034,RETAIL_OUTLET,2026-03-23 10:57:00,Bengaluru,PLANNED
TX0001903,DRUG000635,1,MFG_05,DIST_05,DISTRIBUTOR,2026-02-08 10:24:00,Chennai,PLANNED
TX0001904,DRUG000635,2,DIST_05,WH_15,WHOLESALER,2026-02-13 21:21:00,Bengaluru,PLANNED
TX0001905,DRUG000635,3,WH_15,RET_035,RETAIL_OUTLET,2026-02-15 07:37:00,Pune,PLANNED
TX0001906,DRUG000636,1,MFG_06,DIST_06,DISTRIBUTOR,2026-03-23 12:49:00,Bengaluru,PLANNED
TX0001907,DRUG000636,2,DIST_06,WH_16,WHOLESALER,2026-03-28 07:38:00,Pune,PLANNED
TX0001908,DRUG000636,3,WH_16,RET_036,RETAIL_OUTLET,2026-03-31 19:48:00,Mumbai,PLANNED
TX0001909,DRUG000637,1,MFG_07,DIST_07,DISTRIBUTOR,2026-07-25 14:24:00,Pune,PLANNED
TX0001910,DRUG000637,2,DIST_07,WH_17,WHOLESALER,2026-07-28 22:40:00,Mumbai,PLANNED
TX0001911,DRUG000637,3,WH_17,RET_037,RETAIL_OUTLET,2026-08-01 09:08:00,Kolkata,PLANNED
TX0001912,DRUG000638,1,MFG_08,DIST_08,DISTRIBUTOR,2026-01-27 14:11:00,Mumbai,PLANNED
TX0001913,DRUG000638,2,DIST_08,WH_18,WHOLESALER,2026-01-31 23:20:00,Kolkata,PLANNED
TX0001914,DRUG000638,3,WH_18,RET_038,RETAIL_OUTLET,2026-02-06 13:33:00,New Delhi,PLANNED
TX0001915,DRUG000639,1,MFG_09,DIST_09,DISTRIBUTOR,2026-06-18 09:02:00,Kolkata,PLANNED
TX0001916,DRUG000639,2,DIST_09,WH_19,WHOLESALER,2026-06-19 18:38:00,New Delhi,PLANNED
TX0001917,DRUG000639,3,WH_19,RET_039,RETAIL_OUTLET,2026-06-23 09:39:00,Vijayawada,PLANNED
TX0001918,DRUG000640,1,MFG_10,DIST_10,DISTRIBUTOR,2026-08-22 08:42:00,New Delhi,PLANNED
TX0001919,DRUG000640,2,DIST_10,WH_20,WHOLESALER,2026-08-26 20:51:00,Vijayawada,PLANNED
TX0001920,DRUG000640,3,WH_20,RET_040,RETAIL_OUTLET,2026-08-30 11:27:00,Guntur,PLANNED
TX0001921,DRUG000641,1,MFG_01,DIST_11,DISTRIBUTOR,2026-01-13 14:54:00,Vijayawada,PLANNED
TX0001922,DRUG000641,2,DIST_11,WH_01,WHOLESALER,2026-01-15 07:08:00,Guntur,PLANNED
TX0001923,DRUG000641,3,WH_01,RET_041,RETAIL_OUTLET,2026-01-16 21:52:00,Visakhapatnam,PLANNED
TX0001924,DRUG000642,1,MFG_02,DIST_12,DISTRIBUTOR,2026-08-05 16:59:00,Guntur,PLANNED
TX0001925,DRUG000642,2,DIST_12,WH_02,WHOLESALER,2026-08-09 06:42:00,Visakhapatnam,PLANNED
TX0001926,DRUG000642,3,WH_02,RET_042,RETAIL_OUTLET,2026-08-12 20:45:00,Hyderabad,PLANNED
TX0001927,DRUG000643,1,MFG_03,DIST_13,DISTRIBUTOR,2026-06-22 13:05:00,Visakhapatnam,PLANNED
TX0001928,DRUG000643,2,DIST_13,WH_03,WHOLESALER,2026-06-27 01:46:00,Hyderabad,PLANNED
TX0001929,DRUG000643,3,WH_03,RET_043,RETAIL_OUTLET,2026-06-29 12:21:00,Chennai,PLANNED
TX0001930,DRUG000644,1,MFG_04,DIST_14,DISTRIBUTOR,2026-01-18 14:57:00,Hyderabad,PLANNED
TX0001931,DRUG000644,2,DIST_14,WH_04,WHOLESALER,2026-01-20 09:41:00,Chennai,PLANNED
TX0001932,DRUG000644,3,WH_04,RET_044,RETAIL_OUTLET,2026-01-24 00:46:00,Bengaluru,PLANNED
TX0001933,DRUG000645,1,MFG_05,DIST_15,DISTRIBUTOR,2026-08-21 08:12:00,Chennai,PLANNED
TX0001934,DRUG000645,2,DIST_15,WH_05,WHOLESALER,2026-08-23 01:27:00,Bengaluru,PLANNED
TX0001935,DRUG000645,3,WH_05,RET_045,RETAIL_OUTLET,2026-08-27 15:31:00,Pune,PLANNED
TX0001936,DRUG000646,1,MFG_06,DIST_01,DISTRIBUTOR,2026-08-04 15:01:00,Bengaluru,PLANNED
TX0001937,DRUG000646,2,DIST_01,WH_06,WHOLESALER,2026-08-06 04:04:00,Pune,PLANNED
TX0001938,DRUG000646,3,WH_06,RET_046,RETAIL_OUTLET,2026-08-09 12:29:00,Mumbai,PLANNED
TX0001939,DRUG000647,1,MFG_07,DIST_02,DISTRIBUTOR,2026-02-13 18:55:00,Pune,PLANNED
TX0001940,DRUG000647,2,DIST_02,WH_07,WHOLESALER,2026-02-19 05:42:00,Mumbai,PLANNED
TX0001941,DRUG000647,3,WH_07,RET_047,RETAIL_OUTLET,2026-02-24 17:41:00,Kolkata,PLANNED
TX0001942,DRUG000648,1,MFG_08,DIST_03,DISTRIBUTOR,2026-01-26 18:01:00,Mumbai,PLANNED
TX0001943,DRUG000648,2,DIST_03,WH_08,WHOLESALER,2026-01-31 11:03:00,Kolkata,PLANNED
TX0001944,DRUG000648,3,WH_08,RET_048,RETAIL_OUTLET,2026-02-03 05:11:00,New Delhi,PLANNED
TX0001945,DRUG000649,1,MFG_09,DIST_04,DISTRIBUTOR,2026-01-08 09:29:00,Kolkata,PLANNED
TX0001946,DRUG000649,2,DIST_04,WH_09,WHOLESALER,2026-01-13 20:22:00,New Delhi,PLANNED
TX0001947,DRUG000649,3,WH_09,RET_049,RETAIL_OUTLET,2026-01-19 06:14:00,Vijayawada,PLANNED
TX0001948,DRUG000650,1,MFG_10,DIST_05,DISTRIBUTOR,2026-08-04 17:51:00,New Delhi,PLANNED
TX0001949,DRUG000650,2,DIST_05,WH_10,WHOLESALER,2026-08-10 04:55:00,Vijayawada,PLANNED
TX0001950,DRUG000650,3,WH_10,RET_050,RETAIL_OUTLET,2026-08-12 19:16:00,Guntur,PLANNED
TX0001951,DRUG000651,1,MFG_01,DIST_06,DISTRIBUTOR,2026-08-03 18:36:00,Vijayawada,PLANNED
TX0001952,DRUG000651,2,DIST_06,WH_11,WHOLESALER,2026-08-09 04:56:00,Guntur,PLANNED
TX0001953,DRUG000651,3,WH_11,RET_001,RETAIL_OUTLET,2026-08-11 13:33:00,Visakhapatnam,PLANNED
TX0001954,DRUG000652,1,MFG_02,DIST_07,DISTRIBUTOR,2026-02-17 12:09:00,Guntur,PLANNED
TX0001955,DRUG000652,2,DIST_07,WH_12,WHOLESALER,2026-02-21 22:53:00,Visakhapatnam,PLANNED
TX0001956,DRUG000652,3,WH_12,RET_002,RETAIL_OUTLET,2026-02-25 15:03:00,Hyderabad,PLANNED
TX0001957,DRUG000653,1,MFG_03,DIST_08,DISTRIBUTOR,2026-05-04 10:06:00,Visakhapatnam,PLANNED
TX0001958,DRUG000653,2,DIST_08,WH_13,WHOLESALER,2026-05-10 00:55:00,Hyderabad,PLANNED
TX0001959,DRUG000653,3,WH_13,RET_003,RETAIL_OUTLET,2026-05-12 09:51:00,Chennai,PLANNED
TX0001960,DRUG000654,1,MFG_04,DIST_09,DISTRIBUTOR,2026-05-07 10:59:00,Hyderabad,PLANNED
TX0001961,DRUG000654,2,DIST_09,WH_14,WHOLESALER,2026-05-09 05:36:00,Chennai,PLANNED
TX0001962,DRUG000654,3,WH_14,RET_004,RETAIL_OUTLET,2026-05-12 20:20:00,Bengaluru,PLANNED
TX0001963,DRUG000655,1,MFG_05,DIST_10,DISTRIBUTOR,2026-07-31 10:40:00,Chennai,PLANNED
TX0001964,DRUG000655,2,DIST_10,WH_15,WHOLESALER,2026-08-04 03:08:00,Bengaluru,PLANNED
TX0001965,DRUG000655,3,WH_15,RET_005,RETAIL_OUTLET,2026-08-08 14:19:00,Pune,PLANNED
TX0001966,DRUG000656,1,MFG_06,DIST_11,DISTRIBUTOR,2026-06-18 15:39:00,Bengaluru,PLANNED
TX0001967,DRUG000656,2,DIST_11,WH_16,WHOLESALER,2026-06-20 10:31:00,Pune,PLANNED
TX0001968,DRUG000656,3,WH_16,RET_006,RETAIL_OUTLET,2026-06-23 23:57:00,Mumbai,PLANNED
TX0001969,DRUG000657,1,MFG_07,DIST_12,DISTRIBUTOR,2026-01-07 16:06:00,Pune,PLANNED
TX0001970,DRUG000657,2,DIST_12,WH_17,WHOLESALER,2026-01-13 06:01:00,Mumbai,PLANNED
TX0001971,DRUG000657,3,WH_17,RET_007,RETAIL_OUTLET,2026-01-18 22:15:00,Kolkata,PLANNED
TX0001972,DRUG000658,1,MFG_08,DIST_13,DISTRIBUTOR,2026-05-05 11:07:00,Mumbai,PLANNED
TX0001973,DRUG000658,2,DIST_13,WH_18,WHOLESALER,2026-05-08 06:01:00,Kolkata,PLANNED
TX0001974,DRUG000658,3,WH_18,RET_008,RETAIL_OUTLET,2026-05-12 21:12:00,New Delhi,PLANNED
TX0001975,DRUG000659,1,MFG_09,DIST_14,DISTRIBUTOR,2026-02-14 12:13:00,Kolkata,PLANNED
TX0001976,DRUG000659,2,DIST_14,WH_19,WHOLESALER,2026-02-19 00:34:00,New Delhi,PLANNED
TX0001977,DRUG000659,3,WH_19,RET_009,RETAIL_OUTLET,2026-02-24 15:36:00,Vijayawada,PLANNED
TX0001978,DRUG000660,1,MFG_10,DIST_15,DISTRIBUTOR,2026-02-07 10:50:00,New Delhi,PLANNED
TX0001979,DRUG000660,2,DIST_15,WH_20,WHOLESALER,2026-02-09 02:22:00,Vijayawada,PLANNED
TX0001980,DRUG000660,3,WH_20,RET_010,RETAIL_OUTLET,2026-02-10 12:19:00,Guntur,PLANNED
TX0001981,DRUG000661,1,MFG_01,DIST_01,DISTRIBUTOR,2026-03-17 13:26:00,Vijayawada,PLANNED
TX0001982,DRUG000661,2,DIST_01,WH_01,WHOLESALER,2026-03-20 08:23:00,Guntur,PLANNED
TX0001983,DRUG000661,3,WH_01,RET_011,RETAIL_OUTLET,2026-03-23 20:12:00,Visakhapatnam,PLANNED
TX0001984,DRUG000662,1,MFG_02,DIST_02,DISTRIBUTOR,2026-02-03 11:47:00,Guntur,PLANNED
TX0001985,DRUG000662,2,DIST_02,WH_02,WHOLESALER,2026-02-07 23:11:00,Visakhapatnam,PLANNED
TX0001986,DRUG000662,3,WH_02,RET_012,RETAIL_OUTLET,2026-02-10 08:41:00,Hyderabad,PLANNED
TX0001987,DRUG000663,1,MFG_03,DIST_03,DISTRIBUTOR,2026-06-04 10:13:00,Visakhapatnam,PLANNED
TX0001988,DRUG000663,2,DIST_03,WH_03,WHOLESALER,2026-06-10 01:24:00,Hyderabad,PLANNED
TX0001989,DRUG000663,3,WH_03,RET_013,RETAIL_OUTLET,2026-06-14 14:32:00,Chennai,PLANNED
TX0001990,DRUG000664,1,MFG_04,DIST_04,DISTRIBUTOR,2026-05-07 11:21:00,Hyderabad,PLANNED
TX0001991,DRUG000664,2,DIST_04,WH_04,WHOLESALER,2026-05-09 20:05:00,Chennai,PLANNED
TX0001992,DRUG000664,3,WH_04,RET_014,RETAIL_OUTLET,2026-05-15 04:22:00,Bengaluru,PLANNED
TX0001993,DRUG000665,1,MFG_05,DIST_05,DISTRIBUTOR,2026-02-16 14:10:00,Chennai,PLANNED
TX0001994,DRUG000665,2,DIST_05,WH_05,WHOLESALER,2026-02-20 02:06:00,Bengaluru,PLANNED
TX0001995,DRUG000665,3,WH_05,RET_015,RETAIL_OUTLET,2026-02-23 19:16:00,Pune,PLANNED
TX0001996,DRUG000666,1,MFG_06,DIST_06,DISTRIBUTOR,2026-08-06 11:05:00,Bengaluru,PLANNED
TX0001997,DRUG000666,2,DIST_06,WH_06,WHOLESALER,2026-08-11 03:36:00,Pune,PLANNED
TX0001998,DRUG000666,3,WH_06,RET_016,RETAIL_OUTLET,2026-08-13 21:06:00,Mumbai,PLANNED
TX0001999,DRUG000667,1,MFG_07,DIST_07,DISTRIBUTOR,2026-08-09 14:47:00,Pune,PLANNED
TX0002000,DRUG000667,2,DIST_07,WH_07,WHOLESALER,2026-08-12 02:07:00,Mumbai,PLANNED
TX0002001,DRUG000667,3,WH_07,RET_017,RETAIL_OUTLET,2026-08-16 19:21:00,Kolkata,PLANNED
TX0002002,DRUG000668,1,MFG_08,DIST_08,DISTRIBUTOR,2026-08-28 14:02:00,Mumbai,PLANNED
TX0002003,DRUG000668,2,DIST_08,WH_08,WHOLESALER,2026-08-30 05:48:00,Kolkata,PLANNED
TX0002004,DRUG000668,3,WH_08,RET_018,RETAIL_OUTLET,2026-09-04 14:15:00,New Delhi,PLANNED
TX0002005,DRUG000669,1,MFG_09,DIST_09,DISTRIBUTOR,2026-05-25 15:31:00,Kolkata,PLANNED
TX0002006,DRUG000669,2,DIST_09,WH_09,WHOLESALER,2026-05-28 01:06:00,New Delhi,PLANNED
TX0002007,DRUG000669,3,WH_09,RET_019,RETAIL_OUTLET,2026-05-29 15:19:00,Vijayawada,PLANNED
TX0002008,DRUG000670,1,MFG_10,DIST_10,DISTRIBUTOR,2026-02-10 18:05:00,New Delhi,PLANNED
TX0002009,DRUG000670,2,DIST_10,WH_10,WHOLESALER,2026-02-12 09:47:00,Vijayawada,PLANNED
TX0002010,DRUG000670,3,WH_10,RET_020,RETAIL_OUTLET,2026-02-15 20:32:00,Guntur,PLANNED
TX0002011,DRUG000671,1,MFG_01,DIST_11,DISTRIBUTOR,2026-05-10 10:55:00,Vijayawada,PLANNED
TX0002012,DRUG000671,2,DIST_11,WH_11,WHOLESALER,2026-05-14 21:45:00,Guntur,PLANNED
TX0002013,DRUG000671,3,WH_11,RET_021,RETAIL_OUTLET,2026-05-18 16:14:00,Visakhapatnam,PLANNED
TX0002014,DRUG000672,1,MFG_02,DIST_12,DISTRIBUTOR,2026-07-06 13:33:00,Guntur,PLANNED
TX0002015,DRUG000672,2,DIST_12,WH_12,WHOLESALER,2026-07-08 02:00:00,Visakhapatnam,PLANNED
TX0002016,DRUG000672,3,WH_12,RET_022,RETAIL_OUTLET,2026-07-11 19:34:00,Hyderabad,PLANNED
TX0002017,DRUG000673,1,MFG_03,DIST_13,DISTRIBUTOR,2026-06-04 13:47:00,Visakhapatnam,PLANNED
TX0002018,DRUG000673,2,DIST_13,WH_13,WHOLESALER,2026-06-06 06:45:00,Hyderabad,PLANNED
TX0002019,DRUG000673,3,WH_13,RET_023,RETAIL_OUTLET,2026-06-09 14:52:00,Chennai,PLANNED
TX0002020,DRUG000674,1,MFG_04,DIST_14,DISTRIBUTOR,2026-04-22 08:23:00,Hyderabad,PLANNED
TX0002021,DRUG000674,2,DIST_14,WH_14,WHOLESALER,2026-04-25 19:04:00,Chennai,PLANNED
TX0002022,DRUG000674,3,WH_14,RET_024,RETAIL_OUTLET,2026-05-01 04:39:00,Bengaluru,PLANNED
TX0002023,DRUG000675,1,MFG_05,DIST_15,DISTRIBUTOR,2026-07-07 11:34:00,Chennai,PLANNED
TX0002024,DRUG000675,2,DIST_15,WH_15,WHOLESALER,2026-07-09 06:04:00,Bengaluru,PLANNED
TX0002025,DRUG000675,3,WH_15,RET_025,RETAIL_OUTLET,2026-07-14 17:52:00,Pune,PLANNED
TX0002026,DRUG000676,1,MFG_06,DIST_01,DISTRIBUTOR,2026-07-19 12:32:00,Bengaluru,PLANNED
TX0002027,DRUG000676,2,DIST_01,WH_16,WHOLESALER,2026-07-24 00:35:00,Pune,PLANNED
TX0002028,DRUG000676,3,WH_16,RET_026,RETAIL_OUTLET,2026-07-25 13:57:00,Mumbai,PLANNED
TX0002029,DRUG000677,1,MFG_07,DIST_02,DISTRIBUTOR,2026-05-10 09:30:00,Pune,PLANNED
TX0002030,DRUG000677,2,DIST_02,WH_17,WHOLESALER,2026-05-16 04:22:00,Mumbai,PLANNED
TX0002031,DRUG000677,3,WH_17,RET_027,RETAIL_OUTLET,2026-05-21 16:50:00,Kolkata,PLANNED
TX0002032,DRUG000678,1,MFG_08,DIST_03,DISTRIBUTOR,2026-06-12 15:05:00,Mumbai,PLANNED
TX0002033,DRUG000678,2,DIST_03,WH_18,WHOLESALER,2026-06-14 06:02:00,Kolkata,PLANNED
TX0002034,DRUG000678,3,WH_18,RET_028,RETAIL_OUTLET,2026-06-16 18:06:00,New Delhi,PLANNED
TX0002035,DRUG000679,1,MFG_09,DIST_04,DISTRIBUTOR,2026-02-03 10:31:00,Kolkata,PLANNED
TX0002036,DRUG000679,2,DIST_04,WH_19,WHOLESALER,2026-02-05 22:04:00,New Delhi,PLANNED
TX0002037,DRUG000679,3,WH_19,RET_029,RETAIL_OUTLET,2026-02-07 10:30:00,Vijayawada,PLANNED
TX0002038,DRUG000680,1,MFG_10,DIST_05,DISTRIBUTOR,2026-07-05 14:28:00,New Delhi,PLANNED
TX0002039,DRUG000680,2,DIST_05,WH_20,WHOLESALER,2026-07-07 02:40:00,Vijayawada,PLANNED
TX0002040,DRUG000680,3,WH_20,RET_030,RETAIL_OUTLET,2026-07-08 11:35:00,Guntur,PLANNED
TX0002041,DRUG000681,1,MFG_01,DIST_06,DISTRIBUTOR,2026-08-06 14:37:00,Vijayawada,PLANNED
TX0002042,DRUG000681,2,DIST_06,WH_01,WHOLESALER,2026-08-10 09:18:00,Guntur,PLANNED
TX0002043,DRUG000681,3,WH_01,RET_031,RETAIL_OUTLET,2026-08-14 00:55:00,Visakhapatnam,PLANNED
TX0002044,DRUG000682,1,MFG_02,DIST_07,DISTRIBUTOR,2026-07-01 17:08:00,Guntur,PLANNED
TX0002045,DRUG000682,2,DIST_07,WH_02,WHOLESALER,2026-07-05 03:58:00,Visakhapatnam,PLANNED
TX0002046,DRUG000682,3,WH_02,RET_032,RETAIL_OUTLET,2026-07-08 15:28:00,Hyderabad,PLANNED
TX0002047,DRUG000683,1,MFG_03,DIST_08,DISTRIBUTOR,2026-04-09 13:18:00,Visakhapatnam,PLANNED
TX0002048,DRUG000683,2,DIST_08,WH_03,WHOLESALER,2026-04-13 23:57:00,Hyderabad,PLANNED
TX0002049,DRUG000683,3,WH_03,RET_033,RETAIL_OUTLET,2026-04-16 16:15:00,Chennai,PLANNED
TX0002050,DRUG000684,1,MFG_04,DIST_09,DISTRIBUTOR,2026-02-21 11:07:00,Hyderabad,PLANNED
TX0002051,DRUG000684,2,DIST_09,WH_04,WHOLESALER,2026-02-23 00:43:00,Chennai,PLANNED
TX0002052,DRUG000684,3,WH_04,RET_034,RETAIL_OUTLET,2026-02-25 15:59:00,Bengaluru,PLANNED
TX0002053,DRUG000685,1,MFG_05,DIST_10,DISTRIBUTOR,2026-04-14 08:42:00,Chennai,PLANNED
TX0002054,DRUG000685,2,DIST_10,WH_05,WHOLESALER,2026-04-17 21:51:00,Bengaluru,PLANNED
TX0002055,DRUG000685,3,WH_05,RET_035,RETAIL_OUTLET,2026-04-21 13:25:00,Pune,PLANNED
TX0002056,DRUG000686,1,MFG_06,DIST_11,DISTRIBUTOR,2026-02-14 14:59:00,Bengaluru,PLANNED
TX0002057,DRUG000686,2,DIST_11,WH_06,WHOLESALER,2026-02-19 01:28:00,Pune,PLANNED
TX0002058,DRUG000686,3,WH_06,RET_036,RETAIL_OUTLET,2026-02-22 11:28:00,Mumbai,PLANNED
TX0002059,DRUG000687,1,MFG_07,DIST_12,DISTRIBUTOR,2026-07-18 12:48:00,Pune,PLANNED
TX0002060,DRUG000687,2,DIST_12,WH_07,WHOLESALER,2026-07-24 06:57:00,Mumbai,PLANNED
TX0002061,DRUG000687,3,WH_07,RET_037,RETAIL_OUTLET,2026-07-29 22:18:00,Kolkata,PLANNED
TX0002062,DRUG000688,1,MFG_08,DIST_13,DISTRIBUTOR,2026-07-05 10:43:00,Mumbai,PLANNED
TX0002063,DRUG000688,2,DIST_13,WH_08,WHOLESALER,2026-07-10 20:02:00,Kolkata,PLANNED
TX0002064,DRUG000688,3,WH_08,RET_038,RETAIL_OUTLET,2026-07-12 10:41:00,New Delhi,PLANNED
TX0002065,DRUG000689,1,MFG_09,DIST_14,DISTRIBUTOR,2026-08-15 09:20:00,Kolkata,PLANNED
TX0002066,DRUG000689,2,DIST_14,WH_09,WHOLESALER,2026-08-17 03:01:00,New Delhi,PLANNED
TX0002067,DRUG000689,3,WH_09,RET_039,RETAIL_OUTLET,2026-08-19 20:34:00,Vijayawada,PLANNED
TX0002068,DRUG000690,1,MFG_10,DIST_15,DISTRIBUTOR,2026-03-03 09:34:00,New Delhi,PLANNED
TX0002069,DRUG000690,2,DIST_15,WH_10,WHOLESALER,2026-03-08 04:16:00,Vijayawada,PLANNED
TX0002070,DRUG000690,3,WH_10,RET_040,RETAIL_OUTLET,2026-03-09 20:41:00,Guntur,PLANNED
TX0002071,DRUG000691,1,MFG_01,DIST_01,DISTRIBUTOR,2026-03-02 17:32:00,Vijayawada,PLANNED
TX0002072,DRUG000691,2,DIST_01,WH_11,WHOLESALER,2026-03-04 11:55:00,Guntur,PLANNED
TX0002073,DRUG000691,3,WH_11,RET_041,RETAIL_OUTLET,2026-03-08 22:40:00,Visakhapatnam,PLANNED
TX0002074,DRUG000692,1,MFG_02,DIST_02,DISTRIBUTOR,2026-08-17 13:00:00,Guntur,PLANNED
TX0002075,DRUG000692,2,DIST_02,WH_12,WHOLESALER,2026-08-21 02:22:00,Visakhapatnam,PLANNED
TX0002076,DRUG000692,3,WH_12,RET_042,RETAIL_OUTLET,2026-08-24 18:17:00,Hyderabad,PLANNED
TX0002077,DRUG000693,1,MFG_03,DIST_03,DISTRIBUTOR,2026-06-01 14:51:00,Visakhapatnam,PLANNED
TX0002078,DRUG000693,2,DIST_03,WH_13,WHOLESALER,2026-06-06 03:01:00,Hyderabad,PLANNED
TX0002079,DRUG000693,3,WH_13,RET_043,RETAIL_OUTLET,2026-06-10 17:09:00,Chennai,PLANNED
TX0002080,DRUG000694,1,MFG_04,DIST_04,DISTRIBUTOR,2026-08-07 12:30:00,Hyderabad,PLANNED
TX0002081,DRUG000694,2,DIST_04,WH_14,WHOLESALER,2026-08-13 01:34:00,Chennai,PLANNED
TX0002082,DRUG000694,3,WH_14,RET_044,RETAIL_OUTLET,2026-08-18 15:39:00,Bengaluru,PLANNED
TX0002083,DRUG000695,1,MFG_05,DIST_05,DISTRIBUTOR,2026-01-11 10:35:00,Chennai,PLANNED
TX0002084,DRUG000695,2,DIST_05,WH_15,WHOLESALER,2026-01-16 04:23:00,Bengaluru,PLANNED
TX0002085,DRUG000695,3,WH_15,RET_045,RETAIL_OUTLET,2026-01-18 15:34:00,Pune,PLANNED
TX0002086,DRUG000696,1,MFG_06,DIST_06,DISTRIBUTOR,2026-08-12 15:02:00,Bengaluru,PLANNED
TX0002087,DRUG000696,2,DIST_06,WH_16,WHOLESALER,2026-08-16 08:21:00,Pune,PLANNED
TX0002088,DRUG000696,3,WH_16,RET_046,RETAIL_OUTLET,2026-08-21 01:08:00,Mumbai,PLANNED
TX0002089,DRUG000697,1,MFG_07,DIST_07,DISTRIBUTOR,2026-05-01 10:16:00,Pune,PLANNED
TX0002090,DRUG000697,2,DIST_07,WH_17,WHOLESALER,2026-05-05 05:09:00,Mumbai,PLANNED
TX0002091,DRUG000697,3,WH_17,RET_047,RETAIL_OUTLET,2026-05-09 14:50:00,Kolkata,PLANNED
TX0002092,DRUG000698,1,MFG_08,DIST_08,DISTRIBUTOR,2026-06-29 15:58:00,Mumbai,PLANNED
TX0002093,DRUG000698,2,DIST_08,WH_18,WHOLESALER,2026-07-02 00:05:00,Kolkata,PLANNED
TX0002094,DRUG000698,3,WH_18,RET_048,RETAIL_OUTLET,2026-07-05 15:09:00,New Delhi,PLANNED
TX0002095,DRUG000699,1,MFG_09,DIST_09,DISTRIBUTOR,2026-06-17 17:27:00,Kolkata,PLANNED
TX0002096,DRUG000699,2,DIST_09,WH_19,WHOLESALER,2026-06-21 12:10:00,New Delhi,PLANNED
TX0002097,DRUG000699,3,WH_19,RET_049,RETAIL_OUTLET,2026-06-25 21:33:00,Vijayawada,PLANNED
TX0002098,DRUG000700,1,MFG_10,DIST_10,DISTRIBUTOR,2026-05-19 17:03:00,New Delhi,PLANNED
TX0002099,DRUG000700,2,DIST_10,WH_20,WHOLESALER,2026-05-22 06:32:00,Vijayawada,PLANNED
TX0002100,DRUG000700,3,WH_20,RET_050,RETAIL_OUTLET,2026-05-24 19:42:00,Guntur,PLANNED
TX0002101,DRUG000701,1,MFG_01,DIST_11,DISTRIBUTOR,2026-01-24 18:58:00,Vijayawada,PLANNED
TX0002102,DRUG000701,2,DIST_11,WH_01,WHOLESALER,2026-01-28 03:16:00,Guntur,PLANNED
TX0002103,DRUG000701,3,WH_01,RET_001,RETAIL_OUTLET,2026-01-31 19:56:00,Visakhapatnam,PLANNED
TX0002104,DRUG000702,1,MFG_02,DIST_12,DISTRIBUTOR,2026-09-08 18:11:00,Guntur,PLANNED
TX0002105,DRUG000702,2,DIST_12,WH_02,WHOLESALER,2026-09-10 11:59:00,Visakhapatnam,PLANNED
TX0002106,DRUG000702,3,WH_02,RET_002,RETAIL_OUTLET,2026-09-13 04:19:00,Hyderabad,PLANNED
TX0002107,DRUG000703,1,MFG_03,DIST_13,DISTRIBUTOR,2026-08-20 18:44:00,Visakhapatnam,PLANNED
TX0002108,DRUG000703,2,DIST_13,WH_03,WHOLESALER,2026-08-24 04:18:00,Hyderabad,PLANNED
TX0002109,DRUG000703,3,WH_03,RET_003,RETAIL_OUTLET,2026-08-29 18:10:00,Chennai,PLANNED
TX0002110,DRUG000704,1,MFG_04,DIST_14,DISTRIBUTOR,2026-02-14 12:23:00,Hyderabad,PLANNED
TX0002111,DRUG000704,2,DIST_14,WH_04,WHOLESALER,2026-02-19 02:44:00,Chennai,PLANNED
TX0002112,DRUG000704,3,WH_04,RET_004,RETAIL_OUTLET,2026-02-21 11:57:00,Bengaluru,PLANNED
TX0002113,DRUG000705,1,MFG_05,DIST_15,DISTRIBUTOR,2026-02-18 17:44:00,Chennai,PLANNED
TX0002114,DRUG000705,2,DIST_15,WH_05,WHOLESALER,2026-02-24 10:29:00,Bengaluru,PLANNED
TX0002115,DRUG000705,3,WH_05,RET_005,RETAIL_OUTLET,2026-03-01 19:55:00,Pune,PLANNED
TX0002116,DRUG000706,1,MFG_06,DIST_01,DISTRIBUTOR,2026-05-02 08:30:00,Bengaluru,PLANNED
TX0002117,DRUG000706,2,DIST_01,WH_06,WHOLESALER,2026-05-05 21:14:00,Pune,PLANNED
TX0002118,DRUG000706,3,WH_06,RET_006,RETAIL_OUTLET,2026-05-09 08:06:00,Mumbai,PLANNED
TX0002119,DRUG000707,1,MFG_07,DIST_02,DISTRIBUTOR,2026-04-30 08:47:00,Pune,PLANNED
TX0002120,DRUG000707,2,DIST_02,WH_07,WHOLESALER,2026-05-01 19:55:00,Mumbai,PLANNED
TX0002121,DRUG000707,3,WH_07,RET_007,RETAIL_OUTLET,2026-05-04 07:14:00,Kolkata,PLANNED
TX0002122,DRUG000708,1,MFG_08,DIST_03,DISTRIBUTOR,2026-02-06 14:44:00,Mumbai,PLANNED
TX0002123,DRUG000708,2,DIST_03,WH_08,WHOLESALER,2026-02-07 23:45:00,Kolkata,PLANNED
TX0002124,DRUG000708,3,WH_08,RET_008,RETAIL_OUTLET,2026-02-12 13:47:00,New Delhi,PLANNED
TX0002125,DRUG000709,1,MFG_09,DIST_04,DISTRIBUTOR,2026-02-26 17:03:00,Kolkata,PLANNED
TX0002126,DRUG000709,2,DIST_04,WH_09,WHOLESALER,2026-03-03 03:01:00,New Delhi,PLANNED
TX0002127,DRUG000709,3,WH_09,RET_009,RETAIL_OUTLET,2026-03-06 11:05:00,Vijayawada,PLANNED
TX0002128,DRUG000710,1,MFG_10,DIST_05,DISTRIBUTOR,2026-03-22 17:13:00,New Delhi,PLANNED
TX0002129,DRUG000710,2,DIST_05,WH_10,WHOLESALER,2026-03-28 04:24:00,Vijayawada,PLANNED
TX0002130,DRUG000710,3,WH_10,RET_010,RETAIL_OUTLET,2026-03-31 12:29:00,Guntur,PLANNED
TX0002131,DRUG000711,1,MFG_01,DIST_06,DISTRIBUTOR,2026-02-20 13:10:00,Vijayawada,PLANNED
TX0002132,DRUG000711,2,DIST_06,WH_11,WHOLESALER,2026-02-26 06:25:00,Guntur,PLANNED
TX0002133,DRUG000711,3,WH_11,RET_011,RETAIL_OUTLET,2026-03-03 23:29:00,Visakhapatnam,PLANNED
TX0002134,DRUG000712,1,MFG_02,DIST_07,DISTRIBUTOR,2026-02-06 11:18:00,Guntur,PLANNED
TX0002135,DRUG000712,2,DIST_07,WH_12,WHOLESALER,2026-02-09 03:18:00,Visakhapatnam,PLANNED
TX0002136,DRUG000712,3,WH_12,RET_012,RETAIL_OUTLET,2026-02-10 15:16:00,Hyderabad,PLANNED
TX0002137,DRUG000713,1,MFG_03,DIST_08,DISTRIBUTOR,2026-05-21 10:28:00,Visakhapatnam,PLANNED
TX0002138,DRUG000713,2,DIST_08,WH_13,WHOLESALER,2026-05-22 21:21:00,Hyderabad,PLANNED
TX0002139,DRUG000713,3,WH_13,RET_013,RETAIL_OUTLET,2026-05-26 11:48:00,Chennai,PLANNED
TX0002140,DRUG000714,1,MFG_04,DIST_09,DISTRIBUTOR,2026-03-04 13:07:00,Hyderabad,PLANNED
TX0002141,DRUG000714,2,DIST_09,WH_14,WHOLESALER,2026-03-08 22:40:00,Chennai,PLANNED
TX0002142,DRUG000714,3,WH_14,RET_014,RETAIL_OUTLET,2026-03-11 14:28:00,Bengaluru,PLANNED
TX0002143,DRUG000715,1,MFG_05,DIST_10,DISTRIBUTOR,2026-04-13 09:20:00,Chennai,PLANNED
TX0002144,DRUG000715,2,DIST_10,WH_15,WHOLESALER,2026-04-17 18:44:00,Bengaluru,PLANNED
TX0002145,DRUG000715,3,WH_15,RET_015,RETAIL_OUTLET,2026-04-21 10:22:00,Pune,PLANNED
TX0002146,DRUG000716,1,MFG_06,DIST_11,DISTRIBUTOR,2026-07-18 16:26:00,Bengaluru,PLANNED
TX0002147,DRUG000716,2,DIST_11,WH_16,WHOLESALER,2026-07-22 06:38:00,Pune,PLANNED
TX0002148,DRUG000716,3,WH_16,RET_016,RETAIL_OUTLET,2026-07-23 22:21:00,Mumbai,PLANNED
TX0002149,DRUG000717,1,MFG_07,DIST_12,DISTRIBUTOR,2026-04-10 18:06:00,Pune,PLANNED
TX0002150,DRUG000717,2,DIST_12,WH_17,WHOLESALER,2026-04-15 09:39:00,Mumbai,PLANNED
TX0002151,DRUG000717,3,WH_17,RET_017,RETAIL_OUTLET,2026-04-16 18:48:00,Kolkata,PLANNED
TX0002152,DRUG000718,1,MFG_08,DIST_13,DISTRIBUTOR,2026-04-23 10:04:00,Mumbai,PLANNED
TX0002153,DRUG000718,2,DIST_13,WH_18,WHOLESALER,2026-04-26 21:25:00,Kolkata,PLANNED
TX0002154,DRUG000718,3,WH_18,RET_018,RETAIL_OUTLET,2026-04-29 15:19:00,New Delhi,PLANNED
TX0002155,DRUG000719,1,MFG_09,DIST_14,DISTRIBUTOR,2026-04-22 15:17:00,Kolkata,PLANNED
TX0002156,DRUG000719,2,DIST_14,WH_19,WHOLESALER,2026-04-28 08:34:00,New Delhi,PLANNED
TX0002157,DRUG000719,3,WH_19,RET_019,RETAIL_OUTLET,2026-05-02 22:04:00,Vijayawada,PLANNED
TX0002158,DRUG000720,1,MFG_10,DIST_15,DISTRIBUTOR,2026-07-03 12:09:00,New Delhi,PLANNED
TX0002159,DRUG000720,2,DIST_15,WH_20,WHOLESALER,2026-07-07 21:16:00,Vijayawada,PLANNED
TX0002160,DRUG000720,3,WH_20,RET_020,RETAIL_OUTLET,2026-07-11 12:47:00,Guntur,PLANNED
TX0002161,DRUG000721,1,MFG_01,DIST_01,DISTRIBUTOR,2026-03-03 08:53:00,Vijayawada,PLANNED
TX0002162,DRUG000721,2,DIST_01,WH_01,WHOLESALER,2026-03-05 00:36:00,Guntur,PLANNED
TX0002163,DRUG000721,3,WH_01,RET_021,RETAIL_OUTLET,2026-03-06 11:00:00,Visakhapatnam,PLANNED
TX0002164,DRUG000722,1,MFG_02,DIST_02,DISTRIBUTOR,2026-06-10 17:39:00,Guntur,PLANNED
TX0002165,DRUG000722,2,DIST_02,WH_02,WHOLESALER,2026-06-12 03:21:00,Visakhapatnam,PLANNED
TX0002166,DRUG000722,3,WH_02,RET_022,RETAIL_OUTLET,2026-06-17 19:11:00,Hyderabad,PLANNED
TX0002167,DRUG000723,1,MFG_03,DIST_03,DISTRIBUTOR,2026-05-09 15:32:00,Visakhapatnam,PLANNED
TX0002168,DRUG000723,2,DIST_03,WH_03,WHOLESALER,2026-05-13 07:53:00,Hyderabad,PLANNED
TX0002169,DRUG000723,3,WH_03,RET_023,RETAIL_OUTLET,2026-05-18 23:54:00,Chennai,PLANNED
TX0002170,DRUG000724,1,MFG_04,DIST_04,DISTRIBUTOR,2026-07-23 14:28:00,Hyderabad,PLANNED
TX0002171,DRUG000724,2,DIST_04,WH_04,WHOLESALER,2026-07-27 04:56:00,Chennai,PLANNED
TX0002172,DRUG000724,3,WH_04,RET_024,RETAIL_OUTLET,2026-07-31 12:58:00,Bengaluru,PLANNED
TX0002173,DRUG000725,1,MFG_05,DIST_05,DISTRIBUTOR,2026-02-22 14:08:00,Chennai,PLANNED
TX0002174,DRUG000725,2,DIST_05,WH_05,WHOLESALER,2026-02-26 04:39:00,Bengaluru,PLANNED
TX0002175,DRUG000725,3,WH_05,RET_025,RETAIL_OUTLET,2026-02-27 22:22:00,Pune,PLANNED
TX0002176,DRUG000726,1,MFG_06,DIST_06,DISTRIBUTOR,2026-05-19 10:32:00,Bengaluru,PLANNED
TX0002177,DRUG000726,2,DIST_06,WH_06,WHOLESALER,2026-05-21 00:48:00,Pune,PLANNED
TX0002178,DRUG000726,3,WH_06,RET_026,RETAIL_OUTLET,2026-05-25 18:12:00,Mumbai,PLANNED
TX0002179,DRUG000727,1,MFG_07,DIST_07,DISTRIBUTOR,2026-06-15 08:01:00,Pune,PLANNED
TX0002180,DRUG000727,2,DIST_07,WH_07,WHOLESALER,2026-06-20 16:09:00,Mumbai,PLANNED
TX0002181,DRUG000727,3,WH_07,RET_027,RETAIL_OUTLET,2026-06-24 06:00:00,Kolkata,PLANNED
TX0002182,DRUG000728,1,MFG_08,DIST_08,DISTRIBUTOR,2026-07-19 09:27:00,Mumbai,PLANNED
TX0002183,DRUG000728,2,DIST_08,WH_08,WHOLESALER,2026-07-22 22:53:00,Kolkata,PLANNED
TX0002184,DRUG000728,3,WH_08,RET_028,RETAIL_OUTLET,2026-07-26 07:35:00,New Delhi,PLANNED
TX0002185,DRUG000729,1,MFG_09,DIST_09,DISTRIBUTOR,2026-03-11 17:05:00,Kolkata,PLANNED
TX0002186,DRUG000729,2,DIST_09,WH_09,WHOLESALER,2026-03-13 05:12:00,New Delhi,PLANNED
TX0002187,DRUG000729,3,WH_09,RET_029,RETAIL_OUTLET,2026-03-16 15:13:00,Vijayawada,PLANNED
TX0002188,DRUG000730,1,MFG_10,DIST_10,DISTRIBUTOR,2026-05-23 18:55:00,New Delhi,PLANNED
TX0002189,DRUG000730,2,DIST_10,WH_10,WHOLESALER,2026-05-28 12:27:00,Vijayawada,PLANNED
TX0002190,DRUG000730,3,WH_10,RET_030,RETAIL_OUTLET,2026-06-02 00:28:00,Guntur,PLANNED
TX0002191,DRUG000731,1,MFG_01,DIST_11,DISTRIBUTOR,2026-07-09 13:24:00,Vijayawada,PLANNED
TX0002192,DRUG000731,2,DIST_11,WH_11,WHOLESALER,2026-07-15 03:44:00,Guntur,PLANNED
TX0002193,DRUG000731,3,WH_11,RET_031,RETAIL_OUTLET,2026-07-20 13:35:00,Visakhapatnam,PLANNED
TX0002194,DRUG000732,1,MFG_02,DIST_12,DISTRIBUTOR,2026-05-13 15:32:00,Guntur,PLANNED
TX0002195,DRUG000732,2,DIST_12,WH_12,WHOLESALER,2026-05-17 02:11:00,Visakhapatnam,PLANNED
TX0002196,DRUG000732,3,WH_12,RET_032,RETAIL_OUTLET,2026-05-20 15:38:00,Hyderabad,PLANNED
TX0002197,DRUG000733,1,MFG_03,DIST_13,DISTRIBUTOR,2026-02-28 11:18:00,Visakhapatnam,PLANNED
TX0002198,DRUG000733,2,DIST_13,WH_13,WHOLESALER,2026-03-03 19:37:00,Hyderabad,PLANNED
TX0002199,DRUG000733,3,WH_13,RET_033,RETAIL_OUTLET,2026-03-09 10:28:00,Chennai,PLANNED
TX0002200,DRUG000734,1,MFG_04,DIST_14,DISTRIBUTOR,2026-03-10 17:21:00,Hyderabad,PLANNED
TX0002201,DRUG000734,2,DIST_14,WH_14,WHOLESALER,2026-03-14 02:57:00,Chennai,PLANNED
TX0002202,DRUG000734,3,WH_14,RET_034,RETAIL_OUTLET,2026-03-19 18:24:00,Bengaluru,PLANNED
TX0002203,DRUG000735,1,MFG_05,DIST_15,DISTRIBUTOR,2026-02-28 16:51:00,Chennai,PLANNED
TX0002204,DRUG000735,2,DIST_15,WH_15,WHOLESALER,2026-03-04 07:33:00,Bengaluru,PLANNED
TX0002205,DRUG000735,3,WH_15,RET_035,RETAIL_OUTLET,2026-03-09 20:45:00,Pune,PLANNED
TX0002206,DRUG000736,1,MFG_06,DIST_01,DISTRIBUTOR,2026-04-27 16:29:00,Bengaluru,PLANNED
TX0002207,DRUG000736,2,DIST_01,WH_16,WHOLESALER,2026-05-03 03:25:00,Pune,PLANNED
TX0002208,DRUG000736,3,WH_16,RET_036,RETAIL_OUTLET,2026-05-04 22:10:00,Mumbai,PLANNED
TX0002209,DRUG000737,1,MFG_07,DIST_02,DISTRIBUTOR,2026-05-27 11:42:00,Pune,PLANNED
TX0002210,DRUG000737,2,DIST_02,WH_17,WHOLESALER,2026-06-01 00:41:00,Mumbai,PLANNED
TX0002211,DRUG000737,3,WH_17,RET_037,RETAIL_OUTLET,2026-06-06 18:35:00,Kolkata,PLANNED
TX0002212,DRUG000738,1,MFG_08,DIST_03,DISTRIBUTOR,2026-07-27 16:12:00,Mumbai,PLANNED
TX0002213,DRUG000738,2,DIST_03,WH_18,WHOLESALER,2026-07-31 07:21:00,Kolkata,PLANNED
TX0002214,DRUG000738,3,WH_18,RET_038,RETAIL_OUTLET,2026-08-02 18:08:00,New Delhi,PLANNED
TX0002215,DRUG000739,1,MFG_09,DIST_04,DISTRIBUTOR,2026-07-06 13:55:00,Kolkata,PLANNED
TX0002216,DRUG000739,2,DIST_04,WH_19,WHOLESALER,2026-07-08 08:08:00,New Delhi,PLANNED
TX0002217,DRUG000739,3,WH_19,RET_039,RETAIL_OUTLET,2026-07-12 21:00:00,Vijayawada,PLANNED
TX0002218,DRUG000740,1,MFG_10,DIST_05,DISTRIBUTOR,2026-03-25 11:25:00,New Delhi,PLANNED
TX0002219,DRUG000740,2,DIST_05,WH_20,WHOLESALER,2026-03-27 20:34:00,Vijayawada,PLANNED
TX0002220,DRUG000740,3,WH_20,RET_040,RETAIL_OUTLET,2026-03-30 04:49:00,Guntur,PLANNED
TX0002221,DRUG000741,1,MFG_01,DIST_06,DISTRIBUTOR,2026-08-05 16:27:00,Vijayawada,PLANNED
TX0002222,DRUG000741,2,DIST_06,WH_01,WHOLESALER,2026-08-10 11:24:00,Guntur,PLANNED
TX0002223,DRUG000741,3,WH_01,RET_041,RETAIL_OUTLET,2026-08-11 22:34:00,Visakhapatnam,PLANNED
TX0002224,DRUG000742,1,MFG_02,DIST_07,DISTRIBUTOR,2026-03-15 12:42:00,Guntur,PLANNED
TX0002225,DRUG000742,2,DIST_07,WH_02,WHOLESALER,2026-03-20 23:23:00,Visakhapatnam,PLANNED
TX0002226,DRUG000742,3,WH_02,RET_042,RETAIL_OUTLET,2026-03-22 15:13:00,Hyderabad,PLANNED
TX0002227,DRUG000743,1,MFG_03,DIST_08,DISTRIBUTOR,2026-01-11 17:19:00,Visakhapatnam,PLANNED
TX0002228,DRUG000743,2,DIST_08,WH_03,WHOLESALER,2026-01-13 08:16:00,Hyderabad,PLANNED
TX0002229,DRUG000743,3,WH_03,RET_043,RETAIL_OUTLET,2026-01-17 02:58:00,Chennai,PLANNED
TX0002230,DRUG000744,1,MFG_04,DIST_09,DISTRIBUTOR,2026-08-24 11:07:00,Hyderabad,PLANNED
TX0002231,DRUG000744,2,DIST_09,WH_04,WHOLESALER,2026-08-30 04:06:00,Chennai,PLANNED
TX0002232,DRUG000744,3,WH_04,RET_044,RETAIL_OUTLET,2026-08-31 20:48:00,Bengaluru,PLANNED
TX0002233,DRUG000745,1,MFG_05,DIST_10,DISTRIBUTOR,2026-08-10 11:38:00,Chennai,PLANNED
TX0002234,DRUG000745,2,DIST_10,WH_05,WHOLESALER,2026-08-12 00:59:00,Bengaluru,PLANNED
TX0002235,DRUG000745,3,WH_05,RET_045,RETAIL_OUTLET,2026-08-17 15:50:00,Pune,PLANNED
TX0002236,DRUG000746,1,MFG_06,DIST_11,DISTRIBUTOR,2026-07-20 10:06:00,Bengaluru,PLANNED
TX0002237,DRUG000746,2,DIST_11,WH_06,WHOLESALER,2026-07-22 21:23:00,Pune,PLANNED
TX0002238,DRUG000746,3,WH_06,RET_046,RETAIL_OUTLET,2026-07-27 11:39:00,Mumbai,PLANNED
TX0002239,DRUG000747,1,MFG_07,DIST_12,DISTRIBUTOR,2026-08-22 13:44:00,Pune,PLANNED
TX0002240,DRUG000747,2,DIST_12,WH_07,WHOLESALER,2026-08-24 03:18:00,Mumbai,PLANNED
TX0002241,DRUG000747,3,WH_07,RET_047,RETAIL_OUTLET,2026-08-28 19:01:00,Kolkata,PLANNED
TX0002242,DRUG000748,1,MFG_08,DIST_13,DISTRIBUTOR,2026-03-11 15:45:00,Mumbai,PLANNED
TX0002243,DRUG000748,2,DIST_13,WH_08,WHOLESALER,2026-03-15 03:46:00,Kolkata,PLANNED
TX0002244,DRUG000748,3,WH_08,RET_048,RETAIL_OUTLET,2026-03-20 12:39:00,New Delhi,PLANNED
TX0002245,DRUG000749,1,MFG_09,DIST_14,DISTRIBUTOR,2026-07-16 16:24:00,Kolkata,PLANNED
TX0002246,DRUG000749,2,DIST_14,WH_09,WHOLESALER,2026-07-20 11:08:00,New Delhi,PLANNED
TX0002247,DRUG000749,3,WH_09,RET_049,RETAIL_OUTLET,2026-07-24 05:15:00,Vijayawada,PLANNED
TX0002248,DRUG000750,1,MFG_10,DIST_15,DISTRIBUTOR,2026-05-29 08:58:00,New Delhi,PLANNED
TX0002249,DRUG000750,2,DIST_15,WH_10,WHOLESALER,2026-06-02 21:17:00,Vijayawada,PLANNED
TX0002250,DRUG000750,3,WH_10,RET_050,RETAIL_OUTLET,2026-06-04 08:36:00,Guntur,PLANNED
TX0002251,DRUG000751,1,MFG_01,DIST_01,DISTRIBUTOR,2026-03-06 18:26:00,Vijayawada,PLANNED
TX0002252,DRUG000751,2,DIST_01,WH_11,WHOLESALER,2026-03-08 07:21:00,Guntur,PLANNED
TX0002253,DRUG000751,3,WH_11,RET_001,RETAIL_OUTLET,2026-03-09 22:51:00,Visakhapatnam,PLANNED
TX0002254,DRUG000752,1,MFG_02,DIST_02,DISTRIBUTOR,2026-07-18 09:52:00,Guntur,PLANNED
TX0002255,DRUG000752,2,DIST_02,WH_12,WHOLESALER,2026-07-20 22:24:00,Visakhapatnam,PLANNED
TX0002256,DRUG000752,3,WH_12,RET_002,RETAIL_OUTLET,2026-07-22 11:50:00,Hyderabad,PLANNED
TX0002257,DRUG000753,1,MFG_03,DIST_03,DISTRIBUTOR,2026-06-13 08:41:00,Visakhapatnam,PLANNED
TX0002258,DRUG000753,2,DIST_03,WH_13,WHOLESALER,2026-06-16 03:09:00,Hyderabad,PLANNED
TX0002259,DRUG000753,3,WH_13,RET_003,RETAIL_OUTLET,2026-06-18 11:34:00,Chennai,PLANNED
TX0002260,DRUG000754,1,MFG_04,DIST_04,DISTRIBUTOR,2026-03-04 09:07:00,Hyderabad,PLANNED
TX0002261,DRUG000754,2,DIST_04,WH_14,WHOLESALER,2026-03-06 20:40:00,Chennai,PLANNED
TX0002262,DRUG000754,3,WH_14,RET_004,RETAIL_OUTLET,2026-03-09 14:23:00,Bengaluru,PLANNED
TX0002263,DRUG000755,1,MFG_05,DIST_05,DISTRIBUTOR,2026-04-28 10:16:00,Chennai,PLANNED
TX0002264,DRUG000755,2,DIST_05,WH_15,WHOLESALER,2026-05-01 04:53:00,Bengaluru,PLANNED
TX0002265,DRUG000755,3,WH_15,RET_005,RETAIL_OUTLET,2026-05-04 17:05:00,Pune,PLANNED
TX0002266,DRUG000756,1,MFG_06,DIST_06,DISTRIBUTOR,2026-01-30 14:56:00,Bengaluru,PLANNED
TX0002267,DRUG000756,2,DIST_06,WH_16,WHOLESALER,2026-02-04 08:10:00,Pune,PLANNED
TX0002268,DRUG000756,3,WH_16,RET_006,RETAIL_OUTLET,2026-02-05 17:09:00,Mumbai,PLANNED
TX0002269,DRUG000757,1,MFG_07,DIST_07,DISTRIBUTOR,2026-05-29 11:16:00,Pune,PLANNED
TX0002270,DRUG000757,2,DIST_07,WH_17,WHOLESALER,2026-05-31 19:41:00,Mumbai,PLANNED
TX0002271,DRUG000757,3,WH_17,RET_007,RETAIL_OUTLET,2026-06-06 10:19:00,Kolkata,PLANNED
TX0002272,DRUG000758,1,MFG_08,DIST_08,DISTRIBUTOR,2026-03-13 10:36:00,Mumbai,PLANNED
TX0002273,DRUG000758,2,DIST_08,WH_18,WHOLESALER,2026-03-14 19:21:00,Kolkata,PLANNED
TX0002274,DRUG000758,3,WH_18,RET_008,RETAIL_OUTLET,2026-03-20 10:10:00,New Delhi,PLANNED
TX0002275,DRUG000759,1,MFG_09,DIST_09,DISTRIBUTOR,2026-09-02 11:45:00,Kolkata,PLANNED
TX0002276,DRUG000759,2,DIST_09,WH_19,WHOLESALER,2026-09-04 23:40:00,New Delhi,PLANNED
TX0002277,DRUG000759,3,WH_19,RET_009,RETAIL_OUTLET,2026-09-08 12:27:00,Vijayawada,PLANNED
TX0002278,DRUG000760,1,MFG_10,DIST_10,DISTRIBUTOR,2026-05-14 11:38:00,New Delhi,PLANNED
TX0002279,DRUG000760,2,DIST_10,WH_20,WHOLESALER,2026-05-17 00:24:00,Vijayawada,PLANNED
TX0002280,DRUG000760,3,WH_20,RET_010,RETAIL_OUTLET,2026-05-19 14:35:00,Guntur,PLANNED
TX0002281,DRUG000761,1,MFG_01,DIST_11,DISTRIBUTOR,2026-04-19 12:15:00,Vijayawada,PLANNED
TX0002282,DRUG000761,2,DIST_11,WH_01,WHOLESALER,2026-04-25 04:13:00,Guntur,PLANNED
TX0002283,DRUG000761,3,WH_01,RET_011,RETAIL_OUTLET,2026-04-27 17:50:00,Visakhapatnam,PLANNED
TX0002284,DRUG000762,1,MFG_02,DIST_12,DISTRIBUTOR,2026-06-28 15:08:00,Guntur,PLANNED
TX0002285,DRUG000762,2,DIST_12,WH_02,WHOLESALER,2026-07-02 05:51:00,Visakhapatnam,PLANNED
TX0002286,DRUG000762,3,WH_02,RET_012,RETAIL_OUTLET,2026-07-04 20:36:00,Hyderabad,PLANNED
TX0002287,DRUG000763,1,MFG_03,DIST_13,DISTRIBUTOR,2026-04-22 16:03:00,Visakhapatnam,PLANNED
TX0002288,DRUG000763,2,DIST_13,WH_03,WHOLESALER,2026-04-24 06:02:00,Hyderabad,PLANNED
TX0002289,DRUG000763,3,WH_03,RET_013,RETAIL_OUTLET,2026-04-26 22:00:00,Chennai,PLANNED
TX0002290,DRUG000764,1,MFG_04,DIST_14,DISTRIBUTOR,2026-04-05 16:39:00,Hyderabad,PLANNED
TX0002291,DRUG000764,2,DIST_14,WH_04,WHOLESALER,2026-04-10 05:04:00,Chennai,PLANNED
TX0002292,DRUG000764,3,WH_04,RET_014,RETAIL_OUTLET,2026-04-13 16:01:00,Bengaluru,PLANNED
TX0002293,DRUG000765,1,MFG_05,DIST_15,DISTRIBUTOR,2026-06-05 12:10:00,Chennai,PLANNED
TX0002294,DRUG000765,2,DIST_15,WH_05,WHOLESALER,2026-06-11 04:09:00,Bengaluru,PLANNED
TX0002295,DRUG000765,3,WH_05,RET_015,RETAIL_OUTLET,2026-06-14 19:17:00,Pune,PLANNED
TX0002296,DRUG000766,1,MFG_06,DIST_01,DISTRIBUTOR,2026-02-05 10:16:00,Bengaluru,PLANNED
TX0002297,DRUG000766,2,DIST_01,WH_06,WHOLESALER,2026-02-06 23:18:00,Pune,PLANNED
TX0002298,DRUG000766,3,WH_06,RET_016,RETAIL_OUTLET,2026-02-09 15:13:00,Mumbai,PLANNED
TX0002299,DRUG000767,1,MFG_07,DIST_02,DISTRIBUTOR,2026-08-12 12:57:00,Pune,PLANNED
TX0002300,DRUG000767,2,DIST_02,WH_07,WHOLESALER,2026-08-16 06:50:00,Mumbai,PLANNED
TX0002301,DRUG000767,3,WH_07,RET_017,RETAIL_OUTLET,2026-08-19 23:10:00,Kolkata,PLANNED
TX0002302,DRUG000768,1,MFG_08,DIST_03,DISTRIBUTOR,2026-05-02 10:35:00,Mumbai,PLANNED
TX0002303,DRUG000768,2,DIST_03,WH_08,WHOLESALER,2026-05-06 18:47:00,Kolkata,PLANNED
TX0002304,DRUG000768,3,WH_08,RET_018,RETAIL_OUTLET,2026-05-09 03:01:00,New Delhi,PLANNED
TX0002305,DRUG000769,1,MFG_09,DIST_04,DISTRIBUTOR,2026-02-27 10:45:00,Kolkata,PLANNED
TX0002306,DRUG000769,2,DIST_04,WH_09,WHOLESALER,2026-03-04 00:52:00,New Delhi,PLANNED
TX0002307,DRUG000769,3,WH_09,RET_019,RETAIL_OUTLET,2026-03-08 09:20:00,Vijayawada,PLANNED
TX0002308,DRUG000770,1,MFG_10,DIST_05,DISTRIBUTOR,2026-04-14 09:54:00,New Delhi,PLANNED
TX0002309,DRUG000770,2,DIST_05,WH_10,WHOLESALER,2026-04-16 19:16:00,Vijayawada,PLANNED
TX0002310,DRUG000770,3,WH_10,RET_020,RETAIL_OUTLET,2026-04-18 07:11:00,Guntur,PLANNED
TX0002311,DRUG000771,1,MFG_01,DIST_06,DISTRIBUTOR,2026-03-22 12:36:00,Vijayawada,PLANNED
TX0002312,DRUG000771,2,DIST_06,WH_11,WHOLESALER,2026-03-28 00:13:00,Guntur,PLANNED
TX0002313,DRUG000771,3,WH_11,RET_021,RETAIL_OUTLET,2026-03-29 17:02:00,Visakhapatnam,PLANNED
TX0002314,DRUG000772,1,MFG_02,DIST_07,DISTRIBUTOR,2026-06-04 11:49:00,Guntur,PLANNED
TX0002315,DRUG000772,2,DIST_07,WH_12,WHOLESALER,2026-06-09 05:55:00,Visakhapatnam,PLANNED
TX0002316,DRUG000772,3,WH_12,RET_022,RETAIL_OUTLET,2026-06-12 14:13:00,Hyderabad,PLANNED
TX0002317,DRUG000773,1,MFG_03,DIST_08,DISTRIBUTOR,2026-07-04 17:59:00,Visakhapatnam,PLANNED
TX0002318,DRUG000773,2,DIST_08,WH_13,WHOLESALER,2026-07-06 07:08:00,Hyderabad,PLANNED
TX0002319,DRUG000773,3,WH_13,RET_023,RETAIL_OUTLET,2026-07-07 16:37:00,Chennai,PLANNED
TX0002320,DRUG000774,1,MFG_04,DIST_09,DISTRIBUTOR,2026-08-12 17:42:00,Hyderabad,PLANNED
TX0002321,DRUG000774,2,DIST_09,WH_14,WHOLESALER,2026-08-14 06:44:00,Chennai,PLANNED
TX0002322,DRUG000774,3,WH_14,RET_024,RETAIL_OUTLET,2026-08-19 22:04:00,Bengaluru,PLANNED
TX0002323,DRUG000775,1,MFG_05,DIST_10,DISTRIBUTOR,2026-07-12 18:18:00,Chennai,PLANNED
TX0002324,DRUG000775,2,DIST_10,WH_15,WHOLESALER,2026-07-16 03:05:00,Bengaluru,PLANNED
TX0002325,DRUG000775,3,WH_15,RET_025,RETAIL_OUTLET,2026-07-17 19:43:00,Pune,PLANNED
TX0002326,DRUG000776,1,MFG_06,DIST_11,DISTRIBUTOR,2026-04-18 10:15:00,Bengaluru,PLANNED
TX0002327,DRUG000776,2,DIST_11,WH_16,WHOLESALER,2026-04-22 19:16:00,Pune,PLANNED
TX0002328,DRUG000776,3,WH_16,RET_026,RETAIL_OUTLET,2026-04-25 05:40:00,Mumbai,PLANNED
TX0002329,DRUG000777,1,MFG_07,DIST_12,DISTRIBUTOR,2026-07-26 09:19:00,Pune,PLANNED
TX0002330,DRUG000777,2,DIST_12,WH_17,WHOLESALER,2026-07-31 00:06:00,Mumbai,PLANNED
TX0002331,DRUG000777,3,WH_17,RET_027,RETAIL_OUTLET,2026-08-03 18:44:00,Kolkata,PLANNED
TX0002332,DRUG000778,1,MFG_08,DIST_13,DISTRIBUTOR,2026-02-08 16:12:00,Mumbai,PLANNED
TX0002333,DRUG000778,2,DIST_13,WH_18,WHOLESALER,2026-02-13 08:08:00,Kolkata,PLANNED
TX0002334,DRUG000778,3,WH_18,RET_028,RETAIL_OUTLET,2026-02-17 23:25:00,New Delhi,PLANNED
TX0002335,DRUG000779,1,MFG_09,DIST_14,DISTRIBUTOR,2026-05-31 13:39:00,Kolkata,PLANNED
TX0002336,DRUG000779,2,DIST_14,WH_19,WHOLESALER,2026-06-03 04:19:00,New Delhi,PLANNED
TX0002337,DRUG000779,3,WH_19,RET_029,RETAIL_OUTLET,2026-06-07 13:21:00,Vijayawada,PLANNED
TX0002338,DRUG000780,1,MFG_10,DIST_15,DISTRIBUTOR,2026-05-22 18:43:00,New Delhi,PLANNED
TX0002339,DRUG000780,2,DIST_15,WH_20,WHOLESALER,2026-05-25 10:16:00,Vijayawada,PLANNED
TX0002340,DRUG000780,3,WH_20,RET_030,RETAIL_OUTLET,2026-05-30 19:34:00,Guntur,PLANNED
TX0002341,DRUG000781,1,MFG_01,DIST_01,DISTRIBUTOR,2026-05-06 12:09:00,Vijayawada,PLANNED
TX0002342,DRUG000781,2,DIST_01,WH_01,WHOLESALER,2026-05-09 07:06:00,Guntur,PLANNED
TX0002343,DRUG000781,3,WH_01,RET_031,RETAIL_OUTLET,2026-05-12 18:39:00,Visakhapatnam,PLANNED
TX0002344,DRUG000782,1,MFG_02,DIST_02,DISTRIBUTOR,2026-05-01 16:04:00,Guntur,PLANNED
TX0002345,DRUG000782,2,DIST_02,WH_02,WHOLESALER,2026-05-03 08:10:00,Visakhapatnam,PLANNED
TX0002346,DRUG000782,3,WH_02,RET_032,RETAIL_OUTLET,2026-05-08 22:36:00,Hyderabad,PLANNED
TX0002347,DRUG000783,1,MFG_03,DIST_03,DISTRIBUTOR,2026-02-07 13:16:00,Visakhapatnam,PLANNED
TX0002348,DRUG000783,2,DIST_03,WH_03,WHOLESALER,2026-02-12 23:05:00,Hyderabad,PLANNED
TX0002349,DRUG000783,3,WH_03,RET_033,RETAIL_OUTLET,2026-02-18 07:12:00,Chennai,PLANNED
TX0002350,DRUG000784,1,MFG_04,DIST_04,DISTRIBUTOR,2026-07-14 14:02:00,Hyderabad,PLANNED
TX0002351,DRUG000784,2,DIST_04,WH_04,WHOLESALER,2026-07-16 04:58:00,Chennai,PLANNED
TX0002352,DRUG000784,3,WH_04,RET_034,RETAIL_OUTLET,2026-07-19 18:35:00,Bengaluru,PLANNED
TX0002353,DRUG000785,1,MFG_05,DIST_05,DISTRIBUTOR,2026-07-18 12:21:00,Chennai,PLANNED
TX0002354,DRUG000785,2,DIST_05,WH_05,WHOLESALER,2026-07-20 23:32:00,Bengaluru,PLANNED
TX0002355,DRUG000785,3,WH_05,RET_035,RETAIL_OUTLET,2026-07-22 16:48:00,Pune,PLANNED
TX0002356,DRUG000786,1,MFG_06,DIST_06,DISTRIBUTOR,2026-08-24 08:00:00,Bengaluru,PLANNED
TX0002357,DRUG000786,2,DIST_06,WH_06,WHOLESALER,2026-08-28 17:00:00,Pune,PLANNED
TX0002358,DRUG000786,3,WH_06,RET_036,RETAIL_OUTLET,2026-08-31 11:30:00,Mumbai,PLANNED
TX0002359,DRUG000787,1,MFG_07,DIST_07,DISTRIBUTOR,2026-05-12 12:39:00,Pune,PLANNED
TX0002360,DRUG000787,2,DIST_07,WH_07,WHOLESALER,2026-05-18 02:23:00,Mumbai,PLANNED
TX0002361,DRUG000787,3,WH_07,RET_037,RETAIL_OUTLET,2026-05-22 14:28:00,Kolkata,PLANNED
TX0002362,DRUG000788,1,MFG_08,DIST_08,DISTRIBUTOR,2026-02-05 09:52:00,Mumbai,PLANNED
TX0002363,DRUG000788,2,DIST_08,WH_08,WHOLESALER,2026-02-06 21:46:00,Kolkata,PLANNED
TX0002364,DRUG000788,3,WH_08,RET_038,RETAIL_OUTLET,2026-02-08 09:16:00,New Delhi,PLANNED
TX0002365,DRUG000789,1,MFG_09,DIST_09,DISTRIBUTOR,2026-06-24 18:54:00,Kolkata,PLANNED
TX0002366,DRUG000789,2,DIST_09,WH_09,WHOLESALER,2026-06-30 05:59:00,New Delhi,PLANNED
TX0002367,DRUG000789,3,WH_09,RET_039,RETAIL_OUTLET,2026-07-03 21:08:00,Vijayawada,PLANNED
TX0002368,DRUG000790,1,MFG_10,DIST_10,DISTRIBUTOR,2026-05-04 10:57:00,New Delhi,PLANNED
TX0002369,DRUG000790,2,DIST_10,WH_10,WHOLESALER,2026-05-07 02:28:00,Vijayawada,PLANNED
TX0002370,DRUG000790,3,WH_10,RET_040,RETAIL_OUTLET,2026-05-11 11:23:00,Guntur,PLANNED
TX0002371,DRUG000791,1,MFG_01,DIST_11,DISTRIBUTOR,2026-05-03 17:53:00,Vijayawada,PLANNED
TX0002372,DRUG000791,2,DIST_11,WH_11,WHOLESALER,2026-05-08 02:14:00,Guntur,PLANNED
TX0002373,DRUG000791,3,WH_11,RET_041,RETAIL_OUTLET,2026-05-09 11:54:00,Visakhapatnam,PLANNED
TX0002374,DRUG000792,1,MFG_02,DIST_12,DISTRIBUTOR,2026-08-16 17:38:00,Guntur,PLANNED
TX0002375,DRUG000792,2,DIST_12,WH_12,WHOLESALER,2026-08-22 05:40:00,Visakhapatnam,PLANNED
TX0002376,DRUG000792,3,WH_12,RET_042,RETAIL_OUTLET,2026-08-26 20:11:00,Hyderabad,PLANNED
TX0002377,DRUG000793,1,MFG_03,DIST_13,DISTRIBUTOR,2026-05-17 16:01:00,Visakhapatnam,PLANNED
TX0002378,DRUG000793,2,DIST_13,WH_13,WHOLESALER,2026-05-22 09:21:00,Hyderabad,PLANNED
TX0002379,DRUG000793,3,WH_13,RET_043,RETAIL_OUTLET,2026-05-27 18:38:00,Chennai,PLANNED
TX0002380,DRUG000794,1,MFG_04,DIST_14,DISTRIBUTOR,2026-08-26 15:39:00,Hyderabad,PLANNED
TX0002381,DRUG000794,2,DIST_14,WH_14,WHOLESALER,2026-08-30 07:23:00,Chennai,PLANNED
TX0002382,DRUG000794,3,WH_14,RET_044,RETAIL_OUTLET,2026-09-03 15:33:00,Bengaluru,PLANNED
TX0002383,DRUG000795,1,MFG_05,DIST_15,DISTRIBUTOR,2026-03-26 15:14:00,Chennai,PLANNED
TX0002384,DRUG000795,2,DIST_15,WH_15,WHOLESALER,2026-04-01 02:51:00,Bengaluru,PLANNED
TX0002385,DRUG000795,3,WH_15,RET_045,RETAIL_OUTLET,2026-04-04 20:45:00,Pune,PLANNED
TX0002386,DRUG000796,1,MFG_06,DIST_01,DISTRIBUTOR,2026-08-10 14:26:00,Bengaluru,PLANNED
TX0002387,DRUG000796,2,DIST_01,WH_16,WHOLESALER,2026-08-14 06:17:00,Pune,PLANNED
TX0002388,DRUG000796,3,WH_16,RET_046,RETAIL_OUTLET,2026-08-16 23:30:00,Mumbai,PLANNED
TX0002389,DRUG000797,1,MFG_07,DIST_02,DISTRIBUTOR,2026-03-24 10:12:00,Pune,PLANNED
TX0002390,DRUG000797,2,DIST_02,WH_17,WHOLESALER,2026-03-27 03:43:00,Mumbai,PLANNED
TX0002391,DRUG000797,3,WH_17,RET_047,RETAIL_OUTLET,2026-03-28 18:14:00,Kolkata,PLANNED
TX0002392,DRUG000798,1,MFG_08,DIST_03,DISTRIBUTOR,2026-03-28 08:01:00,Mumbai,PLANNED
TX0002393,DRUG000798,2,DIST_03,WH_18,WHOLESALER,2026-03-31 20:23:00,Kolkata,PLANNED
TX0002394,DRUG000798,3,WH_18,RET_048,RETAIL_OUTLET,2026-04-03 07:15:00,New Delhi,PLANNED
TX0002395,DRUG000799,1,MFG_09,DIST_04,DISTRIBUTOR,2026-08-14 14:07:00,Kolkata,PLANNED
TX0002396,DRUG000799,2,DIST_04,WH_19,WHOLESALER,2026-08-20 01:14:00,New Delhi,PLANNED
TX0002397,DRUG000799,3,WH_19,RET_049,RETAIL_OUTLET,2026-08-25 12:45:00,Vijayawada,PLANNED
TX0002398,DRUG000800,1,MFG_10,DIST_05,DISTRIBUTOR,2026-03-15 16:17:00,New Delhi,PLANNED
TX0002399,DRUG000800,2,DIST_05,WH_20,WHOLESALER,2026-03-18 08:55:00,Vijayawada,PLANNED
TX0002400,DRUG000800,3,WH_20,RET_050,RETAIL_OUTLET,2026-03-19 17:54:00,Guntur,PLANNED
TX0002401,DRUG000801,1,MFG_01,DIST_06,DISTRIBUTOR,2026-04-26 17:39:00,Vijayawada,PLANNED
TX0002402,DRUG000801,2,DIST_06,WH_01,WHOLESALER,2026-04-28 09:41:00,Guntur,PLANNED
TX0002403,DRUG000801,3,WH_01,RET_001,RETAIL_OUTLET,2026-05-03 18:51:00,Visakhapatnam,PLANNED
TX0002404,DRUG000802,1,MFG_02,DIST_07,DISTRIBUTOR,2026-06-18 10:46:00,Guntur,PLANNED
TX0002405,DRUG000802,2,DIST_07,WH_02,WHOLESALER,2026-06-22 02:34:00,Visakhapatnam,PLANNED
TX0002406,DRUG000802,3,WH_02,RET_002,RETAIL_OUTLET,2026-06-27 18:20:00,Hyderabad,PLANNED
TX0002407,DRUG000803,1,MFG_03,DIST_08,DISTRIBUTOR,2026-08-17 13:52:00,Visakhapatnam,PLANNED
TX0002408,DRUG000803,2,DIST_08,WH_03,WHOLESALER,2026-08-19 23:46:00,Hyderabad,PLANNED
TX0002409,DRUG000803,3,WH_03,RET_003,RETAIL_OUTLET,2026-08-22 15:12:00,Chennai,PLANNED
TX0002410,DRUG000804,1,MFG_04,DIST_09,DISTRIBUTOR,2026-07-24 13:18:00,Hyderabad,PLANNED
TX0002411,DRUG000804,2,DIST_09,WH_04,WHOLESALER,2026-07-29 23:23:00,Chennai,PLANNED
TX0002412,DRUG000804,3,WH_04,RET_004,RETAIL_OUTLET,2026-08-02 13:08:00,Bengaluru,PLANNED
TX0002413,DRUG000805,1,MFG_05,DIST_10,DISTRIBUTOR,2026-07-21 10:48:00,Chennai,PLANNED
TX0002414,DRUG000805,2,DIST_10,WH_05,WHOLESALER,2026-07-27 01:38:00,Bengaluru,PLANNED
TX0002415,DRUG000805,3,WH_05,RET_005,RETAIL_OUTLET,2026-07-29 12:29:00,Pune,PLANNED
TX0002416,DRUG000806,1,MFG_06,DIST_11,DISTRIBUTOR,2026-05-01 16:50:00,Bengaluru,PLANNED
TX0002417,DRUG000806,2,DIST_11,WH_06,WHOLESALER,2026-05-05 01:18:00,Pune,PLANNED
TX0002418,DRUG000806,3,WH_06,RET_006,RETAIL_OUTLET,2026-05-07 10:03:00,Mumbai,PLANNED
TX0002419,DRUG000807,1,MFG_07,DIST_12,DISTRIBUTOR,2026-07-31 13:25:00,Pune,PLANNED
TX0002420,DRUG000807,2,DIST_12,WH_07,WHOLESALER,2026-08-03 03:28:00,Mumbai,PLANNED
TX0002421,DRUG000807,3,WH_07,RET_007,RETAIL_OUTLET,2026-08-07 12:10:00,Kolkata,PLANNED
TX0002422,DRUG000808,1,MFG_08,DIST_13,DISTRIBUTOR,2026-09-05 18:45:00,Mumbai,PLANNED
TX0002423,DRUG000808,2,DIST_13,WH_08,WHOLESALER,2026-09-11 07:11:00,Kolkata,PLANNED
TX0002424,DRUG000808,3,WH_08,RET_008,RETAIL_OUTLET,2026-09-16 01:55:00,New Delhi,PLANNED
TX0002425,DRUG000809,1,MFG_09,DIST_14,DISTRIBUTOR,2026-05-31 08:52:00,Kolkata,PLANNED
TX0002426,DRUG000809,2,DIST_14,WH_09,WHOLESALER,2026-06-04 01:31:00,New Delhi,PLANNED
TX0002427,DRUG000809,3,WH_09,RET_009,RETAIL_OUTLET,2026-06-06 15:59:00,Vijayawada,PLANNED
TX0002428,DRUG000810,1,MFG_10,DIST_15,DISTRIBUTOR,2026-06-28 17:41:00,New Delhi,PLANNED
TX0002429,DRUG000810,2,DIST_15,WH_10,WHOLESALER,2026-07-03 07:37:00,Vijayawada,PLANNED
TX0002430,DRUG000810,3,WH_10,RET_010,RETAIL_OUTLET,2026-07-07 19:33:00,Guntur,PLANNED
TX0002431,DRUG000811,1,MFG_01,DIST_01,DISTRIBUTOR,2026-03-25 13:24:00,Vijayawada,PLANNED
TX0002432,DRUG000811,2,DIST_01,WH_11,WHOLESALER,2026-03-28 05:58:00,Guntur,PLANNED
TX0002433,DRUG000811,3,WH_11,RET_011,RETAIL_OUTLET,2026-03-31 17:03:00,Visakhapatnam,PLANNED
TX0002434,DRUG000812,1,MFG_02,DIST_02,DISTRIBUTOR,2026-05-23 18:10:00,Guntur,PLANNED
TX0002435,DRUG000812,2,DIST_02,WH_12,WHOLESALER,2026-05-25 03:06:00,Visakhapatnam,PLANNED
TX0002436,DRUG000812,3,WH_12,RET_012,RETAIL_OUTLET,2026-05-30 20:22:00,Hyderabad,PLANNED
TX0002437,DRUG000813,1,MFG_03,DIST_03,DISTRIBUTOR,2026-03-15 09:46:00,Visakhapatnam,PLANNED
TX0002438,DRUG000813,2,DIST_03,WH_13,WHOLESALER,2026-03-16 23:02:00,Hyderabad,PLANNED
TX0002439,DRUG000813,3,WH_13,RET_013,RETAIL_OUTLET,2026-03-22 12:09:00,Chennai,PLANNED
TX0002440,DRUG000814,1,MFG_04,DIST_04,DISTRIBUTOR,2026-01-24 17:47:00,Hyderabad,PLANNED
TX0002441,DRUG000814,2,DIST_04,WH_14,WHOLESALER,2026-01-26 09:08:00,Chennai,PLANNED
TX0002442,DRUG000814,3,WH_14,RET_014,RETAIL_OUTLET,2026-01-29 02:44:00,Bengaluru,PLANNED
TX0002443,DRUG000815,1,MFG_05,DIST_05,DISTRIBUTOR,2026-07-11 12:42:00,Chennai,PLANNED
TX0002444,DRUG000815,2,DIST_05,WH_15,WHOLESALER,2026-07-17 06:50:00,Bengaluru,PLANNED
TX0002445,DRUG000815,3,WH_15,RET_015,RETAIL_OUTLET,2026-07-21 23:37:00,Pune,PLANNED
TX0002446,DRUG000816,1,MFG_06,DIST_06,DISTRIBUTOR,2026-03-16 17:12:00,Bengaluru,PLANNED
TX0002447,DRUG000816,2,DIST_06,WH_16,WHOLESALER,2026-03-20 08:18:00,Pune,PLANNED
TX0002448,DRUG000816,3,WH_16,RET_016,RETAIL_OUTLET,2026-03-22 23:11:00,Mumbai,PLANNED
TX0002449,DRUG000817,1,MFG_07,DIST_07,DISTRIBUTOR,2026-04-19 14:56:00,Pune,PLANNED
TX0002450,DRUG000817,2,DIST_07,WH_17,WHOLESALER,2026-04-22 06:09:00,Mumbai,PLANNED
TX0002451,DRUG000817,3,WH_17,RET_017,RETAIL_OUTLET,2026-04-26 15:32:00,Kolkata,PLANNED
TX0002452,DRUG000818,1,MFG_08,DIST_08,DISTRIBUTOR,2026-07-08 16:49:00,Mumbai,PLANNED
TX0002453,DRUG000818,2,DIST_08,WH_18,WHOLESALER,2026-07-13 05:26:00,Kolkata,PLANNED
TX0002454,DRUG000818,3,WH_18,RET_018,RETAIL_OUTLET,2026-07-17 23:53:00,New Delhi,PLANNED
TX0002455,DRUG000819,1,MFG_09,DIST_09,DISTRIBUTOR,2026-05-02 10:32:00,Kolkata,PLANNED
TX0002456,DRUG000819,2,DIST_09,WH_19,WHOLESALER,2026-05-05 02:17:00,New Delhi,PLANNED
TX0002457,DRUG000819,3,WH_19,RET_019,RETAIL_OUTLET,2026-05-09 13:02:00,Vijayawada,PLANNED
TX0002458,DRUG000820,1,MFG_10,DIST_10,DISTRIBUTOR,2026-05-20 15:02:00,New Delhi,PLANNED
TX0002459,DRUG000820,2,DIST_10,WH_20,WHOLESALER,2026-05-23 07:25:00,Vijayawada,PLANNED
TX0002460,DRUG000820,3,WH_20,RET_020,RETAIL_OUTLET,2026-05-25 01:19:00,Guntur,PLANNED
TX0002461,DRUG000821,1,MFG_01,DIST_11,DISTRIBUTOR,2026-04-20 17:18:00,Vijayawada,PLANNED
TX0002462,DRUG000821,2,DIST_11,WH_01,WHOLESALER,2026-04-22 09:27:00,Guntur,PLANNED
TX0002463,DRUG000821,3,WH_01,RET_021,RETAIL_OUTLET,2026-04-23 22:46:00,Visakhapatnam,PLANNED
TX0002464,DRUG000822,1,MFG_02,DIST_12,DISTRIBUTOR,2026-04-15 08:50:00,Guntur,PLANNED
TX0002465,DRUG000822,2,DIST_12,WH_02,WHOLESALER,2026-04-17 19:40:00,Visakhapatnam,PLANNED
TX0002466,DRUG000822,3,WH_02,RET_022,RETAIL_OUTLET,2026-04-23 09:43:00,Hyderabad,PLANNED
TX0002467,DRUG000823,1,MFG_03,DIST_13,DISTRIBUTOR,2026-09-04 10:52:00,Visakhapatnam,PLANNED
TX0002468,DRUG000823,2,DIST_13,WH_03,WHOLESALER,2026-09-08 18:59:00,Hyderabad,PLANNED
TX0002469,DRUG000823,3,WH_03,RET_023,RETAIL_OUTLET,2026-09-14 08:03:00,Chennai,PLANNED
TX0002470,DRUG000824,1,MFG_04,DIST_14,DISTRIBUTOR,2026-08-22 17:19:00,Hyderabad,PLANNED
TX0002471,DRUG000824,2,DIST_14,WH_04,WHOLESALER,2026-08-28 09:16:00,Chennai,PLANNED
TX0002472,DRUG000824,3,WH_04,RET_024,RETAIL_OUTLET,2026-08-31 23:46:00,Bengaluru,PLANNED
TX0002473,DRUG000825,1,MFG_05,DIST_15,DISTRIBUTOR,2026-08-10 18:29:00,Chennai,PLANNED
TX0002474,DRUG000825,2,DIST_15,WH_05,WHOLESALER,2026-08-15 12:57:00,Bengaluru,PLANNED
TX0002475,DRUG000825,3,WH_05,RET_025,RETAIL_OUTLET,2026-08-18 02:02:00,Pune,PLANNED
TX0002476,DRUG000826,1,MFG_06,DIST_01,DISTRIBUTOR,2026-08-02 14:21:00,Bengaluru,PLANNED
TX0002477,DRUG000826,2,DIST_01,WH_06,WHOLESALER,2026-08-07 23:03:00,Pune,PLANNED
TX0002478,DRUG000826,3,WH_06,RET_026,RETAIL_OUTLET,2026-08-12 11:44:00,Mumbai,PLANNED
TX0002479,DRUG000827,1,MFG_07,DIST_02,DISTRIBUTOR,2026-01-29 18:50:00,Pune,PLANNED
TX0002480,DRUG000827,2,DIST_02,WH_07,WHOLESALER,2026-02-02 11:31:00,Mumbai,PLANNED
TX0002481,DRUG000827,3,WH_07,RET_027,RETAIL_OUTLET,2026-02-04 06:06:00,Kolkata,PLANNED
TX0002482,DRUG000828,1,MFG_08,DIST_03,DISTRIBUTOR,2026-02-06 17:48:00,Mumbai,PLANNED
TX0002483,DRUG000828,2,DIST_03,WH_08,WHOLESALER,2026-02-08 11:21:00,Kolkata,PLANNED
TX0002484,DRUG000828,3,WH_08,RET_028,RETAIL_OUTLET,2026-02-11 02:53:00,New Delhi,PLANNED
TX0002485,DRUG000829,1,MFG_09,DIST_04,DISTRIBUTOR,2026-08-25 10:01:00,Kolkata,PLANNED
TX0002486,DRUG000829,2,DIST_04,WH_09,WHOLESALER,2026-08-28 21:16:00,New Delhi,PLANNED
TX0002487,DRUG000829,3,WH_09,RET_029,RETAIL_OUTLET,2026-09-03 12:21:00,Vijayawada,PLANNED
TX0002488,DRUG000830,1,MFG_10,DIST_05,DISTRIBUTOR,2026-08-07 08:31:00,New Delhi,PLANNED
TX0002489,DRUG000830,2,DIST_05,WH_10,WHOLESALER,2026-08-08 21:58:00,Vijayawada,PLANNED
TX0002490,DRUG000830,3,WH_10,RET_030,RETAIL_OUTLET,2026-08-11 11:59:00,Guntur,PLANNED
TX0002491,DRUG000831,1,MFG_01,DIST_06,DISTRIBUTOR,2026-08-19 09:07:00,Vijayawada,PLANNED
TX0002492,DRUG000831,2,DIST_06,WH_11,WHOLESALER,2026-08-21 01:17:00,Guntur,PLANNED
TX0002493,DRUG000831,3,WH_11,RET_031,RETAIL_OUTLET,2026-08-24 11:28:00,Visakhapatnam,PLANNED
TX0002494,DRUG000832,1,MFG_02,DIST_07,DISTRIBUTOR,2026-03-13 14:43:00,Guntur,PLANNED
TX0002495,DRUG000832,2,DIST_07,WH_12,WHOLESALER,2026-03-15 23:22:00,Visakhapatnam,PLANNED
TX0002496,DRUG000832,3,WH_12,RET_032,RETAIL_OUTLET,2026-03-19 09:23:00,Hyderabad,PLANNED
TX0002497,DRUG000833,1,MFG_03,DIST_08,DISTRIBUTOR,2026-07-11 09:20:00,Visakhapatnam,PLANNED
TX0002498,DRUG000833,2,DIST_08,WH_13,WHOLESALER,2026-07-14 00:17:00,Hyderabad,PLANNED
TX0002499,DRUG000833,3,WH_13,RET_033,RETAIL_OUTLET,2026-07-17 12:41:00,Chennai,PLANNED
TX0002500,DRUG000834,1,MFG_04,DIST_09,DISTRIBUTOR,2026-08-03 11:48:00,Hyderabad,PLANNED
TX0002501,DRUG000834,2,DIST_09,WH_14,WHOLESALER,2026-08-09 05:03:00,Chennai,PLANNED
TX0002502,DRUG000834,3,WH_14,RET_034,RETAIL_OUTLET,2026-08-13 21:51:00,Bengaluru,PLANNED
TX0002503,DRUG000835,1,MFG_05,DIST_10,DISTRIBUTOR,2026-05-15 08:20:00,Chennai,PLANNED
TX0002504,DRUG000835,2,DIST_10,WH_15,WHOLESALER,2026-05-20 00:46:00,Bengaluru,PLANNED
TX0002505,DRUG000835,3,WH_15,RET_035,RETAIL_OUTLET,2026-05-21 15:47:00,Pune,PLANNED
TX0002506,DRUG000836,1,MFG_06,DIST_11,DISTRIBUTOR,2026-04-19 16:37:00,Bengaluru,PLANNED
TX0002507,DRUG000836,2,DIST_11,WH_16,WHOLESALER,2026-04-21 04:25:00,Pune,PLANNED
TX0002508,DRUG000836,3,WH_16,RET_036,RETAIL_OUTLET,2026-04-26 23:15:00,Mumbai,PLANNED
TX0002509,DRUG000837,1,MFG_07,DIST_12,DISTRIBUTOR,2026-02-16 15:05:00,Pune,PLANNED
TX0002510,DRUG000837,2,DIST_12,WH_17,WHOLESALER,2026-02-22 02:55:00,Mumbai,PLANNED
TX0002511,DRUG000837,3,WH_17,RET_037,RETAIL_OUTLET,2026-02-24 16:29:00,Kolkata,PLANNED
TX0002512,DRUG000838,1,MFG_08,DIST_13,DISTRIBUTOR,2026-02-26 16:28:00,Mumbai,PLANNED
TX0002513,DRUG000838,2,DIST_13,WH_18,WHOLESALER,2026-02-28 01:20:00,Kolkata,PLANNED
TX0002514,DRUG000838,3,WH_18,RET_038,RETAIL_OUTLET,2026-03-04 18:38:00,New Delhi,PLANNED
TX0002515,DRUG000839,1,MFG_09,DIST_14,DISTRIBUTOR,2026-06-19 15:17:00,Kolkata,PLANNED
TX0002516,DRUG000839,2,DIST_14,WH_19,WHOLESALER,2026-06-25 04:10:00,New Delhi,PLANNED
TX0002517,DRUG000839,3,WH_19,RET_039,RETAIL_OUTLET,2026-06-29 18:03:00,Vijayawada,PLANNED
TX0002518,DRUG000840,1,MFG_10,DIST_15,DISTRIBUTOR,2026-06-26 12:02:00,New Delhi,PLANNED
TX0002519,DRUG000840,2,DIST_15,WH_20,WHOLESALER,2026-06-29 04:38:00,Vijayawada,PLANNED
TX0002520,DRUG000840,3,WH_20,RET_040,RETAIL_OUTLET,2026-06-30 16:43:00,Guntur,PLANNED
TX0002521,DRUG000841,1,MFG_01,DIST_01,DISTRIBUTOR,2026-04-20 12:56:00,Vijayawada,PLANNED
TX0002522,DRUG000841,2,DIST_01,WH_01,WHOLESALER,2026-04-25 00:35:00,Guntur,PLANNED
TX0002523,DRUG000841,3,WH_01,RET_041,RETAIL_OUTLET,2026-04-30 14:31:00,Visakhapatnam,PLANNED
TX0002524,DRUG000842,1,MFG_02,DIST_02,DISTRIBUTOR,2026-07-03 12:15:00,Guntur,PLANNED
TX0002525,DRUG000842,2,DIST_02,WH_02,WHOLESALER,2026-07-07 01:28:00,Visakhapatnam,PLANNED
TX0002526,DRUG000842,3,WH_02,RET_042,RETAIL_OUTLET,2026-07-11 18:49:00,Hyderabad,PLANNED
TX0002527,DRUG000843,1,MFG_03,DIST_03,DISTRIBUTOR,2026-01-11 15:00:00,Visakhapatnam,PLANNED
TX0002528,DRUG000843,2,DIST_03,WH_03,WHOLESALER,2026-01-13 09:11:00,Hyderabad,PLANNED
TX0002529,DRUG000843,3,WH_03,RET_043,RETAIL_OUTLET,2026-01-18 02:08:00,Chennai,PLANNED
TX0002530,DRUG000844,1,MFG_04,DIST_04,DISTRIBUTOR,2026-07-10 09:50:00,Hyderabad,PLANNED
TX0002531,DRUG000844,2,DIST_04,WH_04,WHOLESALER,2026-07-12 01:51:00,Chennai,PLANNED
TX0002532,DRUG000844,3,WH_04,RET_044,RETAIL_OUTLET,2026-07-16 19:58:00,Bengaluru,PLANNED
TX0002533,DRUG000845,1,MFG_05,DIST_05,DISTRIBUTOR,2026-04-14 14:11:00,Chennai,PLANNED
TX0002534,DRUG000845,2,DIST_05,WH_05,WHOLESALER,2026-04-15 23:40:00,Bengaluru,PLANNED
TX0002535,DRUG000845,3,WH_05,RET_045,RETAIL_OUTLET,2026-04-19 11:08:00,Pune,PLANNED
TX0002536,DRUG000846,1,MFG_06,DIST_06,DISTRIBUTOR,2026-01-07 18:58:00,Bengaluru,PLANNED
TX0002537,DRUG000846,2,DIST_06,WH_06,WHOLESALER,2026-01-11 06:03:00,Pune,PLANNED
TX0002538,DRUG000846,3,WH_06,RET_046,RETAIL_OUTLET,2026-01-17 00:22:00,Mumbai,PLANNED
TX0002539,DRUG000847,1,MFG_07,DIST_07,DISTRIBUTOR,2026-08-03 13:02:00,Pune,PLANNED
TX0002540,DRUG000847,2,DIST_07,WH_07,WHOLESALER,2026-08-07 04:59:00,Mumbai,PLANNED
TX0002541,DRUG000847,3,WH_07,RET_047,RETAIL_OUTLET,2026-08-12 15:59:00,Kolkata,PLANNED
TX0002542,DRUG000848,1,MFG_08,DIST_08,DISTRIBUTOR,2026-02-25 17:32:00,Mumbai,PLANNED
TX0002543,DRUG000848,2,DIST_08,WH_08,WHOLESALER,2026-03-02 04:07:00,Kolkata,PLANNED
TX0002544,DRUG000848,3,WH_08,RET_048,RETAIL_OUTLET,2026-03-04 22:54:00,New Delhi,PLANNED
TX0002545,DRUG000849,1,MFG_09,DIST_09,DISTRIBUTOR,2026-06-01 10:47:00,Kolkata,PLANNED
TX0002546,DRUG000849,2,DIST_09,WH_09,WHOLESALER,2026-06-02 21:03:00,New Delhi,PLANNED
TX0002547,DRUG000849,3,WH_09,RET_049,RETAIL_OUTLET,2026-06-08 08:59:00,Vijayawada,PLANNED
TX0002548,DRUG000850,1,MFG_10,DIST_10,DISTRIBUTOR,2026-05-19 18:34:00,New Delhi,PLANNED
TX0002549,DRUG000850,2,DIST_10,WH_10,WHOLESALER,2026-05-25 07:17:00,Vijayawada,PLANNED
TX0002550,DRUG000850,3,WH_10,RET_050,RETAIL_OUTLET,2026-05-30 22:17:00,Guntur,PLANNED
TX0002551,DRUG000851,1,MFG_01,DIST_11,DISTRIBUTOR,2026-09-02 14:54:00,Vijayawada,PLANNED
TX0002552,DRUG000851,2,DIST_11,WH_11,WHOLESALER,2026-09-07 03:01:00,Guntur,PLANNED
TX0002553,DRUG000851,3,WH_11,RET_001,RETAIL_OUTLET,2026-09-12 18:32:00,Visakhapatnam,PLANNED
TX0002554,DRUG000852,1,MFG_02,DIST_12,DISTRIBUTOR,2026-04-08 12:58:00,Guntur,PLANNED
TX0002555,DRUG000852,2,DIST_12,WH_12,WHOLESALER,2026-04-13 05:26:00,Visakhapatnam,PLANNED
TX0002556,DRUG000852,3,WH_12,RET_002,RETAIL_OUTLET,2026-04-16 13:51:00,Hyderabad,PLANNED
TX0002557,DRUG000853,1,MFG_03,DIST_13,DISTRIBUTOR,2026-02-26 08:47:00,Visakhapatnam,PLANNED
TX0002558,DRUG000853,2,DIST_13,WH_13,WHOLESALER,2026-02-28 22:51:00,Hyderabad,PLANNED
TX0002559,DRUG000853,3,WH_13,RET_003,RETAIL_OUTLET,2026-03-03 10:01:00,Chennai,PLANNED
TX0002560,DRUG000854,1,MFG_04,DIST_14,DISTRIBUTOR,2026-03-29 08:30:00,Hyderabad,PLANNED
TX0002561,DRUG000854,2,DIST_14,WH_14,WHOLESALER,2026-04-02 17:07:00,Chennai,PLANNED
TX0002562,DRUG000854,3,WH_14,RET_004,RETAIL_OUTLET,2026-04-06 05:22:00,Bengaluru,PLANNED
TX0002563,DRUG000855,1,MFG_05,DIST_15,DISTRIBUTOR,2026-02-04 08:52:00,Chennai,PLANNED
TX0002564,DRUG000855,2,DIST_15,WH_15,WHOLESALER,2026-02-08 01:42:00,Bengaluru,PLANNED
TX0002565,DRUG000855,3,WH_15,RET_005,RETAIL_OUTLET,2026-02-10 11:31:00,Pune,PLANNED
TX0002566,DRUG000856,1,MFG_06,DIST_01,DISTRIBUTOR,2026-06-09 17:07:00,Bengaluru,PLANNED
TX0002567,DRUG000856,2,DIST_01,WH_16,WHOLESALER,2026-06-11 02:05:00,Pune,PLANNED
TX0002568,DRUG000856,3,WH_16,RET_006,RETAIL_OUTLET,2026-06-12 16:25:00,Mumbai,PLANNED
TX0002569,DRUG000857,1,MFG_07,DIST_02,DISTRIBUTOR,2026-08-20 15:03:00,Pune,PLANNED
TX0002570,DRUG000857,2,DIST_02,WH_17,WHOLESALER,2026-08-24 08:43:00,Mumbai,PLANNED
TX0002571,DRUG000857,3,WH_17,RET_007,RETAIL_OUTLET,2026-08-28 17:49:00,Kolkata,PLANNED
TX0002572,DRUG000858,1,MFG_08,DIST_03,DISTRIBUTOR,2026-07-03 12:54:00,Mumbai,PLANNED
TX0002573,DRUG000858,2,DIST_03,WH_18,WHOLESALER,2026-07-08 03:00:00,Kolkata,PLANNED
TX0002574,DRUG000858,3,WH_18,RET_008,RETAIL_OUTLET,2026-07-13 17:14:00,New Delhi,PLANNED
TX0002575,DRUG000859,1,MFG_09,DIST_04,DISTRIBUTOR,2026-08-22 15:50:00,Kolkata,PLANNED
TX0002576,DRUG000859,2,DIST_04,WH_19,WHOLESALER,2026-08-27 09:29:00,New Delhi,PLANNED
TX0002577,DRUG000859,3,WH_19,RET_009,RETAIL_OUTLET,2026-08-28 23:10:00,Vijayawada,PLANNED
TX0002578,DRUG000860,1,MFG_10,DIST_05,DISTRIBUTOR,2026-09-11 13:37:00,New Delhi,PLANNED
TX0002579,DRUG000860,2,DIST_05,WH_20,WHOLESALER,2026-09-13 22:43:00,Vijayawada,PLANNED
TX0002580,DRUG000860,3,WH_20,RET_010,RETAIL_OUTLET,2026-09-15 16:28:00,Guntur,PLANNED
TX0002581,DRUG000861,1,MFG_01,DIST_06,DISTRIBUTOR,2026-01-30 18:32:00,Vijayawada,PLANNED
TX0002582,DRUG000861,2,DIST_06,WH_01,WHOLESALER,2026-02-03 07:58:00,Guntur,PLANNED
TX0002583,DRUG000861,3,WH_01,RET_011,RETAIL_OUTLET,2026-02-08 01:26:00,Visakhapatnam,PLANNED
TX0002584,DRUG000862,1,MFG_02,DIST_07,DISTRIBUTOR,2026-02-21 08:08:00,Guntur,PLANNED
TX0002585,DRUG000862,2,DIST_07,WH_02,WHOLESALER,2026-02-25 01:35:00,Visakhapatnam,PLANNED
TX0002586,DRUG000862,3,WH_02,RET_012,RETAIL_OUTLET,2026-03-02 20:23:00,Hyderabad,PLANNED
TX0002587,DRUG000863,1,MFG_03,DIST_08,DISTRIBUTOR,2026-04-17 10:09:00,Visakhapatnam,PLANNED
TX0002588,DRUG000863,2,DIST_08,WH_03,WHOLESALER,2026-04-21 22:47:00,Hyderabad,PLANNED
TX0002589,DRUG000863,3,WH_03,RET_013,RETAIL_OUTLET,2026-04-25 11:10:00,Chennai,PLANNED
TX0002590,DRUG000864,1,MFG_04,DIST_09,DISTRIBUTOR,2026-01-06 16:52:00,Hyderabad,PLANNED
TX0002591,DRUG000864,2,DIST_09,WH_04,WHOLESALER,2026-01-12 01:19:00,Chennai,PLANNED
TX0002592,DRUG000864,3,WH_04,RET_014,RETAIL_OUTLET,2026-01-15 12:31:00,Bengaluru,PLANNED
TX0002593,DRUG000865,1,MFG_05,DIST_10,DISTRIBUTOR,2026-06-18 11:42:00,Chennai,PLANNED
TX0002594,DRUG000865,2,DIST_10,WH_05,WHOLESALER,2026-06-23 03:20:00,Bengaluru,PLANNED
TX0002595,DRUG000865,3,WH_05,RET_015,RETAIL_OUTLET,2026-06-26 20:56:00,Pune,PLANNED
TX0002596,DRUG000866,1,MFG_06,DIST_11,DISTRIBUTOR,2026-04-06 10:06:00,Bengaluru,PLANNED
TX0002597,DRUG000866,2,DIST_11,WH_06,WHOLESALER,2026-04-10 18:37:00,Pune,PLANNED
TX0002598,DRUG000866,3,WH_06,RET_016,RETAIL_OUTLET,2026-04-13 03:17:00,Mumbai,PLANNED
TX0002599,DRUG000867,1,MFG_07,DIST_12,DISTRIBUTOR,2026-03-12 11:15:00,Pune,PLANNED
TX0002600,DRUG000867,2,DIST_12,WH_07,WHOLESALER,2026-03-17 01:06:00,Mumbai,PLANNED
TX0002601,DRUG000867,3,WH_07,RET_017,RETAIL_OUTLET,2026-03-21 12:31:00,Kolkata,PLANNED
TX0002602,DRUG000868,1,MFG_08,DIST_13,DISTRIBUTOR,2026-02-24 09:22:00,Mumbai,PLANNED
TX0002603,DRUG000868,2,DIST_13,WH_08,WHOLESALER,2026-02-26 01:29:00,Kolkata,PLANNED
TX0002604,DRUG000868,3,WH_08,RET_018,RETAIL_OUTLET,2026-02-28 13:57:00,New Delhi,PLANNED
TX0002605,DRUG000869,1,MFG_09,DIST_14,DISTRIBUTOR,2026-02-21 11:12:00,Kolkata,PLANNED
TX0002606,DRUG000869,2,DIST_14,WH_09,WHOLESALER,2026-02-24 21:26:00,New Delhi,PLANNED
TX0002607,DRUG000869,3,WH_09,RET_019,RETAIL_OUTLET,2026-02-28 07:47:00,Vijayawada,PLANNED
TX0002608,DRUG000870,1,MFG_10,DIST_15,DISTRIBUTOR,2026-08-10 08:11:00,New Delhi,PLANNED
TX0002609,DRUG000870,2,DIST_15,WH_10,WHOLESALER,2026-08-13 17:12:00,Vijayawada,PLANNED
TX0002610,DRUG000870,3,WH_10,RET_020,RETAIL_OUTLET,2026-08-16 07:53:00,Guntur,PLANNED
TX0002611,DRUG000871,1,MFG_01,DIST_01,DISTRIBUTOR,2026-07-29 12:29:00,Vijayawada,PLANNED
TX0002612,DRUG000871,2,DIST_01,WH_11,WHOLESALER,2026-08-01 02:20:00,Guntur,PLANNED
TX0002613,DRUG000871,3,WH_11,RET_021,RETAIL_OUTLET,2026-08-04 20:30:00,Visakhapatnam,PLANNED
TX0002614,DRUG000872,1,MFG_02,DIST_02,DISTRIBUTOR,2026-09-01 10:56:00,Guntur,PLANNED
TX0002615,DRUG000872,2,DIST_02,WH_12,WHOLESALER,2026-09-03 22:08:00,Visakhapatnam,PLANNED
TX0002616,DRUG000872,3,WH_12,RET_022,RETAIL_OUTLET,2026-09-09 12:52:00,Hyderabad,PLANNED
TX0002617,DRUG000873,1,MFG_03,DIST_03,DISTRIBUTOR,2026-04-20 18:15:00,Visakhapatnam,PLANNED
TX0002618,DRUG000873,2,DIST_03,WH_13,WHOLESALER,2026-04-22 11:52:00,Hyderabad,PLANNED
TX0002619,DRUG000873,3,WH_13,RET_023,RETAIL_OUTLET,2026-04-25 04:10:00,Chennai,PLANNED
TX0002620,DRUG000874,1,MFG_04,DIST_04,DISTRIBUTOR,2026-07-30 08:40:00,Hyderabad,PLANNED
TX0002621,DRUG000874,2,DIST_04,WH_14,WHOLESALER,2026-08-02 19:34:00,Chennai,PLANNED
TX0002622,DRUG000874,3,WH_14,RET_024,RETAIL_OUTLET,2026-08-08 13:30:00,Bengaluru,PLANNED
TX0002623,DRUG000875,1,MFG_05,DIST_05,DISTRIBUTOR,2026-05-12 18:39:00,Chennai,PLANNED
TX0002624,DRUG000875,2,DIST_05,WH_15,WHOLESALER,2026-05-14 05:11:00,Bengaluru,PLANNED
TX0002625,DRUG000875,3,WH_15,RET_025,RETAIL_OUTLET,2026-05-18 23:59:00,Pune,PLANNED
TX0002626,DRUG000876,1,MFG_06,DIST_06,DISTRIBUTOR,2026-05-24 15:11:00,Bengaluru,PLANNED
TX0002627,DRUG000876,2,DIST_06,WH_16,WHOLESALER,2026-05-28 04:44:00,Pune,PLANNED
TX0002628,DRUG000876,3,WH_16,RET_026,RETAIL_OUTLET,2026-06-01 20:14:00,Mumbai,PLANNED
TX0002629,DRUG000877,1,MFG_07,DIST_07,DISTRIBUTOR,2026-03-21 11:14:00,Pune,PLANNED
TX0002630,DRUG000877,2,DIST_07,WH_17,WHOLESALER,2026-03-24 03:09:00,Mumbai,PLANNED
TX0002631,DRUG000877,3,WH_17,RET_027,RETAIL_OUTLET,2026-03-26 17:22:00,Kolkata,PLANNED
TX0002632,DRUG000878,1,MFG_08,DIST_08,DISTRIBUTOR,2026-04-01 10:59:00,Mumbai,PLANNED
TX0002633,DRUG000878,2,DIST_08,WH_18,WHOLESALER,2026-04-04 23:34:00,Kolkata,PLANNED
TX0002634,DRUG000878,3,WH_18,RET_028,RETAIL_OUTLET,2026-04-06 10:22:00,New Delhi,PLANNED
TX0002635,DRUG000879,1,MFG_09,DIST_09,DISTRIBUTOR,2026-02-04 13:14:00,Kolkata,PLANNED
TX0002636,DRUG000879,2,DIST_09,WH_19,WHOLESALER,2026-02-09 21:43:00,New Delhi,PLANNED
TX0002637,DRUG000879,3,WH_19,RET_029,RETAIL_OUTLET,2026-02-15 15:04:00,Vijayawada,PLANNED
TX0002638,DRUG000880,1,MFG_10,DIST_10,DISTRIBUTOR,2026-05-02 14:23:00,New Delhi,PLANNED
TX0002639,DRUG000880,2,DIST_10,WH_20,WHOLESALER,2026-05-07 03:40:00,Vijayawada,PLANNED
TX0002640,DRUG000880,3,WH_20,RET_030,RETAIL_OUTLET,2026-05-11 11:51:00,Guntur,PLANNED
TX0002641,DRUG000881,1,MFG_01,DIST_11,DISTRIBUTOR,2026-04-30 13:57:00,Vijayawada,PLANNED
TX0002642,DRUG000881,2,DIST_11,WH_01,WHOLESALER,2026-05-02 02:50:00,Guntur,PLANNED
TX0002643,DRUG000881,3,WH_01,RET_031,RETAIL_OUTLET,2026-05-07 19:24:00,Visakhapatnam,PLANNED
TX0002644,DRUG000882,1,MFG_02,DIST_12,DISTRIBUTOR,2026-06-21 09:07:00,Guntur,PLANNED
TX0002645,DRUG000882,2,DIST_12,WH_02,WHOLESALER,2026-06-22 22:09:00,Visakhapatnam,PLANNED
TX0002646,DRUG000882,3,WH_02,RET_032,RETAIL_OUTLET,2026-06-28 09:30:00,Hyderabad,PLANNED
TX0002647,DRUG000883,1,MFG_03,DIST_13,DISTRIBUTOR,2026-02-28 18:54:00,Visakhapatnam,PLANNED
TX0002648,DRUG000883,2,DIST_13,WH_03,WHOLESALER,2026-03-04 06:39:00,Hyderabad,PLANNED
TX0002649,DRUG000883,3,WH_03,RET_033,RETAIL_OUTLET,2026-03-09 17:33:00,Chennai,PLANNED
TX0002650,DRUG000884,1,MFG_04,DIST_14,DISTRIBUTOR,2026-07-16 12:52:00,Hyderabad,PLANNED
TX0002651,DRUG000884,2,DIST_14,WH_04,WHOLESALER,2026-07-20 03:17:00,Chennai,PLANNED
TX0002652,DRUG000884,3,WH_04,RET_034,RETAIL_OUTLET,2026-07-25 21:17:00,Bengaluru,PLANNED
TX0002653,DRUG000885,1,MFG_05,DIST_15,DISTRIBUTOR,2026-05-10 11:46:00,Chennai,PLANNED
TX0002654,DRUG000885,2,DIST_15,WH_05,WHOLESALER,2026-05-13 03:00:00,Bengaluru,PLANNED
TX0002655,DRUG000885,3,WH_05,RET_035,RETAIL_OUTLET,2026-05-18 20:50:00,Pune,PLANNED
TX0002656,DRUG000886,1,MFG_06,DIST_01,DISTRIBUTOR,2026-06-02 09:20:00,Bengaluru,PLANNED
TX0002657,DRUG000886,2,DIST_01,WH_06,WHOLESALER,2026-06-05 00:09:00,Pune,PLANNED
TX0002658,DRUG000886,3,WH_06,RET_036,RETAIL_OUTLET,2026-06-09 11:37:00,Mumbai,PLANNED
TX0002659,DRUG000887,1,MFG_07,DIST_02,DISTRIBUTOR,2026-05-04 17:55:00,Pune,PLANNED
TX0002660,DRUG000887,2,DIST_02,WH_07,WHOLESALER,2026-05-07 06:42:00,Mumbai,PLANNED
TX0002661,DRUG000887,3,WH_07,RET_037,RETAIL_OUTLET,2026-05-08 22:33:00,Kolkata,PLANNED
TX0002662,DRUG000888,1,MFG_08,DIST_03,DISTRIBUTOR,2026-06-26 14:27:00,Mumbai,PLANNED
TX0002663,DRUG000888,2,DIST_03,WH_08,WHOLESALER,2026-07-01 06:46:00,Kolkata,PLANNED
TX0002664,DRUG000888,3,WH_08,RET_038,RETAIL_OUTLET,2026-07-04 23:47:00,New Delhi,PLANNED
TX0002665,DRUG000889,1,MFG_09,DIST_04,DISTRIBUTOR,2026-05-31 13:36:00,Kolkata,PLANNED
TX0002666,DRUG000889,2,DIST_04,WH_09,WHOLESALER,2026-06-06 07:12:00,New Delhi,PLANNED
TX0002667,DRUG000889,3,WH_09,RET_039,RETAIL_OUTLET,2026-06-10 21:25:00,Vijayawada,PLANNED
TX0002668,DRUG000890,1,MFG_10,DIST_05,DISTRIBUTOR,2026-04-24 11:30:00,New Delhi,PLANNED
TX0002669,DRUG000890,2,DIST_05,WH_10,WHOLESALER,2026-04-26 01:06:00,Vijayawada,PLANNED
TX0002670,DRUG000890,3,WH_10,RET_040,RETAIL_OUTLET,2026-04-30 20:03:00,Guntur,PLANNED
TX0002671,DRUG000891,1,MFG_01,DIST_06,DISTRIBUTOR,2026-03-23 18:35:00,Vijayawada,PLANNED
TX0002672,DRUG000891,2,DIST_06,WH_11,WHOLESALER,2026-03-26 03:27:00,Guntur,PLANNED
TX0002673,DRUG000891,3,WH_11,RET_041,RETAIL_OUTLET,2026-03-31 18:28:00,Visakhapatnam,PLANNED
TX0002674,DRUG000892,1,MFG_02,DIST_07,DISTRIBUTOR,2026-02-23 12:13:00,Guntur,PLANNED
TX0002675,DRUG000892,2,DIST_07,WH_12,WHOLESALER,2026-02-26 00:55:00,Visakhapatnam,PLANNED
TX0002676,DRUG000892,3,WH_12,RET_042,RETAIL_OUTLET,2026-03-03 10:24:00,Hyderabad,PLANNED
TX0002677,DRUG000893,1,MFG_03,DIST_08,DISTRIBUTOR,2026-01-25 10:20:00,Visakhapatnam,PLANNED
TX0002678,DRUG000893,2,DIST_08,WH_13,WHOLESALER,2026-01-30 00:30:00,Hyderabad,PLANNED
TX0002679,DRUG000893,3,WH_13,RET_043,RETAIL_OUTLET,2026-01-31 11:04:00,Chennai,PLANNED
TX0002680,DRUG000894,1,MFG_04,DIST_09,DISTRIBUTOR,2026-04-24 11:08:00,Hyderabad,PLANNED
TX0002681,DRUG000894,2,DIST_09,WH_14,WHOLESALER,2026-04-26 23:35:00,Chennai,PLANNED
TX0002682,DRUG000894,3,WH_14,RET_044,RETAIL_OUTLET,2026-05-01 10:13:00,Bengaluru,PLANNED
TX0002683,DRUG000895,1,MFG_05,DIST_10,DISTRIBUTOR,2026-06-09 16:45:00,Chennai,PLANNED
TX0002684,DRUG000895,2,DIST_10,WH_15,WHOLESALER,2026-06-14 04:57:00,Bengaluru,PLANNED
TX0002685,DRUG000895,3,WH_15,RET_045,RETAIL_OUTLET,2026-06-15 15:25:00,Pune,PLANNED
TX0002686,DRUG000896,1,MFG_06,DIST_11,DISTRIBUTOR,2026-01-29 16:21:00,Bengaluru,PLANNED
TX0002687,DRUG000896,2,DIST_11,WH_16,WHOLESALER,2026-02-04 07:50:00,Pune,PLANNED
TX0002688,DRUG000896,3,WH_16,RET_046,RETAIL_OUTLET,2026-02-09 00:52:00,Mumbai,PLANNED
TX0002689,DRUG000897,1,MFG_07,DIST_12,DISTRIBUTOR,2026-07-17 13:44:00,Pune,PLANNED
TX0002690,DRUG000897,2,DIST_12,WH_17,WHOLESALER,2026-07-21 04:23:00,Mumbai,PLANNED
TX0002691,DRUG000897,3,WH_17,RET_047,RETAIL_OUTLET,2026-07-23 18:38:00,Kolkata,PLANNED
TX0002692,DRUG000898,1,MFG_08,DIST_13,DISTRIBUTOR,2026-02-27 18:11:00,Mumbai,PLANNED
TX0002693,DRUG000898,2,DIST_13,WH_18,WHOLESALER,2026-03-05 03:36:00,Kolkata,PLANNED
TX0002694,DRUG000898,3,WH_18,RET_048,RETAIL_OUTLET,2026-03-06 15:32:00,New Delhi,PLANNED
TX0002695,DRUG000899,1,MFG_09,DIST_14,DISTRIBUTOR,2026-08-21 12:42:00,Kolkata,PLANNED
TX0002696,DRUG000899,2,DIST_14,WH_19,WHOLESALER,2026-08-23 00:40:00,New Delhi,PLANNED
TX0002697,DRUG000899,3,WH_19,RET_049,RETAIL_OUTLET,2026-08-27 15:28:00,Vijayawada,PLANNED
TX0002698,DRUG000900,1,MFG_10,DIST_15,DISTRIBUTOR,2026-05-29 09:32:00,New Delhi,PLANNED
TX0002699,DRUG000900,2,DIST_15,WH_20,WHOLESALER,2026-06-02 00:00:00,Vijayawada,PLANNED
TX0002700,DRUG000900,3,WH_20,RET_050,RETAIL_OUTLET,2026-06-04 12:13:00,Guntur,PLANNED
TX0002701,DRUG000901,1,MFG_01,DIST_01,DISTRIBUTOR,2026-05-19 09:40:00,Vijayawada,PLANNED
TX0002702,DRUG000901,2,DIST_01,WH_01,WHOLESALER,2026-05-24 00:01:00,Guntur,PLANNED
TX0002703,DRUG000901,3,WH_01,RET_001,RETAIL_OUTLET,2026-05-28 11:26:00,Visakhapatnam,PLANNED
TX0002704,DRUG000902,1,MFG_02,DIST_02,DISTRIBUTOR,2026-01-16 10:20:00,Guntur,PLANNED
TX0002705,DRUG000902,2,DIST_02,WH_02,WHOLESALER,2026-01-21 01:49:00,Visakhapatnam,PLANNED
TX0002706,DRUG000902,3,WH_02,RET_002,RETAIL_OUTLET,2026-01-22 11:24:00,Hyderabad,PLANNED
TX0002707,DRUG000903,1,MFG_03,DIST_03,DISTRIBUTOR,2026-06-28 15:52:00,Visakhapatnam,PLANNED
TX0002708,DRUG000903,2,DIST_03,WH_03,WHOLESALER,2026-07-02 02:02:00,Hyderabad,PLANNED
TX0002709,DRUG000903,3,WH_03,RET_003,RETAIL_OUTLET,2026-07-03 19:08:00,Chennai,PLANNED
TX0002710,DRUG000904,1,MFG_04,DIST_04,DISTRIBUTOR,2026-02-22 14:10:00,Hyderabad,PLANNED
TX0002711,DRUG000904,2,DIST_04,WH_04,WHOLESALER,2026-02-24 08:58:00,Chennai,PLANNED
TX0002712,DRUG000904,3,WH_04,RET_004,RETAIL_OUTLET,2026-02-26 03:15:00,Bengaluru,PLANNED
TX0002713,DRUG000905,1,MFG_05,DIST_05,DISTRIBUTOR,2026-02-17 11:45:00,Chennai,PLANNED
TX0002714,DRUG000905,2,DIST_05,WH_05,WHOLESALER,2026-02-19 06:19:00,Bengaluru,PLANNED
TX0002715,DRUG000905,3,WH_05,RET_005,RETAIL_OUTLET,2026-02-21 22:03:00,Pune,PLANNED
TX0002716,DRUG000906,1,MFG_06,DIST_06,DISTRIBUTOR,2026-01-23 15:03:00,Bengaluru,PLANNED
TX0002717,DRUG000906,2,DIST_06,WH_06,WHOLESALER,2026-01-28 23:06:00,Pune,PLANNED
TX0002718,DRUG000906,3,WH_06,RET_006,RETAIL_OUTLET,2026-02-02 11:05:00,Mumbai,PLANNED
TX0002719,DRUG000907,1,MFG_07,DIST_07,DISTRIBUTOR,2026-03-11 09:01:00,Pune,PLANNED
TX0002720,DRUG000907,2,DIST_07,WH_07,WHOLESALER,2026-03-15 17:01:00,Mumbai,PLANNED
TX0002721,DRUG000907,3,WH_07,RET_007,RETAIL_OUTLET,2026-03-19 04:44:00,Kolkata,PLANNED
TX0002722,DRUG000908,1,MFG_08,DIST_08,DISTRIBUTOR,2026-06-26 18:10:00,Mumbai,PLANNED
TX0002723,DRUG000908,2,DIST_08,WH_08,WHOLESALER,2026-06-29 02:36:00,Kolkata,PLANNED
TX0002724,DRUG000908,3,WH_08,RET_008,RETAIL_OUTLET,2026-07-04 12:28:00,New Delhi,PLANNED
TX0002725,DRUG000909,1,MFG_09,DIST_09,DISTRIBUTOR,2026-04-05 17:13:00,Kolkata,PLANNED
TX0002726,DRUG000909,2,DIST_09,WH_09,WHOLESALER,2026-04-11 07:40:00,New Delhi,PLANNED
TX0002727,DRUG000909,3,WH_09,RET_009,RETAIL_OUTLET,2026-04-12 18:53:00,Vijayawada,PLANNED
TX0002728,DRUG000910,1,MFG_10,DIST_10,DISTRIBUTOR,2026-02-05 08:25:00,New Delhi,PLANNED
TX0002729,DRUG000910,2,DIST_10,WH_10,WHOLESALER,2026-02-08 16:49:00,Vijayawada,PLANNED
TX0002730,DRUG000910,3,WH_10,RET_010,RETAIL_OUTLET,2026-02-11 08:03:00,Guntur,PLANNED
TX0002731,DRUG000911,1,MFG_01,DIST_11,DISTRIBUTOR,2026-01-30 08:04:00,Vijayawada,PLANNED
TX0002732,DRUG000911,2,DIST_11,WH_11,WHOLESALER,2026-02-01 22:23:00,Guntur,PLANNED
TX0002733,DRUG000911,3,WH_11,RET_011,RETAIL_OUTLET,2026-02-07 13:29:00,Visakhapatnam,PLANNED
TX0002734,DRUG000912,1,MFG_02,DIST_12,DISTRIBUTOR,2026-07-08 17:20:00,Guntur,PLANNED
TX0002735,DRUG000912,2,DIST_12,WH_12,WHOLESALER,2026-07-13 12:19:00,Visakhapatnam,PLANNED
TX0002736,DRUG000912,3,WH_12,RET_012,RETAIL_OUTLET,2026-07-16 01:30:00,Hyderabad,PLANNED
TX0002737,DRUG000913,1,MFG_03,DIST_13,DISTRIBUTOR,2026-06-21 13:01:00,Visakhapatnam,PLANNED
TX0002738,DRUG000913,2,DIST_13,WH_13,WHOLESALER,2026-06-27 06:29:00,Hyderabad,PLANNED
TX0002739,DRUG000913,3,WH_13,RET_013,RETAIL_OUTLET,2026-07-01 23:09:00,Chennai,PLANNED
TX0002740,DRUG000914,1,MFG_04,DIST_14,DISTRIBUTOR,2026-07-23 08:14:00,Hyderabad,PLANNED
TX0002741,DRUG000914,2,DIST_14,WH_14,WHOLESALER,2026-07-25 02:02:00,Chennai,PLANNED
TX0002742,DRUG000914,3,WH_14,RET_014,RETAIL_OUTLET,2026-07-26 14:17:00,Bengaluru,PLANNED
TX0002743,DRUG000915,1,MFG_05,DIST_15,DISTRIBUTOR,2026-07-17 09:03:00,Chennai,PLANNED
TX0002744,DRUG000915,2,DIST_15,WH_15,WHOLESALER,2026-07-19 22:34:00,Bengaluru,PLANNED
TX0002745,DRUG000915,3,WH_15,RET_015,RETAIL_OUTLET,2026-07-23 09:43:00,Pune,PLANNED
TX0002746,DRUG000916,1,MFG_06,DIST_01,DISTRIBUTOR,2026-04-10 17:28:00,Bengaluru,PLANNED
TX0002747,DRUG000916,2,DIST_01,WH_16,WHOLESALER,2026-04-14 03:45:00,Pune,PLANNED
TX0002748,DRUG000916,3,WH_16,RET_016,RETAIL_OUTLET,2026-04-17 22:35:00,Mumbai,PLANNED
TX0002749,DRUG000917,1,MFG_07,DIST_02,DISTRIBUTOR,2026-07-27 18:52:00,Pune,PLANNED
TX0002750,DRUG000917,2,DIST_02,WH_17,WHOLESALER,2026-07-31 03:06:00,Mumbai,PLANNED
TX0002751,DRUG000917,3,WH_17,RET_017,RETAIL_OUTLET,2026-08-03 16:21:00,Kolkata,PLANNED
TX0002752,DRUG000918,1,MFG_08,DIST_03,DISTRIBUTOR,2026-02-28 17:55:00,Mumbai,PLANNED
TX0002753,DRUG000918,2,DIST_03,WH_18,WHOLESALER,2026-03-05 10:15:00,Kolkata,PLANNED
TX0002754,DRUG000918,3,WH_18,RET_018,RETAIL_OUTLET,2026-03-08 01:55:00,New Delhi,PLANNED
TX0002755,DRUG000919,1,MFG_09,DIST_04,DISTRIBUTOR,2026-01-11 11:03:00,Kolkata,PLANNED
TX0002756,DRUG000919,2,DIST_04,WH_19,WHOLESALER,2026-01-13 22:11:00,New Delhi,PLANNED
TX0002757,DRUG000919,3,WH_19,RET_019,RETAIL_OUTLET,2026-01-15 08:48:00,Vijayawada,PLANNED
TX0002758,DRUG000920,1,MFG_10,DIST_05,DISTRIBUTOR,2026-05-30 09:27:00,New Delhi,PLANNED
TX0002759,DRUG000920,2,DIST_05,WH_20,WHOLESALER,2026-06-03 21:37:00,Vijayawada,PLANNED
TX0002760,DRUG000920,3,WH_20,RET_020,RETAIL_OUTLET,2026-06-06 09:04:00,Guntur,PLANNED
TX0002761,DRUG000921,1,MFG_01,DIST_06,DISTRIBUTOR,2026-02-23 17:28:00,Vijayawada,PLANNED
TX0002762,DRUG000921,2,DIST_06,WH_01,WHOLESALER,2026-02-26 06:23:00,Guntur,PLANNED
TX0002763,DRUG000921,3,WH_01,RET_021,RETAIL_OUTLET,2026-03-02 15:46:00,Visakhapatnam,PLANNED
TX0002764,DRUG000922,1,MFG_02,DIST_07,DISTRIBUTOR,2026-04-19 15:27:00,Guntur,PLANNED
TX0002765,DRUG000922,2,DIST_07,WH_02,WHOLESALER,2026-04-25 09:14:00,Visakhapatnam,PLANNED
TX0002766,DRUG000922,3,WH_02,RET_022,RETAIL_OUTLET,2026-04-29 20:06:00,Hyderabad,PLANNED
TX0002767,DRUG000923,1,MFG_03,DIST_08,DISTRIBUTOR,2026-07-28 14:54:00,Visakhapatnam,PLANNED
TX0002768,DRUG000923,2,DIST_08,WH_03,WHOLESALER,2026-07-30 03:32:00,Hyderabad,PLANNED
TX0002769,DRUG000923,3,WH_03,RET_023,RETAIL_OUTLET,2026-08-04 14:07:00,Chennai,PLANNED
TX0002770,DRUG000924,1,MFG_04,DIST_09,DISTRIBUTOR,2026-07-15 15:19:00,Hyderabad,PLANNED
TX0002771,DRUG000924,2,DIST_09,WH_04,WHOLESALER,2026-07-20 03:43:00,Chennai,PLANNED
TX0002772,DRUG000924,3,WH_04,RET_024,RETAIL_OUTLET,2026-07-25 21:13:00,Bengaluru,PLANNED
TX0002773,DRUG000925,1,MFG_05,DIST_10,DISTRIBUTOR,2026-01-26 11:09:00,Chennai,PLANNED
TX0002774,DRUG000925,2,DIST_10,WH_05,WHOLESALER,2026-01-28 19:09:00,Bengaluru,PLANNED
TX0002775,DRUG000925,3,WH_05,RET_025,RETAIL_OUTLET,2026-02-03 08:40:00,Pune,PLANNED
TX0002776,DRUG000926,1,MFG_06,DIST_11,DISTRIBUTOR,2026-04-24 14:31:00,Bengaluru,PLANNED
TX0002777,DRUG000926,2,DIST_11,WH_06,WHOLESALER,2026-04-28 09:08:00,Pune,PLANNED
TX0002778,DRUG000926,3,WH_06,RET_026,RETAIL_OUTLET,2026-04-30 00:04:00,Mumbai,PLANNED
TX0002779,DRUG000927,1,MFG_07,DIST_12,DISTRIBUTOR,2026-01-22 10:12:00,Pune,PLANNED
TX0002780,DRUG000927,2,DIST_12,WH_07,WHOLESALER,2026-01-26 23:01:00,Mumbai,PLANNED
TX0002781,DRUG000927,3,WH_07,RET_027,RETAIL_OUTLET,2026-01-30 15:46:00,Kolkata,PLANNED
TX0002782,DRUG000928,1,MFG_08,DIST_13,DISTRIBUTOR,2026-05-11 14:47:00,Mumbai,PLANNED
TX0002783,DRUG000928,2,DIST_13,WH_08,WHOLESALER,2026-05-14 02:17:00,Kolkata,PLANNED
TX0002784,DRUG000928,3,WH_08,RET_028,RETAIL_OUTLET,2026-05-15 15:57:00,New Delhi,PLANNED
TX0002785,DRUG000929,1,MFG_09,DIST_14,DISTRIBUTOR,2026-07-06 17:29:00,Kolkata,PLANNED
TX0002786,DRUG000929,2,DIST_14,WH_09,WHOLESALER,2026-07-09 05:44:00,New Delhi,PLANNED
TX0002787,DRUG000929,3,WH_09,RET_029,RETAIL_OUTLET,2026-07-14 23:26:00,Vijayawada,PLANNED
TX0002788,DRUG000930,1,MFG_10,DIST_15,DISTRIBUTOR,2026-08-06 09:41:00,New Delhi,PLANNED
TX0002789,DRUG000930,2,DIST_15,WH_10,WHOLESALER,2026-08-11 00:26:00,Vijayawada,PLANNED
TX0002790,DRUG000930,3,WH_10,RET_030,RETAIL_OUTLET,2026-08-16 09:59:00,Guntur,PLANNED
TX0002791,DRUG000931,1,MFG_01,DIST_01,DISTRIBUTOR,2026-08-30 14:16:00,Vijayawada,PLANNED
TX0002792,DRUG000931,2,DIST_01,WH_11,WHOLESALER,2026-09-03 06:50:00,Guntur,PLANNED
TX0002793,DRUG000931,3,WH_11,RET_031,RETAIL_OUTLET,2026-09-08 00:09:00,Visakhapatnam,PLANNED
TX0002794,DRUG000932,1,MFG_02,DIST_02,DISTRIBUTOR,2026-07-10 18:36:00,Guntur,PLANNED
TX0002795,DRUG000932,2,DIST_02,WH_12,WHOLESALER,2026-07-14 04:53:00,Visakhapatnam,PLANNED
TX0002796,DRUG000932,3,WH_12,RET_032,RETAIL_OUTLET,2026-07-16 19:37:00,Hyderabad,PLANNED
TX0002797,DRUG000933,1,MFG_03,DIST_03,DISTRIBUTOR,2026-03-27 08:06:00,Visakhapatnam,PLANNED
TX0002798,DRUG000933,2,DIST_03,WH_13,WHOLESALER,2026-03-28 22:39:00,Hyderabad,PLANNED
TX0002799,DRUG000933,3,WH_13,RET_033,RETAIL_OUTLET,2026-04-02 16:57:00,Chennai,PLANNED
TX0002800,DRUG000934,1,MFG_04,DIST_04,DISTRIBUTOR,2026-07-12 13:11:00,Hyderabad,PLANNED
TX0002801,DRUG000934,2,DIST_04,WH_14,WHOLESALER,2026-07-15 00:42:00,Chennai,PLANNED
TX0002802,DRUG000934,3,WH_14,RET_034,RETAIL_OUTLET,2026-07-17 16:49:00,Bengaluru,PLANNED
TX0002803,DRUG000935,1,MFG_05,DIST_05,DISTRIBUTOR,2026-05-01 08:47:00,Chennai,PLANNED
TX0002804,DRUG000935,2,DIST_05,WH_15,WHOLESALER,2026-05-03 20:03:00,Bengaluru,PLANNED
TX0002805,DRUG000935,3,WH_15,RET_035,RETAIL_OUTLET,2026-05-08 11:43:00,Pune,PLANNED
TX0002806,DRUG000936,1,MFG_06,DIST_06,DISTRIBUTOR,2026-08-26 12:05:00,Bengaluru,PLANNED
TX0002807,DRUG000936,2,DIST_06,WH_16,WHOLESALER,2026-08-30 21:22:00,Pune,PLANNED
TX0002808,DRUG000936,3,WH_16,RET_036,RETAIL_OUTLET,2026-09-01 10:23:00,Mumbai,PLANNED
TX0002809,DRUG000937,1,MFG_07,DIST_07,DISTRIBUTOR,2026-06-11 18:48:00,Pune,PLANNED
TX0002810,DRUG000937,2,DIST_07,WH_17,WHOLESALER,2026-06-13 02:51:00,Mumbai,PLANNED
TX0002811,DRUG000937,3,WH_17,RET_037,RETAIL_OUTLET,2026-06-16 11:33:00,Kolkata,PLANNED
TX0002812,DRUG000938,1,MFG_08,DIST_08,DISTRIBUTOR,2026-06-03 16:50:00,Mumbai,PLANNED
TX0002813,DRUG000938,2,DIST_08,WH_18,WHOLESALER,2026-06-05 07:28:00,Kolkata,PLANNED
TX0002814,DRUG000938,3,WH_18,RET_038,RETAIL_OUTLET,2026-06-10 20:27:00,New Delhi,PLANNED
TX0002815,DRUG000939,1,MFG_09,DIST_09,DISTRIBUTOR,2026-05-16 14:21:00,Kolkata,PLANNED
TX0002816,DRUG000939,2,DIST_09,WH_19,WHOLESALER,2026-05-20 09:17:00,New Delhi,PLANNED
TX0002817,DRUG000939,3,WH_19,RET_039,RETAIL_OUTLET,2026-05-23 23:09:00,Vijayawada,PLANNED
TX0002818,DRUG000940,1,MFG_10,DIST_10,DISTRIBUTOR,2026-03-14 17:03:00,New Delhi,PLANNED
TX0002819,DRUG000940,2,DIST_10,WH_20,WHOLESALER,2026-03-18 06:54:00,Vijayawada,PLANNED
TX0002820,DRUG000940,3,WH_20,RET_040,RETAIL_OUTLET,2026-03-19 15:23:00,Guntur,PLANNED
TX0002821,DRUG000941,1,MFG_01,DIST_11,DISTRIBUTOR,2026-08-15 17:07:00,Vijayawada,PLANNED
TX0002822,DRUG000941,2,DIST_11,WH_01,WHOLESALER,2026-08-21 05:51:00,Guntur,PLANNED
TX0002823,DRUG000941,3,WH_01,RET_041,RETAIL_OUTLET,2026-08-23 19:19:00,Visakhapatnam,PLANNED
TX0002824,DRUG000942,1,MFG_02,DIST_12,DISTRIBUTOR,2026-06-21 18:12:00,Guntur,PLANNED
TX0002825,DRUG000942,2,DIST_12,WH_02,WHOLESALER,2026-06-23 13:04:00,Visakhapatnam,PLANNED
TX0002826,DRUG000942,3,WH_02,RET_042,RETAIL_OUTLET,2026-06-26 21:44:00,Hyderabad,PLANNED
TX0002827,DRUG000943,1,MFG_03,DIST_13,DISTRIBUTOR,2026-04-13 11:38:00,Visakhapatnam,PLANNED
TX0002828,DRUG000943,2,DIST_13,WH_03,WHOLESALER,2026-04-18 02:25:00,Hyderabad,PLANNED
TX0002829,DRUG000943,3,WH_03,RET_043,RETAIL_OUTLET,2026-04-23 11:47:00,Chennai,PLANNED
TX0002830,DRUG000944,1,MFG_04,DIST_14,DISTRIBUTOR,2026-04-26 12:38:00,Hyderabad,PLANNED
TX0002831,DRUG000944,2,DIST_14,WH_04,WHOLESALER,2026-04-28 23:33:00,Chennai,PLANNED
TX0002832,DRUG000944,3,WH_04,RET_044,RETAIL_OUTLET,2026-05-04 17:23:00,Bengaluru,PLANNED
TX0002833,DRUG000945,1,MFG_05,DIST_15,DISTRIBUTOR,2026-08-15 09:19:00,Chennai,PLANNED
TX0002834,DRUG000945,2,DIST_15,WH_05,WHOLESALER,2026-08-21 00:29:00,Bengaluru,PLANNED
TX0002835,DRUG000945,3,WH_05,RET_045,RETAIL_OUTLET,2026-08-25 09:59:00,Pune,PLANNED
TX0002836,DRUG000946,1,MFG_06,DIST_01,DISTRIBUTOR,2026-06-25 10:48:00,Bengaluru,PLANNED
TX0002837,DRUG000946,2,DIST_01,WH_06,WHOLESALER,2026-06-26 20:15:00,Pune,PLANNED
TX0002838,DRUG000946,3,WH_06,RET_046,RETAIL_OUTLET,2026-06-28 07:14:00,Mumbai,PLANNED
TX0002839,DRUG000947,1,MFG_07,DIST_02,DISTRIBUTOR,2026-09-05 11:46:00,Pune,PLANNED
TX0002840,DRUG000947,2,DIST_02,WH_07,WHOLESALER,2026-09-09 06:16:00,Mumbai,PLANNED
TX0002841,DRUG000947,3,WH_07,RET_047,RETAIL_OUTLET,2026-09-11 00:24:00,Kolkata,PLANNED
TX0002842,DRUG000948,1,MFG_08,DIST_03,DISTRIBUTOR,2026-08-30 11:59:00,Mumbai,PLANNED
TX0002843,DRUG000948,2,DIST_03,WH_08,WHOLESALER,2026-09-05 05:03:00,Kolkata,PLANNED
TX0002844,DRUG000948,3,WH_08,RET_048,RETAIL_OUTLET,2026-09-08 20:01:00,New Delhi,PLANNED
TX0002845,DRUG000949,1,MFG_09,DIST_04,DISTRIBUTOR,2026-07-16 11:14:00,Kolkata,PLANNED
TX0002846,DRUG000949,2,DIST_04,WH_09,WHOLESALER,2026-07-19 20:32:00,New Delhi,PLANNED
TX0002847,DRUG000949,3,WH_09,RET_049,RETAIL_OUTLET,2026-07-21 05:37:00,Vijayawada,PLANNED
TX0002848,DRUG000950,1,MFG_10,DIST_05,DISTRIBUTOR,2026-04-05 13:08:00,New Delhi,PLANNED
TX0002849,DRUG000950,2,DIST_05,WH_10,WHOLESALER,2026-04-09 03:44:00,Vijayawada,PLANNED
TX0002850,DRUG000950,3,WH_10,RET_050,RETAIL_OUTLET,2026-04-10 15:47:00,Guntur,PLANNED
TX0002851,DRUG000951,1,MFG_01,DIST_06,DISTRIBUTOR,2026-06-12 13:49:00,Vijayawada,PLANNED
TX0002852,DRUG000951,2,DIST_06,WH_11,WHOLESALER,2026-06-16 08:48:00,Guntur,PLANNED
TX0002853,DRUG000951,3,WH_11,RET_001,RETAIL_OUTLET,2026-06-19 01:30:00,Visakhapatnam,PLANNED
TX0002854,DRUG000952,1,MFG_02,DIST_07,DISTRIBUTOR,2026-06-10 08:34:00,Guntur,PLANNED
TX0002855,DRUG000952,2,DIST_07,WH_12,WHOLESALER,2026-06-14 21:43:00,Visakhapatnam,PLANNED
TX0002856,DRUG000952,3,WH_12,RET_002,RETAIL_OUTLET,2026-06-18 09:14:00,Hyderabad,PLANNED
TX0002857,DRUG000953,1,MFG_03,DIST_08,DISTRIBUTOR,2026-07-02 12:09:00,Visakhapatnam,PLANNED
TX0002858,DRUG000953,2,DIST_08,WH_13,WHOLESALER,2026-07-04 05:29:00,Hyderabad,PLANNED
TX0002859,DRUG000953,3,WH_13,RET_003,RETAIL_OUTLET,2026-07-07 22:13:00,Chennai,PLANNED
TX0002860,DRUG000954,1,MFG_04,DIST_09,DISTRIBUTOR,2026-02-15 18:53:00,Hyderabad,PLANNED
TX0002861,DRUG000954,2,DIST_09,WH_14,WHOLESALER,2026-02-18 10:11:00,Chennai,PLANNED
TX0002862,DRUG000954,3,WH_14,RET_004,RETAIL_OUTLET,2026-02-22 19:02:00,Bengaluru,PLANNED
TX0002863,DRUG000955,1,MFG_05,DIST_10,DISTRIBUTOR,2026-04-02 08:59:00,Chennai,PLANNED
TX0002864,DRUG000955,2,DIST_10,WH_15,WHOLESALER,2026-04-05 00:45:00,Bengaluru,PLANNED
TX0002865,DRUG000955,3,WH_15,RET_005,RETAIL_OUTLET,2026-04-09 13:37:00,Pune,PLANNED
TX0002866,DRUG000956,1,MFG_06,DIST_11,DISTRIBUTOR,2026-06-24 14:21:00,Bengaluru,PLANNED
TX0002867,DRUG000956,2,DIST_11,WH_16,WHOLESALER,2026-06-29 08:51:00,Pune,PLANNED
TX0002868,DRUG000956,3,WH_16,RET_006,RETAIL_OUTLET,2026-07-02 23:16:00,Mumbai,PLANNED
TX0002869,DRUG000957,1,MFG_07,DIST_12,DISTRIBUTOR,2026-01-26 16:25:00,Pune,PLANNED
TX0002870,DRUG000957,2,DIST_12,WH_17,WHOLESALER,2026-01-28 02:45:00,Mumbai,PLANNED
TX0002871,DRUG000957,3,WH_17,RET_007,RETAIL_OUTLET,2026-02-02 11:39:00,Kolkata,PLANNED
TX0002872,DRUG000958,1,MFG_08,DIST_13,DISTRIBUTOR,2026-09-07 17:08:00,Mumbai,PLANNED
TX0002873,DRUG000958,2,DIST_13,WH_18,WHOLESALER,2026-09-12 08:26:00,Kolkata,PLANNED
TX0002874,DRUG000958,3,WH_18,RET_008,RETAIL_OUTLET,2026-09-14 19:39:00,New Delhi,PLANNED
TX0002875,DRUG000959,1,MFG_09,DIST_14,DISTRIBUTOR,2026-07-29 17:06:00,Kolkata,PLANNED
TX0002876,DRUG000959,2,DIST_14,WH_19,WHOLESALER,2026-08-01 07:33:00,New Delhi,PLANNED
TX0002877,DRUG000959,3,WH_19,RET_009,RETAIL_OUTLET,2026-08-03 15:39:00,Vijayawada,PLANNED
TX0002878,DRUG000960,1,MFG_10,DIST_15,DISTRIBUTOR,2026-04-06 09:32:00,New Delhi,PLANNED
TX0002879,DRUG000960,2,DIST_15,WH_20,WHOLESALER,2026-04-10 02:59:00,Vijayawada,PLANNED
TX0002880,DRUG000960,3,WH_20,RET_010,RETAIL_OUTLET,2026-04-12 21:45:00,Guntur,PLANNED
TX0002881,DRUG000961,1,MFG_01,DIST_01,DISTRIBUTOR,2026-04-16 11:25:00,Vijayawada,PLANNED
TX0002882,DRUG000961,2,DIST_01,WH_01,WHOLESALER,2026-04-21 00:09:00,Guntur,PLANNED
TX0002883,DRUG000961,3,WH_01,RET_011,RETAIL_OUTLET,2026-04-26 10:50:00,Visakhapatnam,PLANNED
TX0002884,DRUG000962,1,MFG_02,DIST_02,DISTRIBUTOR,2026-07-16 18:24:00,Guntur,PLANNED
TX0002885,DRUG000962,2,DIST_02,WH_02,WHOLESALER,2026-07-20 13:05:00,Visakhapatnam,PLANNED
TX0002886,DRUG000962,3,WH_02,RET_012,RETAIL_OUTLET,2026-07-25 02:05:00,Hyderabad,PLANNED
TX0002887,DRUG000963,1,MFG_03,DIST_03,DISTRIBUTOR,2026-02-03 15:41:00,Visakhapatnam,PLANNED
TX0002888,DRUG000963,2,DIST_03,WH_03,WHOLESALER,2026-02-09 02:42:00,Hyderabad,PLANNED
TX0002889,DRUG000963,3,WH_03,RET_013,RETAIL_OUTLET,2026-02-14 20:18:00,Chennai,PLANNED
TX0002890,DRUG000964,1,MFG_04,DIST_04,DISTRIBUTOR,2026-05-10 10:24:00,Hyderabad,PLANNED
TX0002891,DRUG000964,2,DIST_04,WH_04,WHOLESALER,2026-05-15 05:08:00,Chennai,PLANNED
TX0002892,DRUG000964,3,WH_04,RET_014,RETAIL_OUTLET,2026-05-19 17:44:00,Bengaluru,PLANNED
TX0002893,DRUG000965,1,MFG_05,DIST_05,DISTRIBUTOR,2026-02-09 16:11:00,Chennai,PLANNED
TX0002894,DRUG000965,2,DIST_05,WH_05,WHOLESALER,2026-02-14 00:36:00,Bengaluru,PLANNED
TX0002895,DRUG000965,3,WH_05,RET_015,RETAIL_OUTLET,2026-02-19 17:26:00,Pune,PLANNED
TX0002896,DRUG000966,1,MFG_06,DIST_06,DISTRIBUTOR,2026-08-03 17:34:00,Bengaluru,PLANNED
TX0002897,DRUG000966,2,DIST_06,WH_06,WHOLESALER,2026-08-05 05:16:00,Pune,PLANNED
TX0002898,DRUG000966,3,WH_06,RET_016,RETAIL_OUTLET,2026-08-06 16:11:00,Mumbai,PLANNED
TX0002899,DRUG000967,1,MFG_07,DIST_07,DISTRIBUTOR,2026-06-09 15:51:00,Pune,PLANNED
TX0002900,DRUG000967,2,DIST_07,WH_07,WHOLESALER,2026-06-13 00:53:00,Mumbai,PLANNED
TX0002901,DRUG000967,3,WH_07,RET_017,RETAIL_OUTLET,2026-06-15 18:06:00,Kolkata,PLANNED
TX0002902,DRUG000968,1,MFG_08,DIST_08,DISTRIBUTOR,2026-06-24 12:54:00,Mumbai,PLANNED
TX0002903,DRUG000968,2,DIST_08,WH_08,WHOLESALER,2026-06-25 22:01:00,Kolkata,PLANNED
TX0002904,DRUG000968,3,WH_08,RET_018,RETAIL_OUTLET,2026-07-01 10:24:00,New Delhi,PLANNED
TX0002905,DRUG000969,1,MFG_09,DIST_09,DISTRIBUTOR,2026-05-28 11:19:00,Kolkata,PLANNED
TX0002906,DRUG000969,2,DIST_09,WH_09,WHOLESALER,2026-05-30 04:16:00,New Delhi,PLANNED
TX0002907,DRUG000969,3,WH_09,RET_019,RETAIL_OUTLET,2026-06-02 22:50:00,Vijayawada,PLANNED
TX0002908,DRUG000970,1,MFG_10,DIST_10,DISTRIBUTOR,2026-05-08 13:33:00,New Delhi,PLANNED
TX0002909,DRUG000970,2,DIST_10,WH_10,WHOLESALER,2026-05-12 07:07:00,Vijayawada,PLANNED
TX0002910,DRUG000970,3,WH_10,RET_020,RETAIL_OUTLET,2026-05-17 18:51:00,Guntur,PLANNED
TX0002911,DRUG000971,1,MFG_01,DIST_11,DISTRIBUTOR,2026-01-31 11:09:00,Vijayawada,PLANNED
TX0002912,DRUG000971,2,DIST_11,WH_11,WHOLESALER,2026-02-03 22:17:00,Guntur,PLANNED
TX0002913,DRUG000971,3,WH_11,RET_021,RETAIL_OUTLET,2026-02-09 14:30:00,Visakhapatnam,PLANNED
TX0002914,DRUG000972,1,MFG_02,DIST_12,DISTRIBUTOR,2026-06-08 17:27:00,Guntur,PLANNED
TX0002915,DRUG000972,2,DIST_12,WH_12,WHOLESALER,2026-06-10 09:43:00,Visakhapatnam,PLANNED
TX0002916,DRUG000972,3,WH_12,RET_022,RETAIL_OUTLET,2026-06-14 00:24:00,Hyderabad,PLANNED
TX0002917,DRUG000973,1,MFG_03,DIST_13,DISTRIBUTOR,2026-08-31 09:16:00,Visakhapatnam,PLANNED
TX0002918,DRUG000973,2,DIST_13,WH_13,WHOLESALER,2026-09-04 19:50:00,Hyderabad,PLANNED
TX0002919,DRUG000973,3,WH_13,RET_023,RETAIL_OUTLET,2026-09-07 05:30:00,Chennai,PLANNED
TX0002920,DRUG000974,1,MFG_04,DIST_14,DISTRIBUTOR,2026-07-14 17:42:00,Hyderabad,PLANNED
TX0002921,DRUG000974,2,DIST_14,WH_14,WHOLESALER,2026-07-20 10:52:00,Chennai,PLANNED
TX0002922,DRUG000974,3,WH_14,RET_024,RETAIL_OUTLET,2026-07-24 21:12:00,Bengaluru,PLANNED
TX0002923,DRUG000975,1,MFG_05,DIST_15,DISTRIBUTOR,2026-07-29 17:15:00,Chennai,PLANNED
TX0002924,DRUG000975,2,DIST_15,WH_15,WHOLESALER,2026-07-31 05:22:00,Bengaluru,PLANNED
TX0002925,DRUG000975,3,WH_15,RET_025,RETAIL_OUTLET,2026-08-05 15:05:00,Pune,PLANNED
TX0002926,DRUG000976,1,MFG_06,DIST_01,DISTRIBUTOR,2026-05-26 18:05:00,Bengaluru,PLANNED
TX0002927,DRUG000976,2,DIST_01,WH_16,WHOLESALER,2026-05-30 07:54:00,Pune,PLANNED
TX0002928,DRUG000976,3,WH_16,RET_026,RETAIL_OUTLET,2026-06-02 18:49:00,Mumbai,PLANNED
TX0002929,DRUG000977,1,MFG_07,DIST_02,DISTRIBUTOR,2026-07-30 09:24:00,Pune,PLANNED
TX0002930,DRUG000977,2,DIST_02,WH_17,WHOLESALER,2026-08-01 23:30:00,Mumbai,PLANNED
TX0002931,DRUG000977,3,WH_17,RET_027,RETAIL_OUTLET,2026-08-03 10:03:00,Kolkata,PLANNED
TX0002932,DRUG000978,1,MFG_08,DIST_03,DISTRIBUTOR,2026-07-20 09:33:00,Mumbai,PLANNED
TX0002933,DRUG000978,2,DIST_03,WH_18,WHOLESALER,2026-07-24 03:28:00,Kolkata,PLANNED
TX0002934,DRUG000978,3,WH_18,RET_028,RETAIL_OUTLET,2026-07-27 19:45:00,New Delhi,PLANNED
TX0002935,DRUG000979,1,MFG_09,DIST_04,DISTRIBUTOR,2026-06-08 13:48:00,Kolkata,PLANNED
TX0002936,DRUG000979,2,DIST_04,WH_19,WHOLESALER,2026-06-13 00:10:00,New Delhi,PLANNED
TX0002937,DRUG000979,3,WH_19,RET_029,RETAIL_OUTLET,2026-06-18 16:48:00,Vijayawada,PLANNED
TX0002938,DRUG000980,1,MFG_10,DIST_05,DISTRIBUTOR,2026-08-27 10:16:00,New Delhi,PLANNED
TX0002939,DRUG000980,2,DIST_05,WH_20,WHOLESALER,2026-08-29 04:48:00,Vijayawada,PLANNED
TX0002940,DRUG000980,3,WH_20,RET_030,RETAIL_OUTLET,2026-08-31 22:56:00,Guntur,PLANNED
TX0002941,DRUG000981,1,MFG_01,DIST_06,DISTRIBUTOR,2026-02-19 08:58:00,Vijayawada,PLANNED
TX0002942,DRUG000981,2,DIST_06,WH_01,WHOLESALER,2026-02-22 20:41:00,Guntur,PLANNED
TX0002943,DRUG000981,3,WH_01,RET_031,RETAIL_OUTLET,2026-02-28 11:26:00,Visakhapatnam,PLANNED
TX0002944,DRUG000982,1,MFG_02,DIST_07,DISTRIBUTOR,2026-05-09 15:32:00,Guntur,PLANNED
TX0002945,DRUG000982,2,DIST_07,WH_02,WHOLESALER,2026-05-13 03:59:00,Visakhapatnam,PLANNED
TX0002946,DRUG000982,3,WH_02,RET_032,RETAIL_OUTLET,2026-05-18 15:18:00,Hyderabad,PLANNED
TX0002947,DRUG000983,1,MFG_03,DIST_08,DISTRIBUTOR,2026-06-21 13:54:00,Visakhapatnam,PLANNED
TX0002948,DRUG000983,2,DIST_08,WH_03,WHOLESALER,2026-06-23 07:59:00,Hyderabad,PLANNED
TX0002949,DRUG000983,3,WH_03,RET_033,RETAIL_OUTLET,2026-06-24 19:04:00,Chennai,PLANNED
TX0002950,DRUG000984,1,MFG_04,DIST_09,DISTRIBUTOR,2026-02-17 16:59:00,Hyderabad,PLANNED
TX0002951,DRUG000984,2,DIST_09,WH_04,WHOLESALER,2026-02-22 01:26:00,Chennai,PLANNED
TX0002952,DRUG000984,3,WH_04,RET_034,RETAIL_OUTLET,2026-02-27 11:56:00,Bengaluru,PLANNED
TX0002953,DRUG000985,1,MFG_05,DIST_10,DISTRIBUTOR,2026-05-16 17:12:00,Chennai,PLANNED
TX0002954,DRUG000985,2,DIST_10,WH_05,WHOLESALER,2026-05-18 07:56:00,Bengaluru,PLANNED
TX0002955,DRUG000985,3,WH_05,RET_035,RETAIL_OUTLET,2026-05-23 21:11:00,Pune,PLANNED
TX0002956,DRUG000986,1,MFG_06,DIST_11,DISTRIBUTOR,2026-07-23 10:43:00,Bengaluru,PLANNED
TX0002957,DRUG000986,2,DIST_11,WH_06,WHOLESALER,2026-07-28 21:54:00,Pune,PLANNED
TX0002958,DRUG000986,3,WH_06,RET_036,RETAIL_OUTLET,2026-07-30 11:47:00,Mumbai,PLANNED
TX0002959,DRUG000987,1,MFG_07,DIST_12,DISTRIBUTOR,2026-02-09 15:24:00,Pune,PLANNED
TX0002960,DRUG000987,2,DIST_12,WH_07,WHOLESALER,2026-02-12 04:31:00,Mumbai,PLANNED
TX0002961,DRUG000987,3,WH_07,RET_037,RETAIL_OUTLET,2026-02-15 22:46:00,Kolkata,PLANNED
TX0002962,DRUG000988,1,MFG_08,DIST_13,DISTRIBUTOR,2026-08-09 15:18:00,Mumbai,PLANNED
TX0002963,DRUG000988,2,DIST_13,WH_08,WHOLESALER,2026-08-13 02:18:00,Kolkata,PLANNED
TX0002964,DRUG000988,3,WH_08,RET_038,RETAIL_OUTLET,2026-08-18 16:31:00,New Delhi,PLANNED
TX0002965,DRUG000989,1,MFG_09,DIST_14,DISTRIBUTOR,2026-09-04 15:57:00,Kolkata,PLANNED
TX0002966,DRUG000989,2,DIST_14,WH_09,WHOLESALER,2026-09-10 07:00:00,New Delhi,PLANNED
TX0002967,DRUG000989,3,WH_09,RET_039,RETAIL_OUTLET,2026-09-13 15:39:00,Vijayawada,PLANNED
TX0002968,DRUG000990,1,MFG_10,DIST_15,DISTRIBUTOR,2026-05-06 09:00:00,New Delhi,PLANNED
TX0002969,DRUG000990,2,DIST_15,WH_10,WHOLESALER,2026-05-09 19:25:00,Vijayawada,PLANNED
TX0002970,DRUG000990,3,WH_10,RET_040,RETAIL_OUTLET,2026-05-13 03:31:00,Guntur,PLANNED
TX0002971,DRUG000991,1,MFG_01,DIST_01,DISTRIBUTOR,2026-04-26 16:32:00,Vijayawada,PLANNED
TX0002972,DRUG000991,2,DIST_01,WH_11,WHOLESALER,2026-04-29 06:39:00,Guntur,PLANNED
TX0002973,DRUG000991,3,WH_11,RET_041,RETAIL_OUTLET,2026-05-03 14:48:00,Visakhapatnam,PLANNED
TX0002974,DRUG000992,1,MFG_02,DIST_02,DISTRIBUTOR,2026-07-24 14:23:00,Guntur,PLANNED
TX0002975,DRUG000992,2,DIST_02,WH_12,WHOLESALER,2026-07-28 03:50:00,Visakhapatnam,PLANNED
TX0002976,DRUG000992,3,WH_12,RET_042,RETAIL_OUTLET,2026-07-30 20:41:00,Hyderabad,PLANNED
TX0002977,DRUG000993,1,MFG_03,DIST_03,DISTRIBUTOR,2026-03-22 10:08:00,Visakhapatnam,PLANNED
TX0002978,DRUG000993,2,DIST_03,WH_13,WHOLESALER,2026-03-26 00:08:00,Hyderabad,PLANNED
TX0002979,DRUG000993,3,WH_13,RET_043,RETAIL_OUTLET,2026-03-29 11:15:00,Chennai,PLANNED
TX0002980,DRUG000994,1,MFG_04,DIST_04,DISTRIBUTOR,2026-02-21 14:26:00,Hyderabad,PLANNED
TX0002981,DRUG000994,2,DIST_04,WH_14,WHOLESALER,2026-02-24 22:36:00,Chennai,PLANNED
TX0002982,DRUG000994,3,WH_14,RET_044,RETAIL_OUTLET,2026-02-27 14:18:00,Bengaluru,PLANNED
TX0002983,DRUG000995,1,MFG_05,DIST_05,DISTRIBUTOR,2026-03-21 16:31:00,Chennai,PLANNED
TX0002984,DRUG000995,2,DIST_05,WH_15,WHOLESALER,2026-03-24 06:19:00,Bengaluru,PLANNED
TX0002985,DRUG000995,3,WH_15,RET_045,RETAIL_OUTLET,2026-03-28 23:05:00,Pune,PLANNED
TX0002986,DRUG000996,1,MFG_06,DIST_06,DISTRIBUTOR,2026-08-29 09:50:00,Bengaluru,PLANNED
TX0002987,DRUG000996,2,DIST_06,WH_16,WHOLESALER,2026-08-30 19:59:00,Pune,PLANNED
TX0002988,DRUG000996,3,WH_16,RET_046,RETAIL_OUTLET,2026-09-03 11:59:00,Mumbai,PLANNED
TX0002989,DRUG000997,1,MFG_07,DIST_07,DISTRIBUTOR,2026-07-20 14:38:00,Pune,PLANNED
TX0002990,DRUG000997,2,DIST_07,WH_17,WHOLESALER,2026-07-22 05:08:00,Mumbai,PLANNED
TX0002991,DRUG000997,3,WH_17,RET_047,RETAIL_OUTLET,2026-07-25 17:39:00,Kolkata,PLANNED
TX0002992,DRUG000998,1,MFG_08,DIST_08,DISTRIBUTOR,2026-01-31 10:46:00,Mumbai,PLANNED
TX0002993,DRUG000998,2,DIST_08,WH_18,WHOLESALER,2026-02-05 21:01:00,Kolkata,PLANNED
TX0002994,DRUG000998,3,WH_18,RET_048,RETAIL_OUTLET,2026-02-09 06:56:00,New Delhi,PLANNED
TX0002995,DRUG000999,1,MFG_09,DIST_09,DISTRIBUTOR,2026-03-18 15:45:00,Kolkata,PLANNED
TX0002996,DRUG000999,2,DIST_09,WH_19,WHOLESALER,2026-03-20 08:24:00,New Delhi,PLANNED
TX0002997,DRUG000999,3,WH_19,RET_049,RETAIL_OUTLET,2026-03-22 20:18:00,Vijayawada,PLANNED
TX0002998,DRUG001000,1,MFG_10,DIST_10,DISTRIBUTOR,2026-06-06 10:25:00,New Delhi,PLANNED
TX0002999,DRUG001000,2,DIST_10,WH_20,WHOLESALER,2026-06-07 22:37:00,Vijayawada,PLANNED
TX0003000,DRUG001000,3,WH_20,RET_050,RETAIL_OUTLET,2026-06-10 12:38:00,Guntur,PLANNED
