drugID,drugName,manufacturer,batchNumber,manufactureDate,expiryDate,initialOwner,qrHash,status
DRUG000001,Paracetamol 500 mg,MFG_01,B2026-0001,2026-06-13,2027-06-13,MFG_01,91d0bdb20c5ca803eabfb256d3285fae736095e915043847c1cce4055e833561,ACTIVE
DRUG000002,Amoxicillin 500 mg,MFG_02,B2026-0001,2026-04-19,2027-04-19,MFG_02,a56481bbb94bad5b590e9040b3723643f515820a6759fae4259234f6b6c18e65,ACTIVE
DRUG000003,Metformin 500 mg,MFG_03,B2026-0001,2026-06-16,2028-12-02,MFG_03,f358e1b404205181a7a5724b6e7bbf61eeaa342f49e2d5d728a351d957bf13bf,ACTIVE
DRUG000004,Atorvastatin 10 mg,MFG_04,B2026-0001,2026-02-09,2027-08-03,MFG_04,3055880172b503ed8a43602ba3b630735e7017908848119319375c468b3c42a4,ACTIVE
DRUG000005,Amlodipine 5 mg,MFG_05,B2026-0001,2026-07-26,2027-07-26,MFG_05,8d282d5ec5b047ae7b9bc37de0640331775a2ce18abf3bfb42dbd4ce0b7bc193,ACTIVE
DRUG000006,Pantoprazole 40 mg,MFG_06,B2026-0001,2026-08-15,2028-08-14,MFG_06,2574cb0820d78dbbdef512150b8bd2fe55bc6f435c9537ef4251276d124d6f34,ACTIVE
DRUG000007,Azithromycin 500 mg,MFG_07,B2026-0001,2026-03-13,2028-08-29,MFG_07,424cce0334528758f7f6a9855d5477ba3b39226abecfc1aa8061ae79f2ec2e30,ACTIVE
DRUG000008,Cetirizine 10 mg,MFG_08,B2026-0001,2026-02-13,2027-08-07,MFG_08,8284a9dc4da5b7848c318037f7e2966cbbd20c95ef5acb01445d4eae217a72cb,ACTIVE
DRUG000009,Losartan 50 mg,MFG_09,B2026-0001,2026-07-30,2027-07-30,MFG_09,8064cb02994d0c7c97b14d05a180db4aaf7e5457a56ed084e22b30cdbb811d50,ACTIVE
DRUG000010,Cefixime 200 mg,MFG_10,B2026-0001,2026-05-08,2028-10-24,MFG_10,aece8884e8e00e416850b2f561161314e6de4a8d8f63359af457aa87738df4cb,ACTIVE
DRUG000011,Ibuprofen 400 mg,MFG_01,B2026-0001,2026-08-18,2029-02-03,MFG_01,9c834b797a77f4b7c6b5d61836dd43e3725addbb227df1a9fd89b1c283c9f091,ACTIVE
DRUG000012,Doxycycline 100 mg,MFG_02,B2026-0001,2026-06-10,2027-12-02,MFG_02,c59c4c3bd7036ba949866a4a7b723eb6236f38aa57a2e3b8e0da0daa8cd7de80,ACTIVE
DRUG000013,Montelukast 10 mg,MFG_03,B2026-0001,2026-08-09,2027-08-09,MFG_03,a55aac22c4bb18ce5231a6f9db1d7b3dd5d76becb0e141cb6fbcf61c8b2eebc9,ACTIVE
DRUG000014,Glimepiride 2 mg,MFG_04,B2026-0001,2026-01-01,2028-01-01,MFG_04,804be403954464bca52e50192fd2128c1852954c335c4d5ce73c1a78000ee149,ACTIVE
DRUG000015,Omeprazole 20 mg,MFG_05,B2026-0001,2026-02-09,2028-02-09,MFG_05,40c554d03d5f30d6ccf412084d193892101fdc0ddf9c4da31d8e1083bcbe0004,ACTIVE
DRUG000016,Clopidogrel 75 mg,MFG_06,B2026-0001,2026-08-26,2028-08-25,MFG_06,d305af0b792f5d7f43d144cef134b6c04167300722d54e7803d53000b0df2a89,ACTIVE
DRUG000017,Levocetirizine 5 mg,MFG_07,B2026-0001,2026-05-17,2027-11-08,MFG_07,d948dec2afc01477228548638b6563e4c8f56d2752442abf76c5c7a25d0eb948,ACTIVE
DRUG000018,Telmisartan 40 mg,MFG_08,B2026-0001,2026-08-26,2028-02-17,MFG_08,e86c0cd85f92ca85423e5eeed926946d15f86961a34c50e259f7d90c25ee30d0,ACTIVE
DRUG000019,Calcium + Vitamin D3,MFG_09,B2026-0001,2026-03-05,2027-08-27,MFG_09,8b5cfcd471bf7fc8bfcacdd643a45b8eb97ad6940ff7dcb4957489272ee4932e,ACTIVE
DRUG000020,ORS Sachet,MFG_10,B2026-0001,2026-07-01,2027-07-01,MFG_10,8fef3c069b3881dd5c379fdb17d385b81d9dc0dfc10706b48c5dcbf94e9d3ffd,ACTIVE
DRUG000021,Paracetamol 500 mg,MFG_01,B2026-0002,2026-05-05,2027-10-27,MFG_01,7403f7e3c60e192fc58361cb8e2e4a2c8139d0c7ca2d4f4915f9401e2360601e,ACTIVE
DRUG000022,Amoxicillin 500 mg,MFG_02,B2026-0002,2026-01-25,2027-01-25,MFG_02,e1552499ec07cee11fcfcfc4996ce452e3f6265ca7409aeeaeb63dc89073bafc,ACTIVE
DRUG000023,Metformin 500 mg,MFG_03,B2026-0002,2026-07-06,2028-07-05,MFG_03,d4a2f8d27b387828a3a022a60cc65ac3fa1bfb8eff6e1d0a8078b3dc0f404fb8,ACTIVE
DRUG000024,Atorvastatin 10 mg,MFG_04,B2026-0002,2026-04-29,2027-10-21,MFG_04,05cd741d51547a323322aa4c8e3624a774c714249df29de95cc2e1bdc5a96b31,ACTIVE
DRUG000025,Amlodipine 5 mg,MFG_05,B2026-0002,2026-07-12,2028-01-03,MFG_05,6e9f33098d6426545c136b4b90c5934a8acf75a099aff9db9a31d47ddc0ee354,ACTIVE
DRUG000026,Pantoprazole 40 mg,MFG_06,B2026-0002,2026-01-01,2028-06-19,MFG_06,fb65eedc04893065f07a70b8d0c8c91d4c8e439f167eabbcb2f20c7a4c037d53,ACTIVE
DRUG000027,Azithromycin 500 mg,MFG_07,B2026-0002,2026-03-17,2027-09-08,MFG_07,f52266426f45d931e21138bc6263bd94b187e4a6fc61c40315426099377ff78c,ACTIVE
DRUG000028,Cetirizine 10 mg,MFG_08,B2026-0002,2026-08-24,2028-02-15,MFG_08,cb87d33f1f9f61d69787ac8ecb7dcaa8af5c7f8898a72dba6a98e886b1efb273,ACTIVE
DRUG000029,Losartan 50 mg,MFG_09,B2026-0002,2026-03-02,2028-08-18,MFG_09,5dae2dc75ef10a6fc73674694712fe4ad791a2559aafabb7e6798daed02166af,ACTIVE
DRUG000030,Cefixime 200 mg,MFG_10,B2026-0002,2026-05-30,2028-05-29,MFG_10,8a0354fb3f06a089d2da7228463d14079ca003964f40432d1c73520b217c34c7,ACTIVE
DRUG000031,Ibuprofen 400 mg,MFG_01,B2026-0002,2026-06-15,2028-06-14,MFG_01,a838a2d52fb2c8e93efd63bfec2a14375dc2c923a077a5075350413cc721039e,ACTIVE
DRUG000032,Doxycycline 100 mg,MFG_02,B2026-0002,2026-02-24,2028-02-24,MFG_02,4a1a5571ded20666b78680bd03f721410f877e87c6231a0be4394515c27c2496,ACTIVE
DRUG000033,Montelukast 10 mg,MFG_03,B2026-0002,2026-05-20,2028-05-19,MFG_03,e2afa35ec3ab4f18292f270bc3876b4950168d327725892f0c36bab48706e536,ACTIVE
DRUG000034,Glimepiride 2 mg,MFG_04,B2026-0002,2026-01-30,2027-01-30,MFG_04,bc607b2f19971234d89f34ed2a85e7b5cfe8e50fb7af4dbc4b547260aef5a3dd,ACTIVE
DRUG000035,Omeprazole 20 mg,MFG_05,B2026-0002,2026-06-12,2028-06-11,MFG_05,4f5b2301a170fcceb97bd4b88d9afedd5cc88c42074a15ddb2c60fd6ab2e2bae,ACTIVE
DRUG000036,Clopidogrel 75 mg,MFG_06,B2026-0002,2026-01-01,2028-01-01,MFG_06,475dffd2519343925052ebe4257c039dd75cfff9213689b36f466417a6a96fa5,ACTIVE
DRUG000037,Levocetirizine 5 mg,MFG_07,B2026-0002,2026-01-29,2027-01-29,MFG_07,6eb5cd4fee74c3890a74417ba59e8bbfc8651956324d0b985849744a360aabcb,ACTIVE
DRUG000038,Telmisartan 40 mg,MFG_08,B2026-0002,2026-01-11,2028-01-11,MFG_08,cd1a1c81d0cb38f743e523c98c6e1845b1f4b93fa0eb08b711ca3aaa0ff80a12,ACTIVE
DRUG000039,Calcium + Vitamin D3,MFG_09,B2026-0002,2026-08-12,2029-01-28,MFG_09,bc162c589d4703f45c0a85d81bdf8a5bf4364e10a41fa595c7f6be0bbd67503f,ACTIVE
DRUG000040,ORS Sachet,MFG_10,B2026-0002,2026-07-08,2028-07-07,MFG_10,dca10a67de80fed59f02d640bbd67bc153a39bfdc395b1c5a20d784c1e085c35,ACTIVE
DRUG000041,Paracetamol 500 mg,MFG_01,B2026-0003,2026-02-21,2028-08-09,MFG_01,d7c61527ca6b0b8c5b16c156fdf93ea88e24fd30af57bb75a3ebf951332918e5,ACTIVE
DRUG000042,Amoxicillin 500 mg,MFG_02,B2026-0003,2026-08-10,2027-08-10,MFG_02,1ba52c749a24483e513962c827c3eb9f442a66a08a8b7f6730653ec6a7289770,ACTIVE
DRUG000043,Metformin 500 mg,MFG_03,B2026-0003,2026-01-30,2028-01-30,MFG_03,a65edf05efd37022f6a319a8b5e4dc8628ca67071d5c89ad15b8abdc9405f7c5,ACTIVE
DRUG000044,Atorvastatin 10 mg,MFG_04,B2026-0003,2026-06-05,2027-06-05,MFG_04,3720cbdb56b0717f0838a70e09aa1aaf2edbd6817211974451dbe5946c89bd2e,ACTIVE
DRUG000045,Amlodipine 5 mg,MFG_05,B2026-0003,2026-07-04,2027-12-26,MFG_05,401ed7a1cc2d210a514f1eb7f119aabc943d0b85a0f4b3c24404756c1f90cd44,ACTIVE
DRUG000046,Pantoprazole 40 mg,MFG_06,B2026-0003,2026-03-21,2028-09-06,MFG_06,cbdeef450fd27b301c3fef84c9ede3d1952344cf1ecf95dc157c63daceb925a2,ACTIVE
DRUG000047,Azithromycin 500 mg,MFG_07,B2026-0003,2026-08-20,2028-02-11,MFG_07,1d9a5f95948a346dafcb762551f8bdb053654bdffef762a35268cd801e6532cc,ACTIVE
DRUG000048,Cetirizine 10 mg,MFG_08,B2026-0003,2026-07-21,2028-07-20,MFG_08,b81f07576856cee7121481d7637c8be559bc7d41fada8753bae3b95fcf2eb39b,ACTIVE
DRUG000049,Losartan 50 mg,MFG_09,B2026-0003,2026-03-14,2028-03-13,MFG_09,746e8f7ea9dd450d35d43c87335d30ecb08e6fbe781cc2d5dc523d538b0740d2,ACTIVE
DRUG000050,Cefixime 200 mg,MFG_10,B2026-0003,2026-05-02,2027-05-02,MFG_10,a5192a94c8480f3aaea040920fb8219b080ef4f3bca90b947ef62657dbf9bd62,ACTIVE
DRUG000051,Ibuprofen 400 mg,MFG_01,B2026-0003,2026-06-17,2027-06-17,MFG_01,1d37a6b98bfef0f80cb9a4c5e0a934d0e76f1e7443caf1148ce7ab2ef68b75a7,ACTIVE
DRUG000052,Doxycycline 100 mg,MFG_02,B2026-0003,2026-08-06,2027-08-06,MFG_02,9ed6cd1a53f81ded0a667682c93713bf6006bffdffbd24ced4d97bd79f3214d0,ACTIVE
DRUG000053,Montelukast 10 mg,MFG_03,B2026-0003,2026-07-28,2029-01-13,MFG_03,faef09eafc72245d065101fd92c9101032a819788a7fbf29eaa73ed19ec80732,ACTIVE
DRUG000054,Glimepiride 2 mg,MFG_04,B2026-0003,2026-07-16,2029-01-01,MFG_04,23756bb208201c28065f79bbae881f7de2efb6208d982c9bb6343e461d72eb4e,ACTIVE
DRUG000055,Omeprazole 20 mg,MFG_05,B2026-0003,2026-05-19,2027-05-19,MFG_05,30fa7d7e29dea5f2424d187fd6f925255f5cf7f80f05f6116d965ec2237eef84,ACTIVE
DRUG000056,Clopidogrel 75 mg,MFG_06,B2026-0003,2026-05-19,2028-11-04,MFG_06,126b71bce5775d5cd801173f00a720d3596eb9801bfc6634258597a86f6c2e9a,ACTIVE
DRUG000057,Levocetirizine 5 mg,MFG_07,B2026-0003,2026-08-14,2029-01-30,MFG_07,3399329a08bfe61a623e2bd1bbbaf3fc0dd6db17a1506f1b27d25bceab352000,ACTIVE
DRUG000058,Telmisartan 40 mg,MFG_08,B2026-0003,2026-02-26,2028-08-14,MFG_08,c9b3e66a18e1937055255849cb9b8956332ab75888fff4cb886d3b11b5165037,ACTIVE
DRUG000059,Calcium + Vitamin D3,MFG_09,B2026-0003,2026-04-30,2027-10-22,MFG_09,ab509b258fd3d49843bca094e89461915017ffb263e4c622d6bd241d4398338f,ACTIVE
DRUG000060,ORS Sachet,MFG_10,B2026-0003,2026-04-20,2027-10-12,MFG_10,a7dd89090369b9f23a103904f749f51fa4e28009ef8b146fc01df593c32516d0,ACTIVE
DRUG000061,Paracetamol 500 mg,MFG_01,B2026-0004,2026-07-14,2028-12-30,MFG_01,db9abfceb4778d8db213c3fb178990692b5ffc7fc9857075c77ee8429c81bd51,ACTIVE
DRUG000062,Amoxicillin 500 mg,MFG_02,B2026-0004,2026-02-27,2027-02-27,MFG_02,047676e337d7303e2cfeef629f068aa237340bce24e566525b6348981e7d728e,ACTIVE
DRUG000063,Metformin 500 mg,MFG_03,B2026-0004,2026-06-21,2027-06-21,MFG_03,3bb63534ad4b5d857cab6ca95607fdb11ece56cba796b720400d4e67d182cbd4,ACTIVE
DRUG000064,Atorvastatin 10 mg,MFG_04,B2026-0004,2026-07-03,2027-07-03,MFG_04,a03ab4d5d1bcfc409d3c4e9ac90dc1d9933adcf94873bc1f24603bb85679131d,ACTIVE
DRUG000065,Amlodipine 5 mg,MFG_05,B2026-0004,2026-02-20,2027-02-20,MFG_05,e662df2a0382f980034bc84be406f23c0903495a60acb464bf47f53e80a005b6,ACTIVE
DRUG000066,Pantoprazole 40 mg,MFG_06,B2026-0004,2026-01-11,2028-01-11,MFG_06,b22538fee3f145e516aa4196bebcee99c08dbb7460565c3b7504059487e8b6f4,ACTIVE
DRUG000067,Azithromycin 500 mg,MFG_07,B2026-0004,2026-04-18,2028-10-04,MFG_07,9d2ca10393c11f90e546c9dfe8a90c9c397520c4b68bf09b7f15e921e06d247d,ACTIVE
DRUG000068,Cetirizine 10 mg,MFG_08,B2026-0004,2026-03-11,2028-08-27,MFG_08,215d1520d93421e531b673655202afc4f62ab107982ea49a5d8fe72f85bb9480,ACTIVE
DRUG000069,Losartan 50 mg,MFG_09,B2026-0004,2026-04-26,2027-10-18,MFG_09,20a565f953475c43cf8a189b540fccdad2a08e8b6d309be59fba8a0b5975b67c,ACTIVE
DRUG000070,Cefixime 200 mg,MFG_10,B2026-0004,2026-05-05,2027-10-27,MFG_10,740540f4f3490b7e0feb875890116bc4d614dc4bc85553036515aa49603dfb6e,ACTIVE
DRUG000071,Ibuprofen 400 mg,MFG_01,B2026-0004,2026-01-22,2027-07-16,MFG_01,dd391e469fe793cdee3069abff5daf33f1642bf0bfcef424a1ac1f5c4e52676a,ACTIVE
DRUG000072,Doxycycline 100 mg,MFG_02,B2026-0004,2026-01-05,2027-01-05,MFG_02,3acd2ec18d56327a27efed71197ae4abb800dd959fd1f95a9b87d7126773a87d,ACTIVE
DRUG000073,Montelukast 10 mg,MFG_03,B2026-0004,2026-05-22,2028-05-21,MFG_03,085f973efaaa19d59c9a53ce5f0e465b85126bfb16b910f308944d0b658c031f,ACTIVE
DRUG000074,Glimepiride 2 mg,MFG_04,B2026-0004,2026-07-04,2027-12-26,MFG_04,7ae84021f5ff31e611bba2efd806a6921faa00340099142de9df57453bb1bbc9,ACTIVE
DRUG000075,Omeprazole 20 mg,MFG_05,B2026-0004,2026-05-31,2028-05-30,MFG_05,15e58a1623cf783e16b55bc976506f8daadd020b99e24b09dd59d0d84f9ad212,ACTIVE
DRUG000076,Clopidogrel 75 mg,MFG_06,B2026-0004,2026-03-12,2027-03-12,MFG_06,488aee3df4ac56dd41ecb5950a17fd528c8f32674df6e7d684b6b1ce6fdfd412,ACTIVE
DRUG000077,Levocetirizine 5 mg,MFG_07,B2026-0004,2026-01-04,2028-01-04,MFG_07,7212c3e9c2f49bd1d5da9e117ebf5926aaddebd5326eb6f015415ad947b0fdf6,ACTIVE
DRUG000078,Telmisartan 40 mg,MFG_08,B2026-0004,2026-01-17,2028-07-05,MFG_08,a7a334a73c47f660c4d88fcc1c071ccf433b6dacc123a1ba5c627f50613ef7d6,ACTIVE
DRUG000079,Calcium + Vitamin D3,MFG_09,B2026-0004,2026-03-05,2027-03-05,MFG_09,30785703deea019bd821497a02332482682d22c94a23aa5037a6fd6bca56e43e,ACTIVE
DRUG000080,ORS Sachet,MFG_10,B2026-0004,2026-08-21,2029-02-06,MFG_10,86d5b94b4e435f48383b29a810b262a1fc6734a740a16418c7b6657a86c36981,ACTIVE
DRUG000081,Paracetamol 500 mg,MFG_01,B2026-0005,2026-02-23,2027-08-17,MFG_01,1b90c8318c232438f3fe31173d504f04b22fcb6b5fa620f6a0d4ad1c5d412534,ACTIVE
DRUG000082,Amoxicillin 500 mg,MFG_02,B2026-0005,2026-04-26,2028-10-12,MFG_02,f4e7d5f47799971479e194878d8c930199f557058c72db6ab057fa394d0f1cf2,ACTIVE
DRUG000083,Metformin 500 mg,MFG_03,B2026-0005,2026-07-22,2028-01-13,MFG_03,31e2ee778fda99711d84fb3e9f157321a86cded15018a779caa102d6178cf399,ACTIVE
DRUG000084,Atorvastatin 10 mg,MFG_04,B2026-0005,2026-02-12,2028-02-12,MFG_04,6e50e313876c70705db89cd1e1cfdb0ba3774eb68044cf782826f1d370a88701,ACTIVE
DRUG000085,Amlodipine 5 mg,MFG_05,B2026-0005,2026-05-09,2028-10-25,MFG_05,6dfd4864b694f971dfca46c76176ca56e75ed80e123165b092e32b5bf32d56da,ACTIVE
DRUG000086,Pantoprazole 40 mg,MFG_06,B2026-0005,2026-02-28,2027-02-28,MFG_06,8a9330c24a3f052a4e32824b65b25dc45ae55cc38a27519a1a5f41ac74b87921,ACTIVE
DRUG000087,Azithromycin 500 mg,MFG_07,B2026-0005,2026-05-30,2028-11-15,MFG_07,0da2707fcee2b0e1b0a1c6c5aa287b7f1e7c50e12691601865a5c26479759790,ACTIVE
DRUG000088,Cetirizine 10 mg,MFG_08,B2026-0005,2026-04-16,2028-10-02,MFG_08,755c3db7f79b953c661c054baaf7b03c9c4ea1a6c3c4f1c43bd38e55785d1b81,ACTIVE
DRUG000089,Losartan 50 mg,MFG_09,B2026-0005,2026-07-17,2029-01-02,MFG_09,fa0d30f1481c5648045f079eb5ccd3101e7c097a2b89846c31f8a85241f6f657,ACTIVE
DRUG000090,Cefixime 200 mg,MFG_10,B2026-0005,2026-04-03,2028-09-19,MFG_10,5f424d9239fe7e4118adfabbc42901559cfb6e8a4cbdc6d995b68180c79c9700,ACTIVE
DRUG000091,Ibuprofen 400 mg,MFG_01,B2026-0005,2026-06-28,2028-12-14,MFG_01,5f3ad4e2f6f5b0e1bcf45012fc00b45718505a18808419e46a37bf00c8b65544,ACTIVE
DRUG000092,Doxycycline 100 mg,MFG_02,B2026-0005,2026-04-15,2027-04-15,MFG_02,17711911a0c4fa7ade731588950014cfef470e26e0767fde7de7a2f07d970be7,ACTIVE
DRUG000093,Montelukast 10 mg,MFG_03,B2026-0005,2026-03-11,2028-08-27,MFG_03,c4b0a03a63244b82b55fa59471133e217e37c9be0c8c98c79564a70d4578fadb,ACTIVE
DRUG000094,Glimepiride 2 mg,MFG_04,B2026-0005,2026-07-11,2028-01-02,MFG_04,27494acb1840d126f725b533694bd32162bd3927dc55daca337432805de8b65e,ACTIVE
DRUG000095,Omeprazole 20 mg,MFG_05,B2026-0005,2026-03-18,2028-09-03,MFG_05,63b38d90f61232ec2baa06a4dd671bc13bafbf35c88746deee5177580ebad373,ACTIVE
DRUG000096,Clopidogrel 75 mg,MFG_06,B2026-0005,2026-08-27,2028-08-26,MFG_06,42605eccdb8076e34e8358806ca689babe4746aa646b3e73af99c607e79dfe27,ACTIVE
DRUG000097,Levocetirizine 5 mg,MFG_07,B2026-0005,2026-08-22,2029-02-07,MFG_07,f65d948a19a20078a7933c8fcf41ef4984487cb08ecbb9063890b95fb11b48b6,ACTIVE
DRUG000098,Telmisartan 40 mg,MFG_08,B2026-0005,2026-08-05,2029-01-21,MFG_08,dc1dba0374e6d79a49fe1ecce08353c8876e6f815298a305689247c175397436,ACTIVE
DRUG000099,Calcium + Vitamin D3,MFG_09,B2026-0005,2026-07-20,2028-07-19,MFG_09,a004b545460083c9c38e945636927356ab399dc003d426c43be13919b034c598,ACTIVE
DRUG000100,ORS Sachet,MFG_10,B2026-0005,2026-06-10,2028-11-26,MFG_10,6db3c125aa20bc49b9a4246f2c4981fa9458ad800d8bce0882b80123c4c12ed4,ACTIVE
DRUG000101,Paracetamol 500 mg,MFG_01,B2026-0006,2026-01-24,2028-07-12,MFG_01,1125131a6eb6c0e3d281a1d301b7b488f5d40a5bb13982e321af917b8ef99a8c,ACTIVE
DRUG000102,Amoxicillin 500 mg,MFG_02,B2026-0006,2026-04-02,2028-04-01,MFG_02,5250065e9498adf42fe9aa54008578c5db1e85d176233c95c24f32b44e6c41d6,ACTIVE
DRUG000103,Metformin 500 mg,MFG_03,B2026-0006,2026-01-21,2028-07-09,MFG_03,83e7d68e62119af775255b830cf749adcd3c475147d3d0147258aa088efc404a,ACTIVE
DRUG000104,Atorvastatin 10 mg,MFG_04,B2026-0006,2026-04-28,2028-04-27,MFG_04,5778917fe54fba935b49f5532e1744d303b28da63900c226f43facb4d4e03db3,ACTIVE
DRUG000105,Amlodipine 5 mg,MFG_05,B2026-0006,2026-03-18,2028-09-03,MFG_05,d55c7b5f0a27d65a92852bb39ae8cafc46643fafaeb9c7430b8da67ae23ab842,ACTIVE
DRUG000106,Pantoprazole 40 mg,MFG_06,B2026-0006,2026-04-02,2028-04-01,MFG_06,3a7cbeba46a063ffb6dc04e5a0e103e555b99557b02dfa1c3540e3469ea1cf83,ACTIVE
DRUG000107,Azithromycin 500 mg,MFG_07,B2026-0006,2026-05-08,2028-05-07,MFG_07,cc365abd0d0b767a35a74444730cf0e9892e63a098ee4432514cb26129248138,ACTIVE
DRUG000108,Cetirizine 10 mg,MFG_08,B2026-0006,2026-08-20,2027-08-20,MFG_08,78e1dd1367e2e76b1a1707a31f594f7dc310f56a38bf504149521a67e94b6b10,ACTIVE
DRUG000109,Losartan 50 mg,MFG_09,B2026-0006,2026-04-17,2027-10-09,MFG_09,ae27c15ff9d0254afcd1995455506c0f75461f6dcd100fe1e1b53cd99cb284f0,ACTIVE
DRUG000110,Cefixime 200 mg,MFG_10,B2026-0006,2026-08-22,2029-02-07,MFG_10,0aa32397adfae15d12e7b9ebc98982954864b4deb4576d594f4cf5bc68a89fd7,ACTIVE
DRUG000111,Ibuprofen 400 mg,MFG_01,B2026-0006,2026-06-22,2028-12-08,MFG_01,92a12e931ef6efee70526601458f4a2ff365e817f0396de64186f443bf51b7d9,ACTIVE
DRUG000112,Doxycycline 100 mg,MFG_02,B2026-0006,2026-04-05,2028-04-04,MFG_02,47e7f1a2b84fd1822c98d313e4a0658b3e53c9f71c9ddb4b7e7ba25fa4defc91,ACTIVE
DRUG000113,Montelukast 10 mg,MFG_03,B2026-0006,2026-08-15,2028-08-14,MFG_03,844f31b5bbf26df859951b293f3eda304ce2a78c94bdfe04e421fb4e14e9beee,ACTIVE
DRUG000114,Glimepiride 2 mg,MFG_04,B2026-0006,2026-01-12,2027-01-12,MFG_04,f7bd8db0a2e6e6912a03cc4ae65eb5a2797024d4572b5aa6d53e0960cd22f41b,ACTIVE
DRUG000115,Omeprazole 20 mg,MFG_05,B2026-0006,2026-06-21,2028-12-07,MFG_05,6546df6f1a04d2298313edc5a9c1e4b0966ed099b62e966f6549f0f11e3a3fd5,ACTIVE
DRUG000116,Clopidogrel 75 mg,MFG_06,B2026-0006,2026-06-26,2028-06-25,MFG_06,81f8ead79b4143f4a0656aadb655c6a54a7f6ba4710b2f9d4d90c27b34c0116b,ACTIVE
DRUG000117,Levocetirizine 5 mg,MFG_07,B2026-0006,2026-06-15,2028-06-14,MFG_07,88451a37ba687791af3c9e71dac149d0b238f493e8cd885b51df5470b2248444,ACTIVE
DRUG000118,Telmisartan 40 mg,MFG_08,B2026-0006,2026-06-02,2027-06-02,MFG_08,eef6a6cc34a20d538e834e7f081ece21d49440e21f922e610255a447095c59a8,ACTIVE
DRUG000119,Calcium + Vitamin D3,MFG_09,B2026-0006,2026-02-25,2027-08-19,MFG_09,32c8d068678b3c32891a338b44dd576bed8deb368fca1fcf04d25ce0e098b5cc,ACTIVE
DRUG000120,ORS Sachet,MFG_10,B2026-0006,2026-02-14,2027-02-14,MFG_10,43b6cdd1e461b1a44ec02cd94de73c940fc45849f89fd3d73a6156b822f175ae,ACTIVE
DRUG000121,Paracetamol 500 mg,MFG_01,B2026-0007,2026-01-14,2027-07-08,MFG_01,c00a5692b13f1d2f150e55653503a8d35f85afd575a8f2910fc9131f2c4501de,ACTIVE
DRUG000122,Amoxicillin 500 mg,MFG_02,B2026-0007,2026-01-28,2028-07-16,MFG_02,05c236276bab53153586d7648fdb21380fe2eba3fee79e4389ab80f62729ce42,ACTIVE
DRUG000123,Metformin 500 mg,MFG_03,B2026-0007,2026-08-05,2029-01-21,MFG_03,f1275e4bcec93d1248c612b7ee9d8fba474b46fa42cccc0eec216a072ab8a9e5,ACTIVE
DRUG000124,Atorvastatin 10 mg,MFG_04,B2026-0007,2026-02-07,2027-02-07,MFG_04,0833054e9965f33b4e5ba551f3448a2638f028127ea334470e163e8d94b094b2,ACTIVE
DRUG000125,Amlodipine 5 mg,MFG_05,B2026-0007,2026-05-16,2028-05-15,MFG_05,afa17a330198c508bcbff599e91c05a57ad90e633442dc3e1a7416f626f5dc5a,ACTIVE
DRUG000126,Pantoprazole 40 mg,MFG_06,B2026-0007,2026-04-26,2027-10-18,MFG_06,6971c704d11f07c02fa87eb219ac219aa0698b15d67b1b160879e0c4ed09e8bf,ACTIVE
DRUG000127,Azithromycin 500 mg,MFG_07,B2026-0007,2026-03-07,2028-03-06,MFG_07,647356c34d4ad7f59c2253cea202315f4708f1d9d8a05162b804501e6474bc15,ACTIVE
DRUG000128,Cetirizine 10 mg,MFG_08,B2026-0007,2026-02-03,2027-02-03,MFG_08,9817453aa7a59c9a7f566fddae2c82d2b097953231d0b2ef882149f600943b29,ACTIVE
DRUG000129,Losartan 50 mg,MFG_09,B2026-0007,2026-06-03,2028-06-02,MFG_09,18ed99486dcf4eca65b17d20ce27c43ff6ffc4902aad57f9a1f04912b2ad4a30,ACTIVE
DRUG000130,Cefixime 200 mg,MFG_10,B2026-0007,2026-01-28,2028-01-28,MFG_10,2b9d1f7a0a999acdfc10687774abd851547d161cc9c38e6ac021751665852959,ACTIVE
DRUG000131,Ibuprofen 400 mg,MFG_01,B2026-0007,2026-07-29,2027-07-29,MFG_01,8c0faa52f0209f03a734e7d72db585150b080cada5db56c4e17c1dca3b67b96b,ACTIVE
DRUG000132,Doxycycline 100 mg,MFG_02,B2026-0007,2026-02-16,2027-08-10,MFG_02,924796abe5e8c2e606978353a45f9d23ded35124f5ed57a441e70929cb84caf7,ACTIVE
DRUG000133,Montelukast 10 mg,MFG_03,B2026-0007,2026-04-18,2028-10-04,MFG_03,7cdf12ee5b4b2a5a9c90874fd361f616ccfe327739261dd01d849e260b6b3573,ACTIVE
DRUG000134,Glimepiride 2 mg,MFG_04,B2026-0007,2026-02-10,2027-02-10,MFG_04,5742bf4459bc6cec725d27ac07efe39a144548d02cf573790edde01d60b79208,ACTIVE
DRUG000135,Omeprazole 20 mg,MFG_05,B2026-0007,2026-02-25,2027-02-25,MFG_05,3074a0a99645e197b3cdb68157877fb7d854c6bf669e463025f623a21b2ead5e,ACTIVE
DRUG000136,Clopidogrel 75 mg,MFG_06,B2026-0007,2026-04-12,2027-04-12,MFG_06,92f5766040883b89ded92e4761b3c294e5b730a47c154bdacea16f154b377c1b,ACTIVE
DRUG000137,Levocetirizine 5 mg,MFG_07,B2026-0007,2026-05-08,2028-10-24,MFG_07,41a55b80794a369dfa9e1277a1db79171c214006382862b9e9a84d9ccea45a9c,ACTIVE
DRUG000138,Telmisartan 40 mg,MFG_08,B2026-0007,2026-08-09,2027-08-09,MFG_08,76641162f389652d3c1a6ac1fe7e4414a1bd8f0b84c141d273869a327ae9b128,ACTIVE
DRUG000139,Calcium + Vitamin D3,MFG_09,B2026-0007,2026-07-01,2028-12-17,MFG_09,41d20841bfd5698a07dfcdbba475fd9082484dcee6a901558a30fa7301054256,ACTIVE
DRUG000140,ORS Sachet,MFG_10,B2026-0007,2026-06-26,2028-06-25,MFG_10,e275e7558519a60d126a814dc9933e171a0b0930ee260fe621f92750cc47b31b,ACTIVE
DRUG000141,Paracetamol 500 mg,MFG_01,B2026-0008,2026-08-11,2028-08-10,MFG_01,99af602a270d440ad45f217b2fda62563a50fdab47b5428dae7722026ca3db49,ACTIVE
DRUG000142,Amoxicillin 500 mg,MFG_02,B2026-0008,2026-02-19,2028-02-19,MFG_02,f125767f1ac0f3d276cbb08f94f370132ef60fb1b592583e5b73e88652ea2fea,ACTIVE
DRUG000143,Metformin 500 mg,MFG_03,B2026-0008,2026-07-14,2027-07-14,MFG_03,b9590384bd4a29397ffd33e22983e4e284bcf321fad267e76e21a3705779e337,ACTIVE
DRUG000144,Atorvastatin 10 mg,MFG_04,B2026-0008,2026-06-09,2028-06-08,MFG_04,4b1883d4822283b61880ee39bb8c22069530b8f1794594a3648f0f117a5e887c,ACTIVE
DRUG000145,Amlodipine 5 mg,MFG_05,B2026-0008,2026-01-15,2028-01-15,MFG_05,542e4d9935ce1306237c4f1c9e2e3d9ea06720b35af1619ebab23468c29fd98e,ACTIVE
DRUG000146,Pantoprazole 40 mg,MFG_06,B2026-0008,2026-06-15,2027-06-15,MFG_06,4357e04f7baddc6fe63cf799938a9dc873ed927b7d1faa7adc0ac03cf380cc31,ACTIVE
DRUG000147,Azithromycin 500 mg,MFG_07,B2026-0008,2026-07-27,2028-01-18,MFG_07,6d0d0b4eb6760c4693a4480690aebc38f8b86f24b4743d9dd58ba119d284343c,ACTIVE
DRUG000148,Cetirizine 10 mg,MFG_08,B2026-0008,2026-01-22,2027-07-16,MFG_08,3755e4021cea20b7a7fe6a80944d00a58aa2afa9c4e97b05c352142e361cd381,ACTIVE
DRUG000149,Losartan 50 mg,MFG_09,B2026-0008,2026-08-23,2028-08-22,MFG_09,736bc8ca612782606a86f82d70cf43e67c322621aebd2477b2e29dd7c8028d51,ACTIVE
DRUG000150,Cefixime 200 mg,MFG_10,B2026-0008,2026-01-25,2028-07-13,MFG_10,184a58928fbd149e263b38cd7c20dedd4a781745062478d4630e099ca15b0bb7,ACTIVE
DRUG000151,Ibuprofen 400 mg,MFG_01,B2026-0008,2026-02-06,2028-02-06,MFG_01,b521f0bed7ebde50531e330e0fd397f95380c96542a0ea68f377cb3c16fb1cae,ACTIVE
DRUG000152,Doxycycline 100 mg,MFG_02,B2026-0008,2026-03-26,2027-09-17,MFG_02,d8851e6f2679c61323378b0e16a1d06bb90da14c1561fcaf90c22f52e6692ac5,ACTIVE
DRUG000153,Montelukast 10 mg,MFG_03,B2026-0008,2026-02-16,2027-08-10,MFG_03,906a07e1cc1637319bd71f69202e47c80ab71021fc07ece6bf3a721f2600380d,ACTIVE
DRUG000154,Glimepiride 2 mg,MFG_04,B2026-0008,2026-07-17,2027-07-17,MFG_04,29a59d0cb08a637f7c7816ff794584ae3fafd2279aa2f223c8308083e1c3d556,ACTIVE
DRUG000155,Omeprazole 20 mg,MFG_05,B2026-0008,2026-08-20,2028-02-11,MFG_05,7c11cac685ed720f6d53be68a1cd956cd607edd8745cb42af671d574fbd06c5f,ACTIVE
DRUG000156,Clopidogrel 75 mg,MFG_06,B2026-0008,2026-05-17,2027-11-08,MFG_06,4fdc04f1ea4cb4654fafc582a213892e3e8a27ebdbc9d055077aefef38bb2d14,ACTIVE
DRUG000157,Levocetirizine 5 mg,MFG_07,B2026-0008,2026-05-16,2028-11-01,MFG_07,eda31abf243401886f9fc75b81d687b15e3728114717d9556f6874c57494597a,ACTIVE
DRUG000158,Telmisartan 40 mg,MFG_08,B2026-0008,2026-08-28,2027-08-28,MFG_08,addd7ca9a99c20112984f590357aa6c47709a60beed43f992f40a78469c8483e,ACTIVE
DRUG000159,Calcium + Vitamin D3,MFG_09,B2026-0008,2026-04-22,2027-04-22,MFG_09,63532c2977650138c5d01543b765209e2bca86dae3e3e68032931fbd97fefa6b,ACTIVE
DRUG000160,ORS Sachet,MFG_10,B2026-0008,2026-03-02,2028-08-18,MFG_10,4b773b0307e42d2be4ae48968c325352354e903bfcfb5adaafa00ba4919f7081,ACTIVE
DRUG000161,Paracetamol 500 mg,MFG_01,B2026-0009,2026-01-10,2028-01-10,MFG_01,345c85e6405c729b74d26591f442fba416933d318adb8feb976de8ac2472ea75,ACTIVE
DRUG000162,Amoxicillin 500 mg,MFG_02,B2026-0009,2026-02-25,2027-08-19,MFG_02,2c436c95ac9a8d79af358bbe7dae6c78686c1d7a2ba357547cef9fd760573896,ACTIVE
DRUG000163,Metformin 500 mg,MFG_03,B2026-0009,2026-03-03,2028-08-19,MFG_03,085e4c8388f22ca5c0c7ba110647043818cc4fb4ab841265ef07ec93156a6857,ACTIVE
DRUG000164,Atorvastatin 10 mg,MFG_04,B2026-0009,2026-05-28,2027-11-19,MFG_04,675022e0c9fc6a7f41e60556dfbcfaf5b2103426f70cc77e65d75bbff457ab06,ACTIVE
DRUG000165,Amlodipine 5 mg,MFG_05,B2026-0009,2026-06-20,2027-06-20,MFG_05,0a6a6e3889728c9cbfea16828b4026e1f18738f1d8e05a0945d0cf466ad244ef,ACTIVE
DRUG000166,Pantoprazole 40 mg,MFG_06,B2026-0009,2026-04-10,2028-09-26,MFG_06,d80cf7894e6e7ee9fe737d50ee60cd440257db036dff7ea75a1c82a5267b1c08,ACTIVE
DRUG000167,Azithromycin 500 mg,MFG_07,B2026-0009,2026-07-07,2027-07-07,MFG_07,80a7165a11550908c789afb81938ac0b6ffd5e4b983db6add2ef818637f8d021,ACTIVE
DRUG000168,Cetirizine 10 mg,MFG_08,B2026-0009,2026-06-28,2028-12-14,MFG_08,f4c2916049e01a7ccdd804ea03d44787afdc159930de0bae5ad294def18fd5a9,ACTIVE
DRUG000169,Losartan 50 mg,MFG_09,B2026-0009,2026-02-21,2027-02-21,MFG_09,3094db9cf3a2bc3c6f731b94376d3c0216bf3011d9519abae4d6dcdf9ba7ac3b,ACTIVE
DRUG000170,Cefixime 200 mg,MFG_10,B2026-0009,2026-03-15,2028-03-14,MFG_10,368e25b997f91ce2e2a146ae3cb22cc3ed43296dc975a9d404f794318a825880,ACTIVE
DRUG000171,Ibuprofen 400 mg,MFG_01,B2026-0009,2026-04-09,2028-04-08,MFG_01,76ca4c65e35e8a5f1f7d1dadc27c0cd0e85436797b060a874108a73fdfde3d21,ACTIVE
DRUG000172,Doxycycline 100 mg,MFG_02,B2026-0009,2026-04-21,2027-10-13,MFG_02,cd917416d0731a4b26606bbe654535860e0fae7ce7402e1a0eb454f8909d025f,ACTIVE
DRUG000173,Montelukast 10 mg,MFG_03,B2026-0009,2026-06-04,2028-11-20,MFG_03,01697bcd0883738548c1a6e77b187f8efeb3738e99488f53030e7565de44f80b,ACTIVE
DRUG000174,Glimepiride 2 mg,MFG_04,B2026-0009,2026-07-22,2027-07-22,MFG_04,b6c7347adb4b7fc6663dcf97809060a29c4024c08b7ff0345873097d0f80acf1,ACTIVE
DRUG000175,Omeprazole 20 mg,MFG_05,B2026-0009,2026-04-23,2027-04-23,MFG_05,50a85a3d913bb843040f7db3f3ae4ba8e809dd6d4fbbb9aa29cf635efbfb61f6,ACTIVE
DRUG000176,Clopidogrel 75 mg,MFG_06,B2026-0009,2026-02-09,2028-07-28,MFG_06,11f2d7f4dffe81a9ac1ecc8704cf037adf4bf0a1046272c7a2930ade7f9d40b9,ACTIVE
DRUG000177,Levocetirizine 5 mg,MFG_07,B2026-0009,2026-03-22,2028-03-21,MFG_07,ee1afabd8295778a37acfa8a185980eb3e428772f23d623662052978bd8ff0b2,ACTIVE
DRUG000178,Telmisartan 40 mg,MFG_08,B2026-0009,2026-03-09,2028-03-08,MFG_08,521c9c0e07e6aac1c87fd1b738b1bc096d85eecbea573c669f8c1af0bd528e3a,ACTIVE
DRUG000179,Calcium + Vitamin D3,MFG_09,B2026-0009,2026-02-14,2028-08-02,MFG_09,a184c4b17f480bf6abca55f7d63e72b4a8a0ed34393cd9a54d2214f8ccce4244,ACTIVE
DRUG000180,ORS Sachet,MFG_10,B2026-0009,2026-02-10,2027-08-04,MFG_10,a606619a3194dd4a4936b96096bca1803824ba4fc31885d1c1b23fe80ae15f88,ACTIVE
DRUG000181,Paracetamol 500 mg,MFG_01,B2026-0010,2026-05-22,2028-05-21,MFG_01,8ce4fb8f0e943439612fdb78f2ed0c5a00411738a880445302a1f9de3980cc80,ACTIVE
DRUG000182,Amoxicillin 500 mg,MFG_02,B2026-0010,2026-04-16,2028-10-02,MFG_02,288472a08849595a8c7f11d6fb61e2829e81ea3735727469adbe096e45e52bc9,ACTIVE
DRUG000183,Metformin 500 mg,MFG_03,B2026-0010,2026-08-13,2028-02-04,MFG_03,65e089c339bacbfde34cc27f94b2ec7db9dcb8933f6e466e2c58eb323143bbaf,ACTIVE
DRUG000184,Atorvastatin 10 mg,MFG_04,B2026-0010,2026-02-11,2028-02-11,MFG_04,9ffa372d1e281c5e7f909f7231ed356fab241aa8ab86b3e8fd230f887ec7a5d2,ACTIVE
DRUG000185,Amlodipine 5 mg,MFG_05,B2026-0010,2026-03-12,2027-09-03,MFG_05,e248a4cf7627b61e3a6b252d060b09e1ee75329715c52ad5074b26f40b16aa31,ACTIVE
DRUG000186,Pantoprazole 40 mg,MFG_06,B2026-0010,2026-02-13,2028-02-13,MFG_06,fd3c0113ddb574899b3fbbc3589c9c8b7113f5e03d75e0cd0bd5740cc0065b88,ACTIVE
DRUG000187,Azithromycin 500 mg,MFG_07,B2026-0010,2026-02-23,2028-08-11,MFG_07,7c95f87f9df3bbd44d8f6541f793ede256cb2317206846dc49e46bafb0b8bc30,ACTIVE
DRUG000188,Cetirizine 10 mg,MFG_08,B2026-0010,2026-07-26,2029-01-11,MFG_08,b91d3b3425f3b7cb5e654167e5d4d0954661e2565104144d492b40869473afb3,ACTIVE
DRUG000189,Losartan 50 mg,MFG_09,B2026-0010,2026-02-22,2028-02-22,MFG_09,847f13435d17f4272067db87e63448bba1feb1979291afd9543c377332da2e46,ACTIVE
DRUG000190,Cefixime 200 mg,MFG_10,B2026-0010,2026-05-24,2027-05-24,MFG_10,927e10f01899835eb0926ee6f45333e7052b52965c4ff6d724bec505ad1e4239,ACTIVE
DRUG000191,Ibuprofen 400 mg,MFG_01,B2026-0010,2026-03-16,2028-09-01,MFG_01,92d45e233388652e850aafedb750a0f7c4f415a9c352c4a88b711b4cb7a134ad,ACTIVE
DRUG000192,Doxycycline 100 mg,MFG_02,B2026-0010,2026-07-15,2028-01-06,MFG_02,54dcaaa65391f48d5f00e7e05f8e92bba0e2d9e84cd0f84119f4bdb2fd48da38,ACTIVE
DRUG000193,Montelukast 10 mg,MFG_03,B2026-0010,2026-04-28,2027-10-20,MFG_03,634144a93e84330bd1d9827eff0ce92de8dbef9d8b183cf416673f9d54410255,ACTIVE
DRUG000194,Glimepiride 2 mg,MFG_04,B2026-0010,2026-05-01,2028-04-30,MFG_04,64858322bc8691647558c5046ab961ac25fff0a0ba40f74229a2f6f498576f57,ACTIVE
DRUG000195,Omeprazole 20 mg,MFG_05,B2026-0010,2026-01-12,2028-06-30,MFG_05,e6278096668ddcd520cd37f64f3ef7d630ca0c3f176140ea3151f76166149f16,ACTIVE
DRUG000196,Clopidogrel 75 mg,MFG_06,B2026-0010,2026-04-26,2028-04-25,MFG_06,2e15414a35bd402086233708e425bdc5fe240a5fea5bd99728777a2792da8b16,ACTIVE
DRUG000197,Levocetirizine 5 mg,MFG_07,B2026-0010,2026-07-13,2028-01-04,MFG_07,78c5ca6c3f98badcbb5be1fa07a445f2e9d04ab6948504f631595e4b9f3b6610,ACTIVE
DRUG000198,Telmisartan 40 mg,MFG_08,B2026-0010,2026-03-27,2028-09-12,MFG_08,3f2baa3370cea212b3762006a45a7a586b8d3ae3fa3ea13ec262559990c28cf0,ACTIVE
DRUG000199,Calcium + Vitamin D3,MFG_09,B2026-0010,2026-04-11,2028-04-10,MFG_09,ed5a0196f3e4e37cad97a3db4caa9d70b2091ed1938abb660624df57c0fac838,ACTIVE
DRUG000200,ORS Sachet,MFG_10,B2026-0010,2026-07-28,2027-07-28,MFG_10,e4a0ae9f39a4f6e2017f7ac59f6e862dfb95d2a84e008ee4af93942d62a30a1c,ACTIVE
DRUG000201,Paracetamol 500 mg,MFG_01,B2026-0011,2026-03-09,2027-08-31,MFG_01,a3eab0febc9983a0f8ee70f54333ad3be8b5d6e16b2cce8da697c3288efd3380,ACTIVE
DRUG000202,Amoxicillin 500 mg,MFG_02,B2026-0011,2026-07-30,2028-01-21,MFG_02,6fe02fcd8e29964f0a2c9b4b5b63f9a00e968d6323628095383c952990cf7cf9,ACTIVE
DRUG000203,Metformin 500 mg,MFG_03,B2026-0011,2026-06-26,2027-12-18,MFG_03,a4caf5cbd5fe9e43760df00c60941971371e4ac2d956f0589b791b675fe18fe9,ACTIVE
DRUG000204,Atorvastatin 10 mg,MFG_04,B2026-0011,2026-05-24,2028-05-23,MFG_04,565f83ce87493e7c7696861f7680faf5e79952d1a39c2ca714586320480b6d75,ACTIVE
DRUG000205,Amlodipine 5 mg,MFG_05,B2026-0011,2026-04-01,2028-03-31,MFG_05,d7a37c1b9b320bc9441fd80557b33b41b5751cde552ca69b645909fd4932e498,ACTIVE
DRUG000206,Pantoprazole 40 mg,MFG_06,B2026-0011,2026-03-15,2027-09-06,MFG_06,f26572169f540a153754c054ab0c405d407a28ef5f863820f67fc952e94837ed,ACTIVE
DRUG000207,Azithromycin 500 mg,MFG_07,B2026-0011,2026-05-20,2028-11-05,MFG_07,5237af7b1c97593dedb79c944fd9aaf6d909e76f4f11ad1422da7a898ac561e7,ACTIVE
DRUG000208,Cetirizine 10 mg,MFG_08,B2026-0011,2026-04-24,2028-04-23,MFG_08,06d12f744ce56c71014912dd756adfe8424c0dddbc31b3f559d516e657760944,ACTIVE
DRUG000209,Losartan 50 mg,MFG_09,B2026-0011,2026-01-28,2027-07-22,MFG_09,15ddf44b9149ad4bbbe56d909a282b53e88fac608bc10eb5bd763887c2df7c3a,ACTIVE
DRUG000210,Cefixime 200 mg,MFG_10,B2026-0011,2026-04-16,2028-04-15,MFG_10,1425846a22bdb6f9dd62058665802858fb6d3e352dd1008b45f93771117b0d74,ACTIVE
DRUG000211,Ibuprofen 400 mg,MFG_01,B2026-0011,2026-08-28,2029-02-13,MFG_01,31852bda325adf62f5d65015d98f16ee83e2a6ae279031e32163a7b1d78a0da7,ACTIVE
DRUG000212,Doxycycline 100 mg,MFG_02,B2026-0011,2026-03-01,2027-03-01,MFG_02,83038211c503663e0c1c6d65f3b024af24e12666f2adc0f96ffcc513781f109f,ACTIVE
DRUG000213,Montelukast 10 mg,MFG_03,B2026-0011,2026-07-11,2028-07-10,MFG_03,340192951db4d2e26057f47af450e5cdf43d6020f3066f5a59ccdbd9d775c5b7,ACTIVE
DRUG000214,Glimepiride 2 mg,MFG_04,B2026-0011,2026-06-14,2028-11-30,MFG_04,0350176050a9e5ad56177d872766229877fe865691fda8c3b965bfb169c5b2da,ACTIVE
DRUG000215,Omeprazole 20 mg,MFG_05,B2026-0011,2026-03-07,2027-08-29,MFG_05,bcf93d86f9ea1e698b91a4ec78296dc200835b009a5e993d204183d919d937db,ACTIVE
DRUG000216,Clopidogrel 75 mg,MFG_06,B2026-0011,2026-03-25,2027-03-25,MFG_06,96524e6b128f7f23552b4d74e31c3734dfaaf5e7d70d8370f8d739105782c6b9,ACTIVE
DRUG000217,Levocetirizine 5 mg,MFG_07,B2026-0011,2026-04-09,2027-10-01,MFG_07,c20a90575844a2361a45774953f350132a087c6332a4d6e5f4e482c8ee571737,ACTIVE
DRUG000218,Telmisartan 40 mg,MFG_08,B2026-0011,2026-06-27,2027-12-19,MFG_08,10b91e7bb9213f57a6acaba4abe0072ff42fc4da3560b2f5389c28c52e79dfd5,ACTIVE
DRUG000219,Calcium + Vitamin D3,MFG_09,B2026-0011,2026-01-31,2028-01-31,MFG_09,79e4e45feb01da4400413e66f5813171cf82bbef79d3770e3a4a9b9f92686e13,ACTIVE
DRUG000220,ORS Sachet,MFG_10,B2026-0011,2026-04-17,2028-10-03,MFG_10,ff372f04f33f5a7f194f6c7eaf2eca51a410d452555a187724b0d6926f051f6d,ACTIVE
DRUG000221,Paracetamol 500 mg,MFG_01,B2026-0012,2026-04-03,2027-04-03,MFG_01,e042be9eaa22a8f44ed3397fb2cf0a8e477d4c41ba7df452f81b5112bba6ad75,ACTIVE
DRUG000222,Amoxicillin 500 mg,MFG_02,B2026-0012,2026-02-12,2028-02-12,MFG_02,e75da75e5c139b70d4c36dbfd313bc5925949941deeba5947b0487d46ec67706,ACTIVE
DRUG000223,Metformin 500 mg,MFG_03,B2026-0012,2026-07-27,2027-07-27,MFG_03,6096454af5f38e4ec8de93823343d4d8476b718cf6692476b71c634ca9263228,ACTIVE
DRUG000224,Atorvastatin 10 mg,MFG_04,B2026-0012,2026-07-26,2028-07-25,MFG_04,f41971bd8f35bbc6de14580d4c1e7dbd2c8df2af9596008f3b136fc1e3808d9b,ACTIVE
DRUG000225,Amlodipine 5 mg,MFG_05,B2026-0012,2026-03-30,2027-03-30,MFG_05,a8f5506fff38e914de8bce71bd797494623e705bf0b6263fd7d99eec7971673e,ACTIVE
DRUG000226,Pantoprazole 40 mg,MFG_06,B2026-0012,2026-02-04,2028-07-23,MFG_06,7bc24bb420f234b5f0fd42bf8c1c1b16ed8e3a4bda7c123e25573bcbcbc47f44,ACTIVE
DRUG000227,Azithromycin 500 mg,MFG_07,B2026-0012,2026-08-09,2028-08-08,MFG_07,8aac62474147a170e6e61f288816334ce61e2170816318467e741bc9e3bea78b,ACTIVE
DRUG000228,Cetirizine 10 mg,MFG_08,B2026-0012,2026-01-06,2028-01-06,MFG_08,0b120c6792ad74f9230d4df0dd49981b171812666e7a712bd07392ebb24b6a55,ACTIVE
DRUG000229,Losartan 50 mg,MFG_09,B2026-0012,2026-03-12,2027-09-03,MFG_09,18cd837867a3145940caa9545c40b1120ebd7c0cb7efd0306e877a8951859828,ACTIVE
DRUG000230,Cefixime 200 mg,MFG_10,B2026-0012,2026-06-02,2027-06-02,MFG_10,6c27f34b399ad6e17373b14467fd28c53b3845dad9bfa2a0b0c33ba9444afa5a,ACTIVE
DRUG000231,Ibuprofen 400 mg,MFG_01,B2026-0012,2026-03-01,2027-08-23,MFG_01,06d869982dfc6c386ed0c766d775e75af8c9778fa14e140e81413e4b4e82232e,ACTIVE
DRUG000232,Doxycycline 100 mg,MFG_02,B2026-0012,2026-06-22,2028-06-21,MFG_02,18d4c71dca39ed658e79463892f2a76c860eba69c91ed90caf3ead776431ee65,ACTIVE
DRUG000233,Montelukast 10 mg,MFG_03,B2026-0012,2026-05-23,2027-11-14,MFG_03,ae7116d7d61db17b9869ee3e6f61bb31ff0cb1868d50c0a485ecc4a1a710093d,ACTIVE
DRUG000234,Glimepiride 2 mg,MFG_04,B2026-0012,2026-06-28,2028-12-14,MFG_04,7cfa3499f919f34987014bf560c8b9d1bf23f0a088af3f5d3f45589afd38b450,ACTIVE
DRUG000235,Omeprazole 20 mg,MFG_05,B2026-0012,2026-08-08,2028-01-30,MFG_05,6f739d78a0b123801bc2289382d9fe6b07774ae8f6d58c221945e244452b61e5,ACTIVE
DRUG000236,Clopidogrel 75 mg,MFG_06,B2026-0012,2026-03-07,2027-08-29,MFG_06,1d74e652697777a13e3e8af2f082f1a4770db306c8ab10dd842f38af56f75daa,ACTIVE
DRUG000237,Levocetirizine 5 mg,MFG_07,B2026-0012,2026-04-07,2027-04-07,MFG_07,b4c4bf78a5bc29f91b30fcc71a2b85ba1153aaf15426bf0b4360b2696056ba8f,ACTIVE
DRUG000238,Telmisartan 40 mg,MFG_08,B2026-0012,2026-08-21,2027-08-21,MFG_08,8c6ec5b36f1cfce9dc7a0fafcadbed37155fc1f328565003a98f74e62fd32239,ACTIVE
DRUG000239,Calcium + Vitamin D3,MFG_09,B2026-0012,2026-08-23,2028-02-14,MFG_09,5397ff37e87350806c8a0331601d252301004db5b911e85ff81f5fd45cdb9060,ACTIVE
DRUG000240,ORS Sachet,MFG_10,B2026-0012,2026-04-03,2028-09-19,MFG_10,9ad811cd2b15c1b0ebc094f339a005a3ed7a9041e7c3e65f820da0773ef1ca2c,ACTIVE
DRUG000241,Paracetamol 500 mg,MFG_01,B2026-0013,2026-05-25,2027-11-16,MFG_01,600b71cbd7d99944ee50a364da58860138f405f082b5cd5614893aed53254fe8,ACTIVE
DRUG000242,Amoxicillin 500 mg,MFG_02,B2026-0013,2026-02-20,2028-02-20,MFG_02,2a5048c4bd307a1246c725b7a9af193d517e7889f000363bb89210c9e5eaad7d,ACTIVE
DRUG000243,Metformin 500 mg,MFG_03,B2026-0013,2026-07-30,2029-01-15,MFG_03,da711192f6f0556ad95a90e336fe55190982f42972903cb5669dcbaf4bb0f5cb,ACTIVE
DRUG000244,Atorvastatin 10 mg,MFG_04,B2026-0013,2026-08-23,2027-08-23,MFG_04,c5bd35d1d20ef9a1277195a07f5b900ab8396588609f8b7f85c27910931e9841,ACTIVE
DRUG000245,Amlodipine 5 mg,MFG_05,B2026-0013,2026-01-18,2027-07-12,MFG_05,eaaff793f741a6c157d032555cfc1e2cf4de7834db5e9e41eb063c12718c00ee,ACTIVE
DRUG000246,Pantoprazole 40 mg,MFG_06,B2026-0013,2026-05-05,2027-05-05,MFG_06,96bd7f3c62b83b4789e3e461bc415f00fa181382179da161ad6700c662d412a5,ACTIVE
DRUG000247,Azithromycin 500 mg,MFG_07,B2026-0013,2026-01-05,2028-06-23,MFG_07,f1dbf7e6304e84507a3f7fd3c506d32a6c31da802dbb59a6b988e47ca139c6b5,ACTIVE
DRUG000248,Cetirizine 10 mg,MFG_08,B2026-0013,2026-07-28,2028-07-27,MFG_08,b1f1f7101e7ad8cb177986697ba9c2d11ee4531159c05325f9531df702277ba3,ACTIVE
DRUG000249,Losartan 50 mg,MFG_09,B2026-0013,2026-06-25,2027-06-25,MFG_09,de869648c4f5309b6f7991d1d60e9b0d1169917ab84702b9d3dc7314a6bcd570,ACTIVE
DRUG000250,Cefixime 200 mg,MFG_10,B2026-0013,2026-06-29,2027-12-21,MFG_10,c5b5e48845958064463f5da161ac8d5ac4a7be906a96e4698e2423e07ee6b2f7,ACTIVE
DRUG000251,Ibuprofen 400 mg,MFG_01,B2026-0013,2026-01-11,2027-07-05,MFG_01,0d3cafb75cebbc33e3c9da9e7ed84c10e5c4a7d95d3f5daa147bf3c172ab4b78,ACTIVE
DRUG000252,Doxycycline 100 mg,MFG_02,B2026-0013,2026-06-18,2027-06-18,MFG_02,f659caa14a2a56dd6e8e8b777ed16cc40eac7fdd437298015e1241ad15a1ca33,ACTIVE
DRUG000253,Montelukast 10 mg,MFG_03,B2026-0013,2026-02-11,2027-08-05,MFG_03,c6e39ca9ac091c0f49880703c524a894457a2bc872d5f47b771310060cfd52bd,ACTIVE
DRUG000254,Glimepiride 2 mg,MFG_04,B2026-0013,2026-07-10,2028-07-09,MFG_04,aed42649114474a18785cebe46a384168c02612c466a2dd22df8d5fdd21cb184,ACTIVE
DRUG000255,Omeprazole 20 mg,MFG_05,B2026-0013,2026-07-18,2028-07-17,MFG_05,f4783f7a630f97c372ba5645ce55480b987d0f01c4ca8f78ec587dd6361b03e3,ACTIVE
DRUG000256,Clopidogrel 75 mg,MFG_06,B2026-0013,2026-06-24,2028-12-10,MFG_06,9448e269eecb45d556eb3ab9bf76b03ec62b3b92ac816e456a8d0e857a11733c,ACTIVE
DRUG000257,Levocetirizine 5 mg,MFG_07,B2026-0013,2026-07-02,2027-12-24,MFG_07,218807252adff2b3f5a80d7ee6e6f5d33f67cf6d340e0ba619dfea62c6f9e472,ACTIVE
DRUG000258,Telmisartan 40 mg,MFG_08,B2026-0013,2026-03-11,2027-03-11,MFG_08,b835316d3ff5764e8352e2d43b8db86b3d61f6671a53b68850d37a03c5b64789,ACTIVE
DRUG000259,Calcium + Vitamin D3,MFG_09,B2026-0013,2026-01-07,2027-01-07,MFG_09,94e7369133b6d8441868cbfd8209f75c18a1523510428223c47cc5e27102e5d1,ACTIVE
DRUG000260,ORS Sachet,MFG_10,B2026-0013,2026-04-16,2028-10-02,MFG_10,5d624614dc9f951d4a6f9de0d24e141e0519eabf1d1bc10435a8c2ab56386daa,ACTIVE
DRUG000261,Paracetamol 500 mg,MFG_01,B2026-0014,2026-03-10,2028-03-09,MFG_01,5c6204b8e63ee0b7b3384930e90d1686c9e6842697963f0a69c786c19b0e66cf,ACTIVE
DRUG000262,Amoxicillin 500 mg,MFG_02,B2026-0014,2026-07-20,2027-07-20,MFG_02,02d02210749476a239d6b57ba4efc703ca34a6a0dd8a95d2901430069c1bbb14,ACTIVE
DRUG000263,Metformin 500 mg,MFG_03,B2026-0014,2026-02-04,2028-02-04,MFG_03,a818c9b041eb5490f6e45ecec64ba00c59789323c4b97413f5233f961d39c176,ACTIVE
DRUG000264,Atorvastatin 10 mg,MFG_04,B2026-0014,2026-04-21,2027-10-13,MFG_04,e929d7d6805922c824639fce38d2db4c9557bb26c4e0927b5d9de76da8c409e7,ACTIVE
DRUG000265,Amlodipine 5 mg,MFG_05,B2026-0014,2026-03-16,2028-09-01,MFG_05,6182c267e2b3da2c725ae209c8d1f38fecc81733b471736f3780515e8d58b2c7,ACTIVE
DRUG000266,Pantoprazole 40 mg,MFG_06,B2026-0014,2026-06-01,2027-11-23,MFG_06,27ffd7d3a2f57ab83d68a069958eca94e5f4aef20a7d322311ab0db9ee3f7a2e,ACTIVE
DRUG000267,Azithromycin 500 mg,MFG_07,B2026-0014,2026-08-06,2029-01-22,MFG_07,b2cb0233d8f12d8149665ba1753abaf8f95df1703d4f7c0ff449344dce1a28cb,ACTIVE
DRUG000268,Cetirizine 10 mg,MFG_08,B2026-0014,2026-04-07,2027-04-07,MFG_08,69a8677adf06a26741c0faec35a3cbba3940bc8c67e8d435ccf903f951ccd6ce,ACTIVE
DRUG000269,Losartan 50 mg,MFG_09,B2026-0014,2026-07-22,2028-07-21,MFG_09,0882c068764b4388e11733c87178b1daeb195e95a8ead53ad3a0f93780e7b240,ACTIVE
DRUG000270,Cefixime 200 mg,MFG_10,B2026-0014,2026-04-01,2027-09-23,MFG_10,9ea153390af391f83d5373f93d2f56c8465eac06ab9f782a94fd9205c9fc0d1b,ACTIVE
DRUG000271,Ibuprofen 400 mg,MFG_01,B2026-0014,2026-01-26,2028-01-26,MFG_01,e1852843a7dd0250d1c303cf2c03d52701b5534a218a12a56ca4fc3c2ef5defc,ACTIVE
DRUG000272,Doxycycline 100 mg,MFG_02,B2026-0014,2026-04-29,2027-10-21,MFG_02,eda7ce4615b2d2bb7c6706a5f665b7549afeed066d11ad3bb82e0a12ebb6a392,ACTIVE
DRUG000273,Montelukast 10 mg,MFG_03,B2026-0014,2026-08-29,2028-02-20,MFG_03,7b466ac01f2312707c9bea70e4ad621c651b98616351b4ff3602d37466d9b2cc,ACTIVE
DRUG000274,Glimepiride 2 mg,MFG_04,B2026-0014,2026-04-23,2028-10-09,MFG_04,cc070acf45577fddcd05fb2f66fef0183188b845c43a1c46bad4fe35ea47d29b,ACTIVE
DRUG000275,Omeprazole 20 mg,MFG_05,B2026-0014,2026-06-23,2027-12-15,MFG_05,ab01487d6dd4277f77ed98cf18a1a3fef0c76b564819bbedfcb876f431c95203,ACTIVE
DRUG000276,Clopidogrel 75 mg,MFG_06,B2026-0014,2026-07-24,2029-01-09,MFG_06,6a722dfd8c3aec536a4c9311d9a5f34f9fd1ab79e72f1f16858711897e759d42,ACTIVE
DRUG000277,Levocetirizine 5 mg,MFG_07,B2026-0014,2026-06-01,2028-11-17,MFG_07,792dcc84801cdefeee86c59a192d85f6b2b9e1b91666f18f5807b8560642a5ee,ACTIVE
DRUG000278,Telmisartan 40 mg,MFG_08,B2026-0014,2026-04-04,2028-04-03,MFG_08,ec0913f6f06514ed6ad0076ddda42c46887067e71aefc13132387b1f3800ca57,ACTIVE
DRUG000279,Calcium + Vitamin D3,MFG_09,B2026-0014,2026-06-06,2028-11-22,MFG_09,5d64f299b810d656893233551abeade887a7c8a5753c866701b64d8af15dbf33,ACTIVE
DRUG000280,ORS Sachet,MFG_10,B2026-0014,2026-01-22,2027-07-16,MFG_10,08130729841110e59e9e29c41ee7f349c5e410231f460fa3cc19858eddff91aa,ACTIVE
DRUG000281,Paracetamol 500 mg,MFG_01,B2026-0015,2026-04-18,2027-10-10,MFG_01,4c171ea4530c542b992ce1f30ea10e67a9163c86c18cd1e81fd8b70323710bdd,ACTIVE
DRUG000282,Amoxicillin 500 mg,MFG_02,B2026-0015,2026-05-06,2028-05-05,MFG_02,05a5a5165e38c0e58fcd84f0fff85203686103dded5b943720f0aee46fcf9e22,ACTIVE
DRUG000283,Metformin 500 mg,MFG_03,B2026-0015,2026-02-04,2027-07-29,MFG_03,884214841281e9b8c7d346081a2a636043dda072c6f6ffe9599943beddcfe594,ACTIVE
DRUG000284,Atorvastatin 10 mg,MFG_04,B2026-0015,2026-08-04,2029-01-20,MFG_04,7970a31b69506a7664cf5fae805ebc6e824afe4afdfeb242395a17c90ceb74dd,ACTIVE
DRUG000285,Amlodipine 5 mg,MFG_05,B2026-0015,2026-05-18,2028-05-17,MFG_05,c767529d8937f2d2d12bd4c2e0e79413cac7b20a0b0c616fa4a7d49e7398c916,ACTIVE
DRUG000286,Pantoprazole 40 mg,MFG_06,B2026-0015,2026-03-10,2028-03-09,MFG_06,633c74ef2452f9273f5f5388da93c6af494bed9585111e23037088cbade907e4,ACTIVE
DRUG000287,Azithromycin 500 mg,MFG_07,B2026-0015,2026-01-09,2028-06-27,MFG_07,dda2b8de535f26d01632b9f9cb5566c12f80e0f6b2b2eca40429f2b5d7b607a2,ACTIVE
DRUG000288,Cetirizine 10 mg,MFG_08,B2026-0015,2026-07-01,2028-12-17,MFG_08,53d6e121d2e441eb696ca58fe4d30eaa98d47a7245b0dbebe5100e3dce2bd9b9,ACTIVE
DRUG000289,Losartan 50 mg,MFG_09,B2026-0015,2026-05-17,2028-05-16,MFG_09,1f64f155a8776173ddc1441be1de812cf58bfd3870b76dddceec0b612f00345a,ACTIVE
DRUG000290,Cefixime 200 mg,MFG_10,B2026-0015,2026-06-23,2027-06-23,MFG_10,f70cca3ed05d1b2dffd8a5f9722ba78c8d4ab8a7478f4ffd417d3f3c51367b26,ACTIVE
DRUG000291,Ibuprofen 400 mg,MFG_01,B2026-0015,2026-03-05,2028-08-21,MFG_01,58bc068a70cd6040938fb5ad10f7e283bc83b8480300cd4bddb59b4d28b2418f,ACTIVE
DRUG000292,Doxycycline 100 mg,MFG_02,B2026-0015,2026-06-12,2027-06-12,MFG_02,d71fee47cd2a08895510dd0bc092f132bca8daa76a3ad294007a7132dfc5e1fe,ACTIVE
DRUG000293,Montelukast 10 mg,MFG_03,B2026-0015,2026-08-11,2027-08-11,MFG_03,5427b23292b64f0dcb4b99204b0d15ed7d44aa744f722582cb7bcea36a6bc4a1,ACTIVE
DRUG000294,Glimepiride 2 mg,MFG_04,B2026-0015,2026-03-10,2028-03-09,MFG_04,113211152f07dfb52340c239945c0e5953d778ee4ac126c34e9282ada9c1250f,ACTIVE
DRUG000295,Omeprazole 20 mg,MFG_05,B2026-0015,2026-06-24,2027-06-24,MFG_05,a630ed95870c3dffc28c9cb77279fe26e867bc9addbc9f12f9ea4d4412401c18,ACTIVE
DRUG000296,Clopidogrel 75 mg,MFG_06,B2026-0015,2026-01-01,2028-06-19,MFG_06,28e2cbfdb6d40c81600913676bb857b0974bad62e172304cbb95d07ddc826571,ACTIVE
DRUG000297,Levocetirizine 5 mg,MFG_07,B2026-0015,2026-04-06,2027-09-28,MFG_07,749a504fc240932807a4336c864b40aeffae0bb55f18ab8c7ff5e98eaafadc85,ACTIVE
DRUG000298,Telmisartan 40 mg,MFG_08,B2026-0015,2026-02-24,2028-08-12,MFG_08,ae539450a70315e1f06f40219664d9e125751ecf6e2f1e9f5346b3d13d3be262,ACTIVE
DRUG000299,Calcium + Vitamin D3,MFG_09,B2026-0015,2026-03-29,2027-03-29,MFG_09,af8ad014475321bbff70529ace487a24681e4391e1c76a5f13d8ccbbbc282167,ACTIVE
DRUG000300,ORS Sachet,MFG_10,B2026-0015,2026-04-05,2028-04-04,MFG_10,e4ccb83ab5752caad10483d1c89c15423041a679012e6357fe7305efc282ba6a,ACTIVE
DRUG000301,Paracetamol 500 mg,MFG_01,B2026-0016,2026-06-16,2027-12-08,MFG_01,3dcaea6935e94bb93a334547a8071d233454f4058f33e3572abc146f60a0b443,ACTIVE
DRUG000302,Amoxicillin 500 mg,MFG_02,B2026-0016,2026-08-18,2027-08-18,MFG_02,9df4027c19c73c956b76a4bf3854584abc27b7f39f6a30f68cef7e6d068318dc,ACTIVE
DRUG000303,Metformin 500 mg,MFG_03,B2026-0016,2026-03-12,2027-03-12,MFG_03,6f6066d791ae89e0ce0163819731a7496a8ec388841e706c28ea51a4fc0bfd55,ACTIVE
DRUG000304,Atorvastatin 10 mg,MFG_04,B2026-0016,2026-03-19,2027-09-10,MFG_04,2a8d4be6c2140641f6e1b2fe3e7d8f1282dcc6142fe8be42bffc259af8b32173,ACTIVE
DRUG000305,Amlodipine 5 mg,MFG_05,B2026-0016,2026-04-09,2027-04-09,MFG_05,8aa0b4df622670fa38000b3c1ebb02195b3679c01f6c378eacb72de9789d75bb,ACTIVE
DRUG000306,Pantoprazole 40 mg,MFG_06,B2026-0016,2026-03-23,2027-09-14,MFG_06,5e5a9062f445da08befbd281ad00cc1bafbefceb708a46e2a08133aec015ecb0,ACTIVE
DRUG000307,Azithromycin 500 mg,MFG_07,B2026-0016,2026-05-31,2027-05-31,MFG_07,bbec0143bd419695e1680c82283b5b187dee71970a8057373967cfa79c03dcff,ACTIVE
DRUG000308,Cetirizine 10 mg,MFG_08,B2026-0016,2026-05-09,2028-10-25,MFG_08,b0698bfc118aef22dc5cc4fc1c5c2b249cb9404336f6c5376562ac97b5e3ed3f,ACTIVE
DRUG000309,Losartan 50 mg,MFG_09,B2026-0016,2026-03-21,2027-03-21,MFG_09,729960e9fea3115b225db34e456c401b88db3fbc5e7fb7db1a57d5b140dc28fd,ACTIVE
DRUG000310,Cefixime 200 mg,MFG_10,B2026-0016,2026-04-22,2027-10-14,MFG_10,b25df696382fef58a906e992bbfaf7e5df6e28b20056f583124273a9610a7b3b,ACTIVE
DRUG000311,Ibuprofen 400 mg,MFG_01,B2026-0016,2026-03-21,2027-09-12,MFG_01,f30dd7d42d32a9611fc3deb8c5d54f3452044124430562c609c5bcf403bd0d18,ACTIVE
DRUG000312,Doxycycline 100 mg,MFG_02,B2026-0016,2026-07-20,2028-07-19,MFG_02,2c39eff505ba5a14873609bbae22ce0b5d84bc519d5cc96b3e154a9e56c5ce15,ACTIVE
DRUG000313,Montelukast 10 mg,MFG_03,B2026-0016,2026-04-20,2028-04-19,MFG_03,b57b902437213737ad7384d231795a48dd955174946e37e513822cba898bb8f0,ACTIVE
DRUG000314,Glimepiride 2 mg,MFG_04,B2026-0016,2026-04-03,2027-04-03,MFG_04,ee3ae8c2799d13b1c5106cb2e93ebbee336ba0fbe17d1dc590467448afd40a59,ACTIVE
DRUG000315,Omeprazole 20 mg,MFG_05,B2026-0016,2026-07-05,2027-07-05,MFG_05,9455d96b789417656c7c9a853d0f2685ebd7f837cbcd52c40e6227d785a5202b,ACTIVE
DRUG000316,Clopidogrel 75 mg,MFG_06,B2026-0016,2026-08-24,2028-02-15,MFG_06,a20b30d826264a45b78bdef0ce9d5d6f322e6a090f42a9a5df516075e7807fca,ACTIVE
DRUG000317,Levocetirizine 5 mg,MFG_07,B2026-0016,2026-07-04,2028-07-03,MFG_07,3a60d3c75f5ce9a22603a2bdbc934493594c537f5803d5ea834f6356f827f009,ACTIVE
DRUG000318,Telmisartan 40 mg,MFG_08,B2026-0016,2026-07-25,2027-07-25,MFG_08,0872285181466cd43dc1ba8deb1f009f67123a305487d80cc6225c8bd9c4ca01,ACTIVE
DRUG000319,Calcium + Vitamin D3,MFG_09,B2026-0016,2026-01-03,2028-01-03,MFG_09,fd2114085644e08261232943aa204bbf04d4b3c235d00f3b877af69f2df55bee,ACTIVE
DRUG000320,ORS Sachet,MFG_10,B2026-0016,2026-05-07,2027-10-29,MFG_10,e257d3780d6dae5f6dab7023eb2c09729e48545955225cad3a84bab30dbc8403,ACTIVE
DRUG000321,Paracetamol 500 mg,MFG_01,B2026-0017,2026-08-03,2027-08-03,MFG_01,2ef048952e980002dfcee0013bcfeed3d8c07e39ee8bfbc401b1cd5dc5eb32e7,ACTIVE
DRUG000322,Amoxicillin 500 mg,MFG_02,B2026-0017,2026-05-06,2027-05-06,MFG_02,8f485e87b3c81347396f66b021961bda9a6973bd4002671c8804611124ca19b9,ACTIVE
DRUG000323,Metformin 500 mg,MFG_03,B2026-0017,2026-01-22,2027-01-22,MFG_03,e16a95897dcda4345d1aa9f9ddb3386db15854f0b583721db77c9bf0de4f0424,ACTIVE
DRUG000324,Atorvastatin 10 mg,MFG_04,B2026-0017,2026-06-19,2027-12-11,MFG_04,d0ed1296475b62a244612a60b96a47ff9d227e9908b642563d46fa1cfa4e4aba,ACTIVE
DRUG000325,Amlodipine 5 mg,MFG_05,B2026-0017,2026-03-11,2027-09-02,MFG_05,09e64eacdb891ea22d92a7c09b3c36256cd12c0e440cd18439913b6e58847684,ACTIVE
DRUG000326,Pantoprazole 40 mg,MFG_06,B2026-0017,2026-04-30,2028-04-29,MFG_06,759a8da3f7fc34663831e2647ff267c45e708001543f4098ca4b771ae21caac6,ACTIVE
DRUG000327,Azithromycin 500 mg,MFG_07,B2026-0017,2026-01-31,2027-01-31,MFG_07,be1b60331192938940212ef128be8eeac93856ce21378c033b8814a0a4683841,ACTIVE
DRUG000328,Cetirizine 10 mg,MFG_08,B2026-0017,2026-04-12,2027-04-12,MFG_08,c76c83bbd9ff4bdaefc4b8623198ad647126bfc39c66c7877ea240498b307877,ACTIVE
DRUG000329,Losartan 50 mg,MFG_09,B2026-0017,2026-04-29,2027-04-29,MFG_09,8f008c1e70ced2a5148f5b02a3db124fdf86a258297f974960b4a4270efb72ab,ACTIVE
DRUG000330,Cefixime 200 mg,MFG_10,B2026-0017,2026-06-11,2027-06-11,MFG_10,7c938e9e47554c20edef7c38e541ba934b5324f3b1c362d16daf27ba2ec4e4b6,ACTIVE
DRUG000331,Ibuprofen 400 mg,MFG_01,B2026-0017,2026-07-27,2028-01-18,MFG_01,d5ce1c5f16f9a9c8c6afe54b0202144471b0d061de48c051c06ee858c17fd944,ACTIVE
DRUG000332,Doxycycline 100 mg,MFG_02,B2026-0017,2026-07-05,2028-12-21,MFG_02,9c3d60d441f009dab230057f484fcd191cd9ea41c102ba3bbf892206d3d40773,ACTIVE
DRUG000333,Montelukast 10 mg,MFG_03,B2026-0017,2026-03-13,2028-08-29,MFG_03,18ef3ef7b3bdd9ced139d177a066895c2096affea83c54fdd1c05bb501598fd2,ACTIVE
DRUG000334,Glimepiride 2 mg,MFG_04,B2026-0017,2026-08-14,2029-01-30,MFG_04,2e827693b0b3f3073c497b51cb0792354898dbc55d9704c7cad8ebeb1ae2605c,ACTIVE
DRUG000335,Omeprazole 20 mg,MFG_05,B2026-0017,2026-07-25,2027-07-25,MFG_05,766738c19310339e0ae79162234424c6b451219be2191632b7527c2136f05e91,ACTIVE
DRUG000336,Clopidogrel 75 mg,MFG_06,B2026-0017,2026-04-10,2028-04-09,MFG_06,02d34dc81dfa7f61a0d21c1366b74041eea01c273c8e61ac9c161fdc5e3077ef,ACTIVE
DRUG000337,Levocetirizine 5 mg,MFG_07,B2026-0017,2026-05-01,2028-04-30,MFG_07,93c10e72b99574e1d03a480a61bfc5791128eabc5feb51d67efcd13f312a273d,ACTIVE
DRUG000338,Telmisartan 40 mg,MFG_08,B2026-0017,2026-07-22,2027-07-22,MFG_08,d456661625716f3f66175d53cf8af7cc9157e7a7b2b5b4f621365395c9973d8b,ACTIVE
DRUG000339,Calcium + Vitamin D3,MFG_09,B2026-0017,2026-07-08,2028-07-07,MFG_09,ae26c659402065e6665012322daaf328b09ccea44f2454ddf495857b722ec615,ACTIVE
DRUG000340,ORS Sachet,MFG_10,B2026-0017,2026-03-21,2027-09-12,MFG_10,1dd3b0bdd17ca3d5d51b06e8bd3af3de000ce5f4258143115d5407545edf5257,ACTIVE
DRUG000341,Paracetamol 500 mg,MFG_01,B2026-0018,2026-01-01,2028-01-01,MFG_01,5566fb96fc28d3e74e62af9d531f282713f838bd7b3944b1aeda36458401fdb6,ACTIVE
DRUG000342,Amoxicillin 500 mg,MFG_02,B2026-0018,2026-06-30,2027-12-22,MFG_02,4bc346a3c9b53b728f545968f3c27f68c5118f686bb83845713872985010e8c9,ACTIVE
DRUG000343,Metformin 500 mg,MFG_03,B2026-0018,2026-03-19,2028-03-18,MFG_03,5839001216b0cb7d6b683bce33ac107686a689c23783806a73074a820c596313,ACTIVE
DRUG000344,Atorvastatin 10 mg,MFG_04,B2026-0018,2026-08-16,2028-08-15,MFG_04,b99bc49e102575e3720318df31c39c4dfbfaf294302078d60566e80ce6a716ce,ACTIVE
DRUG000345,Amlodipine 5 mg,MFG_05,B2026-0018,2026-05-27,2028-11-12,MFG_05,6422e1fda54f81603615cac19df307eb0302117ab9301b99ac1d41548b0cd919,ACTIVE
DRUG000346,Pantoprazole 40 mg,MFG_06,B2026-0018,2026-05-08,2027-10-30,MFG_06,09e685bf84330d95fc9ef7bcfb214ead83ddf1b58c8ce1180ae418447a2eef54,ACTIVE
DRUG000347,Azithromycin 500 mg,MFG_07,B2026-0018,2026-07-06,2028-07-05,MFG_07,8e770eb95c933057bc76ae6a31a46f50d432c67a935fc44c8c9cf90fec43e59b,ACTIVE
DRUG000348,Cetirizine 10 mg,MFG_08,B2026-0018,2026-01-01,2027-01-01,MFG_08,7632c0c122df2571b48567167dd0838bd9fdec121c7f5e4fa0f5067c6b93dfd9,ACTIVE
DRUG000349,Losartan 50 mg,MFG_09,B2026-0018,2026-04-07,2027-04-07,MFG_09,45a7d0fe75a2d24979c64533aadbc5e3d52ab9cdc24dc7082d4aa0ff399bf460,ACTIVE
DRUG000350,Cefixime 200 mg,MFG_10,B2026-0018,2026-01-06,2028-01-06,MFG_10,2eddfcbe1f2cb3259d1ad2fb4ca43529630a5e72cbf893b8c604bcdfa13fa51c,ACTIVE
DRUG000351,Ibuprofen 400 mg,MFG_01,B2026-0018,2026-01-24,2028-01-24,MFG_01,ecad6393c0f1d26aea6c221337462056e7d9a18de0f660750a79362372e40907,ACTIVE
DRUG000352,Doxycycline 100 mg,MFG_02,B2026-0018,2026-04-22,2027-10-14,MFG_02,5817bc76696c652f72b6e15f8acd83d8a28e0d87f2d5426c45221fac077504cf,ACTIVE
DRUG000353,Montelukast 10 mg,MFG_03,B2026-0018,2026-06-19,2028-06-18,MFG_03,c8fca5dce6d068a0c6a4e4d6d022fdead22debb9ec3b77ce0772dde71360464c,ACTIVE
DRUG000354,Glimepiride 2 mg,MFG_04,B2026-0018,2026-04-03,2027-04-03,MFG_04,d434c15dd9e17d377558a941c0a210f7a7ec351e494e206c9af3d127cca92512,ACTIVE
DRUG000355,Omeprazole 20 mg,MFG_05,B2026-0018,2026-02-13,2028-02-13,MFG_05,694f3ec79e8a7db7156112dabd6d7c845f88cec6aff9f78498a74e57e3aa6727,ACTIVE
DRUG000356,Clopidogrel 75 mg,MFG_06,B2026-0018,2026-05-20,2028-11-05,MFG_06,bd2cdd91a7e82be9d8e0d1c32730a6a02eabef0e2cd179090e9c4cb27f90391d,ACTIVE
DRUG000357,Levocetirizine 5 mg,MFG_07,B2026-0018,2026-03-09,2027-08-31,MFG_07,45ae268690fb8cf416ab78ce664fd1b5906b5c3c3e84b88b676a1f1c6b360c33,ACTIVE
DRUG000358,Telmisartan 40 mg,MFG_08,B2026-0018,2026-07-13,2028-01-04,MFG_08,99fbcb70770c6f907f62b9a9398a85c24dbd0ddb11c9ae096355b65361b30367,ACTIVE
DRUG000359,Calcium + Vitamin D3,MFG_09,B2026-0018,2026-03-02,2028-08-18,MFG_09,2928506f9143575e2edd9f33a0b518109df805657897f4c5c8a7ae121b908f58,ACTIVE
DRUG000360,ORS Sachet,MFG_10,B2026-0018,2026-06-08,2027-11-30,MFG_10,884527475980ddde4d26dac31f392c85a9e3c251bc3b632c2e03dd88b62c1977,ACTIVE
DRUG000361,Paracetamol 500 mg,MFG_01,B2026-0019,2026-06-24,2028-12-10,MFG_01,5df45aaaf3932eefafd58002295fc2b89fcea7c212b0dd3372ee998d161c4c36,ACTIVE
DRUG000362,Amoxicillin 500 mg,MFG_02,B2026-0019,2026-05-22,2028-05-21,MFG_02,332b2408f1d21106c0aa77d8de73ed67434a0a1cde90a6d0b6c969022f01af3e,ACTIVE
DRUG000363,Metformin 500 mg,MFG_03,B2026-0019,2026-04-17,2027-10-09,MFG_03,deddb8baf54d9c63abd3dcf72d0e3b19a8532dfda71d63ef271aafc23d8fb801,ACTIVE
DRUG000364,Atorvastatin 10 mg,MFG_04,B2026-0019,2026-05-18,2028-05-17,MFG_04,84927eb0aeaa46efc4c90cc0c6955c4def20aa3dfa1195ab9ef21d809cf24de6,ACTIVE
DRUG000365,Amlodipine 5 mg,MFG_05,B2026-0019,2026-03-12,2028-08-28,MFG_05,e2df637f4a97baa52b9483434b7630e5b9ca7e42b5c873401762f2d48fb5e8da,ACTIVE
DRUG000366,Pantoprazole 40 mg,MFG_06,B2026-0019,2026-07-10,2028-12-26,MFG_06,2eb6b75d80e61f5571aaf3cae271d6494605e47777b8e0152f94ba45c5b89f78,ACTIVE
DRUG000367,Azithromycin 500 mg,MFG_07,B2026-0019,2026-08-11,2028-02-02,MFG_07,acc6ed577b13e525914e867ac67767b7b5e1bdb15d85d6e49cbd6990af0874be,ACTIVE
DRUG000368,Cetirizine 10 mg,MFG_08,B2026-0019,2026-01-23,2027-07-17,MFG_08,f2646eb4a7a669d3397681aea854b62e6ca4ff15e569433ea2e88edfe229afb1,ACTIVE
DRUG000369,Losartan 50 mg,MFG_09,B2026-0019,2026-07-22,2028-01-13,MFG_09,2d49872e7c6d65c2d726a4046049804802ba9fcf6e2d8ec527b6b7c3174df031,ACTIVE
DRUG000370,Cefixime 200 mg,MFG_10,B2026-0019,2026-02-19,2027-08-13,MFG_10,92676a66ce5667fd27169027f7b3447a2094a77bfc07c13757d7850228813168,ACTIVE
DRUG000371,Ibuprofen 400 mg,MFG_01,B2026-0019,2026-07-30,2029-01-15,MFG_01,db1749fc0f6e131d4fb7462ebad05f9fb24078caf2eb9464f2d7e6a78c26b264,ACTIVE
DRUG000372,Doxycycline 100 mg,MFG_02,B2026-0019,2026-06-02,2028-11-18,MFG_02,cb304c07c6bf232dc9b02bb3713653e251616bf8b4d6b7a4d416ff07ffaaf777,ACTIVE
DRUG000373,Montelukast 10 mg,MFG_03,B2026-0019,2026-01-08,2028-06-26,MFG_03,0994f5715b92e4c7373a8ed7464c24e9d0bf574fce3c03fd680d113fe3434b9a,ACTIVE
DRUG000374,Glimepiride 2 mg,MFG_04,B2026-0019,2026-03-10,2028-08-26,MFG_04,b291e807c6177fd534d6d49442f6f6de0d97bb4981806dee93bb156b4fca4d4f,ACTIVE
DRUG000375,Omeprazole 20 mg,MFG_05,B2026-0019,2026-01-03,2027-06-27,MFG_05,6429d0a1c07bf76cb346c839db4fac82c51c4395803025e0b8eaff049c92bbab,ACTIVE
DRUG000376,Clopidogrel 75 mg,MFG_06,B2026-0019,2026-03-06,2027-08-28,MFG_06,6a9d793d1739304dfb081096fb893390c083abd475dcfe59137354d430147eaa,ACTIVE
DRUG000377,Levocetirizine 5 mg,MFG_07,B2026-0019,2026-06-19,2028-06-18,MFG_07,ad606e9af6c0fe1febf21be4990a7051fe68d6b71b80a3f4f8ee26c019888b22,ACTIVE
DRUG000378,Telmisartan 40 mg,MFG_08,B2026-0019,2026-03-12,2028-03-11,MFG_08,041929ca52fb5a26894e7feed3b9483a4162c94fe4234f2cf3ca98a91fbf2225,ACTIVE
DRUG000379,Calcium + Vitamin D3,MFG_09,B2026-0019,2026-01-15,2028-07-03,MFG_09,b83d64ea6de26bd0047c6d59f652dcf020461735695dd6def7f0415f25060bf6,ACTIVE
DRUG000380,ORS Sachet,MFG_10,B2026-0019,2026-07-08,2027-07-08,MFG_10,aae772ee152119593b5b43282e8e33ec989d4366a2bfd5e2e354887d773e3551,ACTIVE
DRUG000381,Paracetamol 500 mg,MFG_01,B2026-0020,2026-05-10,2028-05-09,MFG_01,e810f5e705368a69fd3b211768b94107019008935ce3c91ec172a7a2db33bb10,ACTIVE
DRUG000382,Amoxicillin 500 mg,MFG_02,B2026-0020,2026-08-22,2028-02-13,MFG_02,05f9db1d5b3f7b70badd174310e35377c64a6b03c9ad242f2f0e03cf1cbacaf5,ACTIVE
DRUG000383,Metformin 500 mg,MFG_03,B2026-0020,2026-05-30,2028-05-29,MFG_03,7b3e63ef4b0de05ce2cca022d820422397dd876f43c6d27b352d7204aa73161b,ACTIVE
DRUG000384,Atorvastatin 10 mg,MFG_04,B2026-0020,2026-02-19,2027-02-19,MFG_04,b021585ca8e10edbbf92bcf378b448b5c2bf3bc274360dbf38d14a35cab3759f,ACTIVE
DRUG000385,Amlodipine 5 mg,MFG_05,B2026-0020,2026-05-26,2028-11-11,MFG_05,33667378a680f2fc1b8387f92b716720cee9d63c19d03202b138a8115531543d,ACTIVE
DRUG000386,Pantoprazole 40 mg,MFG_06,B2026-0020,2026-01-15,2027-01-15,MFG_06,06c6d31668190c93464a7a7e36e226560b3f8a84034a334591b26e060f9016fe,ACTIVE
DRUG000387,Azithromycin 500 mg,MFG_07,B2026-0020,2026-07-15,2027-07-15,MFG_07,0c6f94987cc2e5883295930d3779ee3ca0f1d77656b8e3d5813f98d9edf8d1a5,ACTIVE
DRUG000388,Cetirizine 10 mg,MFG_08,B2026-0020,2026-01-10,2027-07-04,MFG_08,2bd7ffd25504b3faf4c2df0d8933beadb48207f30c142379925a7da0c4adf9bc,ACTIVE
DRUG000389,Losartan 50 mg,MFG_09,B2026-0020,2026-03-05,2027-08-27,MFG_09,9bb857e0d5df610c3d0bfc54bccee3ca943b3974e8e885c7599a652707b67e09,ACTIVE
DRUG000390,Cefixime 200 mg,MFG_10,B2026-0020,2026-07-30,2027-07-30,MFG_10,5be7676fde66e51d7ff0b2a09be4bfade45eaa9a698bb625bd99a930084cd7e4,ACTIVE
DRUG000391,Ibuprofen 400 mg,MFG_01,B2026-0020,2026-06-25,2027-12-17,MFG_01,226a3d97f76a6840d94c78353f04c802a78c42338a2f4216116be4f88463da8c,ACTIVE
DRUG000392,Doxycycline 100 mg,MFG_02,B2026-0020,2026-02-27,2027-08-21,MFG_02,c8b267fef8bc343ee5c5eceaf9ebc2972c56ed96a641abed127b15d54d256771,ACTIVE
DRUG000393,Montelukast 10 mg,MFG_03,B2026-0020,2026-06-13,2028-06-12,MFG_03,9be5b89ff4f87e098e8bd4b56acd54abdd0e035e5e32def436f0a0f91c189179,ACTIVE
DRUG000394,Glimepiride 2 mg,MFG_04,B2026-0020,2026-01-30,2028-07-18,MFG_04,f5ab66aa80077c560b6455f6cee2e5876a917ceb035fbfe1bf5e422a21aef954,ACTIVE
DRUG000395,Omeprazole 20 mg,MFG_05,B2026-0020,2026-06-25,2027-06-25,MFG_05,64c32a43e18c9a256581a7f3621b5bb400e122eb159ccd98b3b996d71eda3d2f,ACTIVE
DRUG000396,Clopidogrel 75 mg,MFG_06,B2026-0020,2026-08-01,2027-08-01,MFG_06,2dcb6a1f43273873056798090ebf17b8e2bb4d22c5667d7a664d8dd1a5c7aeb4,ACTIVE
DRUG000397,Levocetirizine 5 mg,MFG_07,B2026-0020,2026-07-19,2028-07-18,MFG_07,9a307cc72413212f5e6e74d4c8aedc17fe61ef0f83b630344ddce4a4fc4acbc3,ACTIVE
DRUG000398,Telmisartan 40 mg,MFG_08,B2026-0020,2026-08-22,2028-02-13,MFG_08,3dc7a6afab0f8cbf1d9e042426ef5007e58534307e27e8d06b4fb47dc8a6e258,ACTIVE
DRUG000399,Calcium + Vitamin D3,MFG_09,B2026-0020,2026-05-07,2027-10-29,MFG_09,eea5aa2ca846f6d4085ee563658110c059b3bda95c267dbe3f2024c0c5b551d8,ACTIVE
DRUG000400,ORS Sachet,MFG_10,B2026-0020,2026-03-09,2028-08-25,MFG_10,9c6c15310c3ddcc99f2ec1d7c215ed24b332c8129742d4cb27e1c2356705e4b7,ACTIVE
DRUG000401,Paracetamol 500 mg,MFG_01,B2026-0021,2026-01-30,2027-01-30,MFG_01,4a246adfe33cbc337765d33a53bf2b439fedcede073c6078c24b13acbba0749c,ACTIVE
DRUG000402,Amoxicillin 500 mg,MFG_02,B2026-0021,2026-08-13,2027-08-13,MFG_02,2fcd6aebdf5e9a5cc367db30dabd09a22965588ae48df62aa975a22e787436ef,ACTIVE
DRUG000403,Metformin 500 mg,MFG_03,B2026-0021,2026-08-06,2029-01-22,MFG_03,580d603c8d11231591f56654108562f42523a4d06b65356481186e96fb8e1d8e,ACTIVE
DRUG000404,Atorvastatin 10 mg,MFG_04,B2026-0021,2026-07-25,2029-01-10,MFG_04,63e495468fce45de329044d5828b341209c01bcac860500753d4ce331d13f1e7,ACTIVE
DRUG000405,Amlodipine 5 mg,MFG_05,B2026-0021,2026-05-05,2027-05-05,MFG_05,8ec736813051be642dcb0775152d3bf7ec656b866374e14cecd6d98aa0069b80,ACTIVE
DRUG000406,Pantoprazole 40 mg,MFG_06,B2026-0021,2026-07-16,2028-01-07,MFG_06,e71783a11319314428bbac23c313748fdbbafa915bec534f174850e9e3895ee2,ACTIVE
DRUG000407,Azithromycin 500 mg,MFG_07,B2026-0021,2026-06-19,2028-12-05,MFG_07,74181f4692c9a2d4a8bab5890817e1f4358e7a1bc11f4eb9db4ab1b0a027e114,ACTIVE
DRUG000408,Cetirizine 10 mg,MFG_08,B2026-0021,2026-05-01,2028-10-17,MFG_08,38f9a83c1d49b0996f7be62e08100bc99081c3fb45c789ac4b0e9b6e4b27fe47,ACTIVE
DRUG000409,Losartan 50 mg,MFG_09,B2026-0021,2026-05-21,2028-11-06,MFG_09,d2a6910ae680bd4bead545835a98b8f82fc1194e73dc07be1535de908119784c,ACTIVE
DRUG000410,Cefixime 200 mg,MFG_10,B2026-0021,2026-03-22,2027-03-22,MFG_10,d9643a35615544c60b455eb91bc55cb2f12c007bb195a30d5f02f0b6ebad8246,ACTIVE
DRUG000411,Ibuprofen 400 mg,MFG_01,B2026-0021,2026-01-24,2028-01-24,MFG_01,fe328be7ee1a66626f5f25572c02a33ead3e57ab00ae6f689ce792ac6e70fbd5,ACTIVE
DRUG000412,Doxycycline 100 mg,MFG_02,B2026-0021,2026-04-27,2028-04-26,MFG_02,b2733747e5b512eaa3982835bbc0bb415b6b8724ea0207fa9d69d31034d595e6,ACTIVE
DRUG000413,Montelukast 10 mg,MFG_03,B2026-0021,2026-01-01,2028-01-01,MFG_03,b4c18c0554effbe9765510169f3c7bc00a0ca190b8d5023d9103288223bd9523,ACTIVE
DRUG000414,Glimepiride 2 mg,MFG_04,B2026-0021,2026-07-30,2029-01-15,MFG_04,533921726a536bee7d6c793c5250ab7b053cd79beaaf3a0c91a6333ab4c14b14,ACTIVE
DRUG000415,Omeprazole 20 mg,MFG_05,B2026-0021,2026-07-31,2028-01-22,MFG_05,3f1a0e4477ee8b44e5b0a5bc1ec2f2c4ae9275b5fc279c7ee08fa83f3fb6c55b,ACTIVE
DRUG000416,Clopidogrel 75 mg,MFG_06,B2026-0021,2026-05-31,2027-11-22,MFG_06,2130a6d3981e274f9acebcf4ffc53d964d0fe922239ffc5694bdecc988a32fc1,ACTIVE
DRUG000417,Levocetirizine 5 mg,MFG_07,B2026-0021,2026-08-25,2028-02-16,MFG_07,7c0d6b51559d00a2b5ae89fb756dce9c9f7d40b850d8df8074434c2a768ec5c4,ACTIVE
DRUG000418,Telmisartan 40 mg,MFG_08,B2026-0021,2026-08-14,2029-01-30,MFG_08,e0b5c08f58ae1bd703171ee6d87461e454d37119e5b6105a9f1685ebb32ca12f,ACTIVE
DRUG000419,Calcium + Vitamin D3,MFG_09,B2026-0021,2026-04-16,2028-04-15,MFG_09,35c352f3a39181e63e549ff1ec1d54cf7ce4d2fba81b6fa4be6fbaf349e78cc4,ACTIVE
DRUG000420,ORS Sachet,MFG_10,B2026-0021,2026-03-30,2027-09-21,MFG_10,944c75ff0afb587813cd36151dea79eb135274d391cca4396552579e4a56ed9e,ACTIVE
DRUG000421,Paracetamol 500 mg,MFG_01,B2026-0022,2026-05-30,2028-11-15,MFG_01,785d775f7dbd832e56cd31d11acc7bbfcd0cc5a09774fdc8355b586991f6ee12,ACTIVE
DRUG000422,Amoxicillin 500 mg,MFG_02,B2026-0022,2026-01-14,2027-01-14,MFG_02,4eb362a333707d68f8345b4dd07d3f2c7bd20955fe3566be3b361f41cc43d6cd,ACTIVE
DRUG000423,Metformin 500 mg,MFG_03,B2026-0022,2026-07-12,2027-07-12,MFG_03,abe5ceda443f2a84a9a1a830353e2aeb63e2b8abb13d7b1f766a81b861857e1b,ACTIVE
DRUG000424,Atorvastatin 10 mg,MFG_04,B2026-0022,2026-05-11,2028-05-10,MFG_04,30218896fb02e89cdfe08e1c6157934aab75be18bf0a183786200f32bc00470b,ACTIVE
DRUG000425,Amlodipine 5 mg,MFG_05,B2026-0022,2026-06-08,2028-11-24,MFG_05,6e94f212bbab621ddcd45b36bd7836fdfc63fdbba0a1e00800418cd01a82e9d2,ACTIVE
DRUG000426,Pantoprazole 40 mg,MFG_06,B2026-0022,2026-02-15,2027-02-15,MFG_06,c9b2ac11194f131561ee6c625f05ea871f03a06f5bfe819ed1e57a120925e8b2,ACTIVE
DRUG000427,Azithromycin 500 mg,MFG_07,B2026-0022,2026-02-03,2027-07-28,MFG_07,c1091135cffbd771bde6f2d0289bb8d7ec1171249f8950d7648daa4c0d3c8694,ACTIVE
DRUG000428,Cetirizine 10 mg,MFG_08,B2026-0022,2026-01-14,2028-01-14,MFG_08,bbd0025f4cd2b58e12fcb47e0e81bc45a0ee70722f8d49f08aed445d28288d40,ACTIVE
DRUG000429,Losartan 50 mg,MFG_09,B2026-0022,2026-01-18,2027-07-12,MFG_09,135f055c62369e8fd978f67db242c064ddda08dbe7788ad1a0e8b2b37f27d7c0,ACTIVE
DRUG000430,Cefixime 200 mg,MFG_10,B2026-0022,2026-03-26,2028-03-25,MFG_10,5384f64a409a9b766c8fe0ba9f7ee3720944b246344ef1ac9b3bf8f6aed57d23,ACTIVE
DRUG000431,Ibuprofen 400 mg,MFG_01,B2026-0022,2026-03-30,2028-09-15,MFG_01,25fa5253e9411691727f9fb11a2caa5285bfc752b36133a38c716ade971c3d3f,ACTIVE
DRUG000432,Doxycycline 100 mg,MFG_02,B2026-0022,2026-07-23,2027-07-23,MFG_02,436a3f244ed8a5ded0160540c1deb3461abef292e37cbb29d970a7ead303663b,ACTIVE
DRUG000433,Montelukast 10 mg,MFG_03,B2026-0022,2026-07-25,2029-01-10,MFG_03,a3bb191a67c6f7146ebaacd3fd8adfe77a8e0bc120361b98bda9fec1d6968285,ACTIVE
DRUG000434,Glimepiride 2 mg,MFG_04,B2026-0022,2026-07-17,2027-07-17,MFG_04,2a90b76ed1fbef751680e4d285a357e4d95197a7122c4f893096b18b507bdeb6,ACTIVE
DRUG000435,Omeprazole 20 mg,MFG_05,B2026-0022,2026-08-01,2029-01-17,MFG_05,deab991f58c78b94e995c17877ab9684487281c55c07d1af4abd9d2fa185eebe,ACTIVE
DRUG000436,Clopidogrel 75 mg,MFG_06,B2026-0022,2026-07-23,2028-07-22,MFG_06,2a5dd688f0d922fb3467e40ee1fc76a4d9e0f59910e021ee624ba62019a7affb,ACTIVE
DRUG000437,Levocetirizine 5 mg,MFG_07,B2026-0022,2026-04-14,2028-09-30,MFG_07,fcbc4cba3cd300b8342bb0bc718dbd98d7071c53b9746bc645bbcdbc711d1472,ACTIVE
DRUG000438,Telmisartan 40 mg,MFG_08,B2026-0022,2026-07-10,2027-07-10,MFG_08,b75589ec914541ef3a9be22b0ce9d2afa6db9b6ec9d4f964749f6a5ca719d241,ACTIVE
DRUG000439,Calcium + Vitamin D3,MFG_09,B2026-0022,2026-07-15,2028-12-31,MFG_09,47a05fa331c223bee3a4773f0f1bf59ef35758c303f37cd9d825b1351b2dbba3,ACTIVE
DRUG000440,ORS Sachet,MFG_10,B2026-0022,2026-04-11,2028-04-10,MFG_10,ff8aa1935a796eeab02d24f48521044bab7b8ca134d4aa90a4378cfdef3fbc35,ACTIVE
DRUG000441,Paracetamol 500 mg,MFG_01,B2026-0023,2026-01-11,2027-01-11,MFG_01,be2e9183a7405de399a7d1c5c986bd8c6d4b3627e80dce35f961f34e7344e3de,ACTIVE
DRUG000442,Amoxicillin 500 mg,MFG_02,B2026-0023,2026-04-16,2027-10-08,MFG_02,fd1b7d6ed5b42ec8ef4cf3e1359caf12123e6c72584d12d9587c3fdfb3701a10,ACTIVE
DRUG000443,Metformin 500 mg,MFG_03,B2026-0023,2026-05-26,2027-05-26,MFG_03,204aaba264d0d3a8e7fea26919cbc681bcbff939e03e4b8c7bf136ef9dd3f168,ACTIVE
DRUG000444,Atorvastatin 10 mg,MFG_04,B2026-0023,2026-02-20,2028-08-08,MFG_04,c7223e6101b2fb1933f9c1ea1700364286a10b4ba1ba7c655e15f538641c8433,ACTIVE
DRUG000445,Amlodipine 5 mg,MFG_05,B2026-0023,2026-02-19,2028-02-19,MFG_05,b6fe05f6dcc45b763a52634a9c6b368fcbbca90d79031ec612e0272eb452aaab,ACTIVE
DRUG000446,Pantoprazole 40 mg,MFG_06,B2026-0023,2026-07-26,2028-07-25,MFG_06,24eb675939a042583cdc997a013c2fa3aa9250fb93cbf60d1ca37990b021b6ce,ACTIVE
DRUG000447,Azithromycin 500 mg,MFG_07,B2026-0023,2026-04-03,2027-09-25,MFG_07,4a78bb9d5c4154e3a0eaf8ab544688240c1c99b63f029749bb28e403eb6ddd83,ACTIVE
DRUG000448,Cetirizine 10 mg,MFG_08,B2026-0023,2026-06-15,2027-06-15,MFG_08,9c55d3981f9a8f9fa0c7642a8a30c2136e850138c805e35ae72eae4cc566c8bc,ACTIVE
DRUG000449,Losartan 50 mg,MFG_09,B2026-0023,2026-05-10,2027-05-10,MFG_09,97222dcfcd220c330e2efa99d9c0b7deda5c3905a9faeac9907707cfe96fda73,ACTIVE
DRUG000450,Cefixime 200 mg,MFG_10,B2026-0023,2026-05-20,2028-11-05,MFG_10,f6ad92e4b206f080749743cf51e220e69f0ed71ba9940eab2d1f995d50654986,ACTIVE
DRUG000451,Ibuprofen 400 mg,MFG_01,B2026-0023,2026-01-24,2028-07-12,MFG_01,b18c611615e4dcd205506b347dc4b1ac5f9f55a7024192861a733ff5bfcc7857,ACTIVE
DRUG000452,Doxycycline 100 mg,MFG_02,B2026-0023,2026-04-25,2027-10-17,MFG_02,477ce97be9cec59a865c8a0300b95bd36d38af4a081e2d01bbedfab47ba8a735,ACTIVE
DRUG000453,Montelukast 10 mg,MFG_03,B2026-0023,2026-05-05,2027-10-27,MFG_03,6108d9afc20c2ea27b3f1b3c6bb59df6457d83c53459a30eeeeeab42625f710e,ACTIVE
DRUG000454,Glimepiride 2 mg,MFG_04,B2026-0023,2026-05-01,2028-10-17,MFG_04,aff9c632854670bbde3f964eb23dc69adb3190c4b3222bc72b9de6aaa4ea1dd6,ACTIVE
DRUG000455,Omeprazole 20 mg,MFG_05,B2026-0023,2026-05-20,2027-11-11,MFG_05,2880935cd24ff3a96827e0af9949654ee322bab6a08976f512f564e193c46262,ACTIVE
DRUG000456,Clopidogrel 75 mg,MFG_06,B2026-0023,2026-04-14,2028-04-13,MFG_06,9512ed053bc7e2297cd74a8e6a058e722ef99c315e44e544d669efc1282f879d,ACTIVE
DRUG000457,Levocetirizine 5 mg,MFG_07,B2026-0023,2026-02-28,2027-02-28,MFG_07,7626e8c365998d5bb76922890044806929a9f52c945cec13df13fd19b7072469,ACTIVE
DRUG000458,Telmisartan 40 mg,MFG_08,B2026-0023,2026-02-28,2028-08-16,MFG_08,1e6b912d13e7b0e30fc116a8a4f522d7d84c85fe37165b38bdc05f404761b0ef,ACTIVE
DRUG000459,Calcium + Vitamin D3,MFG_09,B2026-0023,2026-08-02,2029-01-18,MFG_09,8981587ac4ed8c2e6a2376554dab5184a5a72ecae0e29fb2565e88c84083d66d,ACTIVE
DRUG000460,ORS Sachet,MFG_10,B2026-0023,2026-01-11,2027-07-05,MFG_10,46e522659031b81b03fb4ccf8a2b09883a0d11d16c34969c4997705eeb657bd4,ACTIVE
DRUG000461,Paracetamol 500 mg,MFG_01,B2026-0024,2026-01-05,2028-01-05,MFG_01,775968bfb173e685ff7a00ac3f7bbea057cb1038e19c3ca970865b3f68f2d2f5,ACTIVE
DRUG000462,Amoxicillin 500 mg,MFG_02,B2026-0024,2026-02-06,2027-07-31,MFG_02,991b4e4827410f1320d6506f99c5818a0b3508e4e6579d4f5fec18325439ed42,ACTIVE
DRUG000463,Metformin 500 mg,MFG_03,B2026-0024,2026-04-07,2028-09-23,MFG_03,d504f8bb2209f3554fdc8d3f80141ebbdb9f55158972ef1bb5966f29cb1cefc8,ACTIVE
DRUG000464,Atorvastatin 10 mg,MFG_04,B2026-0024,2026-01-25,2027-07-19,MFG_04,b6e61ad8bc2505a2dccad8a6e6e86d3e7238aeb8e5c623b48751c9b6ec9cd11f,ACTIVE
DRUG000465,Amlodipine 5 mg,MFG_05,B2026-0024,2026-06-18,2027-12-10,MFG_05,bc05515e7d08155c1c2fa81488053f957ceaf56b95395539550fc38fdc52571e,ACTIVE
DRUG000466,Pantoprazole 40 mg,MFG_06,B2026-0024,2026-05-16,2028-11-01,MFG_06,ee4ceb30355d557b67c9527c16d9d8b3ed4019c7c1e4a135e9533683bb6c1f5d,ACTIVE
DRUG000467,Azithromycin 500 mg,MFG_07,B2026-0024,2026-05-03,2027-10-25,MFG_07,260392bedbefecfaef95da3e5332496d85555c06c62a4a3a381141ba6417da0e,ACTIVE
DRUG000468,Cetirizine 10 mg,MFG_08,B2026-0024,2026-07-10,2027-07-10,MFG_08,5e839f067210de03d01a5e6703856cf502a46af661cb933f451b8043b16c3ec5,ACTIVE
DRUG000469,Losartan 50 mg,MFG_09,B2026-0024,2026-04-03,2027-04-03,MFG_09,a09cbc2acee84c73e2e70823c66054ff3d7f44cd08595984f8aa18b488cf7b79,ACTIVE
DRUG000470,Cefixime 200 mg,MFG_10,B2026-0024,2026-04-04,2028-04-03,MFG_10,7cd2688b9818417549fba7faa50fbc819063fdb8b63aa2aa344a1f34923e9f7d,ACTIVE
DRUG000471,Ibuprofen 400 mg,MFG_01,B2026-0024,2026-05-04,2028-05-03,MFG_01,593c9c3e3758c66e07513529d97b95fd459004f75e2c5e0813242c0408192437,ACTIVE
DRUG000472,Doxycycline 100 mg,MFG_02,B2026-0024,2026-07-20,2028-01-11,MFG_02,cb5a68fd51ed8c435a04616e569c86dc77650d4e062bb241b4292a14820c63d9,ACTIVE
DRUG000473,Montelukast 10 mg,MFG_03,B2026-0024,2026-06-12,2027-06-12,MFG_03,d75c04392bc387f324d0218ce18807f3a2fb19a1a4d6be7bfe9224d745ff107d,ACTIVE
DRUG000474,Glimepiride 2 mg,MFG_04,B2026-0024,2026-04-05,2027-04-05,MFG_04,793f6432db1e6675ea3778d7d9d29ae22f415a1899f5ea6461998736d90cb8fa,ACTIVE
DRUG000475,Omeprazole 20 mg,MFG_05,B2026-0024,2026-06-02,2027-06-02,MFG_05,37a09f0b10495dd26b9814952e81e0d9af823645e94188b4375b1be9e029fbcc,ACTIVE
DRUG000476,Clopidogrel 75 mg,MFG_06,B2026-0024,2026-01-09,2027-07-03,MFG_06,3004a8f318b3c1967db7d987b8d8322380fe318eab0322152a563e4f0774391a,ACTIVE
DRUG000477,Levocetirizine 5 mg,MFG_07,B2026-0024,2026-03-12,2028-08-28,MFG_07,533892063a87ddf2fa319b3f779a6a533505ef0630ece47701cb3096ca90e54c,ACTIVE
DRUG000478,Telmisartan 40 mg,MFG_08,B2026-0024,2026-03-14,2028-03-13,MFG_08,dabb5bf61028216a1fce33ac69f8fb85b0f1d76127abcff80149129d00dc7115,ACTIVE
DRUG000479,Calcium + Vitamin D3,MFG_09,B2026-0024,2026-03-08,2027-08-30,MFG_09,ce9ed67cdb0820f584dd9e2852c462fdb77272dd50839280fa61462e0ad8b8f5,ACTIVE
DRUG000480,ORS Sachet,MFG_10,B2026-0024,2026-05-12,2028-05-11,MFG_10,0fd32cac9db1400f3febf16ec8d54fa1cc382616ba256af4b20d4ed23b0c417c,ACTIVE
DRUG000481,Paracetamol 500 mg,MFG_01,B2026-0025,2026-03-28,2028-09-13,MFG_01,982fd82dbb1a3036ebd64f70cdcad6cffaad2980f9c3e739ff5cb01e007318e3,ACTIVE
DRUG000482,Amoxicillin 500 mg,MFG_02,B2026-0025,2026-02-26,2027-08-20,MFG_02,f318898849e29dbe998f9cb76c06184579cbdac52981112682ddd223d477babd,ACTIVE
DRUG000483,Metformin 500 mg,MFG_03,B2026-0025,2026-01-24,2028-07-12,MFG_03,5b94fcfbd68402e2fd3ef12f6ae5286bae49b15b42bf7975e9882df8faef8387,ACTIVE
DRUG000484,Atorvastatin 10 mg,MFG_04,B2026-0025,2026-05-27,2028-05-26,MFG_04,93e59674ba9e16c4b41ad383afd177b24a1247def4738f4ae818dd22e07327a3,ACTIVE
DRUG000485,Amlodipine 5 mg,MFG_05,B2026-0025,2026-02-28,2027-08-22,MFG_05,ea49a323b6fcb9707a3a3c60b95586cf1b9e08c3ec3c1c7ab8e3afe79207e61d,ACTIVE
DRUG000486,Pantoprazole 40 mg,MFG_06,B2026-0025,2026-05-07,2027-05-07,MFG_06,3d27facdb8b3ff9bfcc15371a959193127e52b677a766d035553539b3ebe3eab,ACTIVE
DRUG000487,Azithromycin 500 mg,MFG_07,B2026-0025,2026-02-16,2028-02-16,MFG_07,724302856c7a710a599053b348cba9cb6711dca11489801a1112a2d2e474ee6e,ACTIVE
DRUG000488,Cetirizine 10 mg,MFG_08,B2026-0025,2026-01-09,2028-01-09,MFG_08,f8f4eda0229d1e1d425dae2f2d03fbc6271e3fd980a969d42c6528cfa02d2cb3,ACTIVE
DRUG000489,Losartan 50 mg,MFG_09,B2026-0025,2026-02-23,2028-08-11,MFG_09,28c0e98f4f86e8e2078f49954d162792a0d9a910e221b7f5bb2fe25ca8fed527,ACTIVE
DRUG000490,Cefixime 200 mg,MFG_10,B2026-0025,2026-03-10,2028-08-26,MFG_10,69aa8b932d9842c4c0589b9e65d6418a77561d67b1264a03efdec8d56f17ae95,ACTIVE
DRUG000491,Ibuprofen 400 mg,MFG_01,B2026-0025,2026-08-07,2029-01-23,MFG_01,054f1a50da0b6ba694a017164caad57e851b195363a49cf611dd1d9fa475e16d,ACTIVE
DRUG000492,Doxycycline 100 mg,MFG_02,B2026-0025,2026-03-11,2027-09-02,MFG_02,46b34184e455c7bc40a5f6c8b4690f88a5fa8bb8bfd6404f19b2306e692bb0a5,ACTIVE
DRUG000493,Montelukast 10 mg,MFG_03,B2026-0025,2026-05-08,2027-10-30,MFG_03,a3eee94dfb950845d317c11360a62609245962c1c283281eb3f3e614ce8b321a,ACTIVE
DRUG000494,Glimepiride 2 mg,MFG_04,B2026-0025,2026-04-12,2027-04-12,MFG_04,2a315e880c1e0aeddad6d70752828904467d3710b644e300ca4934970cf5a272,ACTIVE
DRUG000495,Omeprazole 20 mg,MFG_05,B2026-0025,2026-03-27,2028-03-26,MFG_05,9c11183cdfb1bbdd37e0037aff3cef957a3991400e58ee37c2d987adb3941d4d,ACTIVE
DRUG000496,Clopidogrel 75 mg,MFG_06,B2026-0025,2026-08-11,2028-02-02,MFG_06,9183df3a987909d866da6416ea46e13618dc182a62f43b347e1f48a7a98a293d,ACTIVE
DRUG000497,Levocetirizine 5 mg,MFG_07,B2026-0025,2026-06-22,2028-12-08,MFG_07,657a8b57cb4761178a84b04918e207ddb303b7118a09e7b42131cfdb78e1b4d3,ACTIVE
DRUG000498,Telmisartan 40 mg,MFG_08,B2026-0025,2026-07-26,2028-07-25,MFG_08,dd5f31b450873ee49b3c1e5c253435d2a724888a9842c07269fefbbac5c358d5,ACTIVE
DRUG000499,Calcium + Vitamin D3,MFG_09,B2026-0025,2026-03-23,2028-03-22,MFG_09,450ccea55764f226daa2f54ea8817d1b67c6f093001b6d4f0483f199d6dd940c,ACTIVE
DRUG000500,ORS Sachet,MFG_10,B2026-0025,2026-04-26,2028-10-12,MFG_10,40b8760b5d57f93b828fdb73625c869f245ca89f312b3918fd742a3d99cc8ebd,ACTIVE
DRUG000501,Paracetamol 500 mg,MFG_01,B2026-0026,2026-04-12,2027-04-12,MFG_01,347fadd19f98fa4538d257c31ee3ce6da66f53b8d10ab3e0d9124289a3101de1,ACTIVE
DRUG000502,Amoxicillin 500 mg,MFG_02,B2026-0026,2026-01-22,2027-01-22,MFG_02,b34442fbc73ca37f7bb5dda9a022bec902cf34578a7a1a808a5bb34bde6da262,ACTIVE
DRUG000503,Metformin 500 mg,MFG_03,B2026-0026,2026-06-10,2027-12-02,MFG_03,5be6dccd2b1cc7d4fe1d6f3dfeab0091ca4a68b6198537c438d95f051e4901dc,ACTIVE
DRUG000504,Atorvastatin 10 mg,MFG_04,B2026-0026,2026-08-11,2028-08-10,MFG_04,1d102e140390df5999a67f2df2ffbecda037fcf67db5979468ba1df3c4405c36,ACTIVE
DRUG000505,Amlodipine 5 mg,MFG_05,B2026-0026,2026-07-11,2028-12-27,MFG_05,98b33fa97672db177fd1b9416d4b506a7084b9b7c814f6ffe02713b84abd62dc,ACTIVE
DRUG000506,Pantoprazole 40 mg,MFG_06,B2026-0026,2026-03-20,2028-03-19,MFG_06,f72d9c6241c1fa2421557a363a1e80c174d6746f5ec041730ce8272758853a2f,ACTIVE
DRUG000507,Azithromycin 500 mg,MFG_07,B2026-0026,2026-05-01,2027-05-01,MFG_07,90dea3ee52425a6f67215a2cd10eca3933b5e2f17822be6e47259b78adf9dd6f,ACTIVE
DRUG000508,Cetirizine 10 mg,MFG_08,B2026-0026,2026-04-06,2027-09-28,MFG_08,c2de1c66c187476e230af35e192c4464f0f0df43b5228dab66ffc345234a7056,ACTIVE
DRUG000509,Losartan 50 mg,MFG_09,B2026-0026,2026-03-09,2027-03-09,MFG_09,d93f1ae9205a5832e32503b4d2da0da30d61c96c9fdd5d95bbd4062e58e63b62,ACTIVE
DRUG000510,Cefixime 200 mg,MFG_10,B2026-0026,2026-05-17,2028-05-16,MFG_10,437b36c58920fdae7d567b8c2f0c6d97f1b7d64f6cdd012dae2c997028b4a49a,ACTIVE
DRUG000511,Ibuprofen 400 mg,MFG_01,B2026-0026,2026-03-11,2028-08-27,MFG_01,cf7c5f5be3c75caf1faf6172b3f69d4ca6270459c8c7ec62ffed00233f4c1bb4,ACTIVE
DRUG000512,Doxycycline 100 mg,MFG_02,B2026-0026,2026-03-10,2027-09-01,MFG_02,83ae171cd4560fdd05c908b6def78639c7d29dbd8bf4bc2fe0942495dfeb808e,ACTIVE
DRUG000513,Montelukast 10 mg,MFG_03,B2026-0026,2026-03-21,2028-09-06,MFG_03,002de833faccf6040633e2a2806359434271283118c65f0ca8a7569d5990524a,ACTIVE
DRUG000514,Glimepiride 2 mg,MFG_04,B2026-0026,2026-05-20,2028-11-05,MFG_04,2530f39cb926c5c425a445298a330f284bd82dcbb01996bb4dc3592f3c05fcd8,ACTIVE
DRUG000515,Omeprazole 20 mg,MFG_05,B2026-0026,2026-04-24,2027-10-16,MFG_05,4a1a978d9fffeed49d7a10f1dc1c56cca86dc79b2149b02de4e250a6a03b17fa,ACTIVE
DRUG000516,Clopidogrel 75 mg,MFG_06,B2026-0026,2026-06-24,2028-06-23,MFG_06,47e154eca6e6cb6f140ee62c98a0d9e7740cf6514d9a0deb3f1386c1904d0146,ACTIVE
DRUG000517,Levocetirizine 5 mg,MFG_07,B2026-0026,2026-06-13,2028-06-12,MFG_07,fe8ee724c66ff24169213e082ce505f3128746d4542119bb9765f5e825e750f9,ACTIVE
DRUG000518,Telmisartan 40 mg,MFG_08,B2026-0026,2026-02-12,2028-02-12,MFG_08,90d4a802ff643d1482d40b91f6858d112369157b23d0419b89686e7cae5aea8b,ACTIVE
DRUG000519,Calcium + Vitamin D3,MFG_09,B2026-0026,2026-06-02,2027-11-24,MFG_09,8290a2673f8f958f4ebfa65136bc32d580f938d8caf882b0c7aa6c205e96061c,ACTIVE
DRUG000520,ORS Sachet,MFG_10,B2026-0026,2026-07-14,2027-07-14,MFG_10,626c452620b71e6b59393ded9cca410b50993a82719cafdc6905be0a8824721f,ACTIVE
DRUG000521,Paracetamol 500 mg,MFG_01,B2026-0027,2026-05-23,2028-05-22,MFG_01,8fffbcb231134d91a3df4105162f42edfd7570979fb5c727720e43cdc5e712a8,ACTIVE
DRUG000522,Amoxicillin 500 mg,MFG_02,B2026-0027,2026-01-11,2028-06-29,MFG_02,ba2a4fbc7930d06921a47ec2a9e0d73ced8febab60c9cca0328e32f61f610151,ACTIVE
DRUG000523,Metformin 500 mg,MFG_03,B2026-0027,2026-03-24,2028-09-09,MFG_03,f7771cacf193bacf37b08c581041f7f445bc7e011bc759a69601563987743158,ACTIVE
DRUG000524,Atorvastatin 10 mg,MFG_04,B2026-0027,2026-03-09,2028-03-08,MFG_04,3fdb65f81254463499d6a4e73aa35fdb71c5fca0b2d9953ee46d6df53b36d969,ACTIVE
DRUG000525,Amlodipine 5 mg,MFG_05,B2026-0027,2026-04-04,2027-09-26,MFG_05,1542e08f5cbd96cc41478bef823aa4254712473350b439d8f9b858840ca4f3c8,ACTIVE
DRUG000526,Pantoprazole 40 mg,MFG_06,B2026-0027,2026-06-06,2028-06-05,MFG_06,38532e292c48fb046bf2af49b44ceaa683d3f9d8c5a5c9743c4a5f57ba6618dc,ACTIVE
DRUG000527,Azithromycin 500 mg,MFG_07,B2026-0027,2026-08-29,2028-02-20,MFG_07,403d023085f94d191d422fa574144c141c63c9d8fbe997576e86cb9616105f47,ACTIVE
DRUG000528,Cetirizine 10 mg,MFG_08,B2026-0027,2026-08-03,2029-01-19,MFG_08,7a6a7c6e3bf558251a92e6305c605381d538b7694c97433f567da0dc746fe83c,ACTIVE
DRUG000529,Losartan 50 mg,MFG_09,B2026-0027,2026-07-03,2027-07-03,MFG_09,18c48b0809b2916056489f2fdc0fb7b94d810e7b473c48e2fb8b08c6e66bfe04,ACTIVE
DRUG000530,Cefixime 200 mg,MFG_10,B2026-0027,2026-07-10,2028-12-26,MFG_10,36b0bebf034cec0b990ec8de7b50745a6db1de4f1d9169df4e6972889810ff94,ACTIVE
DRUG000531,Ibuprofen 400 mg,MFG_01,B2026-0027,2026-02-25,2027-02-25,MFG_01,1ffe56f20429f58f0ccd8a02a8e5aaed2861719f76d9b66f43f4e74e230ef121,ACTIVE
DRUG000532,Doxycycline 100 mg,MFG_02,B2026-0027,2026-02-15,2028-08-03,MFG_02,b72530cd924d59b4567ecb6e60f7f1a8f10f6dedfa6ff60eb6ef2669119c28b8,ACTIVE
DRUG000533,Montelukast 10 mg,MFG_03,B2026-0027,2026-02-16,2028-08-04,MFG_03,75875391dbfe8d47bc1ef6079eeac7b76979de185645f460b0a845c14f546625,ACTIVE
DRUG000534,Glimepiride 2 mg,MFG_04,B2026-0027,2026-03-25,2028-03-24,MFG_04,f5a12955725545e87cfc3e9cd573fa068d1a3a2993cec4406b982ce35b28c500,ACTIVE
DRUG000535,Omeprazole 20 mg,MFG_05,B2026-0027,2026-05-21,2028-05-20,MFG_05,53e08c7b2a918aaa95b8a204f3c567fab5b17e6b93f10e6fa1042afade2b5300,ACTIVE
DRUG000536,Clopidogrel 75 mg,MFG_06,B2026-0027,2026-02-04,2028-02-04,MFG_06,308df7112549b980b3f8ee76dc3baa02542723a75c7031495e19ed2273daf212,ACTIVE
DRUG000537,Levocetirizine 5 mg,MFG_07,B2026-0027,2026-05-23,2027-11-14,MFG_07,bc27696d46a8c0083dd7b76d190bb11d1c96a84ad706f747f124e5bef912a74b,ACTIVE
DRUG000538,Telmisartan 40 mg,MFG_08,B2026-0027,2026-03-01,2028-02-29,MFG_08,8565bb6825328dc47613953866be2e0625d9935d88b122ede3d60ed7caf1e8fb,ACTIVE
DRUG000539,Calcium + Vitamin D3,MFG_09,B2026-0027,2026-05-04,2027-10-26,MFG_09,ef5797a74e623549784d5b4bbd9116627b16ac4bc44b513588233808e31df9a3,ACTIVE
DRUG000540,ORS Sachet,MFG_10,B2026-0027,2026-07-19,2027-07-19,MFG_10,ade247256e36487dbcbb1128c20f0e368d9e360fc97d7d83ca89a1b224a4fff3,ACTIVE
DRUG000541,Paracetamol 500 mg,MFG_01,B2026-0028,2026-07-19,2029-01-04,MFG_01,3f672355c284d3e045ccf6cb6f23f7f4b2c2f6929e59dccf296184cfbaf2d2fb,ACTIVE
DRUG000542,Amoxicillin 500 mg,MFG_02,B2026-0028,2026-06-28,2027-12-20,MFG_02,ec5dae387bbff5959d1d8dc7a1e322808b64c4b7b7b953f44877977148d3e8c6,ACTIVE
DRUG000543,Metformin 500 mg,MFG_03,B2026-0028,2026-01-24,2027-07-18,MFG_03,22bae078d7ea5e14252d90afaaca348c024d4afeb5d98cce476872eca33619b5,ACTIVE
DRUG000544,Atorvastatin 10 mg,MFG_04,B2026-0028,2026-01-13,2028-07-01,MFG_04,736a9a030e93f93f516a2fec065dca56ed8691c51f092f46d6eae0acccf8c21b,ACTIVE
DRUG000545,Amlodipine 5 mg,MFG_05,B2026-0028,2026-02-20,2028-08-08,MFG_05,da8a61451345d96a18de78a0801317eb9121c57feeb2413e5c4dfc15e7c9016e,ACTIVE
DRUG000546,Pantoprazole 40 mg,MFG_06,B2026-0028,2026-07-18,2029-01-03,MFG_06,ba646a29cfa23453e4eea49ebc7c9a5acb03a83aa8a7b829fa4b63dccf828422,ACTIVE
DRUG000547,Azithromycin 500 mg,MFG_07,B2026-0028,2026-03-30,2027-03-30,MFG_07,271fb8b5fefb3eb209ee865df0ec3a0c371e9ad1c0c32d218ed96105daad8a9e,ACTIVE
DRUG000548,Cetirizine 10 mg,MFG_08,B2026-0028,2026-07-29,2028-01-20,MFG_08,02f682e4634038aeebd570f71706a52e0fe2b76fc9325f24c5828f040ee0d05a,ACTIVE
DRUG000549,Losartan 50 mg,MFG_09,B2026-0028,2026-08-26,2028-02-17,MFG_09,c7f5be81e9e2b6cc6490f27f991782b6e6aea2cde0ac8a240764a21bc73e36ee,ACTIVE
DRUG000550,Cefixime 200 mg,MFG_10,B2026-0028,2026-02-23,2027-08-17,MFG_10,080b709b4ba3493764d64c46add9bac8e359364030233f577b66a4d94eb01b31,ACTIVE
DRUG000551,Ibuprofen 400 mg,MFG_01,B2026-0028,2026-06-28,2027-06-28,MFG_01,80d2d837aa41859b917a92f9d2eed3b6c9a349626e13a03b97a09f617197d63a,ACTIVE
DRUG000552,Doxycycline 100 mg,MFG_02,B2026-0028,2026-07-22,2028-07-21,MFG_02,e2137f0ea90640e2c6cf515b509fc7adfebe35cacf31199d8bcacc6de69bfa14,ACTIVE
DRUG000553,Montelukast 10 mg,MFG_03,B2026-0028,2026-08-22,2028-08-21,MFG_03,bb488df449f7c2fc5c80c1a534760d85e81418d7b9687a0e517c84735b88a9bd,ACTIVE
DRUG000554,Glimepiride 2 mg,MFG_04,B2026-0028,2026-03-22,2028-09-07,MFG_04,a5e0b81a5f535151a1b6bfabb000eaab00b4597fb1b5617d40f48cd1929f2cd7,ACTIVE
DRUG000555,Omeprazole 20 mg,MFG_05,B2026-0028,2026-03-05,2028-03-04,MFG_05,5e5ff5769725993f84bdc96322fcae6345ffdfb7a899af6d6c776f93c909d578,ACTIVE
DRUG000556,Clopidogrel 75 mg,MFG_06,B2026-0028,2026-03-19,2027-09-10,MFG_06,18533bb30802dc5741b452438420669fe26d52738aa9a732afe34d43299bf663,ACTIVE
DRUG000557,Levocetirizine 5 mg,MFG_07,B2026-0028,2026-02-27,2027-08-21,MFG_07,f49761d9cc43e94abd0f09c0f6a1f4e5c4c716adf4ff6b84fbe705b9e31de543,ACTIVE
DRUG000558,Telmisartan 40 mg,MFG_08,B2026-0028,2026-02-28,2028-08-16,MFG_08,c5e611e809d0cd76140a7a03ff5e478686d142a362de5cf36911a4a2d97087fd,ACTIVE
DRUG000559,Calcium + Vitamin D3,MFG_09,B2026-0028,2026-02-22,2027-08-16,MFG_09,e8a30735e1b04a2bfd0599452eef9b687c7843db86bd5ad2511db1e06ca6fa2a,ACTIVE
DRUG000560,ORS Sachet,MFG_10,B2026-0028,2026-08-21,2028-02-12,MFG_10,3e85663fa77650a030721df0123ea28d71741cb6e5e8651a62ffe4c5fff42cc0,ACTIVE
DRUG000561,Paracetamol 500 mg,MFG_01,B2026-0029,2026-08-03,2028-01-25,MFG_01,89faeb54d324446e435a830aba17c504b05e73d2b566f5d937d321a8cfe65a32,ACTIVE
DRUG000562,Amoxicillin 500 mg,MFG_02,B2026-0029,2026-02-18,2027-02-18,MFG_02,7847c30a8e7cdee2660e4bc5627a8dab064ff893f7a8ed7e03dca31c74b8d9f8,ACTIVE
DRUG000563,Metformin 500 mg,MFG_03,B2026-0029,2026-03-01,2027-08-23,MFG_03,91d24a19222d79d1f351d7e2fb7cedc2181a1ebe9fa93585e52ca2ada5023394,ACTIVE
DRUG000564,Atorvastatin 10 mg,MFG_04,B2026-0029,2026-06-16,2028-06-15,MFG_04,d02103b132eaf912a1e1c5521237706b91169c84f344e7103b25838a8dbb6665,ACTIVE
DRUG000565,Amlodipine 5 mg,MFG_05,B2026-0029,2026-07-15,2027-07-15,MFG_05,a3b631edc5e8012b3e1991c0b33b82cf68d8b4f312e7c9923155f89e1be749be,ACTIVE
DRUG000566,Pantoprazole 40 mg,MFG_06,B2026-0029,2026-06-07,2028-11-23,MFG_06,9ccbe2581373e08e7fff59e40baff5d38f21a3411779af6954e40b38e890871e,ACTIVE
DRUG000567,Azithromycin 500 mg,MFG_07,B2026-0029,2026-06-06,2027-06-06,MFG_07,b15d12fc005d7a7059767ceef91cc1da7e4f717618853af98d1abd0cab64e3cf,ACTIVE
DRUG000568,Cetirizine 10 mg,MFG_08,B2026-0029,2026-01-11,2028-06-29,MFG_08,362c85d860ffb123dd6fa1fe10c2d4bb001fb0eb4f286a83c33340d33a1f13a3,ACTIVE
DRUG000569,Losartan 50 mg,MFG_09,B2026-0029,2026-02-12,2028-07-31,MFG_09,09dba0630eaba9c3500f69b48ea0c0732a3fa7f987ca94caf2763af45513f123,ACTIVE
DRUG000570,Cefixime 200 mg,MFG_10,B2026-0029,2026-05-09,2027-05-09,MFG_10,0b458d82871851ff391c897c8541ef2c1fa46ebd4fbbeb88cee9cc11bbd2f4e1,ACTIVE
DRUG000571,Ibuprofen 400 mg,MFG_01,B2026-0029,2026-04-27,2027-10-19,MFG_01,6c04c7240121c815464751f8791aa7a61e5bae9b1a01862e50d5e464687f93ca,ACTIVE
DRUG000572,Doxycycline 100 mg,MFG_02,B2026-0029,2026-04-03,2027-04-03,MFG_02,25712bd150c204c16ed1d00d14b8f74488a97e7e1a34ca120ac3b913275e868d,ACTIVE
DRUG000573,Montelukast 10 mg,MFG_03,B2026-0029,2026-02-13,2028-02-13,MFG_03,b291870ccf6fd6d7683e8f416b3b22f4f8b1f48c3135cbf6a022aa20798bcc05,ACTIVE
DRUG000574,Glimepiride 2 mg,MFG_04,B2026-0029,2026-03-21,2028-09-06,MFG_04,c4111fb9de92a934c8dd924276df80b0e0d9355e8e6c1c473a9c10b4bbb11f30,ACTIVE
DRUG000575,Omeprazole 20 mg,MFG_05,B2026-0029,2026-04-28,2028-10-14,MFG_05,002edb595f36dac96b77750bd427a863c7a0a08534d32fbd75b79e268dd288e4,ACTIVE
DRUG000576,Clopidogrel 75 mg,MFG_06,B2026-0029,2026-04-27,2028-10-13,MFG_06,9e1083d66598fc5926618a03206c06704b3ecacb93c6042be85d386892cd1816,ACTIVE
DRUG000577,Levocetirizine 5 mg,MFG_07,B2026-0029,2026-06-10,2027-12-02,MFG_07,7b529e93e21ffe58791b33410049beae3ae3813f67fe846c380a1f469f4f4748,ACTIVE
DRUG000578,Telmisartan 40 mg,MFG_08,B2026-0029,2026-08-03,2028-08-02,MFG_08,58e6a20c50aa50d45fddef2724e16c428a2ae43c572b047723ece1fed77c3ed8,ACTIVE
DRUG000579,Calcium + Vitamin D3,MFG_09,B2026-0029,2026-06-27,2027-12-19,MFG_09,aee76bf3a3fc30d5e0f7055e7519a05746ce40d221fc8f1181424630ad4e4f2c,ACTIVE
DRUG000580,ORS Sachet,MFG_10,B2026-0029,2026-08-18,2029-02-03,MFG_10,43932fe771125e4cec759bd9c5660bed24b58667228c2c50e58d47cadb236c48,ACTIVE
DRUG000581,Paracetamol 500 mg,MFG_01,B2026-0030,2026-05-15,2028-10-31,MFG_01,7aaa3fd33982d83a9e584442a8284e4398b7d8ef69b0e36f811432553c6aee02,ACTIVE
DRUG000582,Amoxicillin 500 mg,MFG_02,B2026-0030,2026-07-05,2028-07-04,MFG_02,c89fab9e310f92d69ff1f04808be7d158e055f3f7a09b4e58c9efce9c0ab4edc,ACTIVE
DRUG000583,Metformin 500 mg,MFG_03,B2026-0030,2026-05-25,2028-11-10,MFG_03,5d664e40cd86cd2044fa234112a44b05b9ee7f4962226ab1aac176419af7a54c,ACTIVE
DRUG000584,Atorvastatin 10 mg,MFG_04,B2026-0030,2026-01-31,2027-01-31,MFG_04,ad6a5a0fb5fb3a7472040ad3b24a7141fadfd0bcecd3397b2c1e3f201b6fae05,ACTIVE
DRUG000585,Amlodipine 5 mg,MFG_05,B2026-0030,2026-05-24,2027-11-15,MFG_05,7c9d7e05470295ee36c1b4c1166c6a3519c9637cc9cfd7cb8f5ff335ccd80280,ACTIVE
DRUG000586,Pantoprazole 40 mg,MFG_06,B2026-0030,2026-07-16,2027-07-16,MFG_06,ba55939eb33b61e60cee9213c1125cb9488d7bd3757aa33cb809bbf040b9d3c6,ACTIVE
DRUG000587,Azithromycin 500 mg,MFG_07,B2026-0030,2026-08-02,2028-08-01,MFG_07,408224a68b0a7cb8866262f4eaee7702ed4ecfc567b5e85fbb649534facef4de,ACTIVE
DRUG000588,Cetirizine 10 mg,MFG_08,B2026-0030,2026-03-27,2028-09-12,MFG_08,e6b4fc6e67b98a5760b204162603060fdd58ee2586599a8e1ad996583800bf7b,ACTIVE
DRUG000589,Losartan 50 mg,MFG_09,B2026-0030,2026-02-23,2028-02-23,MFG_09,768fb0eca1173a79f6a2ee170385e947d16e054a10d67c728445a7424b9ef707,ACTIVE
DRUG000590,Cefixime 200 mg,MFG_10,B2026-0030,2026-06-05,2028-11-21,MFG_10,ecfd1eab45f826df1444523be667f7c72f5974a54da28740dce1bb7915f2c565,ACTIVE
DRUG000591,Ibuprofen 400 mg,MFG_01,B2026-0030,2026-01-23,2028-07-11,MFG_01,f7de0aeff0983e1aa9a616508b8c8576a7d261c4b590004425e33e73d27d4031,ACTIVE
DRUG000592,Doxycycline 100 mg,MFG_02,B2026-0030,2026-04-06,2027-04-06,MFG_02,2869db8f33efb314b9cf9f1409906513d62c67f1e3bd1a756884806b32c109b2,ACTIVE
DRUG000593,Montelukast 10 mg,MFG_03,B2026-0030,2026-03-29,2028-09-14,MFG_03,2f91816ddcf42d6be6e926c660eb4506e222d8ec1596e7764cb24e9d877b1d79,ACTIVE
DRUG000594,Glimepiride 2 mg,MFG_04,B2026-0030,2026-01-10,2028-06-28,MFG_04,4bbe3e958ad4ddb026832e89affbe1f71799d26ccf5c637d3f4a9ff39933ee96,ACTIVE
DRUG000595,Omeprazole 20 mg,MFG_05,B2026-0030,2026-04-30,2027-04-30,MFG_05,bfbda1b1312152857542f023280cc208762d0eef3c7af1b269c64f7aa763bd36,ACTIVE
DRUG000596,Clopidogrel 75 mg,MFG_06,B2026-0030,2026-02-23,2028-02-23,MFG_06,b433950bfaf34a76ac2f89cec10f6dd0c6b4c254d375d608d006792aaf77262b,ACTIVE
DRUG000597,Levocetirizine 5 mg,MFG_07,B2026-0030,2026-03-11,2027-09-02,MFG_07,99d5a5a672c532143078d5c224dc311d6566d1090fda24a790760ed51430f7d5,ACTIVE
DRUG000598,Telmisartan 40 mg,MFG_08,B2026-0030,2026-03-31,2028-03-30,MFG_08,43b474044c534283cee81d513fd76972469bafe6821cacf6a25734005a7c642b,ACTIVE
DRUG000599,Calcium + Vitamin D3,MFG_09,B2026-0030,2026-03-28,2028-09-13,MFG_09,ac549655947ea30e08002b47c2e97306b736b43611b8e05a5cb1fa5e018c4f19,ACTIVE
DRUG000600,ORS Sachet,MFG_10,B2026-0030,2026-04-11,2027-10-03,MFG_10,b6f10388c80e856ef06f95cca1b7e05f2d4aea9083966b133f0e65df2e6bd8c0,ACTIVE
DRUG000601,Paracetamol 500 mg,MFG_01,B2026-0031,2026-02-20,2027-02-20,MFG_01,80defaeb4aae822711edb81c5f1ea73fbf91cca8397050f4048655ff779ef036,ACTIVE
DRUG000602,Amoxicillin 500 mg,MFG_02,B2026-0031,2026-07-01,2028-12-17,MFG_02,a129651c9a29455404d328e817078b1298d041c2d15c6d2b1f4f748c881215ce,ACTIVE
DRUG000603,Metformin 500 mg,MFG_03,B2026-0031,2026-06-29,2028-06-28,MFG_03,bc82c0637066a4a0045685c867ad7431efd30e23816ef2a612316c3210096fd5,ACTIVE
DRUG000604,Atorvastatin 10 mg,MFG_04,B2026-0031,2026-08-05,2028-01-27,MFG_04,1d86cfe0fd8f96aa11648e020dd9aa294d9351751f9b09196efdaeb373a105c1,ACTIVE
DRUG000605,Amlodipine 5 mg,MFG_05,B2026-0031,2026-05-23,2027-05-23,MFG_05,d9d01b440076d5d7d343b9b5b2038f6825e700028e4fdc2d892db30a778e169e,ACTIVE
DRUG000606,Pantoprazole 40 mg,MFG_06,B2026-0031,2026-02-10,2028-07-29,MFG_06,b1080aac5857f5ba643b1ebc2805e9dc7eb176eb5b74059ce8d6903a7cc32f05,ACTIVE
DRUG000607,Azithromycin 500 mg,MFG_07,B2026-0031,2026-03-29,2027-09-20,MFG_07,4d987616b6b8067c03e2a9298c41b7401f0f9778231f70e30ad267237b62db81,ACTIVE
DRUG000608,Cetirizine 10 mg,MFG_08,B2026-0031,2026-05-23,2027-05-23,MFG_08,f0dec3dd655e31a77610c5de791f3ea7aaeac9d1083fff8bda0a348e02d15174,ACTIVE
DRUG000609,Losartan 50 mg,MFG_09,B2026-0031,2026-05-07,2027-05-07,MFG_09,4378833db87da8438f05f58212e4d5a4ef3a47d1820ad385a63ea09e8c4d0bad,ACTIVE
DRUG000610,Cefixime 200 mg,MFG_10,B2026-0031,2026-02-08,2028-07-27,MFG_10,cc61dbfd72661b4f84384e4ce9484e0f3328c20e4531cdb43f05f170e7095ac7,ACTIVE
DRUG000611,Ibuprofen 400 mg,MFG_01,B2026-0031,2026-03-23,2028-03-22,MFG_01,8ef2e7b0e4c78d50b16ce7822f3598ffb4897bb6d6cbde891cf56ace0689dc5e,ACTIVE
DRUG000612,Doxycycline 100 mg,MFG_02,B2026-0031,2026-04-14,2027-10-06,MFG_02,7194f83205e8f77ed4ec0f0879fb365f6f7467a3539cd7b1842279db64d9f400,ACTIVE
DRUG000613,Montelukast 10 mg,MFG_03,B2026-0031,2026-08-09,2028-08-08,MFG_03,c1312b1030da00986f4bf51862559ad7b2c24a0e855b982ed8d984a0942d9e0c,ACTIVE
DRUG000614,Glimepiride 2 mg,MFG_04,B2026-0031,2026-04-08,2028-09-24,MFG_04,e1cc1e3c014227322443c3cbf62b6202ecc6877120c2096cbb861418a09e951a,ACTIVE
DRUG000615,Omeprazole 20 mg,MFG_05,B2026-0031,2026-08-25,2028-08-24,MFG_05,0731eba5d0f70a2d696648af3a0140ae0ecb37fb7e2f88ab0cc9b894b0ccef47,ACTIVE
DRUG000616,Clopidogrel 75 mg,MFG_06,B2026-0031,2026-02-06,2028-07-25,MFG_06,99c756a90d7227b81f5217ef2485c5815da32aabaaebf349248ac8784df3cc60,ACTIVE
DRUG000617,Levocetirizine 5 mg,MFG_07,B2026-0031,2026-02-16,2028-08-04,MFG_07,86c63a79b1c8f1b26a07e401a1ac39c1ee36fde28b09af8b5a83262184cdb58d,ACTIVE
DRUG000618,Telmisartan 40 mg,MFG_08,B2026-0031,2026-06-04,2027-06-04,MFG_08,7d58c936bcb5455771a65a7e190b58bb1c589d8d1aa2cca3ec09274a2e109ca9,ACTIVE
DRUG000619,Calcium + Vitamin D3,MFG_09,B2026-0031,2026-01-09,2027-01-09,MFG_09,b9acc304b2ee5a41001bdfe1a1814794ea8454594355dbab10c84f30f32ba124,ACTIVE
DRUG000620,ORS Sachet,MFG_10,B2026-0031,2026-07-07,2028-07-06,MFG_10,7446d83b9f844ecb721d8411564bbaf77b6aa933892f1bbc8c1d98db77fed706,ACTIVE
DRUG000621,Paracetamol 500 mg,MFG_01,B2026-0032,2026-06-19,2027-06-19,MFG_01,44904d55876048393ad922a8983013eea79f7fbf9f7776702a38485be7059199,ACTIVE
DRUG000622,Amoxicillin 500 mg,MFG_02,B2026-0032,2026-05-12,2028-10-28,MFG_02,8f7ac598950b7230cfcf07c345a035bb35ac0c865cc4f144ff0e64d639d4d213,ACTIVE
DRUG000623,Metformin 500 mg,MFG_03,B2026-0032,2026-03-19,2028-03-18,MFG_03,cfcdf39ee2514ff7d9cdb52e71f8751a402b7856d4fbf4fe4ecab9912e138f48,ACTIVE
DRUG000624,Atorvastatin 10 mg,MFG_04,B2026-0032,2026-03-15,2028-08-31,MFG_04,850fa28ce9da50fbcd48d43729e7f8b3c2984ec63b5b533af662f732a64a2729,ACTIVE
DRUG000625,Amlodipine 5 mg,MFG_05,B2026-0032,2026-08-08,2028-08-07,MFG_05,ce1a3bd07e6d165332dff9321e75f98a3f73d86aaaf26fd3d3ab9aa7c744e14f,ACTIVE
DRUG000626,Pantoprazole 40 mg,MFG_06,B2026-0032,2026-02-14,2028-02-14,MFG_06,37ba956bc51de7757153fe9eb1dcc6df03ae67b71cf5d3d0bbb9267807bffe4d,ACTIVE
DRUG000627,Azithromycin 500 mg,MFG_07,B2026-0032,2026-08-28,2028-02-19,MFG_07,815d892314fe1759e1ae8e99ab847de3988c8c8bba45e05441712d5246918afb,ACTIVE
DRUG000628,Cetirizine 10 mg,MFG_08,B2026-0032,2026-08-04,2028-08-03,MFG_08,88b6d7831c5f719b39c856f8a20568efa568e0f59ab71931b2297cce51d123f1,ACTIVE
DRUG000629,Losartan 50 mg,MFG_09,B2026-0032,2026-07-11,2028-01-02,MFG_09,49bfd3e29ceda90d4853e1f1165d366e70a2ac60b143b5a9242964c5e910670f,ACTIVE
DRUG000630,Cefixime 200 mg,MFG_10,B2026-0032,2026-08-26,2029-02-11,MFG_10,7981da9d615b0cc424e67abffa6a711d8548d3ca2acd19df2574e7b1a9ba8315,ACTIVE
DRUG000631,Ibuprofen 400 mg,MFG_01,B2026-0032,2026-08-05,2029-01-21,MFG_01,e1d7d2a19a23dee71f38614c8d9f1c276f89b40e71ae0e58d431f234880ea9f1,ACTIVE
DRUG000632,Doxycycline 100 mg,MFG_02,B2026-0032,2026-07-17,2028-01-08,MFG_02,4bb232fdc10dcb04c7cc5794f4b525675b01f3d2ffe4e6663e2d2faedbea26d9,ACTIVE
DRUG000633,Montelukast 10 mg,MFG_03,B2026-0032,2026-08-01,2027-08-01,MFG_03,cf6a510eaa393d4cde51b862fa5c824d452cb3c7cede2d20ec8a5699c57a9584,ACTIVE
DRUG000634,Glimepiride 2 mg,MFG_04,B2026-0032,2026-03-14,2028-03-13,MFG_04,0eec9d27b667ce0ddb6de82e25f04db6afce131fb1dd60f8dd4dc715e0600d22,ACTIVE
DRUG000635,Omeprazole 20 mg,MFG_05,B2026-0032,2026-02-01,2027-02-01,MFG_05,a2271588d39c57eef46fafb8c3c4871a698405c7751054daefde59fd361deca1,ACTIVE
DRUG000636,Clopidogrel 75 mg,MFG_06,B2026-0032,2026-03-17,2028-09-02,MFG_06,a9fa420b604734b2f341d7f591ed14d4310eb32d4be7a49f7e3732512a52f00c,ACTIVE
DRUG000637,Levocetirizine 5 mg,MFG_07,B2026-0032,2026-07-19,2027-07-19,MFG_07,4ea0306e60ae318e96dd26e90434ea74bbf82fbc2ae3963ba9a87b47736e87b6,ACTIVE
DRUG000638,Telmisartan 40 mg,MFG_08,B2026-0032,2026-01-18,2028-07-06,MFG_08,c82099076ed7c50c5e3f80c08f92e0a4e40920bf366a93faca6ccdca8d00ba21,ACTIVE
DRUG000639,Calcium + Vitamin D3,MFG_09,B2026-0032,2026-06-07,2027-06-07,MFG_09,98adc59ec25ac082cc4b1a4dd8ca2f89c32170853ae2ae79132747d5a2180a84,ACTIVE
DRUG000640,ORS Sachet,MFG_10,B2026-0032,2026-08-18,2029-02-03,MFG_10,fc03d4559775c48ef63a1de2eb6ebc0e34ef610add486c477fe6ff14c077af5e,ACTIVE
DRUG000641,Paracetamol 500 mg,MFG_01,B2026-0033,2026-01-01,2028-06-19,MFG_01,8160d13e35ae234a0d9a390bef343919ce5b83e3c40bfc55950dcdb4bafff8ef,ACTIVE
DRUG000642,Amoxicillin 500 mg,MFG_02,B2026-0033,2026-07-29,2029-01-14,MFG_02,94d0ac43ab579499ccaaeb90f2bb0ad2a58046e423b79a8ffce0d58320276c38,ACTIVE
DRUG000643,Metformin 500 mg,MFG_03,B2026-0033,2026-06-11,2027-06-11,MFG_03,24977980c9b471a4c0805267530481ee7df778f24e3f80364819cdfec320fb78,ACTIVE
DRUG000644,Atorvastatin 10 mg,MFG_04,B2026-0033,2026-01-11,2028-06-29,MFG_04,ae2d5dbb14634845b939efdb3ac4ed77473ad45c32ae7bac67ff7c8f8075cf6e,ACTIVE
DRUG000645,Amlodipine 5 mg,MFG_05,B2026-0033,2026-08-15,2029-01-31,MFG_05,e9ed933fe75d76b2d0905e1246b4550ee974c12bb1a3dd4faf02ca7a8994a49b,ACTIVE
DRUG000646,Pantoprazole 40 mg,MFG_06,B2026-0033,2026-07-22,2028-07-21,MFG_06,cc8448569275a5b699882b7000ed24a59a5ecd00fa7a62be5c432b6b64c6590d,ACTIVE
DRUG000647,Azithromycin 500 mg,MFG_07,B2026-0033,2026-01-31,2027-07-25,MFG_07,193729e95d78a2f8ab0d251f506a7ec0d882bf4a5d4baedbd7000ac7995e79fb,ACTIVE
DRUG000648,Cetirizine 10 mg,MFG_08,B2026-0033,2026-01-19,2027-01-19,MFG_08,6d31fc8efccceb9036d52fded16f60fcb92bbe7f6a536c19b97c399834ae1740,ACTIVE
DRUG000649,Losartan 50 mg,MFG_09,B2026-0033,2026-01-04,2027-06-28,MFG_09,85dadd6b9f287c5bf120c53ecba4b94191811df21bee5bc8ec1af95c8d333830,ACTIVE
DRUG000650,Cefixime 200 mg,MFG_10,B2026-0033,2026-07-29,2027-07-29,MFG_10,fe6102ece0935c466cbc81e54f50485f08ab8e6eaab57a2b213caace42cf142d,ACTIVE
DRUG000651,Ibuprofen 400 mg,MFG_01,B2026-0033,2026-07-27,2029-01-12,MFG_01,fb2250a092c0a662e8e6bfc603e929bcc30139cac7fc9fae5c6d33bd192e9473,ACTIVE
DRUG000652,Doxycycline 100 mg,MFG_02,B2026-0033,2026-02-14,2028-02-14,MFG_02,4446c85f6e170ac91831c0ab7978d2e60b86af54df299c35a6c8098d90c8b881,ACTIVE
DRUG000653,Montelukast 10 mg,MFG_03,B2026-0033,2026-04-23,2027-10-15,MFG_03,972dcb90b6f5d0f9d4b9d3f88dcecf0af82dd130b5157a39f14c4e3496cd902c,ACTIVE
DRUG000654,Glimepiride 2 mg,MFG_04,B2026-0033,2026-05-05,2027-05-05,MFG_04,68ec323952b3e7ee8c80c4e1ba50f9f4aa603336fb0c260d84e9cdab894af346,ACTIVE
DRUG000655,Omeprazole 20 mg,MFG_05,B2026-0033,2026-07-26,2029-01-11,MFG_05,54511033352ab7683988524e34ed5dd7e90a015a422dbf306dbc48f4141364cd,ACTIVE
DRUG000656,Clopidogrel 75 mg,MFG_06,B2026-0033,2026-06-06,2027-06-06,MFG_06,1fee0d4698649ddf2d40ffbe7e3cc87a159fcedb2c9d7387c700dd450bd84657,ACTIVE
DRUG000657,Levocetirizine 5 mg,MFG_07,B2026-0033,2026-01-02,2027-06-26,MFG_07,495b00d0c5151a6e6ed580d72d48ecd98e03a174e1751f3d64d8fa6a43e2a878,ACTIVE
DRUG000658,Telmisartan 40 mg,MFG_08,B2026-0033,2026-04-29,2027-10-21,MFG_08,41fb60376b7237fe5392705cea97d5a2c138c29a053cefb38cfc8ed20abcb102,ACTIVE
DRUG000659,Calcium + Vitamin D3,MFG_09,B2026-0033,2026-02-10,2027-02-10,MFG_09,f31f9a3d9981ba9d54e168020ccc11478cc6916f93bcc0e0db86b66121f34ba2,ACTIVE
DRUG000660,ORS Sachet,MFG_10,B2026-0033,2026-01-27,2027-01-27,MFG_10,0efb9313f2e829a8721b9c76709c2b66649de1c1d9c9e9fc181d13dc4fc36840,ACTIVE
DRUG000661,Paracetamol 500 mg,MFG_01,B2026-0034,2026-03-02,2028-08-18,MFG_01,11ed6eb4f1fbc57f944ca0cadab0e4b8f80af6838af3b69fae2704114b28dd88,ACTIVE
DRUG000662,Amoxicillin 500 mg,MFG_02,B2026-0034,2026-01-29,2028-01-29,MFG_02,438580a34d5b999b351763cc5c5a23fdf47afcab054edffb7234c79ba058e1ad,ACTIVE
DRUG000663,Metformin 500 mg,MFG_03,B2026-0034,2026-05-30,2028-11-15,MFG_03,aea1db062d9e07c9caf888cc349ca0ca27c1094182576cfbcaec71572c45070b,ACTIVE
DRUG000664,Atorvastatin 10 mg,MFG_04,B2026-0034,2026-04-28,2027-10-20,MFG_04,f50f7ccdfce069c5276f00f5e6a7a344f0861a35afba38e44244037edf103681,ACTIVE
DRUG000665,Amlodipine 5 mg,MFG_05,B2026-0034,2026-02-04,2027-02-04,MFG_05,3e570a5df4e6a89b2bb35c0fdaf85fe3faa3768feb55c49f7f9d3aee9fd3092b,ACTIVE
DRUG000666,Pantoprazole 40 mg,MFG_06,B2026-0034,2026-07-22,2028-01-13,MFG_06,e2c8a1809ef9020ef298716f93446b9a462a4c51724091d5861ab2c6961f39fc,ACTIVE
DRUG000667,Azithromycin 500 mg,MFG_07,B2026-0034,2026-08-03,2029-01-19,MFG_07,4ea619bc5726801ba8e7465418a79389218133bb825ef8140a82b09714dfecd7,ACTIVE
DRUG000668,Cetirizine 10 mg,MFG_08,B2026-0034,2026-08-17,2028-02-08,MFG_08,f4438c72aaf176160bdb27a99bfa97f9c74ce2150683361b07a62366179d0dd2,ACTIVE
DRUG000669,Losartan 50 mg,MFG_09,B2026-0034,2026-05-16,2028-11-01,MFG_09,1a847362d242b1a55d4c42a404d35d76af35c5fbd2a91afc4276885bb0bd1458,ACTIVE
DRUG000670,Cefixime 200 mg,MFG_10,B2026-0034,2026-02-03,2028-02-03,MFG_10,d122e775ab20fc69c117284eab7b9d5a8486637cc02883fe1e9cffddde1513a3,ACTIVE
DRUG000671,Ibuprofen 400 mg,MFG_01,B2026-0034,2026-04-28,2027-04-28,MFG_01,239c2ab4abeb85472e1a6a8de99eccf2b5d8710238ee71ebbd187cebf363a8e5,ACTIVE
DRUG000672,Doxycycline 100 mg,MFG_02,B2026-0034,2026-06-30,2027-06-30,MFG_02,77433cb752baa1d4d48bb81c416f65ba6b54bc4bb3b5d20fae79403dc786a1a4,ACTIVE
DRUG000673,Montelukast 10 mg,MFG_03,B2026-0034,2026-05-28,2027-11-19,MFG_03,2775134f520433075a20a1cb18602cd4d8268765d966cc50b177b39f23138a92,ACTIVE
DRUG000674,Glimepiride 2 mg,MFG_04,B2026-0034,2026-04-09,2028-04-08,MFG_04,e0e4c63281df88c6b298b6482712fd0859c7f984e9e0191c1b619020c35f4ad2,ACTIVE
DRUG000675,Omeprazole 20 mg,MFG_05,B2026-0034,2026-07-01,2027-12-23,MFG_05,2d75422ffd2cb392645422abff5dc89455e68019d6e2d70ffd161cf95367a8bb,ACTIVE
DRUG000676,Clopidogrel 75 mg,MFG_06,B2026-0034,2026-07-10,2028-01-01,MFG_06,bc5acbfc522861574ab616893292fed516a759ab2938ccaa7e00c02d530bd394,ACTIVE
DRUG000677,Levocetirizine 5 mg,MFG_07,B2026-0034,2026-04-26,2028-10-12,MFG_07,5847cc3f7637fd5888d8d77422488dcb774cd862bacaaff64ab81d1f4e287e3d,ACTIVE
DRUG000678,Telmisartan 40 mg,MFG_08,B2026-0034,2026-06-08,2028-06-07,MFG_08,16e3ba5785c4466819106372ee08a9a0793d5c7b63888b8651046d07fb3d8830,ACTIVE
DRUG000679,Calcium + Vitamin D3,MFG_09,B2026-0034,2026-01-28,2027-07-22,MFG_09,ee415b887e2751fd7dcc7e1b8ae62600f01172ff0335fd90689f77476ebf0abe,ACTIVE
DRUG000680,ORS Sachet,MFG_10,B2026-0034,2026-06-24,2027-12-16,MFG_10,9470faafaddea90a8555d6ce06ebce4c17773639e46c2a57d7ccfd7fac3c80b5,ACTIVE
DRUG000681,Paracetamol 500 mg,MFG_01,B2026-0035,2026-07-25,2028-01-16,MFG_01,247bbe4a91929f739acc2b851334ced95b110c9d5ab87bd5e7d6f5009b1212c1,ACTIVE
DRUG000682,Amoxicillin 500 mg,MFG_02,B2026-0035,2026-06-20,2028-12-06,MFG_02,20a720c7abeabc0781f601f41668adb3b9a8a45d37723a7dfd37542e89368f40,ACTIVE
DRUG000683,Metformin 500 mg,MFG_03,B2026-0035,2026-04-06,2028-04-05,MFG_03,5e078036dec1efab762f6a68cfb727e371d0b9e7502ee26d580ef561a3a7a45b,ACTIVE
DRUG000684,Atorvastatin 10 mg,MFG_04,B2026-0035,2026-02-16,2027-08-10,MFG_04,df0c69afe4a282f555e083d2321cafa0034cfab736e65cf37ec9be0e23947f3d,ACTIVE
DRUG000685,Amlodipine 5 mg,MFG_05,B2026-0035,2026-04-05,2027-09-27,MFG_05,d31fe9f889873b154085b5e08eee0ab8c65ea79b17943aa9441d13210560ef35,ACTIVE
DRUG000686,Pantoprazole 40 mg,MFG_06,B2026-0035,2026-02-11,2028-02-11,MFG_06,75822774ca356def23b427e1882564a13fd720b9eb7be96958ada9363b01b019,ACTIVE
DRUG000687,Azithromycin 500 mg,MFG_07,B2026-0035,2026-07-09,2028-07-08,MFG_07,9c0964f2ea3b677164e829233493e9c8ce9287bdd25f6bcf0fea88185c25daf5,ACTIVE
DRUG000688,Cetirizine 10 mg,MFG_08,B2026-0035,2026-06-26,2027-06-26,MFG_08,f6987cb5cc34e60d696ec9ecfa68bdccf3b56d16917545c620bd353ec7765109,ACTIVE
DRUG000689,Losartan 50 mg,MFG_09,B2026-0035,2026-08-04,2028-01-26,MFG_09,01dbdfa33664a935407152a330e1a417760d3d91d5344993d4cf1df3162eb35d,ACTIVE
DRUG000690,Cefixime 200 mg,MFG_10,B2026-0035,2026-02-26,2028-02-26,MFG_10,7a82195a051a83883861e789ee95bafa8da9e597a9dd8f11fcbae681cbcdbaf4,ACTIVE
DRUG000691,Ibuprofen 400 mg,MFG_01,B2026-0035,2026-02-19,2028-08-07,MFG_01,92eeaf12ed3db8894a0da3abcf1f1b6668c055ae35155798ed4274c05e0f6cc7,ACTIVE
DRUG000692,Doxycycline 100 mg,MFG_02,B2026-0035,2026-08-07,2029-01-23,MFG_02,215694c90e453400a0dd97289bbc0513ea685f8a1ff6fe198c46cb41f24c3351,ACTIVE
DRUG000693,Montelukast 10 mg,MFG_03,B2026-0035,2026-05-24,2027-05-24,MFG_03,c191c88ad19436237f8fa17439191729955ea225054adb9d6d5ac89c8fd242ec,ACTIVE
DRUG000694,Glimepiride 2 mg,MFG_04,B2026-0035,2026-08-02,2027-08-02,MFG_04,87d909c65d7118514d64f180678d79045c2fb84ff33b55a7ce18e5b9b528e04b,ACTIVE
DRUG000695,Omeprazole 20 mg,MFG_05,B2026-0035,2026-01-02,2028-06-20,MFG_05,51cf0a496a86b7e0cba828baee8bae2453bcda30ee20ab84cf76a0c0544b1117,ACTIVE
DRUG000696,Clopidogrel 75 mg,MFG_06,B2026-0035,2026-08-02,2029-01-18,MFG_06,9ebae871f8dc416212e1ed512b30d9e8d54fa65efd708c7d61127524fb82dcef,ACTIVE
DRUG000697,Levocetirizine 5 mg,MFG_07,B2026-0035,2026-04-29,2027-10-21,MFG_07,696925a43dc07207e8f090d5dacef441d67fcc007eace94bbe1ff1a064f2cbda,ACTIVE
DRUG000698,Telmisartan 40 mg,MFG_08,B2026-0035,2026-06-20,2028-06-19,MFG_08,6a686195440ae580cbbfe48624735592f0c279dd977ae046ae01d66141e1101c,ACTIVE
DRUG000699,Calcium + Vitamin D3,MFG_09,B2026-0035,2026-06-03,2028-06-02,MFG_09,70072ee9ec4ed90948fbbd3a98a724d103543d26e18b902ca87fb384ca59988c,ACTIVE
DRUG000700,ORS Sachet,MFG_10,B2026-0035,2026-05-12,2027-05-12,MFG_10,d510861ed66f6ff0c2cde0c50b1f903ca193cdb56168dfe2d8fd347425705d6d,ACTIVE
DRUG000701,Paracetamol 500 mg,MFG_01,B2026-0036,2026-01-14,2028-01-14,MFG_01,7a7b10061ac842e53d914d8131375db959b3b74bd8258037a0afbe223455741b,ACTIVE
DRUG000702,Amoxicillin 500 mg,MFG_02,B2026-0036,2026-08-28,2027-08-28,MFG_02,a53dda41ae96c0f485b43b5d31c8f74eb49332423fff80ddb3a6def4144d9f71,ACTIVE
DRUG000703,Metformin 500 mg,MFG_03,B2026-0036,2026-08-12,2028-08-11,MFG_03,ec9fb9182c711a0ad92699c1cf9d0a3a70fb516d81bc1a5e418ff4e70bf33b26,ACTIVE
DRUG000704,Atorvastatin 10 mg,MFG_04,B2026-0036,2026-02-06,2027-02-06,MFG_04,c6676049c02f9432c2d2720f04f64dc7e9591211f3ee938ab03895a57afde482,ACTIVE
DRUG000705,Amlodipine 5 mg,MFG_05,B2026-0036,2026-02-09,2027-08-03,MFG_05,3af9cb8d9a906168f7a71ca63dd1262a43bda234f85c1e4e2b70dbe2e9f41958,ACTIVE
DRUG000706,Pantoprazole 40 mg,MFG_06,B2026-0036,2026-04-28,2027-04-28,MFG_06,39583de72ac816fce8eb3466986f4e47a848f6b6c569697c3fe554d8770c11ce,ACTIVE
DRUG000707,Azithromycin 500 mg,MFG_07,B2026-0036,2026-04-24,2028-04-23,MFG_07,ac31a05b5a13116025e64b7440a372d37b872654eb96ef8fcf616b4d58559488,ACTIVE
DRUG000708,Cetirizine 10 mg,MFG_08,B2026-0036,2026-02-02,2027-07-27,MFG_08,ff770a2847cbfc2d957934f376bb92c57cecda6ee5d1261dae21b2fb9c9b680c,ACTIVE
DRUG000709,Losartan 50 mg,MFG_09,B2026-0036,2026-02-20,2027-02-20,MFG_09,36687f92a910340fb6473121d4eab2251b1f156e1442b6fe8d8e5a0b464db795,ACTIVE
DRUG000710,Cefixime 200 mg,MFG_10,B2026-0036,2026-03-19,2027-03-19,MFG_10,da13e8d6d21a3a5fa3525ea36f72582efbd207a2726ea3f6e155f541d8e2c711,ACTIVE
DRUG000711,Ibuprofen 400 mg,MFG_01,B2026-0036,2026-02-07,2028-02-07,MFG_01,e4a6dc39160310cd352535bbfb3617aa8ee27a18aeb74954254ee422fb18e076,ACTIVE
DRUG000712,Doxycycline 100 mg,MFG_02,B2026-0036,2026-01-26,2027-01-26,MFG_02,006c2cf00ab145d1016c2676a6140cb70fc26dfde356a17c057f1bb7c1c8c076,ACTIVE
DRUG000713,Montelukast 10 mg,MFG_03,B2026-0036,2026-05-10,2028-10-26,MFG_03,6a6e0969a7615e3e3ef45eb1eb8f4bc3cb5f4fbf1d3f2a79f08e22ba169498cc,ACTIVE
DRUG000714,Glimepiride 2 mg,MFG_04,B2026-0036,2026-02-24,2027-08-18,MFG_04,4101e0608bb77bc5ae7d324af9c9ab7b739945b2b97c46612f36f0f98a7ae390,ACTIVE
DRUG000715,Omeprazole 20 mg,MFG_05,B2026-0036,2026-04-03,2028-04-02,MFG_05,f8748805ecf9fdcca01f69c12e5603409b6edb10b2da326d820e9848df24a6b5,ACTIVE
DRUG000716,Clopidogrel 75 mg,MFG_06,B2026-0036,2026-07-08,2028-07-07,MFG_06,c676a85471a329cb2fa36b211f7ef9d3edeb54868995bec612c37b7114232d17,ACTIVE
DRUG000717,Levocetirizine 5 mg,MFG_07,B2026-0036,2026-04-05,2027-09-27,MFG_07,8945a29654bfc791521025cba662f60c46f9a015cd133fd5acab72509eb9bad7,ACTIVE
DRUG000718,Telmisartan 40 mg,MFG_08,B2026-0036,2026-04-12,2028-09-28,MFG_08,0903dc1ca8bab5a5017ff23ae720880dd689fc07de5db1ff82bfd8cdb4a0c8ce,ACTIVE
DRUG000719,Calcium + Vitamin D3,MFG_09,B2026-0036,2026-04-14,2027-04-14,MFG_09,cd6edaec61aead879a8328e0ceb020fe5f1af02bd4b1a1a08d31ae3dedd1c434,ACTIVE
DRUG000720,ORS Sachet,MFG_10,B2026-0036,2026-06-20,2028-12-06,MFG_10,bc4c0c1ba5d705928b9d4d0b75fec46f6cd8fc7cd0f67c3416abffc97a549a1c,ACTIVE
DRUG000721,Paracetamol 500 mg,MFG_01,B2026-0037,2026-03-01,2027-08-23,MFG_01,be7bbab43baf25a0d96f763ed6f4746adcf48ef088c546f6924c4a27d2535e9c,ACTIVE
DRUG000722,Amoxicillin 500 mg,MFG_02,B2026-0037,2026-06-04,2028-06-03,MFG_02,b93a906e2f5723df8de566b67ea52cd16d01b906f0b2546aaacde52c299b6680,ACTIVE
DRUG000723,Metformin 500 mg,MFG_03,B2026-0037,2026-04-30,2027-10-22,MFG_03,2a2d218a532990e9fad18dd05343e120f8dac8182e6ee12ec1cbe937ba465f94,ACTIVE
DRUG000724,Atorvastatin 10 mg,MFG_04,B2026-0037,2026-07-15,2027-07-15,MFG_04,b097ef6d1bd452255618ebc5ca20c59cad75bd9cdda3261d4b0b26018f738950,ACTIVE
DRUG000725,Amlodipine 5 mg,MFG_05,B2026-0037,2026-02-15,2028-02-15,MFG_05,2a449fe590733d34a5053628e2d5c74269e66a87d7c4de8395433992a2c5a5ce,ACTIVE
DRUG000726,Pantoprazole 40 mg,MFG_06,B2026-0037,2026-05-06,2028-10-22,MFG_06,69108775ecba69f7df4afe4f0c5ca352f57b787fa164feb6eceb0ade46958440,ACTIVE
DRUG000727,Azithromycin 500 mg,MFG_07,B2026-0037,2026-06-07,2028-06-06,MFG_07,6847d64508278602839b62e27be70043c429eea5f046c788a1f4097c99ccb68b,ACTIVE
DRUG000728,Cetirizine 10 mg,MFG_08,B2026-0037,2026-07-09,2027-07-09,MFG_08,6c014cba1777c59f84e4dc698e68cc3b893b94d42cefd93943c2ad29407c2a4e,ACTIVE
DRUG000729,Losartan 50 mg,MFG_09,B2026-0037,2026-03-04,2027-08-26,MFG_09,b1bfcfa63ad8a357ce539aaab7cd1c70eafdfd470b505948e32ff321c5d77c63,ACTIVE
DRUG000730,Cefixime 200 mg,MFG_10,B2026-0037,2026-05-18,2028-05-17,MFG_10,4dfe6c555ffd3dfec6a246a28a0076d30f1a08f360a6225a36d4a3cef51f404a,ACTIVE
DRUG000731,Ibuprofen 400 mg,MFG_01,B2026-0037,2026-06-28,2028-12-14,MFG_01,ae54ecfa66490d7b44f1698f1ee0de061105b069107282a5a4f9991e218a1ace,ACTIVE
DRUG000732,Doxycycline 100 mg,MFG_02,B2026-0037,2026-05-06,2027-05-06,MFG_02,736b166a2c0f68ab5e3d49a95c1caeb656b4b0dbca6ca008b621b9d62265c3d3,ACTIVE
DRUG000733,Montelukast 10 mg,MFG_03,B2026-0037,2026-02-21,2028-08-09,MFG_03,4a9123e4d5ae8f7437e94f128fff2031910281712c1144edc9d9cf3140f8fa1b,ACTIVE
DRUG000734,Glimepiride 2 mg,MFG_04,B2026-0037,2026-02-27,2027-02-27,MFG_04,5f8d36483fcfdc9bf1acede25d120eec2fc1d7146c7000a65da7e79bd0775e27,ACTIVE
DRUG000735,Omeprazole 20 mg,MFG_05,B2026-0037,2026-02-23,2028-02-23,MFG_05,6eca59e7c707efe6303204ef7c6d1251dd70d95c47a135301b52ddbbfa4e2b87,ACTIVE
DRUG000736,Clopidogrel 75 mg,MFG_06,B2026-0037,2026-04-17,2028-10-03,MFG_06,a02cfc45b2e4d56ef2568d35a0a918ec81f1101f8f250e3421fb32ae019ebebe,ACTIVE
DRUG000737,Levocetirizine 5 mg,MFG_07,B2026-0037,2026-05-13,2027-11-04,MFG_07,8fd3d0ac2a52e341cb55ce52b191d49c42361c921c950f34610ac03696dad571,ACTIVE
DRUG000738,Telmisartan 40 mg,MFG_08,B2026-0037,2026-07-16,2029-01-01,MFG_08,64123707f13da73f0227bd360e58d20d8632f78f909f2fd118a1a3ab5a4d006f,ACTIVE
DRUG000739,Calcium + Vitamin D3,MFG_09,B2026-0037,2026-06-25,2028-06-24,MFG_09,6df924ecb27d1df0e769bf6f61186830a80d6fb8b8c39c05988fdb8b631d6b49,ACTIVE
DRUG000740,ORS Sachet,MFG_10,B2026-0037,2026-03-15,2027-09-06,MFG_10,91d2c6d7cadccb8d54f391f16a3ace5fd819c150fd52178c87e0830a10872d3a,ACTIVE
DRUG000741,Paracetamol 500 mg,MFG_01,B2026-0038,2026-07-24,2028-07-23,MFG_01,8c69b515f17ef93f3178bf932cd70c71a600a98dd2141cb5ab7aa8eb9f860530,ACTIVE
DRUG000742,Amoxicillin 500 mg,MFG_02,B2026-0038,2026-03-11,2027-09-02,MFG_02,bd5ad52410dc32ae496dd2dba1b8eda823e6110dbe277d6c3c70bfb72ca33361,ACTIVE
DRUG000743,Metformin 500 mg,MFG_03,B2026-0038,2026-01-06,2027-01-06,MFG_03,d4c53ad6ad8ca4954d7cd8dfe3eae710b3f43d89a14ad12b35cc482c3f67d846,ACTIVE
DRUG000744,Atorvastatin 10 mg,MFG_04,B2026-0038,2026-08-15,2027-08-15,MFG_04,71d70c3b088eb3e7a4284d7e5314933492ac81438db1f1997da088c0347af2a8,ACTIVE
DRUG000745,Amlodipine 5 mg,MFG_05,B2026-0038,2026-08-01,2028-07-31,MFG_05,1dac034e99eaf95639ab362920fd96291ed5bba6a1274aad8d5f2d67941374f4,ACTIVE
DRUG000746,Pantoprazole 40 mg,MFG_06,B2026-0038,2026-07-11,2028-01-02,MFG_06,a270d8a13b17ed516c23aa2f89097203b249e4421927e43ae14e445dfb09f5fd,ACTIVE
DRUG000747,Azithromycin 500 mg,MFG_07,B2026-0038,2026-08-09,2027-08-09,MFG_07,5bf27df334235cbcf0781ec7772f31a1d4d6f1a8168f8396c7e2164d00dd0499,ACTIVE
DRUG000748,Cetirizine 10 mg,MFG_08,B2026-0038,2026-03-05,2028-03-04,MFG_08,7076a113fd312eb851bb692800959408b57fbd15ea8c32c305624e43247877e9,ACTIVE
DRUG000749,Losartan 50 mg,MFG_09,B2026-0038,2026-07-09,2027-07-09,MFG_09,5a93d2fb47d07227febb18e98bbdc80ee184bc3de9641a2849df13cdc076957f,ACTIVE
DRUG000750,Cefixime 200 mg,MFG_10,B2026-0038,2026-05-17,2027-11-08,MFG_10,cb81b8068737a39b063fff0bbaa992869522aa511110edf68f098299f8ee61a3,ACTIVE
DRUG000751,Ibuprofen 400 mg,MFG_01,B2026-0038,2026-02-23,2027-08-17,MFG_01,c3a49531299a201d7ab939f7ffd55aa974e1e735ee25f1ff864541af1d988003,ACTIVE
DRUG000752,Doxycycline 100 mg,MFG_02,B2026-0038,2026-07-08,2028-12-24,MFG_02,d931a7f9e418001cfa7866e8cc884014e3c83dcdeeb5dc894d094071e21ad1f5,ACTIVE
DRUG000753,Montelukast 10 mg,MFG_03,B2026-0038,2026-06-04,2028-06-03,MFG_03,a9d4b5a8fc4ac7e35777496270bdaa25467603629a1f7faba8d778b08e7ac5b4,ACTIVE
DRUG000754,Glimepiride 2 mg,MFG_04,B2026-0038,2026-02-21,2028-02-21,MFG_04,e9c65999765fd587e82eba449430c72739d1ef0a1093088719294057de576989,ACTIVE
DRUG000755,Omeprazole 20 mg,MFG_05,B2026-0038,2026-04-16,2028-04-15,MFG_05,28c849fe5eaaf1109363103b1381161e88380d1ba8dd2d61e9807fae7d65b10e,ACTIVE
DRUG000756,Clopidogrel 75 mg,MFG_06,B2026-0038,2026-01-22,2028-07-10,MFG_06,5e6bf436ff02ffe7985ba37647df32d07b02fb2a3eb005b570c1f2d767b20b89,ACTIVE
DRUG000757,Levocetirizine 5 mg,MFG_07,B2026-0038,2026-05-23,2027-11-14,MFG_07,b215499ac9175f591754daabcc8317a0c56a5326aa3aa51114c4047e33b4edac,ACTIVE
DRUG000758,Telmisartan 40 mg,MFG_08,B2026-0038,2026-03-08,2027-08-30,MFG_08,36b5b771c87422c65e5e1a1a4821802ad3bff484ab00a6a017ae24c83e9c063d,ACTIVE
DRUG000759,Calcium + Vitamin D3,MFG_09,B2026-0038,2026-08-24,2029-02-09,MFG_09,19a943ae316d40c996aa1cf846590ac96cc55d902c02328f16b93f3e3bcb7aef,ACTIVE
DRUG000760,ORS Sachet,MFG_10,B2026-0038,2026-05-07,2028-10-23,MFG_10,2e8006541df0fbd3471604d19db97757531ed6ce1a6f3c0fc547cda955aefe06,ACTIVE
DRUG000761,Paracetamol 500 mg,MFG_01,B2026-0039,2026-04-15,2027-10-07,MFG_01,f2899bbbe0754e22cf6a28cab91b92f5e25272ef35688db1771e082b52fe9f5d,ACTIVE
DRUG000762,Amoxicillin 500 mg,MFG_02,B2026-0039,2026-06-25,2028-12-11,MFG_02,ed1d5523a87cd2cbbcbb8b9ecfc32322e8c37108714aa82983df32145d48e468,ACTIVE
DRUG000763,Metformin 500 mg,MFG_03,B2026-0039,2026-04-19,2028-04-18,MFG_03,0ea6de2c7e511c85dfcc0ced3890c2e4df1c9b513d8b44e8d67e10655a3432b8,ACTIVE
DRUG000764,Atorvastatin 10 mg,MFG_04,B2026-0039,2026-04-01,2027-04-01,MFG_04,9e11f7f24c6cfefa15b46495a11c55c03d1f82763dc50e775d91051a2b1ad3e2,ACTIVE
DRUG000765,Amlodipine 5 mg,MFG_05,B2026-0039,2026-05-24,2027-05-24,MFG_05,970a78712d91d4f4a4f5c4d4646808a1eb9e7932a0f6fd8acc71953ce8291a28,ACTIVE
DRUG000766,Pantoprazole 40 mg,MFG_06,B2026-0039,2026-01-23,2028-01-23,MFG_06,ef36a29167f71220c3739f4634d1051f6ee018163c88943e5a7850e18bb1682f,ACTIVE
DRUG000767,Azithromycin 500 mg,MFG_07,B2026-0039,2026-08-02,2028-08-01,MFG_07,cbec04f6d5846fafae6157e00a6b69fbbe245a6e32b875c1506a94fbd3cb1f2a,ACTIVE
DRUG000768,Cetirizine 10 mg,MFG_08,B2026-0039,2026-04-22,2027-10-14,MFG_08,17ea604f05b653f9b9c2595edb7d7bc48f6517c02547164dc3fca8f1fb35ec56,ACTIVE
DRUG000769,Losartan 50 mg,MFG_09,B2026-0039,2026-02-16,2027-02-16,MFG_09,421f3e46c6df9ac3981c57a28337a2a7d7b9d163618398075ba90c87fa2b8a66,ACTIVE
DRUG000770,Cefixime 200 mg,MFG_10,B2026-0039,2026-04-02,2028-09-18,MFG_10,64a4a7d5a64f8f5c0a30ed826ff41128a2ea7dc658c9f3d2ac6918f72f71eaae,ACTIVE
DRUG000771,Ibuprofen 400 mg,MFG_01,B2026-0039,2026-03-14,2027-09-05,MFG_01,9a35c4a868f090b2053e5d873ef63a200f6e2a05c8e70e35439aa6b17816159f,ACTIVE
DRUG000772,Doxycycline 100 mg,MFG_02,B2026-0039,2026-05-27,2027-11-18,MFG_02,cb1d807fcf965e791afd9ad058b01639bac5fa8a7025a0f99baa35841c416ed6,ACTIVE
DRUG000773,Montelukast 10 mg,MFG_03,B2026-0039,2026-06-24,2027-06-24,MFG_03,567e6351748642216248f1f589553a39282ca843d1841d6c8a38600b3c054467,ACTIVE
DRUG000774,Glimepiride 2 mg,MFG_04,B2026-0039,2026-08-01,2029-01-17,MFG_04,93aa2387c6875feba1fa5e6556b8c735ae5d034ff3b46da21755d17c84baff6d,ACTIVE
DRUG000775,Omeprazole 20 mg,MFG_05,B2026-0039,2026-07-07,2027-12-29,MFG_05,4b2f2f58f8226dd11987e7355bf63493478f778b4271d3c1e620b32cea7adf73,ACTIVE
DRUG000776,Clopidogrel 75 mg,MFG_06,B2026-0039,2026-04-08,2027-04-08,MFG_06,fb5ae447600de8cbe640905f04570189d3452ed7ff55d28615f1920c07f1620a,ACTIVE
DRUG000777,Levocetirizine 5 mg,MFG_07,B2026-0039,2026-07-19,2029-01-04,MFG_07,e74d501b1c49e6800f0cdf44500064c6cfcc9b7295d1aa0d9ac117aac3ef9ded,ACTIVE
DRUG000778,Telmisartan 40 mg,MFG_08,B2026-0039,2026-02-03,2028-02-03,MFG_08,22afcdb15e7b02d629831e9b0a2b615747c0d115e139a89ca058f917492f13e6,ACTIVE
DRUG000779,Calcium + Vitamin D3,MFG_09,B2026-0039,2026-05-25,2028-11-10,MFG_09,f6f9ab52d835dbff8f6fd3596daedd8d86ce6df113687f49c70b9dbf2eb2c318,ACTIVE
DRUG000780,ORS Sachet,MFG_10,B2026-0039,2026-05-12,2028-05-11,MFG_10,ba54658455c38d37f570c0f8543b78b8b7691fa30582f4e56375b37c391cf09a,ACTIVE
DRUG000781,Paracetamol 500 mg,MFG_01,B2026-0040,2026-04-30,2028-10-16,MFG_01,254844d7e9364500250156e5a8fca69543163da34168749688b6e7073284a5d3,ACTIVE
DRUG000782,Amoxicillin 500 mg,MFG_02,B2026-0040,2026-04-20,2028-04-19,MFG_02,beaa867746ac8e0a170ab6692316d65c4a7bcd4e4dc05dd51e9b6c241523497f,ACTIVE
DRUG000783,Metformin 500 mg,MFG_03,B2026-0040,2026-01-25,2028-07-13,MFG_03,4ecce6c3c1b74447ba184b08cce9c0f2fb3befae70cf746e1e5b258f1b8849b7,ACTIVE
DRUG000784,Atorvastatin 10 mg,MFG_04,B2026-0040,2026-07-09,2028-12-25,MFG_04,ebc98189f2d6fba182b6fcc3d05d48f05fd09f1bc2749d913baa7941d420991b,ACTIVE
DRUG000785,Amlodipine 5 mg,MFG_05,B2026-0040,2026-07-05,2028-12-21,MFG_05,a4ae3e4cf65f3b3ddc44e560a8ba2ad875d2f36467d1747d21657086ad6b3f51,ACTIVE
DRUG000786,Pantoprazole 40 mg,MFG_06,B2026-0040,2026-08-12,2027-08-12,MFG_06,e2dbbfb58d8a0a8de4642dfa54d630c40314c6216cbc9324657329d10701b065,ACTIVE
DRUG000787,Azithromycin 500 mg,MFG_07,B2026-0040,2026-04-28,2028-10-14,MFG_07,485bbd5734df1db4ceed1a451c91bc23608ed83a536566c9cbfab4e0e1f33c60,ACTIVE
DRUG000788,Cetirizine 10 mg,MFG_08,B2026-0040,2026-02-02,2027-07-27,MFG_08,f26922083cd9f83610984a8597753a58e119770097d2059eb99eedae4b975aef,ACTIVE
DRUG000789,Losartan 50 mg,MFG_09,B2026-0040,2026-06-16,2027-12-08,MFG_09,c43bfd59e12a8785526ac5ac4a6ff8992c1b53c097cb59279d855bb579966b39,ACTIVE
DRUG000790,Cefixime 200 mg,MFG_10,B2026-0040,2026-05-02,2028-10-18,MFG_10,9beb63cbea2f031db93dbf6dc0a69f2cc629bbd62d884ce5c24198be5f48c7d4,ACTIVE
DRUG000791,Ibuprofen 400 mg,MFG_01,B2026-0040,2026-04-26,2027-10-18,MFG_01,2c4f9bd990109593c6218ced4f1b804b5363a1fe868c04cdb79ccb07585d1c77,ACTIVE
DRUG000792,Doxycycline 100 mg,MFG_02,B2026-0040,2026-08-05,2029-01-21,MFG_02,25614a1a5c40cb59ee9ed0cf3a1c87f68eb854d1cda55ea18411cd1f3871eb94,ACTIVE
DRUG000793,Montelukast 10 mg,MFG_03,B2026-0040,2026-05-12,2028-10-28,MFG_03,33064f2c5cf384cdcd1a1bd05bb75717bfa09504f7b456fbbf84da65ef5fbe83,ACTIVE
DRUG000794,Glimepiride 2 mg,MFG_04,B2026-0040,2026-08-17,2029-02-02,MFG_04,101c53feb4e771bd123f3c4f50b1a5526dba869c519285cf651c72fedcce5d91,ACTIVE
DRUG000795,Omeprazole 20 mg,MFG_05,B2026-0040,2026-03-15,2027-09-06,MFG_05,29a9a6e363f25f286ef8318f7cb66d05133fa8e963c98085c00bc3a253779ab0,ACTIVE
DRUG000796,Clopidogrel 75 mg,MFG_06,B2026-0040,2026-08-04,2029-01-20,MFG_06,9142b1dec40e0486aa9e37fade84998203c22ea5a36180a48010bec35795fbec,ACTIVE
DRUG000797,Levocetirizine 5 mg,MFG_07,B2026-0040,2026-03-14,2027-03-14,MFG_07,dd2283b6957e2a20effa9ed3b28a7a72bfeb4ba1a5e10029c741bf142e4b6572,ACTIVE
DRUG000798,Telmisartan 40 mg,MFG_08,B2026-0040,2026-03-19,2027-09-10,MFG_08,f2c90aafbeb5f8ef0bbf896d43934035694b2494b54ad4a78260ac391843cfc7,ACTIVE
DRUG000799,Calcium + Vitamin D3,MFG_09,B2026-0040,2026-08-09,2027-08-09,MFG_09,3de3baba0a5ee197242d6817532894c48654787748f1db3bde31c4bf883b452d,ACTIVE
DRUG000800,ORS Sachet,MFG_10,B2026-0040,2026-03-08,2028-03-07,MFG_10,bbdbf0258415e742befedb8f883c6c91c8045aa1193d15ae1c44a8806fdb61b3,ACTIVE
DRUG000801,Paracetamol 500 mg,MFG_01,B2026-0041,2026-04-23,2028-10-09,MFG_01,183b4ebd4f90a93e5d2265af981a582dc28e5d42b8ed7e9aae3deffe683843de,ACTIVE
DRUG000802,Amoxicillin 500 mg,MFG_02,B2026-0041,2026-06-11,2027-06-11,MFG_02,be9e70728ea44f86be3804f7b3370c8b15f48f1130e9474f2486fb1885625c7c,ACTIVE
DRUG000803,Metformin 500 mg,MFG_03,B2026-0041,2026-08-11,2027-08-11,MFG_03,ff527782badec61532447e1d832e0891f5db93990ffd82290fb58d715daaec80,ACTIVE
DRUG000804,Atorvastatin 10 mg,MFG_04,B2026-0041,2026-07-16,2027-07-16,MFG_04,5167adfca331edc05ba1a31085da9fe0980a8565ad15d8b0255f6e78eb196475,ACTIVE
DRUG000805,Amlodipine 5 mg,MFG_05,B2026-0041,2026-07-13,2028-12-29,MFG_05,d1316aff42115bceed712eb0cc11718bce591eda42cbd1c5566b7820db6a4dac,ACTIVE
DRUG000806,Pantoprazole 40 mg,MFG_06,B2026-0041,2026-04-20,2028-10-06,MFG_06,e2c76adcb5d91c6f690a015cf2c4abb5bf1dc598aabd4c30cbecbac4242b18e7,ACTIVE
DRUG000807,Azithromycin 500 mg,MFG_07,B2026-0041,2026-07-26,2027-07-26,MFG_07,d1bed8bcbed1fed359c3efcfcc7f76278411777f1daa1e3d22236cea297aded9,ACTIVE
DRUG000808,Cetirizine 10 mg,MFG_08,B2026-0041,2026-08-25,2028-02-16,MFG_08,2d0363cdb07abed07884d4af0d603f28312c2bdc19ecf1e8b8ad917e8521648d,ACTIVE
DRUG000809,Losartan 50 mg,MFG_09,B2026-0041,2026-05-22,2028-05-21,MFG_09,5dbd1e96506fdd95d8184c174bf44ee1613cbd92c576ec4edadd5d56e36f80e8,ACTIVE
DRUG000810,Cefixime 200 mg,MFG_10,B2026-0041,2026-06-14,2027-12-06,MFG_10,11c911da760b54ca05a812ebc4c25c823106d012a97f150c6f6662295012ba2a,ACTIVE
DRUG000811,Ibuprofen 400 mg,MFG_01,B2026-0041,2026-03-19,2027-03-19,MFG_01,8f780ded4a200fab3ee79c7e73d6844a5b2bf0b5852226c4a8eb9eb88c2ea8bc,ACTIVE
DRUG000812,Doxycycline 100 mg,MFG_02,B2026-0041,2026-05-11,2028-05-10,MFG_02,86f8a85ebe4cf41452585fea1a1ae61124e909002755e91dbd55370b2e76a80f,ACTIVE
DRUG000813,Montelukast 10 mg,MFG_03,B2026-0041,2026-03-03,2028-03-02,MFG_03,1933a70534751e5efd874b61854330c12d758b8e419868f0340be12000a31bed,ACTIVE
DRUG000814,Glimepiride 2 mg,MFG_04,B2026-0041,2026-01-13,2027-01-13,MFG_04,7946e9705afc87b7c131ec2032869ce922a682654906dfc49edd779259640b03,ACTIVE
DRUG000815,Omeprazole 20 mg,MFG_05,B2026-0041,2026-07-02,2027-12-24,MFG_05,f336146cbaf17afec19a8558dcbd2e43278b7a4f5281d3b10837118c4b80080d,ACTIVE
DRUG000816,Clopidogrel 75 mg,MFG_06,B2026-0041,2026-03-05,2027-03-05,MFG_06,3691305ff72562cf6ae0d2e6cef60ce447964859107c84027b4d8c2a22134363,ACTIVE
DRUG000817,Levocetirizine 5 mg,MFG_07,B2026-0041,2026-04-16,2027-04-16,MFG_07,894af7e07b26931159548f081dc6e89c47b58c67317f42d6ad0eb3dfd443505c,ACTIVE
DRUG000818,Telmisartan 40 mg,MFG_08,B2026-0041,2026-06-23,2028-12-09,MFG_08,5498f592fa02b700071766ab764f4e1b27aa1726d5fd1d0f9435f57f11e9339e,ACTIVE
DRUG000819,Calcium + Vitamin D3,MFG_09,B2026-0041,2026-04-23,2028-10-09,MFG_09,711a0ed227d78161c052e0df9c760c5abbefc68bb7f1787452a333041da38de7,ACTIVE
DRUG000820,ORS Sachet,MFG_10,B2026-0041,2026-05-12,2027-05-12,MFG_10,31cd3f260f92683a8ed785b8496f08d0897bfde180c6d023ab6c39fab1a77869,ACTIVE
DRUG000821,Paracetamol 500 mg,MFG_01,B2026-0042,2026-04-15,2027-04-15,MFG_01,1baaf77a422acfba57fcdf8f2856e25e44e72b48c04c4d76ce0432b8d59805d7,ACTIVE
DRUG000822,Amoxicillin 500 mg,MFG_02,B2026-0042,2026-04-06,2028-04-05,MFG_02,734f20b1ed31b9b8d3f55bcfa6655c03793b68f541d5bddc13e5f22870172cff,ACTIVE
DRUG000823,Metformin 500 mg,MFG_03,B2026-0042,2026-08-28,2028-08-27,MFG_03,fdf156384c618b4986138bcbdedc5b517ba231d947ff4239d02b3123a217f417,ACTIVE
DRUG000824,Atorvastatin 10 mg,MFG_04,B2026-0042,2026-08-11,2027-08-11,MFG_04,9c0502bfa5227aaed97fc26dc2fbe7050617f40a658885a3f8fef38c8159321e,ACTIVE
DRUG000825,Amlodipine 5 mg,MFG_05,B2026-0042,2026-08-02,2028-01-24,MFG_05,2f5ab29881bcabb01dc7ad28bdef5fb0b56a70be8bc0f9f0e5bbf0d65e3eaec2,ACTIVE
DRUG000826,Pantoprazole 40 mg,MFG_06,B2026-0042,2026-07-24,2029-01-09,MFG_06,37076a0c9a11fa01affa953a5f5200e9209819315e4e071d9a0f393e5c68fd4d,ACTIVE
DRUG000827,Azithromycin 500 mg,MFG_07,B2026-0042,2026-01-23,2027-07-17,MFG_07,c91a8e377732152301f17705342543b25ab8c01fe4a0058c9646724aef7686cd,ACTIVE
DRUG000828,Cetirizine 10 mg,MFG_08,B2026-0042,2026-01-22,2027-07-16,MFG_08,9517746a541501cac4d8e0599014a5cb57930737dd2d8802bf7614913f26ec13,ACTIVE
DRUG000829,Losartan 50 mg,MFG_09,B2026-0042,2026-08-18,2027-08-18,MFG_09,32d52cfd0f39c8f1f7d244989ce003869fcaeb0ab71aa69f1d5c08eecdf8e175,ACTIVE
DRUG000830,Cefixime 200 mg,MFG_10,B2026-0042,2026-07-26,2028-07-25,MFG_10,e6d9056b6b93cc23301d1abec8ba0df5a1366410ebbc13a4145c9c3a3e1324fc,ACTIVE
DRUG000831,Ibuprofen 400 mg,MFG_01,B2026-0042,2026-08-09,2028-08-08,MFG_01,576944dd0b7118b2d38d7ee68921280ab986eb89393bfe8b4cb1da7171dec772,ACTIVE
DRUG000832,Doxycycline 100 mg,MFG_02,B2026-0042,2026-03-07,2027-03-07,MFG_02,a4eb95dfed0fa2663ea4c535c5b1afba8dd9a78839809fc211882f8f3071e376,ACTIVE
DRUG000833,Montelukast 10 mg,MFG_03,B2026-0042,2026-07-02,2027-07-02,MFG_03,f4813d6d32b079f55382d6bc0e8454f24118d99f9ce3bef5f0460f82ae5b169b,ACTIVE
DRUG000834,Glimepiride 2 mg,MFG_04,B2026-0042,2026-07-31,2027-07-31,MFG_04,346d7f52107303bd384ed73559a800095f49eb788cf57ad8f80d882bc99a348d,ACTIVE
DRUG000835,Omeprazole 20 mg,MFG_05,B2026-0042,2026-05-10,2028-10-26,MFG_05,a5dd2adc774f792208e4b7d8075b0b07702397bd7a621c6201395688f6fb56ef,ACTIVE
DRUG000836,Clopidogrel 75 mg,MFG_06,B2026-0042,2026-04-15,2027-10-07,MFG_06,0bc012623351dd83b4e4d2eb1303c0a5ea636d38f329aa1f83c4e1e2d27ddbfd,ACTIVE
DRUG000837,Levocetirizine 5 mg,MFG_07,B2026-0042,2026-02-02,2028-02-02,MFG_07,8262c12153d8ddcab5f19578a37f4494ddcd09ba1d698e63dc03534d0e3ce9d7,ACTIVE
DRUG000838,Telmisartan 40 mg,MFG_08,B2026-0042,2026-02-13,2027-08-07,MFG_08,c7059fe46dca2e40304e8c274eef87a1579b5dd1f6928b1c22f0b32287843a0d,ACTIVE
DRUG000839,Calcium + Vitamin D3,MFG_09,B2026-0042,2026-06-17,2027-12-09,MFG_09,43220e2fa8c1fbd0b3d45c82f0a8d4d6d260bcac2cfbfed140a3aec3d92a40c1,ACTIVE
DRUG000840,ORS Sachet,MFG_10,B2026-0042,2026-06-11,2027-12-03,MFG_10,8c1793fdf2226e033ce2cb395bf2e123b718c2f9401e0307e03c3db37430639a,ACTIVE
DRUG000841,Paracetamol 500 mg,MFG_01,B2026-0043,2026-04-12,2027-04-12,MFG_01,e803b3cccdf8b9735883a9b98387ad545d3835e4c4a6a116844ced2dfb2813ed,ACTIVE
DRUG000842,Amoxicillin 500 mg,MFG_02,B2026-0043,2026-06-24,2028-06-23,MFG_02,57dad982818f354bc2fb9bad21328b32c501432bdaaa90b0d002055e1437a316,ACTIVE
DRUG000843,Metformin 500 mg,MFG_03,B2026-0043,2026-01-05,2027-06-29,MFG_03,eec0cea059bfadb012213625e7093b94c180f8f2ea51d26acf548daa76d4a993,ACTIVE
DRUG000844,Atorvastatin 10 mg,MFG_04,B2026-0043,2026-06-28,2028-12-14,MFG_04,4ffa5de23e0b07183bf186e7d1690c6dba04910d520915384f10d4b93defdcaa,ACTIVE
DRUG000845,Amlodipine 5 mg,MFG_05,B2026-0043,2026-04-01,2028-09-17,MFG_05,c90759b4a53e8d76fbb4890075ef3d929f4adf5f8fbf190278d0a74468467995,ACTIVE
DRUG000846,Pantoprazole 40 mg,MFG_06,B2026-0043,2026-01-03,2027-06-27,MFG_06,a1e9dea73036b2931a5fe162e1ede674ce4ed809c404859777b05827d25346bd,ACTIVE
DRUG000847,Azithromycin 500 mg,MFG_07,B2026-0043,2026-07-26,2028-01-17,MFG_07,616b33a950723b108b40f24ae672be7d363112ec193bf74e5225397b94de1891,ACTIVE
DRUG000848,Cetirizine 10 mg,MFG_08,B2026-0043,2026-02-20,2028-08-08,MFG_08,56d44cb055ec552e9683b829131aebf83ad284d0e3589f732c562d47a6f61da0,ACTIVE
DRUG000849,Losartan 50 mg,MFG_09,B2026-0043,2026-05-25,2027-11-16,MFG_09,86009d27bcd02d342bac30431802e0e3a1a9e0adc38eb39af8492b08d7ba5aba,ACTIVE
DRUG000850,Cefixime 200 mg,MFG_10,B2026-0043,2026-05-14,2028-05-13,MFG_10,4bec1f1aeba49595ae384cf5549b93ff7279d856b6a6bd9bf8ea944824860fc5,ACTIVE
DRUG000851,Ibuprofen 400 mg,MFG_01,B2026-0043,2026-08-29,2029-02-14,MFG_01,7f5271c80b4d3cbe60241ea5af0dfdbc612898c252ceb99c03c6b914300db7b4,ACTIVE
DRUG000852,Doxycycline 100 mg,MFG_02,B2026-0043,2026-04-03,2027-04-03,MFG_02,b5682dceb417e1f76d5c341cb40054a56284e6d7fb02612f4376646f00582c02,ACTIVE
DRUG000853,Montelukast 10 mg,MFG_03,B2026-0043,2026-02-19,2028-02-19,MFG_03,97fb9462247ca82127da9cec1e1af1fa6f062b8e1ba5fb142282a6499d94fcf0,ACTIVE
DRUG000854,Glimepiride 2 mg,MFG_04,B2026-0043,2026-03-26,2028-03-25,MFG_04,19c8ccad0a82095fc7940d6fa0a9dc59b881c31b7315c791c54a475ca12ba90a,ACTIVE
DRUG000855,Omeprazole 20 mg,MFG_05,B2026-0043,2026-01-28,2028-07-16,MFG_05,e7447a1694619a17aa5ce083f56e244763be858dc9eaacf59f081a2e109cb9b1,ACTIVE
DRUG000856,Clopidogrel 75 mg,MFG_06,B2026-0043,2026-06-03,2028-11-19,MFG_06,a7e748118cf0e575888993f405d48c9dafee70507bbeb3946a67d944c828777d,ACTIVE
DRUG000857,Levocetirizine 5 mg,MFG_07,B2026-0043,2026-08-16,2027-08-16,MFG_07,762fdce8db6bf28d0a271d147855082a229e202d71809aef4d1988332ac9c48f,ACTIVE
DRUG000858,Telmisartan 40 mg,MFG_08,B2026-0043,2026-06-23,2027-06-23,MFG_08,3f2cf0ae2b16b8b5be80e9d883d1d692e9c415a22e35a2362e540b172b4b373c,ACTIVE
DRUG000859,Calcium + Vitamin D3,MFG_09,B2026-0043,2026-08-10,2027-08-10,MFG_09,bf1b3d1bbf01dfa431eb48b93434c0144ce44f0813484263dec35e953ff4972e,ACTIVE
DRUG000860,ORS Sachet,MFG_10,B2026-0043,2026-08-29,2027-08-29,MFG_10,c91f70e742b1b3d019796d7ec7ffea3d56713b52688e5ba56077a98dbb38f7b3,ACTIVE
DRUG000861,Paracetamol 500 mg,MFG_01,B2026-0044,2026-01-18,2027-07-12,MFG_01,8001818a646fb5bde05d8d512e9af1e769a87c2a86193f7e51dfda4c6e18766f,ACTIVE
DRUG000862,Amoxicillin 500 mg,MFG_02,B2026-0044,2026-02-17,2027-08-11,MFG_02,a50e1bad03b2495e8d9daa4ee7e9e41d03a0127d9ae4dfb0760706b3c4550820,ACTIVE
DRUG000863,Metformin 500 mg,MFG_03,B2026-0044,2026-04-02,2028-04-01,MFG_03,88e49867b6dedb062da7e4141f6c8119d968d651965a95f8189b2581189a125a,ACTIVE
DRUG000864,Atorvastatin 10 mg,MFG_04,B2026-0044,2026-01-03,2027-06-27,MFG_04,30c7a57ef03aac74d7e14dd4018d1b1bc6c44c9830ff132103b9831246931768,ACTIVE
DRUG000865,Amlodipine 5 mg,MFG_05,B2026-0044,2026-06-13,2027-12-05,MFG_05,891bc2c9705424a841733deef47ec25a90cad438f4733871c6a47dacbe7d589a,ACTIVE
DRUG000866,Pantoprazole 40 mg,MFG_06,B2026-0044,2026-03-27,2028-03-26,MFG_06,f75864f86e6d51952f3b35ff9663049b0cb76bc4633347481ecc1ea94c88f237,ACTIVE
DRUG000867,Azithromycin 500 mg,MFG_07,B2026-0044,2026-02-27,2027-08-21,MFG_07,58b5eca1490d924e35d0492478acd18f62735c234cd050cacbfb889d339b6b87,ACTIVE
DRUG000868,Cetirizine 10 mg,MFG_08,B2026-0044,2026-02-17,2027-02-17,MFG_08,2cce68cea905550d478dfd59d992cdbd31df9554078d2179a30a8938e9b85846,ACTIVE
DRUG000869,Losartan 50 mg,MFG_09,B2026-0044,2026-02-19,2028-02-19,MFG_09,e7f13fe78cf5e613515f37201c82e67fc30d2989a1f8e80d082c3495ece632f7,ACTIVE
DRUG000870,Cefixime 200 mg,MFG_10,B2026-0044,2026-08-05,2028-01-27,MFG_10,80ba510fced423b48996bb4917571f1ae0faad4ac004745e49971e84bbbcd8bd,ACTIVE
DRUG000871,Ibuprofen 400 mg,MFG_01,B2026-0044,2026-07-21,2027-07-21,MFG_01,1e0e65e47599249676f26128a4896117dd6ceb97664c206ccec5f6c54748ec05,ACTIVE
DRUG000872,Doxycycline 100 mg,MFG_02,B2026-0044,2026-08-29,2029-02-14,MFG_02,db8d87bf45bb229145d6572ff790edf618615007b04dadecefb56d00343d4be5,ACTIVE
DRUG000873,Montelukast 10 mg,MFG_03,B2026-0044,2026-04-06,2028-04-05,MFG_03,cd5a5d54aedf8a76ac7aa87115a71fa1f4f1a3967d53d3788616cf98ceb8c273,ACTIVE
DRUG000874,Glimepiride 2 mg,MFG_04,B2026-0044,2026-07-22,2028-01-13,MFG_04,7207ce21d32940559d707348fe40be5c4b57881e22eaa5016e8de84f6218cdf5,ACTIVE
DRUG000875,Omeprazole 20 mg,MFG_05,B2026-0044,2026-05-06,2027-10-28,MFG_05,e9a0a163652b63d4c181221f4ad46c7406c9fea0f1400613c873cc042274446d,ACTIVE
DRUG000876,Clopidogrel 75 mg,MFG_06,B2026-0044,2026-05-11,2028-05-10,MFG_06,ac1a7ac4ffa8cafd20f6f8d5fc32e437fa10ae051523a05c7ef8dedf474b4282,ACTIVE
DRUG000877,Levocetirizine 5 mg,MFG_07,B2026-0044,2026-03-10,2028-08-26,MFG_07,62e5dd8a1b39147d2cac768020a93445d6977e09e49ee807fd2c49b2ea2297f7,ACTIVE
DRUG000878,Telmisartan 40 mg,MFG_08,B2026-0044,2026-03-20,2028-09-05,MFG_08,9de23d447e666aec4d6892ccfcd9808343b87c40887a40ee00d05439d728287a,ACTIVE
DRUG000879,Calcium + Vitamin D3,MFG_09,B2026-0044,2026-01-22,2028-01-22,MFG_09,d50e9a32bfaf9447b05f6b447f5accfd4b0e52b28a39a3834aa1c2eb30551da5,ACTIVE
DRUG000880,ORS Sachet,MFG_10,B2026-0044,2026-04-20,2028-10-06,MFG_10,0e6874e7128697f23a4222165a0f86a0276e21dd852a9a662056d412a2039e6d,ACTIVE
DRUG000881,Paracetamol 500 mg,MFG_01,B2026-0045,2026-04-24,2027-10-16,MFG_01,c3f4d0d8b02381cd47b900ed55a92373eef9177aadf417d7fd25619aeac8857a,ACTIVE
DRUG000882,Amoxicillin 500 mg,MFG_02,B2026-0045,2026-06-14,2027-06-14,MFG_02,7c71ea92cf8ffe6998179cc9ea40158e9396dc5767eb22b669b790ed44115fa7,ACTIVE
DRUG000883,Metformin 500 mg,MFG_03,B2026-0045,2026-02-20,2028-02-20,MFG_03,cda818426c7a1e7c9972d939b196e0ffe48eb02a4f4d1cb3d377e85a5f749560,ACTIVE
DRUG000884,Atorvastatin 10 mg,MFG_04,B2026-0045,2026-07-12,2028-07-11,MFG_04,3d0217f9e36258a0796a533b8c612ceb48386e2b7b8181164f0f7d65ac6737fe,ACTIVE
DRUG000885,Amlodipine 5 mg,MFG_05,B2026-0045,2026-05-01,2027-10-23,MFG_05,f5cd2754cb07c30f3906dd591ae6ce7b65d22ca53c7bbcd42603159ba81fdc93,ACTIVE
DRUG000886,Pantoprazole 40 mg,MFG_06,B2026-0045,2026-05-22,2028-11-07,MFG_06,4e23938c3b1e9c9226ed74cb921d6fd400fe42da87343989e3bd8a12a0f1bdea,ACTIVE
DRUG000887,Azithromycin 500 mg,MFG_07,B2026-0045,2026-04-26,2027-04-26,MFG_07,1dd9ba828ef50e4b3b7ab041ef38300a5577c9e7fd914084c199c4ce5bb66403,ACTIVE
DRUG000888,Cetirizine 10 mg,MFG_08,B2026-0045,2026-06-18,2028-06-17,MFG_08,ba6e9ca58e4bac5e334abd1a3f21bc40847af99ed1ae1ddd8bdd294b5a7ef60a,ACTIVE
DRUG000889,Losartan 50 mg,MFG_09,B2026-0045,2026-05-26,2027-05-26,MFG_09,952d17d84927452cf46e12285c15b64d4992e6cbb7389e49029c638d8274edb5,ACTIVE
DRUG000890,Cefixime 200 mg,MFG_10,B2026-0045,2026-04-11,2027-04-11,MFG_10,a52e8925e090a90222e42717c6c021ad4bb9dfff227cf034dd390b79257ca85e,ACTIVE
DRUG000891,Ibuprofen 400 mg,MFG_01,B2026-0045,2026-03-19,2027-03-19,MFG_01,64f745e1dcc7ef9c67062440327b291ef57b893b350a25e4f8e2116c2085b61a,ACTIVE
DRUG000892,Doxycycline 100 mg,MFG_02,B2026-0045,2026-02-17,2027-08-11,MFG_02,76ab1a98f2b2dbf3803c44b80e469974bd3313de9fb939a896ca0b77fc80f974,ACTIVE
DRUG000893,Montelukast 10 mg,MFG_03,B2026-0045,2026-01-15,2028-01-15,MFG_03,cac68641c068d3e82cc01a632a9d2e0187d563dbfa40be6f6cb962abc11015c4,ACTIVE
DRUG000894,Glimepiride 2 mg,MFG_04,B2026-0045,2026-04-18,2028-10-04,MFG_04,b155d6c979a49e72d43e17673100555534dc5144c59d12d367ce47109db1f6d0,ACTIVE
DRUG000895,Omeprazole 20 mg,MFG_05,B2026-0045,2026-05-28,2028-05-27,MFG_05,faad24dcfdc634684b0b6b08cb1251337d0714af417058c11939832335120cfe,ACTIVE
DRUG000896,Clopidogrel 75 mg,MFG_06,B2026-0045,2026-01-17,2028-07-05,MFG_06,4be2f89b33e746cec1da302b6cb86adf7fc0c4e294fc017271e5aeec0fd3ad87,ACTIVE
DRUG000897,Levocetirizine 5 mg,MFG_07,B2026-0045,2026-07-08,2027-07-08,MFG_07,be19ec9ec173c32ebaae3f092ef89184c63b69fd2a2e9c443abb411db3d6b341,ACTIVE
DRUG000898,Telmisartan 40 mg,MFG_08,B2026-0045,2026-02-15,2028-08-03,MFG_08,c953c1347ad801d0b4ac8f003396d865f64d11f7b1dfb32d9d871c71446499a4,ACTIVE
DRUG000899,Calcium + Vitamin D3,MFG_09,B2026-0045,2026-08-11,2028-02-02,MFG_09,9d20d6cdb2988a2e8688d4c649904a34dc500d018da3ad1a1aa458a836a7f149,ACTIVE
DRUG000900,ORS Sachet,MFG_10,B2026-0045,2026-05-22,2027-05-22,MFG_10,1e0a85e7ee551bfaa2137d64631a345f3770bc658039cb37c6f1fb06671d5732,ACTIVE
DRUG000901,Paracetamol 500 mg,MFG_01,B2026-0046,2026-05-10,2027-05-10,MFG_01,dfcb8c13a889ee8b434dda4dbbaf0661f47e75925490176ff50d42819a89579d,ACTIVE
DRUG000902,Amoxicillin 500 mg,MFG_02,B2026-0046,2026-01-10,2027-01-10,MFG_02,655fba9217509b5049196c0f91695ba5334d61efec2ceb328d94ff4c494e9797,ACTIVE
DRUG000903,Metformin 500 mg,MFG_03,B2026-0046,2026-06-18,2027-12-10,MFG_03,75cd3454e4e4d66f2dfafb8b060807340efd2378f0c53e80c6bbcbd5ac57f478,ACTIVE
DRUG000904,Atorvastatin 10 mg,MFG_04,B2026-0046,2026-02-15,2028-02-15,MFG_04,3067b5c212a201dd7517484502cd88d56c21267a843e32049d380f1c024160c4,ACTIVE
DRUG000905,Amlodipine 5 mg,MFG_05,B2026-0046,2026-02-09,2028-07-28,MFG_05,4ca0d9843264e87a132135e73cb430ac923f5d53ed4bf7871310c0cb2681b617,ACTIVE
DRUG000906,Pantoprazole 40 mg,MFG_06,B2026-0046,2026-01-13,2027-01-13,MFG_06,ebf74a761d6970c3d18468de4c98d6e8e7176f38ec6864f2a3bc5542f9f440ec,ACTIVE
DRUG000907,Azithromycin 500 mg,MFG_07,B2026-0046,2026-03-05,2028-03-04,MFG_07,c986e3b44d686547d9dbc7ff87c9d0e6d9916138247e7755f6513c137044934c,ACTIVE
DRUG000908,Cetirizine 10 mg,MFG_08,B2026-0046,2026-06-21,2027-06-21,MFG_08,844e823d004724c184e3aa2eedf70e8abc5bcfbc06a3736d45262f247fb77ab4,ACTIVE
DRUG000909,Losartan 50 mg,MFG_09,B2026-0046,2026-03-25,2028-03-24,MFG_09,355667cea574841378717218a16f36de73a003e573f7af3dcc2cf9d83817c0ad,ACTIVE
DRUG000910,Cefixime 200 mg,MFG_10,B2026-0046,2026-01-28,2028-01-28,MFG_10,9b0591a4b36d2afd6d5f6a209c8dea6cc7c1cff93313eef7fde8c4578dba2880,ACTIVE
DRUG000911,Ibuprofen 400 mg,MFG_01,B2026-0046,2026-01-17,2028-01-17,MFG_01,dca98430dcc78604b8cff1351069c7b20de5b2e842887ee838bf4f21c95fcffc,ACTIVE
DRUG000912,Doxycycline 100 mg,MFG_02,B2026-0046,2026-07-02,2027-12-24,MFG_02,7891784e7e525cccfdebfa186645988f1fcb946d106319aff5309bd119b009d9,ACTIVE
DRUG000913,Montelukast 10 mg,MFG_03,B2026-0046,2026-06-12,2028-06-11,MFG_03,717a030fbe85d3fd411e0a6077ffdd17214c357fd88858b123e7044ef52e4a63,ACTIVE
DRUG000914,Glimepiride 2 mg,MFG_04,B2026-0046,2026-07-09,2027-12-31,MFG_04,2096c8e57f362b5da23866cd917686e159d029650ee18fc7e8c902d6a5e92c15,ACTIVE
DRUG000915,Omeprazole 20 mg,MFG_05,B2026-0046,2026-07-08,2028-12-24,MFG_05,7e237376a2c54822f164c1b52249de9c4aa07d33bc0ee024677d9df5dd2c2d8e,ACTIVE
DRUG000916,Clopidogrel 75 mg,MFG_06,B2026-0046,2026-04-07,2027-09-29,MFG_06,ab9cc084cd2e53b22892b1c6ee505765ed7b42d106b7496ada85c766cac032ae,ACTIVE
DRUG000917,Levocetirizine 5 mg,MFG_07,B2026-0046,2026-07-14,2027-07-14,MFG_07,6f59d2d02f080524b2407b723eebca6018087b68e73f24b5bdf9ea3d3564e1ba,ACTIVE
DRUG000918,Telmisartan 40 mg,MFG_08,B2026-0046,2026-02-22,2027-02-22,MFG_08,5c02f0e42435b3a280dd6613c30c1b3b52f8dc0c4c9198a2affe838e0a38a44a,ACTIVE
DRUG000919,Calcium + Vitamin D3,MFG_09,B2026-0046,2026-01-02,2027-01-02,MFG_09,bfe44b6c64cd65e1a24e47dc80f72484bac0b2daa1ae313060ee038f5755e55a,ACTIVE
DRUG000920,ORS Sachet,MFG_10,B2026-0046,2026-05-21,2027-11-12,MFG_10,ec068339e35c6bf3fe07fabc29e5ba82582145bf8cda44b4e2bb7f716c754f9a,ACTIVE
DRUG000921,Paracetamol 500 mg,MFG_01,B2026-0047,2026-02-15,2027-08-09,MFG_01,fe754e51eecb960b491dd94ca1e5378b0feeef19809c74c2b3b45e342d685c1f,ACTIVE
DRUG000922,Amoxicillin 500 mg,MFG_02,B2026-0047,2026-04-12,2028-09-28,MFG_02,fe8830a3dd237f2d940159e34b1c4f5145b5466c08ecb1ae72ce6a644b84725f,ACTIVE
DRUG000923,Metformin 500 mg,MFG_03,B2026-0047,2026-07-23,2029-01-08,MFG_03,7dbd37135dbbd07bbc99489e3805ea2e43a2431501164176008048581e87dcb2,ACTIVE
DRUG000924,Atorvastatin 10 mg,MFG_04,B2026-0047,2026-07-06,2027-12-28,MFG_04,547659444dd7a45f7db75de965dff68bf6c3fa31122f410c20a2579ed40a5cb4,ACTIVE
DRUG000925,Amlodipine 5 mg,MFG_05,B2026-0047,2026-01-19,2028-01-19,MFG_05,4451b0ef56525dfe65d3970ca807eeeb02c25acf9dd3e20bb9321d91ceaa1925,ACTIVE
DRUG000926,Pantoprazole 40 mg,MFG_06,B2026-0047,2026-04-14,2028-09-30,MFG_06,1a9826984014e6434f22b9e1d177a13862ed13d4ec47623aa31890366f1401f4,ACTIVE
DRUG000927,Azithromycin 500 mg,MFG_07,B2026-0047,2026-01-10,2027-01-10,MFG_07,b0a9b0a309e0c0fbc580bcf3975957bf4c5ed863c33db3756ae8dd2101d2ae7f,ACTIVE
DRUG000928,Cetirizine 10 mg,MFG_08,B2026-0047,2026-05-06,2028-05-05,MFG_08,7187a88cc10ffb730076c5cde2fac005ffb0ff3b268e2e9be27d02cd8aa0e710,ACTIVE
DRUG000929,Losartan 50 mg,MFG_09,B2026-0047,2026-06-30,2027-06-30,MFG_09,fbc004fec09a0961f439c4d0430c6916c6ab49a1397ab3167339b9bfee9bf70a,ACTIVE
DRUG000930,Cefixime 200 mg,MFG_10,B2026-0047,2026-08-04,2028-01-26,MFG_10,aacffc1e56856a8a8ff08aa295ffeea126c964e38b6026fc5887507248747429,ACTIVE
DRUG000931,Ibuprofen 400 mg,MFG_01,B2026-0047,2026-08-21,2028-02-12,MFG_01,dae5bb296b0d2c205c226af9776da782059df06a24e7e935f9d328fbd5706df1,ACTIVE
DRUG000932,Doxycycline 100 mg,MFG_02,B2026-0047,2026-07-07,2028-12-23,MFG_02,d68ecc094d176588de663e7dd203c7421c206dd4d1c00d1352e86f70fe83cbe7,ACTIVE
DRUG000933,Montelukast 10 mg,MFG_03,B2026-0047,2026-03-20,2027-03-20,MFG_03,041e88e39bd3aa716e8dfe07122b965179b807cf6ac20090bfed538c1902cbb3,ACTIVE
DRUG000934,Glimepiride 2 mg,MFG_04,B2026-0047,2026-07-07,2028-12-23,MFG_04,2a6ce5c35770d7822602af5b3080d93cf8ed1b051846b1f1d25431c232d8c409,ACTIVE
DRUG000935,Omeprazole 20 mg,MFG_05,B2026-0047,2026-04-26,2027-10-18,MFG_05,3d787549a8d87cd910b58f905dd9a342ed2ae5e25bba50fb7b6bc3f728c48952,ACTIVE
DRUG000936,Clopidogrel 75 mg,MFG_06,B2026-0047,2026-08-22,2027-08-22,MFG_06,ef22c17743c8e50c50809e60fe58e3a4218dc57e81ce6536188814c100c60b67,ACTIVE
DRUG000937,Levocetirizine 5 mg,MFG_07,B2026-0047,2026-05-30,2027-11-21,MFG_07,e2f63160d3a80d41a3097e15b58bb212af33bf30f78049d5fbf9a3c071b9aef5,ACTIVE
DRUG000938,Telmisartan 40 mg,MFG_08,B2026-0047,2026-05-30,2027-05-30,MFG_08,4d05344a90e27f18c8971401f1a568af7f028e106daae2a4c3756bf55e0d9db0,ACTIVE
DRUG000939,Calcium + Vitamin D3,MFG_09,B2026-0047,2026-05-05,2028-10-21,MFG_09,adff52ede236ede56cd8e6b38d1825996bc78305534c67949b926320ef30a05e,ACTIVE
DRUG000940,ORS Sachet,MFG_10,B2026-0047,2026-03-03,2028-03-02,MFG_10,52dbb9e649b7eb9091f521216c9ee51fc9c09d32697d779062b5aaeb21c06f07,ACTIVE
DRUG000941,Paracetamol 500 mg,MFG_01,B2026-0048,2026-08-11,2029-01-27,MFG_01,c5bfee3412ba2998db9494c1565522032ce71daeb49dfc865f7b98ebcad23e67,ACTIVE
DRUG000942,Amoxicillin 500 mg,MFG_02,B2026-0048,2026-06-08,2028-11-24,MFG_02,5272006b5acb99b328e9fcca3a198217ba59cecba6a0539fad32181bc0ed4849,ACTIVE
DRUG000943,Metformin 500 mg,MFG_03,B2026-0048,2026-04-03,2027-04-03,MFG_03,c0fbc2e844da322329586a24a5472747ab0f0867f4b4e1556cfe91f3b0d0a72e,ACTIVE
DRUG000944,Atorvastatin 10 mg,MFG_04,B2026-0048,2026-04-20,2028-10-06,MFG_04,e3c20e90a7ac0e9dfe469c45df3a66238e176bde3c2fbed7965aa3073b4a9fc9,ACTIVE
DRUG000945,Amlodipine 5 mg,MFG_05,B2026-0048,2026-08-08,2027-08-08,MFG_05,1c39fa03a0db1e5b68f2f1dbe9b5965db6728e1713e40054f4eae3b1be74f702,ACTIVE
DRUG000946,Pantoprazole 40 mg,MFG_06,B2026-0048,2026-06-19,2027-12-11,MFG_06,56b63ed389fa0f46cc6e0043f53df68bf544988efdcef9e35f5606c9681ce7c2,ACTIVE
DRUG000947,Azithromycin 500 mg,MFG_07,B2026-0048,2026-08-26,2028-08-25,MFG_07,613a3d2d44f774be43bf0f444ff7b917af16aa1025bd6540b130739ff0b83295,ACTIVE
DRUG000948,Cetirizine 10 mg,MFG_08,B2026-0048,2026-08-25,2029-02-10,MFG_08,d65141052010dd218f79bb3f4f34a5b13e4bebd0586f66d270f03751ea740e58,ACTIVE
DRUG000949,Losartan 50 mg,MFG_09,B2026-0048,2026-07-03,2028-12-19,MFG_09,bc4b6b795c6e79d2e4cb320b88ae75133f442cb732821bead8a887e1658719c1,ACTIVE
DRUG000950,Cefixime 200 mg,MFG_10,B2026-0048,2026-03-29,2027-09-20,MFG_10,34d930ea5621c334a681e65e7b8261795e21174df3b65565aad94f3c3e797f2b,ACTIVE
DRUG000951,Ibuprofen 400 mg,MFG_01,B2026-0048,2026-06-01,2027-11-23,MFG_01,11841ff5ea344a85f990ce8705a048964a339e307730987852728c0fcd99c6ab,ACTIVE
DRUG000952,Doxycycline 100 mg,MFG_02,B2026-0048,2026-06-04,2027-11-26,MFG_02,da47683c0c45b2da41f0aaddd37b52f7999faa9e777aec2d14a74982f2f2a985,ACTIVE
DRUG000953,Montelukast 10 mg,MFG_03,B2026-0048,2026-06-24,2028-12-10,MFG_03,e51d51dc4dc74033c970846cd5b8bcad3dd80c6faf32857b6270f094e79da680,ACTIVE
DRUG000954,Glimepiride 2 mg,MFG_04,B2026-0048,2026-02-01,2028-02-01,MFG_04,518be67ecd86b2351b5dc660d83237a5406920885a29d0b86d56a28cd5f665b4,ACTIVE
DRUG000955,Omeprazole 20 mg,MFG_05,B2026-0048,2026-03-27,2027-09-18,MFG_05,88be851dcd37490491fb337506c129400e3b4375e45b9fc619e3b2ebaf10c97e,ACTIVE
DRUG000956,Clopidogrel 75 mg,MFG_06,B2026-0048,2026-06-18,2027-12-10,MFG_06,3c2c6600bb4acded51aff4ec3c4235c6ebd571e0d37dfda028f2b4d33d705038,ACTIVE
DRUG000957,Levocetirizine 5 mg,MFG_07,B2026-0048,2026-01-19,2028-01-19,MFG_07,c67bfe6bfdaa73c506c6aa6bca53627ff728b69baee1050408d1532e7e6edea8,ACTIVE
DRUG000958,Telmisartan 40 mg,MFG_08,B2026-0048,2026-08-28,2028-08-27,MFG_08,fc486bdab0834fe37206b2622f63673bfb329ac6d2f1fd68384b35cf83d048a5,ACTIVE
DRUG000959,Calcium + Vitamin D3,MFG_09,B2026-0048,2026-07-25,2028-01-16,MFG_09,28e8b3570a65f35b0ef3bed655d65b06259cfb81aea764d748e406a5cef11001,ACTIVE
DRUG000960,ORS Sachet,MFG_10,B2026-0048,2026-04-02,2028-09-18,MFG_10,80101b3899ac59f05b04244d7808ac78522536a5c9f9cf3963f8fad5ae590e07,ACTIVE
DRUG000961,Paracetamol 500 mg,MFG_01,B2026-0049,2026-04-14,2027-10-06,MFG_01,b26e6ccf8395449bdfb40e4845131d352376eab8ff28bc9cf7e3a3ff2fab49c7,ACTIVE
DRUG000962,Amoxicillin 500 mg,MFG_02,B2026-0049,2026-07-10,2028-12-26,MFG_02,14e3da0c0a5e07105f2a65c422ca06572d64107b0229782d513fb8aa5a1adb82,ACTIVE
DRUG000963,Metformin 500 mg,MFG_03,B2026-0049,2026-01-31,2027-01-31,MFG_03,53df134ad5765eed50e91cf89e84a430aa0f7eb43a1d01f27c655135895b8f4a,ACTIVE
DRUG000964,Atorvastatin 10 mg,MFG_04,B2026-0049,2026-05-03,2028-05-02,MFG_04,12150fe440e54565c670319dbeec034a9c43d5cb27e38e4980ebf333ac755d44,ACTIVE
DRUG000965,Amlodipine 5 mg,MFG_05,B2026-0049,2026-02-02,2027-02-02,MFG_05,a73c24d96bd92196821863a1c197fd534f351fd9ae1a19718704270ffb300e9d,ACTIVE
DRUG000966,Pantoprazole 40 mg,MFG_06,B2026-0049,2026-07-27,2029-01-12,MFG_06,c44fa15db8606535ccd95a086ce86fc0ee4a637bc88363f45095954ea4f66ca2,ACTIVE
DRUG000967,Azithromycin 500 mg,MFG_07,B2026-0049,2026-06-03,2027-11-25,MFG_07,778500251bca61af276719f8a5ad61e983db4496b81f86ef8ac03a505be9a9b4,ACTIVE
DRUG000968,Cetirizine 10 mg,MFG_08,B2026-0049,2026-06-17,2027-12-09,MFG_08,94dcb7d5ce7eaac4a5913faf630497669abb54e2a0c4f0e65815460bf795d54d,ACTIVE
DRUG000969,Losartan 50 mg,MFG_09,B2026-0049,2026-05-20,2027-11-11,MFG_09,ab47adc924604f35ccf4555a4c9cf7843b92fa6bc0363b9fe729761d92be7f50,ACTIVE
DRUG000970,Cefixime 200 mg,MFG_10,B2026-0049,2026-04-24,2027-10-16,MFG_10,a43f7060d3b0cb8bee760a3b120efac4e7b1ed1335e778fe65ca156cb24d362c,ACTIVE
DRUG000971,Ibuprofen 400 mg,MFG_01,B2026-0049,2026-01-26,2027-01-26,MFG_01,05a15598f0adf3023a17e7ec82611f15febe2f2e4af16bb90b2411bb86f777b9,ACTIVE
DRUG000972,Doxycycline 100 mg,MFG_02,B2026-0049,2026-06-01,2028-05-31,MFG_02,54e2101ba89e046547f195b35f7dba46f0b18d9b7e046db9c3854a73b49fb7fc,ACTIVE
DRUG000973,Montelukast 10 mg,MFG_03,B2026-0049,2026-08-20,2028-02-11,MFG_03,a8b53150e85de2338d6d511548982b31fd76a428314470a7a1dbe09d023b6b00,ACTIVE
DRUG000974,Glimepiride 2 mg,MFG_04,B2026-0049,2026-07-07,2028-07-06,MFG_04,38399d4c399b6dbe9f2dfe016044ce0a9067f99e81c4063c3e36651054a03e0f,ACTIVE
DRUG000975,Omeprazole 20 mg,MFG_05,B2026-0049,2026-07-21,2029-01-06,MFG_05,92cc5cdbfee0f639d26c58e1bee5ce0432fde05bb0ca898a3f0d066fc8306f58,ACTIVE
DRUG000976,Clopidogrel 75 mg,MFG_06,B2026-0049,2026-05-21,2028-11-06,MFG_06,606500f84387b9e5693034e8e54b874e0270cda1e073b0f87ed9beaf495dac80,ACTIVE
DRUG000977,Levocetirizine 5 mg,MFG_07,B2026-0049,2026-07-24,2028-01-15,MFG_07,7eebe16fc214ceb7c5ca7b5e2c8bfd39d944d1613a60ec16efdf1e09862eb220,ACTIVE
DRUG000978,Telmisartan 40 mg,MFG_08,B2026-0049,2026-07-06,2028-07-05,MFG_08,5abbb17727512d2e817d10598b2017b5214a397841d7b5757af21aa7995372d5,ACTIVE
DRUG000979,Calcium + Vitamin D3,MFG_09,B2026-0049,2026-06-05,2027-06-05,MFG_09,5429f22ea33d4f79c9e3286f47dcc045848f68681dbf6345f480235a3f301eeb,ACTIVE
DRUG000980,ORS Sachet,MFG_10,B2026-0049,2026-08-14,2029-01-30,MFG_10,b5a007ad62ed517d590fb56f76ea262df40d665ea74be771f20e390d98d7adc0,ACTIVE
DRUG000981,Paracetamol 500 mg,MFG_01,B2026-0050,2026-02-06,2028-07-25,MFG_01,ab5a96e617660a3e70b49e937de1f81a98237f31bcf913cbffe31c2e9d41c722,ACTIVE
DRUG000982,Amoxicillin 500 mg,MFG_02,B2026-0050,2026-04-28,2027-10-20,MFG_02,e32566a3cdbd08748d622ac1641a352211300ab3671c98b2a4288ad30e38d217,ACTIVE
DRUG000983,Metformin 500 mg,MFG_03,B2026-0050,2026-06-12,2027-06-12,MFG_03,0a19dfc5b16b2ab8a19660df1f94f99e8f77eca24d39a8c62259aa75fadbf163,ACTIVE
DRUG000984,Atorvastatin 10 mg,MFG_04,B2026-0050,2026-02-12,2027-02-12,MFG_04,1207ec45a3bd0ed1f157fc72536557270758b5f6dbb7833111dec8c774ef1c20,ACTIVE
DRUG000985,Amlodipine 5 mg,MFG_05,B2026-0050,2026-05-08,2027-05-08,MFG_05,9387e1326bd9d7755b25ebad1366e9f1268dc03e519f2a0f9229f76e08a7319c,ACTIVE
DRUG000986,Pantoprazole 40 mg,MFG_06,B2026-0050,2026-07-09,2027-07-09,MFG_06,63fc1fe47b2308c48e977018a1c2205fccc60f16d9df3a99616300050089bd53,ACTIVE
DRUG000987,Azithromycin 500 mg,MFG_07,B2026-0050,2026-02-04,2028-02-04,MFG_07,c3b650f4919241b31516eb12fdcdb3e3f87bd42c215c6053eedc7d96edf41fd6,ACTIVE
DRUG000988,Cetirizine 10 mg,MFG_08,B2026-0050,2026-08-01,2027-08-01,MFG_08,691c4caead8e9acb43972edeb10545b6dec73ecf9aaa3596c3f50ccc11b68c67,ACTIVE
DRUG000989,Losartan 50 mg,MFG_09,B2026-0050,2026-08-25,2028-08-24,MFG_09,cc80d8962764130fb0439888459247b3aa6f5602e536d6a3bb14375a71a973f7,ACTIVE
DRUG000990,Cefixime 200 mg,MFG_10,B2026-0050,2026-04-28,2028-04-27,MFG_10,f75daa1733effd93e81eff040efb67c108edec40db1f61bd95670bb759159198,ACTIVE
DRUG000991,Ibuprofen 400 mg,MFG_01,B2026-0050,2026-04-21,2028-10-07,MFG_01,1c8dd00c273d9bb30502f4911488599094ac474a3c159a09e020e8b63f605849,ACTIVE
DRUG000992,Doxycycline 100 mg,MFG_02,B2026-0050,2026-07-16,2028-07-15,MFG_02,889889e00d77992e5c376de75236c8192251b697074e9bc475bd84aa9c00d55c,ACTIVE
DRUG000993,Montelukast 10 mg,MFG_03,B2026-0050,2026-03-10,2027-03-10,MFG_03,a196e52d3941730c509a46fb9a856adda8872d42fc321523e879baf5367c4828,ACTIVE
DRUG000994,Glimepiride 2 mg,MFG_04,B2026-0050,2026-02-18,2028-02-18,MFG_04,01ef08ec7fe170c5cffab8ebc1e0b7104e096d83d65a20c1e2247a84067741c1,ACTIVE
DRUG000995,Omeprazole 20 mg,MFG_05,B2026-0050,2026-03-10,2027-03-10,MFG_05,0c0007e9c8e93f193f2991399d073885aa64d7e91183c4acd2ce410ed17c36c1,ACTIVE
DRUG000996,Clopidogrel 75 mg,MFG_06,B2026-0050,2026-08-25,2029-02-10,MFG_06,ee92df814bef7ee21de2d92687ebb96722547c4aef55a81d2403fac399f321b0,ACTIVE
DRUG000997,Levocetirizine 5 mg,MFG_07,B2026-0050,2026-07-16,2028-01-07,MFG_07,2d39748746f92e12066242830b5ab0d84d88c6537cac1818a6df36645c548f17,ACTIVE
DRUG000998,Telmisartan 40 mg,MFG_08,B2026-0050,2026-01-22,2028-07-10,MFG_08,5b1aa2d9b89008937c93479db77aa99a041535bfd6c286eab458ea76bdeeac20,ACTIVE
DRUG000999,Calcium + Vitamin D3,MFG_09,B2026-0050,2026-03-09,2027-08-31,MFG_09,e6f9944ab23c1fd05ee290b626ca6503ea1f2d67fd4b57a6e3bf7fee806bcc80,ACTIVE
DRUG001000,ORS Sachet,MFG_10,B2026-0050,2026-06-01,2027-11-23,MFG_10,8994f8806b7042cc9de070f4d5e635d627c76c8892093e38acff69c0c326207c,ACTIVE
