sequence,drugID,operation,startedUTC,endedUTC,latencyMs,httpStatus,success,message
1,DRUG000001,RegisterDrug,2026-10-02T04:28:35.830305+00:00,2026-10-02T04:28:38.292742+00:00,2445.228,201,True,Drug registered successfully on the blockchain
2,DRUG000002,RegisterDrug,2026-10-02T04:28:38.293354+00:00,2026-10-02T04:28:40.461015+00:00,2167.637,201,True,Drug registered successfully on the blockchain
3,DRUG000003,RegisterDrug,2026-10-02T04:28:40.461189+00:00,2026-10-02T04:28:42.589898+00:00,2128.690,201,True,Drug registered successfully on the blockchain
4,DRUG000004,RegisterDrug,2026-10-02T04:28:42.590061+00:00,2026-10-02T04:28:44.718547+00:00,2128.464,201,True,Drug registered successfully on the blockchain
5,DRUG000005,RegisterDrug,2026-10-02T04:28:44.718909+00:00,2026-10-02T04:28:46.849632+00:00,2130.662,201,True,Drug registered successfully on the blockchain
6,DRUG000006,RegisterDrug,2026-10-02T04:28:46.849834+00:00,2026-10-02T04:28:48.994143+00:00,2144.295,201,True,Drug registered successfully on the blockchain
7,DRUG000007,RegisterDrug,2026-10-02T04:28:48.994293+00:00,2026-10-02T04:28:51.125041+00:00,2130.735,201,True,Drug registered successfully on the blockchain
8,DRUG000008,RegisterDrug,2026-10-02T04:28:51.125214+00:00,2026-10-02T04:28:53.258446+00:00,2133.220,201,True,Drug registered successfully on the blockchain
9,DRUG000009,RegisterDrug,2026-10-02T04:28:53.258653+00:00,2026-10-02T04:28:55.412940+00:00,2154.272,201,True,Drug registered successfully on the blockchain
10,DRUG000010,RegisterDrug,2026-10-02T04:28:55.413330+00:00,2026-10-02T04:28:57.561279+00:00,2147.924,201,True,Drug registered successfully on the blockchain
11,DRUG000011,RegisterDrug,2026-10-02T04:28:57.561461+00:00,2026-10-02T04:28:59.705499+00:00,2144.025,201,True,Drug registered successfully on the blockchain
12,DRUG000012,RegisterDrug,2026-10-02T04:28:59.705700+00:00,2026-10-02T04:29:01.840978+00:00,2135.256,201,True,Drug registered successfully on the blockchain
13,DRUG000013,RegisterDrug,2026-10-02T04:29:01.841210+00:00,2026-10-02T04:29:03.997813+00:00,2156.582,201,True,Drug registered successfully on the blockchain
14,DRUG000014,RegisterDrug,2026-10-02T04:29:03.997980+00:00,2026-10-02T04:29:06.166989+00:00,2168.998,201,True,Drug registered successfully on the blockchain
15,DRUG000015,RegisterDrug,2026-10-02T04:29:06.167161+00:00,2026-10-02T04:29:08.350631+00:00,2170.883,201,True,Drug registered successfully on the blockchain
16,DRUG000016,RegisterDrug,2026-10-02T04:29:08.350830+00:00,2026-10-02T04:29:10.520084+00:00,2169.240,201,True,Drug registered successfully on the blockchain
17,DRUG000017,RegisterDrug,2026-10-02T04:29:10.520314+00:00,2026-10-02T04:29:12.636292+00:00,2115.956,201,True,Drug registered successfully on the blockchain
18,DRUG000018,RegisterDrug,2026-10-02T04:29:12.636493+00:00,2026-10-02T04:29:14.754219+00:00,2117.702,201,True,Drug registered successfully on the blockchain
19,DRUG000019,RegisterDrug,2026-10-02T04:29:14.754444+00:00,2026-10-02T04:29:16.891677+00:00,2137.209,201,True,Drug registered successfully on the blockchain
20,DRUG000020,RegisterDrug,2026-10-02T04:29:16.892083+00:00,2026-10-02T04:29:19.046896+00:00,2154.786,201,True,Drug registered successfully on the blockchain
21,DRUG000021,RegisterDrug,2026-10-02T04:29:19.047064+00:00,2026-10-02T04:29:21.169731+00:00,2122.649,201,True,Drug registered successfully on the blockchain
22,DRUG000022,RegisterDrug,2026-10-02T04:29:21.169883+00:00,2026-10-02T04:29:23.299359+00:00,2129.461,201,True,Drug registered successfully on the blockchain
23,DRUG000023,RegisterDrug,2026-10-02T04:29:23.299749+00:00,2026-10-02T04:29:25.434393+00:00,2134.626,201,True,Drug registered successfully on the blockchain
24,DRUG000024,RegisterDrug,2026-10-02T04:29:25.434539+00:00,2026-10-02T04:29:27.568398+00:00,2133.849,201,True,Drug registered successfully on the blockchain
25,DRUG000025,RegisterDrug,2026-10-02T04:29:27.568619+00:00,2026-10-02T04:29:29.720198+00:00,2151.566,201,True,Drug registered successfully on the blockchain
26,DRUG000026,RegisterDrug,2026-10-02T04:29:29.720390+00:00,2026-10-02T04:29:31.850870+00:00,2130.457,201,True,Drug registered successfully on the blockchain
27,DRUG000027,RegisterDrug,2026-10-02T04:29:31.851090+00:00,2026-10-02T04:29:33.985048+00:00,2133.941,201,True,Drug registered successfully on the blockchain
28,DRUG000028,RegisterDrug,2026-10-02T04:29:33.985272+00:00,2026-10-02T04:29:36.123919+00:00,2138.618,201,True,Drug registered successfully on the blockchain
29,DRUG000029,RegisterDrug,2026-10-02T04:29:36.124159+00:00,2026-10-02T04:29:38.265102+00:00,2137.048,201,True,Drug registered successfully on the blockchain
30,DRUG000030,RegisterDrug,2026-10-02T04:29:38.265250+00:00,2026-10-02T04:29:40.389681+00:00,2124.418,201,True,Drug registered successfully on the blockchain
31,DRUG000031,RegisterDrug,2026-10-02T04:29:40.389833+00:00,2026-10-02T04:29:42.494669+00:00,2104.825,201,True,Drug registered successfully on the blockchain
32,DRUG000032,RegisterDrug,2026-10-02T04:29:42.494858+00:00,2026-10-02T04:29:44.600856+00:00,2105.980,201,True,Drug registered successfully on the blockchain
33,DRUG000033,RegisterDrug,2026-10-02T04:29:44.601043+00:00,2026-10-02T04:29:46.703383+00:00,2102.325,201,True,Drug registered successfully on the blockchain
34,DRUG000034,RegisterDrug,2026-10-02T04:29:46.703551+00:00,2026-10-02T04:29:48.851621+00:00,2148.059,201,True,Drug registered successfully on the blockchain
35,DRUG000035,RegisterDrug,2026-10-02T04:29:48.851775+00:00,2026-10-02T04:29:50.978625+00:00,2126.837,201,True,Drug registered successfully on the blockchain
36,DRUG000036,RegisterDrug,2026-10-02T04:29:50.978826+00:00,2026-10-02T04:29:53.110932+00:00,2132.088,201,True,Drug registered successfully on the blockchain
37,DRUG000037,RegisterDrug,2026-10-02T04:29:53.111320+00:00,2026-10-02T04:29:55.244621+00:00,2133.268,201,True,Drug registered successfully on the blockchain
38,DRUG000038,RegisterDrug,2026-10-02T04:29:55.244801+00:00,2026-10-02T04:29:57.343174+00:00,2098.356,201,True,Drug registered successfully on the blockchain
39,DRUG000039,RegisterDrug,2026-10-02T04:29:57.343395+00:00,2026-10-02T04:29:59.486190+00:00,2142.767,201,True,Drug registered successfully on the blockchain
40,DRUG000040,RegisterDrug,2026-10-02T04:29:59.486470+00:00,2026-10-02T04:30:01.626214+00:00,2139.719,201,True,Drug registered successfully on the blockchain
41,DRUG000041,RegisterDrug,2026-10-02T04:30:01.626398+00:00,2026-10-02T04:30:03.772870+00:00,2146.455,201,True,Drug registered successfully on the blockchain
42,DRUG000042,RegisterDrug,2026-10-02T04:30:03.773016+00:00,2026-10-02T04:30:05.910587+00:00,2137.561,201,True,Drug registered successfully on the blockchain
43,DRUG000043,RegisterDrug,2026-10-02T04:30:05.910744+00:00,2026-10-02T04:30:08.049730+00:00,2131.122,201,True,Drug registered successfully on the blockchain
44,DRUG000044,RegisterDrug,2026-10-02T04:30:08.049893+00:00,2026-10-02T04:30:10.154552+00:00,2104.641,201,True,Drug registered successfully on the blockchain
45,DRUG000045,RegisterDrug,2026-10-02T04:30:10.154792+00:00,2026-10-02T04:30:12.304591+00:00,2149.779,201,True,Drug registered successfully on the blockchain
46,DRUG000046,RegisterDrug,2026-10-02T04:30:12.304803+00:00,2026-10-02T04:30:14.463115+00:00,2158.297,201,True,Drug registered successfully on the blockchain
47,DRUG000047,RegisterDrug,2026-10-02T04:30:14.463364+00:00,2026-10-02T04:30:16.603744+00:00,2140.355,201,True,Drug registered successfully on the blockchain
48,DRUG000048,RegisterDrug,2026-10-02T04:30:16.604192+00:00,2026-10-02T04:30:18.745818+00:00,2141.590,201,True,Drug registered successfully on the blockchain
49,DRUG000049,RegisterDrug,2026-10-02T04:30:18.746058+00:00,2026-10-02T04:30:20.902394+00:00,2156.323,201,True,Drug registered successfully on the blockchain
50,DRUG000050,RegisterDrug,2026-10-02T04:30:20.902669+00:00,2026-10-02T04:30:23.044413+00:00,2141.720,201,True,Drug registered successfully on the blockchain
51,DRUG000051,RegisterDrug,2026-10-02T04:30:23.044596+00:00,2026-10-02T04:30:25.185954+00:00,2141.341,201,True,Drug registered successfully on the blockchain
52,DRUG000052,RegisterDrug,2026-10-02T04:30:25.186171+00:00,2026-10-02T04:30:27.325962+00:00,2139.771,201,True,Drug registered successfully on the blockchain
53,DRUG000053,RegisterDrug,2026-10-02T04:30:27.326148+00:00,2026-10-02T04:30:29.471325+00:00,2145.161,201,True,Drug registered successfully on the blockchain
54,DRUG000054,RegisterDrug,2026-10-02T04:30:29.471511+00:00,2026-10-02T04:30:31.620049+00:00,2148.525,201,True,Drug registered successfully on the blockchain
55,DRUG000055,RegisterDrug,2026-10-02T04:30:31.620280+00:00,2026-10-02T04:30:33.773341+00:00,2153.036,201,True,Drug registered successfully on the blockchain
56,DRUG000056,RegisterDrug,2026-10-02T04:30:33.773555+00:00,2026-10-02T04:30:35.916382+00:00,2142.808,201,True,Drug registered successfully on the blockchain
57,DRUG000057,RegisterDrug,2026-10-02T04:30:35.916595+00:00,2026-10-02T04:30:38.054713+00:00,2133.075,201,True,Drug registered successfully on the blockchain
58,DRUG000058,RegisterDrug,2026-10-02T04:30:38.055003+00:00,2026-10-02T04:30:40.211524+00:00,2156.497,201,True,Drug registered successfully on the blockchain
59,DRUG000059,RegisterDrug,2026-10-02T04:30:40.211784+00:00,2026-10-02T04:30:42.351978+00:00,2140.157,201,True,Drug registered successfully on the blockchain
60,DRUG000060,RegisterDrug,2026-10-02T04:30:42.352767+00:00,2026-10-02T04:30:44.477957+00:00,2125.162,201,True,Drug registered successfully on the blockchain
61,DRUG000061,RegisterDrug,2026-10-02T04:30:44.478174+00:00,2026-10-02T04:30:46.616667+00:00,2138.470,201,True,Drug registered successfully on the blockchain
62,DRUG000062,RegisterDrug,2026-10-02T04:30:46.616906+00:00,2026-10-02T04:30:48.763339+00:00,2146.409,201,True,Drug registered successfully on the blockchain
63,DRUG000063,RegisterDrug,2026-10-02T04:30:48.763483+00:00,2026-10-02T04:30:50.908648+00:00,2145.153,201,True,Drug registered successfully on the blockchain
64,DRUG000064,RegisterDrug,2026-10-02T04:30:50.908838+00:00,2026-10-02T04:30:53.056020+00:00,2147.171,201,True,Drug registered successfully on the blockchain
65,DRUG000065,RegisterDrug,2026-10-02T04:30:53.056212+00:00,2026-10-02T04:30:55.167174+00:00,2110.938,201,True,Drug registered successfully on the blockchain
66,DRUG000066,RegisterDrug,2026-10-02T04:30:55.167376+00:00,2026-10-02T04:30:57.282244+00:00,2114.852,201,True,Drug registered successfully on the blockchain
67,DRUG000067,RegisterDrug,2026-10-02T04:30:57.282403+00:00,2026-10-02T04:30:59.400099+00:00,2117.682,201,True,Drug registered successfully on the blockchain
68,DRUG000068,RegisterDrug,2026-10-02T04:30:59.400247+00:00,2026-10-02T04:31:01.543211+00:00,2142.953,201,True,Drug registered successfully on the blockchain
69,DRUG000069,RegisterDrug,2026-10-02T04:31:01.543404+00:00,2026-10-02T04:31:03.684141+00:00,2140.719,201,True,Drug registered successfully on the blockchain
70,DRUG000070,RegisterDrug,2026-10-02T04:31:03.684377+00:00,2026-10-02T04:31:05.833140+00:00,2148.741,201,True,Drug registered successfully on the blockchain
71,DRUG000071,RegisterDrug,2026-10-02T04:31:05.833343+00:00,2026-10-02T04:31:07.972675+00:00,2136.817,201,True,Drug registered successfully on the blockchain
72,DRUG000072,RegisterDrug,2026-10-02T04:31:07.972938+00:00,2026-10-02T04:31:10.122694+00:00,2149.727,201,True,Drug registered successfully on the blockchain
73,DRUG000073,RegisterDrug,2026-10-02T04:31:10.122919+00:00,2026-10-02T04:31:12.242574+00:00,2119.633,201,True,Drug registered successfully on the blockchain
74,DRUG000074,RegisterDrug,2026-10-02T04:31:12.242809+00:00,2026-10-02T04:31:14.390264+00:00,2147.428,201,True,Drug registered successfully on the blockchain
75,DRUG000075,RegisterDrug,2026-10-02T04:31:14.390459+00:00,2026-10-02T04:31:16.541219+00:00,2150.741,201,True,Drug registered successfully on the blockchain
76,DRUG000076,RegisterDrug,2026-10-02T04:31:16.541438+00:00,2026-10-02T04:31:18.685600+00:00,2144.139,201,True,Drug registered successfully on the blockchain
77,DRUG000077,RegisterDrug,2026-10-02T04:31:18.685867+00:00,2026-10-02T04:31:20.820030+00:00,2134.137,201,True,Drug registered successfully on the blockchain
78,DRUG000078,RegisterDrug,2026-10-02T04:31:20.820214+00:00,2026-10-02T04:31:22.972622+00:00,2152.395,201,True,Drug registered successfully on the blockchain
79,DRUG000079,RegisterDrug,2026-10-02T04:31:22.972819+00:00,2026-10-02T04:31:25.110346+00:00,2137.507,201,True,Drug registered successfully on the blockchain
80,DRUG000080,RegisterDrug,2026-10-02T04:31:25.110553+00:00,2026-10-02T04:31:27.269798+00:00,2159.220,201,True,Drug registered successfully on the blockchain
81,DRUG000081,RegisterDrug,2026-10-02T04:31:27.270012+00:00,2026-10-02T04:31:29.421799+00:00,2151.769,201,True,Drug registered successfully on the blockchain
82,DRUG000082,RegisterDrug,2026-10-02T04:31:29.422011+00:00,2026-10-02T04:31:31.574666+00:00,2152.634,201,True,Drug registered successfully on the blockchain
83,DRUG000083,RegisterDrug,2026-10-02T04:31:31.574835+00:00,2026-10-02T04:31:33.727949+00:00,2153.101,201,True,Drug registered successfully on the blockchain
84,DRUG000084,RegisterDrug,2026-10-02T04:31:33.728160+00:00,2026-10-02T04:31:35.885652+00:00,2157.472,201,True,Drug registered successfully on the blockchain
85,DRUG000085,RegisterDrug,2026-10-02T04:31:35.885907+00:00,2026-10-02T04:31:38.047468+00:00,2149.527,201,True,Drug registered successfully on the blockchain
86,DRUG000086,RegisterDrug,2026-10-02T04:31:38.047710+00:00,2026-10-02T04:31:40.176636+00:00,2128.903,201,True,Drug registered successfully on the blockchain
87,DRUG000087,RegisterDrug,2026-10-02T04:31:40.176830+00:00,2026-10-02T04:31:42.293155+00:00,2116.312,201,True,Drug registered successfully on the blockchain
88,DRUG000088,RegisterDrug,2026-10-02T04:31:42.293304+00:00,2026-10-02T04:31:44.451231+00:00,2157.907,201,True,Drug registered successfully on the blockchain
89,DRUG000089,RegisterDrug,2026-10-02T04:31:44.451536+00:00,2026-10-02T04:31:46.606127+00:00,2154.563,201,True,Drug registered successfully on the blockchain
90,DRUG000090,RegisterDrug,2026-10-02T04:31:46.606391+00:00,2026-10-02T04:31:48.759247+00:00,2152.832,201,True,Drug registered successfully on the blockchain
91,DRUG000091,RegisterDrug,2026-10-02T04:31:48.759486+00:00,2026-10-02T04:31:50.905376+00:00,2145.867,201,True,Drug registered successfully on the blockchain
92,DRUG000092,RegisterDrug,2026-10-02T04:31:50.905632+00:00,2026-10-02T04:31:53.012560+00:00,2106.902,201,True,Drug registered successfully on the blockchain
93,DRUG000093,RegisterDrug,2026-10-02T04:31:53.012708+00:00,2026-10-02T04:31:55.145725+00:00,2133.005,201,True,Drug registered successfully on the blockchain
94,DRUG000094,RegisterDrug,2026-10-02T04:31:55.145899+00:00,2026-10-02T04:31:57.285804+00:00,2139.888,201,True,Drug registered successfully on the blockchain
95,DRUG000095,RegisterDrug,2026-10-02T04:31:57.285972+00:00,2026-10-02T04:31:59.425718+00:00,2139.732,201,True,Drug registered successfully on the blockchain
96,DRUG000096,RegisterDrug,2026-10-02T04:31:59.425857+00:00,2026-10-02T04:32:01.568424+00:00,2142.530,201,True,Drug registered successfully on the blockchain
97,DRUG000097,RegisterDrug,2026-10-02T04:32:01.568733+00:00,2026-10-02T04:32:03.725146+00:00,2156.393,201,True,Drug registered successfully on the blockchain
98,DRUG000098,RegisterDrug,2026-10-02T04:32:03.725402+00:00,2026-10-02T04:32:05.865495+00:00,2140.073,201,True,Drug registered successfully on the blockchain
99,DRUG000099,RegisterDrug,2026-10-02T04:32:05.865764+00:00,2026-10-02T04:32:08.026817+00:00,2145.474,201,True,Drug registered successfully on the blockchain
100,DRUG000100,RegisterDrug,2026-10-02T04:32:08.027034+00:00,2026-10-02T04:32:10.172395+00:00,2145.340,201,True,Drug registered successfully on the blockchain
101,DRUG000101,RegisterDrug,2026-10-02T04:32:10.172622+00:00,2026-10-02T04:32:12.296087+00:00,2123.439,201,True,Drug registered successfully on the blockchain
102,DRUG000102,RegisterDrug,2026-10-02T04:32:12.296374+00:00,2026-10-02T04:32:14.443596+00:00,2147.198,201,True,Drug registered successfully on the blockchain
103,DRUG000103,RegisterDrug,2026-10-02T04:32:14.443850+00:00,2026-10-02T04:32:16.597714+00:00,2153.844,201,True,Drug registered successfully on the blockchain
104,DRUG000104,RegisterDrug,2026-10-02T04:32:16.597936+00:00,2026-10-02T04:32:18.743528+00:00,2145.577,201,True,Drug registered successfully on the blockchain
105,DRUG000105,RegisterDrug,2026-10-02T04:32:18.743759+00:00,2026-10-02T04:32:20.893702+00:00,2149.924,201,True,Drug registered successfully on the blockchain
106,DRUG000106,RegisterDrug,2026-10-02T04:32:20.893967+00:00,2026-10-02T04:32:23.047535+00:00,2153.546,201,True,Drug registered successfully on the blockchain
107,DRUG000107,RegisterDrug,2026-10-02T04:32:23.047746+00:00,2026-10-02T04:32:25.159213+00:00,2111.449,201,True,Drug registered successfully on the blockchain
108,DRUG000108,RegisterDrug,2026-10-02T04:32:25.159364+00:00,2026-10-02T04:32:27.285710+00:00,2126.333,201,True,Drug registered successfully on the blockchain
109,DRUG000109,RegisterDrug,2026-10-02T04:32:27.285912+00:00,2026-10-02T04:32:29.439867+00:00,2153.935,201,True,Drug registered successfully on the blockchain
110,DRUG000110,RegisterDrug,2026-10-02T04:32:29.440027+00:00,2026-10-02T04:32:31.591384+00:00,2151.345,201,True,Drug registered successfully on the blockchain
111,DRUG000111,RegisterDrug,2026-10-02T04:32:31.591552+00:00,2026-10-02T04:32:33.734536+00:00,2142.972,201,True,Drug registered successfully on the blockchain
112,DRUG000112,RegisterDrug,2026-10-02T04:32:33.734755+00:00,2026-10-02T04:32:35.906742+00:00,2171.968,201,True,Drug registered successfully on the blockchain
113,DRUG000113,RegisterDrug,2026-10-02T04:32:35.906977+00:00,2026-10-02T04:32:38.087024+00:00,2155.702,201,True,Drug registered successfully on the blockchain
114,DRUG000114,RegisterDrug,2026-10-02T04:32:38.087253+00:00,2026-10-02T04:32:40.206388+00:00,2119.117,201,True,Drug registered successfully on the blockchain
115,DRUG000115,RegisterDrug,2026-10-02T04:32:40.206571+00:00,2026-10-02T04:32:42.333464+00:00,2126.869,201,True,Drug registered successfully on the blockchain
116,DRUG000116,RegisterDrug,2026-10-02T04:32:42.333682+00:00,2026-10-02T04:32:44.480213+00:00,2146.506,201,True,Drug registered successfully on the blockchain
117,DRUG000117,RegisterDrug,2026-10-02T04:32:44.480498+00:00,2026-10-02T04:32:46.648237+00:00,2167.712,201,True,Drug registered successfully on the blockchain
118,DRUG000118,RegisterDrug,2026-10-02T04:32:46.648469+00:00,2026-10-02T04:32:48.795149+00:00,2146.660,201,True,Drug registered successfully on the blockchain
119,DRUG000119,RegisterDrug,2026-10-02T04:32:48.795363+00:00,2026-10-02T04:32:50.928886+00:00,2133.506,201,True,Drug registered successfully on the blockchain
120,DRUG000120,RegisterDrug,2026-10-02T04:32:50.929096+00:00,2026-10-02T04:32:53.064560+00:00,2135.444,201,True,Drug registered successfully on the blockchain
121,DRUG000121,RegisterDrug,2026-10-02T04:32:53.064732+00:00,2026-10-02T04:32:55.186914+00:00,2122.164,201,True,Drug registered successfully on the blockchain
122,DRUG000122,RegisterDrug,2026-10-02T04:32:55.187155+00:00,2026-10-02T04:32:57.325664+00:00,2138.491,201,True,Drug registered successfully on the blockchain
123,DRUG000123,RegisterDrug,2026-10-02T04:32:57.325855+00:00,2026-10-02T04:32:59.467457+00:00,2141.585,201,True,Drug registered successfully on the blockchain
124,DRUG000124,RegisterDrug,2026-10-02T04:32:59.467649+00:00,2026-10-02T04:33:01.600062+00:00,2132.396,201,True,Drug registered successfully on the blockchain
125,DRUG000125,RegisterDrug,2026-10-02T04:33:01.600229+00:00,2026-10-02T04:33:03.707541+00:00,2107.298,201,True,Drug registered successfully on the blockchain
126,DRUG000126,RegisterDrug,2026-10-02T04:33:03.707760+00:00,2026-10-02T04:33:05.836860+00:00,2129.076,201,True,Drug registered successfully on the blockchain
127,DRUG000127,RegisterDrug,2026-10-02T04:33:05.837072+00:00,2026-10-02T04:33:07.984948+00:00,2127.179,201,True,Drug registered successfully on the blockchain
128,DRUG000128,RegisterDrug,2026-10-02T04:33:07.985171+00:00,2026-10-02T04:33:10.128431+00:00,2143.248,201,True,Drug registered successfully on the blockchain
129,DRUG000129,RegisterDrug,2026-10-02T04:33:10.128614+00:00,2026-10-02T04:33:12.245784+00:00,2117.151,201,True,Drug registered successfully on the blockchain
130,DRUG000130,RegisterDrug,2026-10-02T04:33:12.245966+00:00,2026-10-02T04:33:14.363609+00:00,2117.607,201,True,Drug registered successfully on the blockchain
131,DRUG000131,RegisterDrug,2026-10-02T04:33:14.363950+00:00,2026-10-02T04:33:16.510700+00:00,2146.671,201,True,Drug registered successfully on the blockchain
132,DRUG000132,RegisterDrug,2026-10-02T04:33:16.510881+00:00,2026-10-02T04:33:18.665832+00:00,2154.934,201,True,Drug registered successfully on the blockchain
133,DRUG000133,RegisterDrug,2026-10-02T04:33:18.666033+00:00,2026-10-02T04:33:20.816630+00:00,2150.583,201,True,Drug registered successfully on the blockchain
134,DRUG000134,RegisterDrug,2026-10-02T04:33:20.816800+00:00,2026-10-02T04:33:22.963332+00:00,2146.517,201,True,Drug registered successfully on the blockchain
135,DRUG000135,RegisterDrug,2026-10-02T04:33:22.963623+00:00,2026-10-02T04:33:25.089181+00:00,2125.530,201,True,Drug registered successfully on the blockchain
136,DRUG000136,RegisterDrug,2026-10-02T04:33:25.089363+00:00,2026-10-02T04:33:27.224855+00:00,2135.471,201,True,Drug registered successfully on the blockchain
137,DRUG000137,RegisterDrug,2026-10-02T04:33:27.225129+00:00,2026-10-02T04:33:29.372241+00:00,2147.094,201,True,Drug registered successfully on the blockchain
138,DRUG000138,RegisterDrug,2026-10-02T04:33:29.372395+00:00,2026-10-02T04:33:31.544783+00:00,2172.375,201,True,Drug registered successfully on the blockchain
139,DRUG000139,RegisterDrug,2026-10-02T04:33:31.544994+00:00,2026-10-02T04:33:33.682111+00:00,2137.069,201,True,Drug registered successfully on the blockchain
140,DRUG000140,RegisterDrug,2026-10-02T04:33:33.682312+00:00,2026-10-02T04:33:35.835355+00:00,2153.024,201,True,Drug registered successfully on the blockchain
141,DRUG000141,RegisterDrug,2026-10-02T04:33:35.835619+00:00,2026-10-02T04:33:37.962650+00:00,2134.311,201,True,Drug registered successfully on the blockchain
142,DRUG000142,RegisterDrug,2026-10-02T04:33:37.962844+00:00,2026-10-02T04:33:40.106334+00:00,2143.474,201,True,Drug registered successfully on the blockchain
143,DRUG000143,RegisterDrug,2026-10-02T04:33:40.106509+00:00,2026-10-02T04:33:42.251122+00:00,2144.599,201,True,Drug registered successfully on the blockchain
144,DRUG000144,RegisterDrug,2026-10-02T04:33:42.251285+00:00,2026-10-02T04:33:44.367317+00:00,2116.000,201,True,Drug registered successfully on the blockchain
145,DRUG000145,RegisterDrug,2026-10-02T04:33:44.367745+00:00,2026-10-02T04:33:46.512158+00:00,2144.382,201,True,Drug registered successfully on the blockchain
146,DRUG000146,RegisterDrug,2026-10-02T04:33:46.512349+00:00,2026-10-02T04:33:48.664247+00:00,2151.882,201,True,Drug registered successfully on the blockchain
147,DRUG000147,RegisterDrug,2026-10-02T04:33:48.664410+00:00,2026-10-02T04:33:50.808609+00:00,2144.186,201,True,Drug registered successfully on the blockchain
148,DRUG000148,RegisterDrug,2026-10-02T04:33:50.808818+00:00,2026-10-02T04:33:52.932860+00:00,2124.020,201,True,Drug registered successfully on the blockchain
149,DRUG000149,RegisterDrug,2026-10-02T04:33:52.933083+00:00,2026-10-02T04:33:55.050222+00:00,2117.117,201,True,Drug registered successfully on the blockchain
150,DRUG000150,RegisterDrug,2026-10-02T04:33:55.050437+00:00,2026-10-02T04:33:57.179596+00:00,2129.138,201,True,Drug registered successfully on the blockchain
151,DRUG000151,RegisterDrug,2026-10-02T04:33:57.179749+00:00,2026-10-02T04:33:59.313991+00:00,2134.232,201,True,Drug registered successfully on the blockchain
152,DRUG000152,RegisterDrug,2026-10-02T04:33:59.314409+00:00,2026-10-02T04:34:01.439534+00:00,2125.099,201,True,Drug registered successfully on the blockchain
153,DRUG000153,RegisterDrug,2026-10-02T04:34:01.439690+00:00,2026-10-02T04:34:03.561297+00:00,2121.593,201,True,Drug registered successfully on the blockchain
154,DRUG000154,RegisterDrug,2026-10-02T04:34:03.561480+00:00,2026-10-02T04:34:05.703710+00:00,2142.215,201,True,Drug registered successfully on the blockchain
155,DRUG000155,RegisterDrug,2026-10-02T04:34:05.703965+00:00,2026-10-02T04:34:07.847854+00:00,2142.058,201,True,Drug registered successfully on the blockchain
156,DRUG000156,RegisterDrug,2026-10-02T04:34:07.848092+00:00,2026-10-02T04:34:09.999439+00:00,2151.328,201,True,Drug registered successfully on the blockchain
157,DRUG000157,RegisterDrug,2026-10-02T04:34:09.999604+00:00,2026-10-02T04:34:12.149105+00:00,2149.490,201,True,Drug registered successfully on the blockchain
158,DRUG000158,RegisterDrug,2026-10-02T04:34:12.149307+00:00,2026-10-02T04:34:14.279526+00:00,2130.198,201,True,Drug registered successfully on the blockchain
159,DRUG000159,RegisterDrug,2026-10-02T04:34:14.279721+00:00,2026-10-02T04:34:16.427686+00:00,2147.949,201,True,Drug registered successfully on the blockchain
160,DRUG000160,RegisterDrug,2026-10-02T04:34:16.427851+00:00,2026-10-02T04:34:18.578435+00:00,2150.569,201,True,Drug registered successfully on the blockchain
161,DRUG000161,RegisterDrug,2026-10-02T04:34:18.578708+00:00,2026-10-02T04:34:20.728906+00:00,2150.173,201,True,Drug registered successfully on the blockchain
162,DRUG000162,RegisterDrug,2026-10-02T04:34:20.729149+00:00,2026-10-02T04:34:22.836785+00:00,2107.612,201,True,Drug registered successfully on the blockchain
163,DRUG000163,RegisterDrug,2026-10-02T04:34:22.836923+00:00,2026-10-02T04:34:24.957808+00:00,2120.873,201,True,Drug registered successfully on the blockchain
164,DRUG000164,RegisterDrug,2026-10-02T04:34:24.958017+00:00,2026-10-02T04:34:27.182106+00:00,2224.051,201,True,Drug registered successfully on the blockchain
165,DRUG000165,RegisterDrug,2026-10-02T04:34:27.182635+00:00,2026-10-02T04:34:29.361759+00:00,2179.091,201,True,Drug registered successfully on the blockchain
166,DRUG000166,RegisterDrug,2026-10-02T04:34:29.361939+00:00,2026-10-02T04:34:31.487752+00:00,2125.804,201,True,Drug registered successfully on the blockchain
167,DRUG000167,RegisterDrug,2026-10-02T04:34:31.487889+00:00,2026-10-02T04:34:33.676084+00:00,2188.181,201,True,Drug registered successfully on the blockchain
168,DRUG000168,RegisterDrug,2026-10-02T04:34:33.676537+00:00,2026-10-02T04:34:35.844029+00:00,2167.454,201,True,Drug registered successfully on the blockchain
169,DRUG000169,RegisterDrug,2026-10-02T04:34:35.844299+00:00,2026-10-02T04:34:38.002785+00:00,2139.848,201,True,Drug registered successfully on the blockchain
170,DRUG000170,RegisterDrug,2026-10-02T04:34:38.002975+00:00,2026-10-02T04:34:40.112308+00:00,2109.310,201,True,Drug registered successfully on the blockchain
171,DRUG000171,RegisterDrug,2026-10-02T04:34:40.112612+00:00,2026-10-02T04:34:42.244306+00:00,2131.664,201,True,Drug registered successfully on the blockchain
172,DRUG000172,RegisterDrug,2026-10-02T04:34:42.244519+00:00,2026-10-02T04:34:44.351556+00:00,2107.018,201,True,Drug registered successfully on the blockchain
173,DRUG000173,RegisterDrug,2026-10-02T04:34:44.351714+00:00,2026-10-02T04:34:46.490242+00:00,2138.515,201,True,Drug registered successfully on the blockchain
174,DRUG000174,RegisterDrug,2026-10-02T04:34:46.490445+00:00,2026-10-02T04:34:48.634312+00:00,2143.845,201,True,Drug registered successfully on the blockchain
175,DRUG000175,RegisterDrug,2026-10-02T04:34:48.634562+00:00,2026-10-02T04:34:50.776771+00:00,2142.186,201,True,Drug registered successfully on the blockchain
176,DRUG000176,RegisterDrug,2026-10-02T04:34:50.776961+00:00,2026-10-02T04:34:52.922441+00:00,2145.467,201,True,Drug registered successfully on the blockchain
177,DRUG000177,RegisterDrug,2026-10-02T04:34:52.922602+00:00,2026-10-02T04:34:55.043952+00:00,2121.337,201,True,Drug registered successfully on the blockchain
178,DRUG000178,RegisterDrug,2026-10-02T04:34:55.044193+00:00,2026-10-02T04:34:57.152053+00:00,2107.842,201,True,Drug registered successfully on the blockchain
179,DRUG000179,RegisterDrug,2026-10-02T04:34:57.152202+00:00,2026-10-02T04:34:59.246246+00:00,2094.030,201,True,Drug registered successfully on the blockchain
180,DRUG000180,RegisterDrug,2026-10-02T04:34:59.246432+00:00,2026-10-02T04:35:01.402649+00:00,2156.201,201,True,Drug registered successfully on the blockchain
181,DRUG000181,RegisterDrug,2026-10-02T04:35:01.402886+00:00,2026-10-02T04:35:03.537264+00:00,2134.357,201,True,Drug registered successfully on the blockchain
182,DRUG000182,RegisterDrug,2026-10-02T04:35:03.537455+00:00,2026-10-02T04:35:05.679710+00:00,2142.239,201,True,Drug registered successfully on the blockchain
183,DRUG000183,RegisterDrug,2026-10-02T04:35:05.679956+00:00,2026-10-02T04:35:07.791430+00:00,2108.297,201,True,Drug registered successfully on the blockchain
184,DRUG000184,RegisterDrug,2026-10-02T04:35:07.791688+00:00,2026-10-02T04:35:09.933308+00:00,2141.601,201,True,Drug registered successfully on the blockchain
185,DRUG000185,RegisterDrug,2026-10-02T04:35:09.933592+00:00,2026-10-02T04:35:12.083506+00:00,2149.888,201,True,Drug registered successfully on the blockchain
186,DRUG000186,RegisterDrug,2026-10-02T04:35:12.084265+00:00,2026-10-02T04:35:14.222840+00:00,2138.536,201,True,Drug registered successfully on the blockchain
187,DRUG000187,RegisterDrug,2026-10-02T04:35:14.223166+00:00,2026-10-02T04:35:16.365893+00:00,2142.701,201,True,Drug registered successfully on the blockchain
188,DRUG000188,RegisterDrug,2026-10-02T04:35:16.366164+00:00,2026-10-02T04:35:18.513370+00:00,2147.182,201,True,Drug registered successfully on the blockchain
189,DRUG000189,RegisterDrug,2026-10-02T04:35:18.513668+00:00,2026-10-02T04:35:20.666336+00:00,2152.644,201,True,Drug registered successfully on the blockchain
190,DRUG000190,RegisterDrug,2026-10-02T04:35:20.666559+00:00,2026-10-02T04:35:22.767041+00:00,2100.462,201,True,Drug registered successfully on the blockchain
191,DRUG000191,RegisterDrug,2026-10-02T04:35:22.767232+00:00,2026-10-02T04:35:24.889414+00:00,2122.161,201,True,Drug registered successfully on the blockchain
192,DRUG000192,RegisterDrug,2026-10-02T04:35:24.889573+00:00,2026-10-02T04:35:27.002415+00:00,2112.829,201,True,Drug registered successfully on the blockchain
193,DRUG000193,RegisterDrug,2026-10-02T04:35:27.002597+00:00,2026-10-02T04:35:29.123478+00:00,2120.862,201,True,Drug registered successfully on the blockchain
194,DRUG000194,RegisterDrug,2026-10-02T04:35:29.123648+00:00,2026-10-02T04:35:31.259286+00:00,2135.620,201,True,Drug registered successfully on the blockchain
195,DRUG000195,RegisterDrug,2026-10-02T04:35:31.259443+00:00,2026-10-02T04:35:33.369624+00:00,2110.170,201,True,Drug registered successfully on the blockchain
196,DRUG000196,RegisterDrug,2026-10-02T04:35:33.369962+00:00,2026-10-02T04:35:35.513749+00:00,2143.749,201,True,Drug registered successfully on the blockchain
197,DRUG000197,RegisterDrug,2026-10-02T04:35:35.514548+00:00,2026-10-02T04:35:37.667031+00:00,2151.037,201,True,Drug registered successfully on the blockchain
198,DRUG000198,RegisterDrug,2026-10-02T04:35:37.667233+00:00,2026-10-02T04:35:39.800236+00:00,2132.980,201,True,Drug registered successfully on the blockchain
199,DRUG000199,RegisterDrug,2026-10-02T04:35:39.800471+00:00,2026-10-02T04:35:41.944274+00:00,2143.783,201,True,Drug registered successfully on the blockchain
200,DRUG000200,RegisterDrug,2026-10-02T04:35:41.944552+00:00,2026-10-02T04:35:44.087382+00:00,2142.802,201,True,Drug registered successfully on the blockchain
201,DRUG000201,RegisterDrug,2026-10-02T04:35:44.087653+00:00,2026-10-02T04:35:46.232276+00:00,2144.592,201,True,Drug registered successfully on the blockchain
202,DRUG000202,RegisterDrug,2026-10-02T04:35:46.232520+00:00,2026-10-02T04:35:48.370672+00:00,2138.133,201,True,Drug registered successfully on the blockchain
203,DRUG000203,RegisterDrug,2026-10-02T04:35:48.370895+00:00,2026-10-02T04:35:50.514765+00:00,2143.848,201,True,Drug registered successfully on the blockchain
204,DRUG000204,RegisterDrug,2026-10-02T04:35:50.515034+00:00,2026-10-02T04:35:52.619872+00:00,2104.816,201,True,Drug registered successfully on the blockchain
205,DRUG000205,RegisterDrug,2026-10-02T04:35:52.620029+00:00,2026-10-02T04:35:54.725472+00:00,2105.425,201,True,Drug registered successfully on the blockchain
206,DRUG000206,RegisterDrug,2026-10-02T04:35:54.725758+00:00,2026-10-02T04:35:56.858011+00:00,2132.224,201,True,Drug registered successfully on the blockchain
207,DRUG000207,RegisterDrug,2026-10-02T04:35:56.858495+00:00,2026-10-02T04:35:59.006309+00:00,2147.773,201,True,Drug registered successfully on the blockchain
208,DRUG000208,RegisterDrug,2026-10-02T04:35:59.006483+00:00,2026-10-02T04:36:01.158387+00:00,2151.890,201,True,Drug registered successfully on the blockchain
209,DRUG000209,RegisterDrug,2026-10-02T04:36:01.158660+00:00,2026-10-02T04:36:03.302577+00:00,2143.890,201,True,Drug registered successfully on the blockchain
210,DRUG000210,RegisterDrug,2026-10-02T04:36:03.302792+00:00,2026-10-02T04:36:05.464588+00:00,2161.777,201,True,Drug registered successfully on the blockchain
211,DRUG000211,RegisterDrug,2026-10-02T04:36:05.464755+00:00,2026-10-02T04:36:07.615340+00:00,2136.223,201,True,Drug registered successfully on the blockchain
212,DRUG000212,RegisterDrug,2026-10-02T04:36:07.615571+00:00,2026-10-02T04:36:09.778628+00:00,2163.031,201,True,Drug registered successfully on the blockchain
213,DRUG000213,RegisterDrug,2026-10-02T04:36:09.778856+00:00,2026-10-02T04:36:11.934186+00:00,2155.314,201,True,Drug registered successfully on the blockchain
214,DRUG000214,RegisterDrug,2026-10-02T04:36:11.934370+00:00,2026-10-02T04:36:14.094560+00:00,2160.176,201,True,Drug registered successfully on the blockchain
215,DRUG000215,RegisterDrug,2026-10-02T04:36:14.095055+00:00,2026-10-02T04:36:16.237970+00:00,2142.876,201,True,Drug registered successfully on the blockchain
216,DRUG000216,RegisterDrug,2026-10-02T04:36:16.238364+00:00,2026-10-02T04:36:18.367844+00:00,2129.438,201,True,Drug registered successfully on the blockchain
217,DRUG000217,RegisterDrug,2026-10-02T04:36:18.368056+00:00,2026-10-02T04:36:20.512110+00:00,2144.036,201,True,Drug registered successfully on the blockchain
218,DRUG000218,RegisterDrug,2026-10-02T04:36:20.512470+00:00,2026-10-02T04:36:22.625278+00:00,2112.767,201,True,Drug registered successfully on the blockchain
219,DRUG000219,RegisterDrug,2026-10-02T04:36:22.625486+00:00,2026-10-02T04:36:24.729592+00:00,2104.082,201,True,Drug registered successfully on the blockchain
220,DRUG000220,RegisterDrug,2026-10-02T04:36:24.729779+00:00,2026-10-02T04:36:26.877142+00:00,2147.347,201,True,Drug registered successfully on the blockchain
221,DRUG000221,RegisterDrug,2026-10-02T04:36:26.877401+00:00,2026-10-02T04:36:29.023506+00:00,2146.076,201,True,Drug registered successfully on the blockchain
222,DRUG000222,RegisterDrug,2026-10-02T04:36:29.023717+00:00,2026-10-02T04:36:31.167786+00:00,2144.055,201,True,Drug registered successfully on the blockchain
223,DRUG000223,RegisterDrug,2026-10-02T04:36:31.168009+00:00,2026-10-02T04:36:33.265937+00:00,2097.912,201,True,Drug registered successfully on the blockchain
224,DRUG000224,RegisterDrug,2026-10-02T04:36:33.266108+00:00,2026-10-02T04:36:35.399680+00:00,2133.558,201,True,Drug registered successfully on the blockchain
225,DRUG000225,RegisterDrug,2026-10-02T04:36:35.399999+00:00,2026-10-02T04:36:37.552704+00:00,2142.158,201,True,Drug registered successfully on the blockchain
226,DRUG000226,RegisterDrug,2026-10-02T04:36:37.552936+00:00,2026-10-02T04:36:39.702845+00:00,2149.352,201,True,Drug registered successfully on the blockchain
227,DRUG000227,RegisterDrug,2026-10-02T04:36:39.703096+00:00,2026-10-02T04:36:41.815788+00:00,2112.670,201,True,Drug registered successfully on the blockchain
228,DRUG000228,RegisterDrug,2026-10-02T04:36:41.815969+00:00,2026-10-02T04:36:43.962317+00:00,2146.215,201,True,Drug registered successfully on the blockchain
229,DRUG000229,RegisterDrug,2026-10-02T04:36:43.962946+00:00,2026-10-02T04:36:46.112444+00:00,2149.448,201,True,Drug registered successfully on the blockchain
230,DRUG000230,RegisterDrug,2026-10-02T04:36:46.112664+00:00,2026-10-02T04:36:48.262709+00:00,2150.025,201,True,Drug registered successfully on the blockchain
231,DRUG000231,RegisterDrug,2026-10-02T04:36:48.262989+00:00,2026-10-02T04:36:50.412882+00:00,2149.868,201,True,Drug registered successfully on the blockchain
232,DRUG000232,RegisterDrug,2026-10-02T04:36:50.413088+00:00,2026-10-02T04:36:52.511715+00:00,2098.613,201,True,Drug registered successfully on the blockchain
233,DRUG000233,RegisterDrug,2026-10-02T04:36:52.511893+00:00,2026-10-02T04:36:54.658496+00:00,2146.584,201,True,Drug registered successfully on the blockchain
234,DRUG000234,RegisterDrug,2026-10-02T04:36:54.658724+00:00,2026-10-02T04:36:56.804014+00:00,2145.271,201,True,Drug registered successfully on the blockchain
235,DRUG000235,RegisterDrug,2026-10-02T04:36:56.804183+00:00,2026-10-02T04:36:58.938824+00:00,2134.622,201,True,Drug registered successfully on the blockchain
236,DRUG000236,RegisterDrug,2026-10-02T04:36:58.939465+00:00,2026-10-02T04:37:01.077732+00:00,2138.236,201,True,Drug registered successfully on the blockchain
237,DRUG000237,RegisterDrug,2026-10-02T04:37:01.077877+00:00,2026-10-02T04:37:03.209119+00:00,2131.231,201,True,Drug registered successfully on the blockchain
238,DRUG000238,RegisterDrug,2026-10-02T04:37:03.209285+00:00,2026-10-02T04:37:05.319347+00:00,2110.047,201,True,Drug registered successfully on the blockchain
239,DRUG000239,RegisterDrug,2026-10-02T04:37:05.319570+00:00,2026-10-02T04:37:07.451009+00:00,2121.663,201,True,Drug registered successfully on the blockchain
240,DRUG000240,RegisterDrug,2026-10-02T04:37:07.451258+00:00,2026-10-02T04:37:09.598368+00:00,2147.087,201,True,Drug registered successfully on the blockchain
241,DRUG000241,RegisterDrug,2026-10-02T04:37:09.598642+00:00,2026-10-02T04:37:11.742727+00:00,2144.060,201,True,Drug registered successfully on the blockchain
242,DRUG000242,RegisterDrug,2026-10-02T04:37:11.742932+00:00,2026-10-02T04:37:13.886880+00:00,2143.929,201,True,Drug registered successfully on the blockchain
243,DRUG000243,RegisterDrug,2026-10-02T04:37:13.887139+00:00,2026-10-02T04:37:16.025350+00:00,2138.194,201,True,Drug registered successfully on the blockchain
244,DRUG000244,RegisterDrug,2026-10-02T04:37:16.026093+00:00,2026-10-02T04:37:18.156327+00:00,2130.191,201,True,Drug registered successfully on the blockchain
245,DRUG000245,RegisterDrug,2026-10-02T04:37:18.156578+00:00,2026-10-02T04:37:20.299169+00:00,2142.570,201,True,Drug registered successfully on the blockchain
246,DRUG000246,RegisterDrug,2026-10-02T04:37:20.299424+00:00,2026-10-02T04:37:22.430158+00:00,2130.709,201,True,Drug registered successfully on the blockchain
247,DRUG000247,RegisterDrug,2026-10-02T04:37:22.430395+00:00,2026-10-02T04:37:24.571618+00:00,2141.200,201,True,Drug registered successfully on the blockchain
248,DRUG000248,RegisterDrug,2026-10-02T04:37:24.571789+00:00,2026-10-02T04:37:26.675562+00:00,2103.759,201,True,Drug registered successfully on the blockchain
249,DRUG000249,RegisterDrug,2026-10-02T04:37:26.675704+00:00,2026-10-02T04:37:28.793895+00:00,2118.176,201,True,Drug registered successfully on the blockchain
250,DRUG000250,RegisterDrug,2026-10-02T04:37:28.794522+00:00,2026-10-02T04:37:30.930436+00:00,2135.850,201,True,Drug registered successfully on the blockchain
251,DRUG000251,RegisterDrug,2026-10-02T04:37:30.930782+00:00,2026-10-02T04:37:33.079451+00:00,2148.647,201,True,Drug registered successfully on the blockchain
252,DRUG000252,RegisterDrug,2026-10-02T04:37:33.079668+00:00,2026-10-02T04:37:35.202380+00:00,2122.691,201,True,Drug registered successfully on the blockchain
253,DRUG000253,RegisterDrug,2026-10-02T04:37:35.202549+00:00,2026-10-02T04:37:37.334656+00:00,2126.449,201,True,Drug registered successfully on the blockchain
254,DRUG000254,RegisterDrug,2026-10-02T04:37:37.334838+00:00,2026-10-02T04:37:39.475002+00:00,2140.149,201,True,Drug registered successfully on the blockchain
255,DRUG000255,RegisterDrug,2026-10-02T04:37:39.475486+00:00,2026-10-02T04:37:41.597360+00:00,2121.843,201,True,Drug registered successfully on the blockchain
256,DRUG000256,RegisterDrug,2026-10-02T04:37:41.597552+00:00,2026-10-02T04:37:43.739633+00:00,2142.067,201,True,Drug registered successfully on the blockchain
257,DRUG000257,RegisterDrug,2026-10-02T04:37:43.739981+00:00,2026-10-02T04:37:45.890571+00:00,2150.562,201,True,Drug registered successfully on the blockchain
258,DRUG000258,RegisterDrug,2026-10-02T04:37:45.890942+00:00,2026-10-02T04:37:47.992681+00:00,2101.709,201,True,Drug registered successfully on the blockchain
259,DRUG000259,RegisterDrug,2026-10-02T04:37:47.992956+00:00,2026-10-02T04:37:50.128459+00:00,2135.478,201,True,Drug registered successfully on the blockchain
260,DRUG000260,RegisterDrug,2026-10-02T04:37:50.128762+00:00,2026-10-02T04:37:52.260207+00:00,2131.410,201,True,Drug registered successfully on the blockchain
261,DRUG000261,RegisterDrug,2026-10-02T04:37:52.260403+00:00,2026-10-02T04:37:54.379010+00:00,2118.587,201,True,Drug registered successfully on the blockchain
262,DRUG000262,RegisterDrug,2026-10-02T04:37:54.379178+00:00,2026-10-02T04:37:56.490547+00:00,2111.355,201,True,Drug registered successfully on the blockchain
263,DRUG000263,RegisterDrug,2026-10-02T04:37:56.490766+00:00,2026-10-02T04:37:58.635074+00:00,2144.290,201,True,Drug registered successfully on the blockchain
264,DRUG000264,RegisterDrug,2026-10-02T04:37:58.635321+00:00,2026-10-02T04:38:00.785612+00:00,2150.268,201,True,Drug registered successfully on the blockchain
265,DRUG000265,RegisterDrug,2026-10-02T04:38:00.785871+00:00,2026-10-02T04:38:02.934732+00:00,2148.837,201,True,Drug registered successfully on the blockchain
266,DRUG000266,RegisterDrug,2026-10-02T04:38:02.934924+00:00,2026-10-02T04:38:05.043848+00:00,2108.912,201,True,Drug registered successfully on the blockchain
267,DRUG000267,RegisterDrug,2026-10-02T04:38:05.044011+00:00,2026-10-02T04:38:07.163346+00:00,2110.032,201,True,Drug registered successfully on the blockchain
268,DRUG000268,RegisterDrug,2026-10-02T04:38:07.163622+00:00,2026-10-02T04:38:09.268791+00:00,2105.148,201,True,Drug registered successfully on the blockchain
269,DRUG000269,RegisterDrug,2026-10-02T04:38:09.268987+00:00,2026-10-02T04:38:11.413914+00:00,2144.910,201,True,Drug registered successfully on the blockchain
270,DRUG000270,RegisterDrug,2026-10-02T04:38:11.414138+00:00,2026-10-02T04:38:13.562319+00:00,2148.160,201,True,Drug registered successfully on the blockchain
271,DRUG000271,RegisterDrug,2026-10-02T04:38:13.562847+00:00,2026-10-02T04:38:15.714468+00:00,2151.586,201,True,Drug registered successfully on the blockchain
272,DRUG000272,RegisterDrug,2026-10-02T04:38:15.714964+00:00,2026-10-02T04:38:17.865862+00:00,2150.863,201,True,Drug registered successfully on the blockchain
273,DRUG000273,RegisterDrug,2026-10-02T04:38:17.866067+00:00,2026-10-02T04:38:19.997754+00:00,2131.670,201,True,Drug registered successfully on the blockchain
274,DRUG000274,RegisterDrug,2026-10-02T04:38:19.998291+00:00,2026-10-02T04:38:22.144985+00:00,2146.653,201,True,Drug registered successfully on the blockchain
275,DRUG000275,RegisterDrug,2026-10-02T04:38:22.145209+00:00,2026-10-02T04:38:24.292217+00:00,2146.990,201,True,Drug registered successfully on the blockchain
276,DRUG000276,RegisterDrug,2026-10-02T04:38:24.292439+00:00,2026-10-02T04:38:26.411471+00:00,2119.014,201,True,Drug registered successfully on the blockchain
277,DRUG000277,RegisterDrug,2026-10-02T04:38:26.411637+00:00,2026-10-02T04:38:28.555704+00:00,2144.054,201,True,Drug registered successfully on the blockchain
278,DRUG000278,RegisterDrug,2026-10-02T04:38:28.555926+00:00,2026-10-02T04:38:30.713127+00:00,2157.183,201,True,Drug registered successfully on the blockchain
279,DRUG000279,RegisterDrug,2026-10-02T04:38:30.713290+00:00,2026-10-02T04:38:32.824963+00:00,2111.662,201,True,Drug registered successfully on the blockchain
280,DRUG000280,RegisterDrug,2026-10-02T04:38:32.825131+00:00,2026-10-02T04:38:34.945922+00:00,2120.778,201,True,Drug registered successfully on the blockchain
281,DRUG000281,RegisterDrug,2026-10-02T04:38:34.946079+00:00,2026-10-02T04:38:37.054280+00:00,2101.438,201,True,Drug registered successfully on the blockchain
282,DRUG000282,RegisterDrug,2026-10-02T04:38:37.054644+00:00,2026-10-02T04:38:39.197346+00:00,2142.672,201,True,Drug registered successfully on the blockchain
283,DRUG000283,RegisterDrug,2026-10-02T04:38:39.197617+00:00,2026-10-02T04:38:41.346358+00:00,2148.716,201,True,Drug registered successfully on the blockchain
284,DRUG000284,RegisterDrug,2026-10-02T04:38:41.346646+00:00,2026-10-02T04:38:43.474038+00:00,2127.362,201,True,Drug registered successfully on the blockchain
285,DRUG000285,RegisterDrug,2026-10-02T04:38:43.474231+00:00,2026-10-02T04:38:45.605898+00:00,2131.647,201,True,Drug registered successfully on the blockchain
286,DRUG000286,RegisterDrug,2026-10-02T04:38:45.606119+00:00,2026-10-02T04:38:47.739409+00:00,2133.274,201,True,Drug registered successfully on the blockchain
287,DRUG000287,RegisterDrug,2026-10-02T04:38:47.739642+00:00,2026-10-02T04:38:49.867624+00:00,2127.963,201,True,Drug registered successfully on the blockchain
288,DRUG000288,RegisterDrug,2026-10-02T04:38:49.867892+00:00,2026-10-02T04:38:52.015083+00:00,2147.164,201,True,Drug registered successfully on the blockchain
289,DRUG000289,RegisterDrug,2026-10-02T04:38:52.015286+00:00,2026-10-02T04:38:54.148200+00:00,2132.896,201,True,Drug registered successfully on the blockchain
290,DRUG000290,RegisterDrug,2026-10-02T04:38:54.148403+00:00,2026-10-02T04:38:56.295978+00:00,2147.557,201,True,Drug registered successfully on the blockchain
291,DRUG000291,RegisterDrug,2026-10-02T04:38:56.296225+00:00,2026-10-02T04:38:58.435854+00:00,2139.615,201,True,Drug registered successfully on the blockchain
292,DRUG000292,RegisterDrug,2026-10-02T04:38:58.436425+00:00,2026-10-02T04:39:00.561146+00:00,2124.675,201,True,Drug registered successfully on the blockchain
293,DRUG000293,RegisterDrug,2026-10-02T04:39:00.561305+00:00,2026-10-02T04:39:02.712173+00:00,2150.857,201,True,Drug registered successfully on the blockchain
294,DRUG000294,RegisterDrug,2026-10-02T04:39:02.713239+00:00,2026-10-02T04:39:04.853244+00:00,2139.916,201,True,Drug registered successfully on the blockchain
295,DRUG000295,RegisterDrug,2026-10-02T04:39:04.853487+00:00,2026-10-02T04:39:07.010679+00:00,2141.488,201,True,Drug registered successfully on the blockchain
296,DRUG000296,RegisterDrug,2026-10-02T04:39:07.010959+00:00,2026-10-02T04:39:09.170350+00:00,2159.364,201,True,Drug registered successfully on the blockchain
297,DRUG000297,RegisterDrug,2026-10-02T04:39:09.170760+00:00,2026-10-02T04:39:11.320046+00:00,2149.253,201,True,Drug registered successfully on the blockchain
298,DRUG000298,RegisterDrug,2026-10-02T04:39:11.320281+00:00,2026-10-02T04:39:13.457024+00:00,2136.725,201,True,Drug registered successfully on the blockchain
299,DRUG000299,RegisterDrug,2026-10-02T04:39:13.457244+00:00,2026-10-02T04:39:15.599541+00:00,2142.278,201,True,Drug registered successfully on the blockchain
300,DRUG000300,RegisterDrug,2026-10-02T04:39:15.600156+00:00,2026-10-02T04:39:17.741883+00:00,2141.687,201,True,Drug registered successfully on the blockchain
301,DRUG000301,RegisterDrug,2026-10-02T04:39:17.742068+00:00,2026-10-02T04:39:19.874695+00:00,2132.611,201,True,Drug registered successfully on the blockchain
302,DRUG000302,RegisterDrug,2026-10-02T04:39:19.874952+00:00,2026-10-02T04:39:22.004487+00:00,2129.514,201,True,Drug registered successfully on the blockchain
303,DRUG000303,RegisterDrug,2026-10-02T04:39:22.005011+00:00,2026-10-02T04:39:24.140452+00:00,2135.412,201,True,Drug registered successfully on the blockchain
304,DRUG000304,RegisterDrug,2026-10-02T04:39:24.140677+00:00,2026-10-02T04:39:26.286087+00:00,2145.388,201,True,Drug registered successfully on the blockchain
305,DRUG000305,RegisterDrug,2026-10-02T04:39:26.286298+00:00,2026-10-02T04:39:28.406627+00:00,2120.307,201,True,Drug registered successfully on the blockchain
306,DRUG000306,RegisterDrug,2026-10-02T04:39:28.406887+00:00,2026-10-02T04:39:30.543683+00:00,2136.774,201,True,Drug registered successfully on the blockchain
307,DRUG000307,RegisterDrug,2026-10-02T04:39:30.543864+00:00,2026-10-02T04:39:32.674649+00:00,2130.767,201,True,Drug registered successfully on the blockchain
308,DRUG000308,RegisterDrug,2026-10-02T04:39:32.674860+00:00,2026-10-02T04:39:34.805637+00:00,2130.761,201,True,Drug registered successfully on the blockchain
309,DRUG000309,RegisterDrug,2026-10-02T04:39:34.805817+00:00,2026-10-02T04:39:36.952919+00:00,2129.932,201,True,Drug registered successfully on the blockchain
310,DRUG000310,RegisterDrug,2026-10-02T04:39:36.953136+00:00,2026-10-02T04:39:39.108219+00:00,2155.067,201,True,Drug registered successfully on the blockchain
311,DRUG000311,RegisterDrug,2026-10-02T04:39:39.108382+00:00,2026-10-02T04:39:41.265673+00:00,2157.279,201,True,Drug registered successfully on the blockchain
312,DRUG000312,RegisterDrug,2026-10-02T04:39:41.265940+00:00,2026-10-02T04:39:43.436831+00:00,2170.865,201,True,Drug registered successfully on the blockchain
313,DRUG000313,RegisterDrug,2026-10-02T04:39:43.437024+00:00,2026-10-02T04:39:45.578582+00:00,2141.540,201,True,Drug registered successfully on the blockchain
314,DRUG000314,RegisterDrug,2026-10-02T04:39:45.579189+00:00,2026-10-02T04:39:47.722619+00:00,2143.392,201,True,Drug registered successfully on the blockchain
315,DRUG000315,RegisterDrug,2026-10-02T04:39:47.722831+00:00,2026-10-02T04:39:49.864038+00:00,2141.191,201,True,Drug registered successfully on the blockchain
316,DRUG000316,RegisterDrug,2026-10-02T04:39:49.864247+00:00,2026-10-02T04:39:51.999550+00:00,2135.290,201,True,Drug registered successfully on the blockchain
317,DRUG000317,RegisterDrug,2026-10-02T04:39:51.999747+00:00,2026-10-02T04:39:54.146645+00:00,2146.879,201,True,Drug registered successfully on the blockchain
318,DRUG000318,RegisterDrug,2026-10-02T04:39:54.146867+00:00,2026-10-02T04:39:56.289349+00:00,2142.462,201,True,Drug registered successfully on the blockchain
319,DRUG000319,RegisterDrug,2026-10-02T04:39:56.289564+00:00,2026-10-02T04:39:58.432964+00:00,2143.385,201,True,Drug registered successfully on the blockchain
320,DRUG000320,RegisterDrug,2026-10-02T04:39:58.433125+00:00,2026-10-02T04:40:00.559539+00:00,2126.398,201,True,Drug registered successfully on the blockchain
321,DRUG000321,RegisterDrug,2026-10-02T04:40:00.559775+00:00,2026-10-02T04:40:02.667451+00:00,2107.656,201,True,Drug registered successfully on the blockchain
322,DRUG000322,RegisterDrug,2026-10-02T04:40:02.667655+00:00,2026-10-02T04:40:04.816668+00:00,2148.992,201,True,Drug registered successfully on the blockchain
323,DRUG000323,RegisterDrug,2026-10-02T04:40:04.816840+00:00,2026-10-02T04:40:06.980692+00:00,2141.977,201,True,Drug registered successfully on the blockchain
324,DRUG000324,RegisterDrug,2026-10-02T04:40:06.981300+00:00,2026-10-02T04:40:09.092922+00:00,2111.584,201,True,Drug registered successfully on the blockchain
325,DRUG000325,RegisterDrug,2026-10-02T04:40:09.093148+00:00,2026-10-02T04:40:11.244835+00:00,2151.665,201,True,Drug registered successfully on the blockchain
326,DRUG000326,RegisterDrug,2026-10-02T04:40:11.245113+00:00,2026-10-02T04:40:13.383905+00:00,2138.771,201,True,Drug registered successfully on the blockchain
327,DRUG000327,RegisterDrug,2026-10-02T04:40:13.384070+00:00,2026-10-02T04:40:15.479091+00:00,2095.008,201,True,Drug registered successfully on the blockchain
328,DRUG000328,RegisterDrug,2026-10-02T04:40:15.479220+00:00,2026-10-02T04:40:17.601209+00:00,2121.976,201,True,Drug registered successfully on the blockchain
329,DRUG000329,RegisterDrug,2026-10-02T04:40:17.601766+00:00,2026-10-02T04:40:19.761405+00:00,2159.604,201,True,Drug registered successfully on the blockchain
330,DRUG000330,RegisterDrug,2026-10-02T04:40:19.761644+00:00,2026-10-02T04:40:21.921808+00:00,2160.148,201,True,Drug registered successfully on the blockchain
331,DRUG000331,RegisterDrug,2026-10-02T04:40:21.922019+00:00,2026-10-02T04:40:24.065890+00:00,2143.850,201,True,Drug registered successfully on the blockchain
332,DRUG000332,RegisterDrug,2026-10-02T04:40:24.066100+00:00,2026-10-02T04:40:26.211981+00:00,2145.869,201,True,Drug registered successfully on the blockchain
333,DRUG000333,RegisterDrug,2026-10-02T04:40:26.212749+00:00,2026-10-02T04:40:28.311573+00:00,2098.783,201,True,Drug registered successfully on the blockchain
334,DRUG000334,RegisterDrug,2026-10-02T04:40:28.311805+00:00,2026-10-02T04:40:30.443755+00:00,2131.930,201,True,Drug registered successfully on the blockchain
335,DRUG000335,RegisterDrug,2026-10-02T04:40:30.444188+00:00,2026-10-02T04:40:32.572934+00:00,2128.712,201,True,Drug registered successfully on the blockchain
336,DRUG000336,RegisterDrug,2026-10-02T04:40:32.573123+00:00,2026-10-02T04:40:34.717165+00:00,2143.992,201,True,Drug registered successfully on the blockchain
337,DRUG000337,RegisterDrug,2026-10-02T04:40:34.717401+00:00,2026-10-02T04:40:36.895862+00:00,2157.292,201,True,Drug registered successfully on the blockchain
338,DRUG000338,RegisterDrug,2026-10-02T04:40:36.896047+00:00,2026-10-02T04:40:39.008388+00:00,2112.321,201,True,Drug registered successfully on the blockchain
339,DRUG000339,RegisterDrug,2026-10-02T04:40:39.008677+00:00,2026-10-02T04:40:41.179835+00:00,2171.133,201,True,Drug registered successfully on the blockchain
340,DRUG000340,RegisterDrug,2026-10-02T04:40:41.180022+00:00,2026-10-02T04:40:43.298887+00:00,2118.849,201,True,Drug registered successfully on the blockchain
341,DRUG000341,RegisterDrug,2026-10-02T04:40:43.299046+00:00,2026-10-02T04:40:45.434642+00:00,2135.583,201,True,Drug registered successfully on the blockchain
342,DRUG000342,RegisterDrug,2026-10-02T04:40:45.434998+00:00,2026-10-02T04:40:47.592731+00:00,2157.679,201,True,Drug registered successfully on the blockchain
343,DRUG000343,RegisterDrug,2026-10-02T04:40:47.592978+00:00,2026-10-02T04:40:49.704803+00:00,2111.801,201,True,Drug registered successfully on the blockchain
344,DRUG000344,RegisterDrug,2026-10-02T04:40:49.704969+00:00,2026-10-02T04:40:51.851068+00:00,2146.081,201,True,Drug registered successfully on the blockchain
345,DRUG000345,RegisterDrug,2026-10-02T04:40:51.851746+00:00,2026-10-02T04:40:53.992604+00:00,2140.825,201,True,Drug registered successfully on the blockchain
346,DRUG000346,RegisterDrug,2026-10-02T04:40:53.992796+00:00,2026-10-02T04:40:56.138182+00:00,2145.366,201,True,Drug registered successfully on the blockchain
347,DRUG000347,RegisterDrug,2026-10-02T04:40:56.138401+00:00,2026-10-02T04:40:58.286079+00:00,2147.654,201,True,Drug registered successfully on the blockchain
348,DRUG000348,RegisterDrug,2026-10-02T04:40:58.286293+00:00,2026-10-02T04:41:00.422120+00:00,2135.806,201,True,Drug registered successfully on the blockchain
349,DRUG000349,RegisterDrug,2026-10-02T04:41:00.422311+00:00,2026-10-02T04:41:02.554531+00:00,2132.203,201,True,Drug registered successfully on the blockchain
350,DRUG000350,RegisterDrug,2026-10-02T04:41:02.554730+00:00,2026-10-02T04:41:04.708003+00:00,2153.251,201,True,Drug registered successfully on the blockchain
351,DRUG000351,RegisterDrug,2026-10-02T04:41:04.708194+00:00,2026-10-02T04:41:06.847627+00:00,2156.860,201,True,Drug registered successfully on the blockchain
352,DRUG000352,RegisterDrug,2026-10-02T04:41:06.848127+00:00,2026-10-02T04:41:08.991958+00:00,2143.790,201,True,Drug registered successfully on the blockchain
353,DRUG000353,RegisterDrug,2026-10-02T04:41:08.992192+00:00,2026-10-02T04:41:11.132923+00:00,2140.713,201,True,Drug registered successfully on the blockchain
354,DRUG000354,RegisterDrug,2026-10-02T04:41:11.133124+00:00,2026-10-02T04:41:13.268748+00:00,2135.609,201,True,Drug registered successfully on the blockchain
355,DRUG000355,RegisterDrug,2026-10-02T04:41:13.268993+00:00,2026-10-02T04:41:15.396416+00:00,2127.404,201,True,Drug registered successfully on the blockchain
356,DRUG000356,RegisterDrug,2026-10-02T04:41:15.396899+00:00,2026-10-02T04:41:17.544098+00:00,2147.164,201,True,Drug registered successfully on the blockchain
357,DRUG000357,RegisterDrug,2026-10-02T04:41:17.544562+00:00,2026-10-02T04:41:19.685838+00:00,2141.240,201,True,Drug registered successfully on the blockchain
358,DRUG000358,RegisterDrug,2026-10-02T04:41:19.686097+00:00,2026-10-02T04:41:21.837504+00:00,2151.386,201,True,Drug registered successfully on the blockchain
359,DRUG000359,RegisterDrug,2026-10-02T04:41:21.837853+00:00,2026-10-02T04:41:23.965963+00:00,2128.083,201,True,Drug registered successfully on the blockchain
360,DRUG000360,RegisterDrug,2026-10-02T04:41:23.966121+00:00,2026-10-02T04:41:26.102937+00:00,2136.806,201,True,Drug registered successfully on the blockchain
361,DRUG000361,RegisterDrug,2026-10-02T04:41:26.103207+00:00,2026-10-02T04:41:28.247720+00:00,2144.492,201,True,Drug registered successfully on the blockchain
362,DRUG000362,RegisterDrug,2026-10-02T04:41:28.247914+00:00,2026-10-02T04:41:30.392242+00:00,2144.310,201,True,Drug registered successfully on the blockchain
363,DRUG000363,RegisterDrug,2026-10-02T04:41:30.392486+00:00,2026-10-02T04:41:32.533232+00:00,2140.723,201,True,Drug registered successfully on the blockchain
364,DRUG000364,RegisterDrug,2026-10-02T04:41:32.533441+00:00,2026-10-02T04:41:34.686072+00:00,2152.613,201,True,Drug registered successfully on the blockchain
365,DRUG000365,RegisterDrug,2026-10-02T04:41:34.686281+00:00,2026-10-02T04:41:36.854366+00:00,2156.318,201,True,Drug registered successfully on the blockchain
366,DRUG000366,RegisterDrug,2026-10-02T04:41:36.854592+00:00,2026-10-02T04:41:39.014833+00:00,2160.220,201,True,Drug registered successfully on the blockchain
367,DRUG000367,RegisterDrug,2026-10-02T04:41:39.015593+00:00,2026-10-02T04:41:41.168647+00:00,2153.018,201,True,Drug registered successfully on the blockchain
368,DRUG000368,RegisterDrug,2026-10-02T04:41:41.168799+00:00,2026-10-02T04:41:43.305006+00:00,2136.192,201,True,Drug registered successfully on the blockchain
369,DRUG000369,RegisterDrug,2026-10-02T04:41:43.305221+00:00,2026-10-02T04:41:45.419448+00:00,2114.212,201,True,Drug registered successfully on the blockchain
370,DRUG000370,RegisterDrug,2026-10-02T04:41:45.419658+00:00,2026-10-02T04:41:47.536913+00:00,2117.235,201,True,Drug registered successfully on the blockchain
371,DRUG000371,RegisterDrug,2026-10-02T04:41:47.537089+00:00,2026-10-02T04:41:49.675125+00:00,2138.019,201,True,Drug registered successfully on the blockchain
372,DRUG000372,RegisterDrug,2026-10-02T04:41:49.675820+00:00,2026-10-02T04:41:51.829801+00:00,2153.945,201,True,Drug registered successfully on the blockchain
373,DRUG000373,RegisterDrug,2026-10-02T04:41:51.830030+00:00,2026-10-02T04:41:53.963080+00:00,2133.034,201,True,Drug registered successfully on the blockchain
374,DRUG000374,RegisterDrug,2026-10-02T04:41:53.963239+00:00,2026-10-02T04:41:56.103039+00:00,2139.785,201,True,Drug registered successfully on the blockchain
375,DRUG000375,RegisterDrug,2026-10-02T04:41:56.103228+00:00,2026-10-02T04:41:58.253845+00:00,2150.603,201,True,Drug registered successfully on the blockchain
376,DRUG000376,RegisterDrug,2026-10-02T04:41:58.254048+00:00,2026-10-02T04:42:00.386401+00:00,2132.337,201,True,Drug registered successfully on the blockchain
377,DRUG000377,RegisterDrug,2026-10-02T04:42:00.386886+00:00,2026-10-02T04:42:02.536987+00:00,2150.064,201,True,Drug registered successfully on the blockchain
378,DRUG000378,RegisterDrug,2026-10-02T04:42:02.537256+00:00,2026-10-02T04:42:04.690276+00:00,2153.003,201,True,Drug registered successfully on the blockchain
379,DRUG000379,RegisterDrug,2026-10-02T04:42:04.690470+00:00,2026-10-02T04:42:06.851818+00:00,2150.114,201,True,Drug registered successfully on the blockchain
380,DRUG000380,RegisterDrug,2026-10-02T04:42:06.852080+00:00,2026-10-02T04:42:09.003276+00:00,2151.172,201,True,Drug registered successfully on the blockchain
381,DRUG000381,RegisterDrug,2026-10-02T04:42:09.003481+00:00,2026-10-02T04:42:11.149037+00:00,2145.542,201,True,Drug registered successfully on the blockchain
382,DRUG000382,RegisterDrug,2026-10-02T04:42:11.149238+00:00,2026-10-02T04:42:13.313182+00:00,2163.930,201,True,Drug registered successfully on the blockchain
383,DRUG000383,RegisterDrug,2026-10-02T04:42:13.313397+00:00,2026-10-02T04:42:15.448514+00:00,2135.102,201,True,Drug registered successfully on the blockchain
384,DRUG000384,RegisterDrug,2026-10-02T04:42:15.448703+00:00,2026-10-02T04:42:17.590965+00:00,2142.245,201,True,Drug registered successfully on the blockchain
385,DRUG000385,RegisterDrug,2026-10-02T04:42:17.591615+00:00,2026-10-02T04:42:19.728088+00:00,2136.439,201,True,Drug registered successfully on the blockchain
386,DRUG000386,RegisterDrug,2026-10-02T04:42:19.728265+00:00,2026-10-02T04:42:21.884865+00:00,2156.587,201,True,Drug registered successfully on the blockchain
387,DRUG000387,RegisterDrug,2026-10-02T04:42:21.885081+00:00,2026-10-02T04:42:24.022617+00:00,2137.515,201,True,Drug registered successfully on the blockchain
388,DRUG000388,RegisterDrug,2026-10-02T04:42:24.023297+00:00,2026-10-02T04:42:26.162268+00:00,2138.934,201,True,Drug registered successfully on the blockchain
389,DRUG000389,RegisterDrug,2026-10-02T04:42:26.162494+00:00,2026-10-02T04:42:28.293430+00:00,2130.917,201,True,Drug registered successfully on the blockchain
390,DRUG000390,RegisterDrug,2026-10-02T04:42:28.293609+00:00,2026-10-02T04:42:30.434385+00:00,2140.757,201,True,Drug registered successfully on the blockchain
391,DRUG000391,RegisterDrug,2026-10-02T04:42:30.434574+00:00,2026-10-02T04:42:32.573133+00:00,2138.546,201,True,Drug registered successfully on the blockchain
392,DRUG000392,RegisterDrug,2026-10-02T04:42:32.573859+00:00,2026-10-02T04:42:34.725298+00:00,2151.395,201,True,Drug registered successfully on the blockchain
393,DRUG000393,RegisterDrug,2026-10-02T04:42:34.725508+00:00,2026-10-02T04:42:36.880573+00:00,2137.889,201,True,Drug registered successfully on the blockchain
394,DRUG000394,RegisterDrug,2026-10-02T04:42:36.880816+00:00,2026-10-02T04:42:39.021439+00:00,2140.601,201,True,Drug registered successfully on the blockchain
395,DRUG000395,RegisterDrug,2026-10-02T04:42:39.021675+00:00,2026-10-02T04:42:41.161148+00:00,2139.455,201,True,Drug registered successfully on the blockchain
396,DRUG000396,RegisterDrug,2026-10-02T04:42:41.161515+00:00,2026-10-02T04:42:43.307168+00:00,2145.630,201,True,Drug registered successfully on the blockchain
397,DRUG000397,RegisterDrug,2026-10-02T04:42:43.307442+00:00,2026-10-02T04:42:45.432236+00:00,2124.770,201,True,Drug registered successfully on the blockchain
398,DRUG000398,RegisterDrug,2026-10-02T04:42:45.432422+00:00,2026-10-02T04:42:47.555223+00:00,2122.782,201,True,Drug registered successfully on the blockchain
399,DRUG000399,RegisterDrug,2026-10-02T04:42:47.555771+00:00,2026-10-02T04:42:49.697972+00:00,2142.169,201,True,Drug registered successfully on the blockchain
400,DRUG000400,RegisterDrug,2026-10-02T04:42:49.698203+00:00,2026-10-02T04:42:51.852801+00:00,2154.578,201,True,Drug registered successfully on the blockchain
401,DRUG000401,RegisterDrug,2026-10-02T04:42:51.852977+00:00,2026-10-02T04:42:54.001685+00:00,2148.694,201,True,Drug registered successfully on the blockchain
402,DRUG000402,RegisterDrug,2026-10-02T04:42:54.002053+00:00,2026-10-02T04:42:56.150451+00:00,2148.369,201,True,Drug registered successfully on the blockchain
403,DRUG000403,RegisterDrug,2026-10-02T04:42:56.150627+00:00,2026-10-02T04:42:58.273630+00:00,2122.989,201,True,Drug registered successfully on the blockchain
404,DRUG000404,RegisterDrug,2026-10-02T04:42:58.273842+00:00,2026-10-02T04:43:00.412994+00:00,2139.136,201,True,Drug registered successfully on the blockchain
405,DRUG000405,RegisterDrug,2026-10-02T04:43:00.413254+00:00,2026-10-02T04:43:02.566722+00:00,2153.444,201,True,Drug registered successfully on the blockchain
406,DRUG000406,RegisterDrug,2026-10-02T04:43:02.566962+00:00,2026-10-02T04:43:04.720072+00:00,2153.092,201,True,Drug registered successfully on the blockchain
407,DRUG000407,RegisterDrug,2026-10-02T04:43:04.720290+00:00,2026-10-02T04:43:06.853672+00:00,2124.301,201,True,Drug registered successfully on the blockchain
408,DRUG000408,RegisterDrug,2026-10-02T04:43:06.853928+00:00,2026-10-02T04:43:08.991746+00:00,2137.795,201,True,Drug registered successfully on the blockchain
409,DRUG000409,RegisterDrug,2026-10-02T04:43:08.992049+00:00,2026-10-02T04:43:11.132434+00:00,2140.362,201,True,Drug registered successfully on the blockchain
410,DRUG000410,RegisterDrug,2026-10-02T04:43:11.132698+00:00,2026-10-02T04:43:13.266987+00:00,2134.266,201,True,Drug registered successfully on the blockchain
411,DRUG000411,RegisterDrug,2026-10-02T04:43:13.267280+00:00,2026-10-02T04:43:15.368509+00:00,2101.200,201,True,Drug registered successfully on the blockchain
412,DRUG000412,RegisterDrug,2026-10-02T04:43:15.368706+00:00,2026-10-02T04:43:17.461643+00:00,2092.919,201,True,Drug registered successfully on the blockchain
413,DRUG000413,RegisterDrug,2026-10-02T04:43:17.461832+00:00,2026-10-02T04:43:19.582268+00:00,2120.421,201,True,Drug registered successfully on the blockchain
414,DRUG000414,RegisterDrug,2026-10-02T04:43:19.582606+00:00,2026-10-02T04:43:21.728923+00:00,2146.297,201,True,Drug registered successfully on the blockchain
415,DRUG000415,RegisterDrug,2026-10-02T04:43:21.729113+00:00,2026-10-02T04:43:23.841565+00:00,2112.426,201,True,Drug registered successfully on the blockchain
416,DRUG000416,RegisterDrug,2026-10-02T04:43:23.841729+00:00,2026-10-02T04:43:25.980306+00:00,2138.560,201,True,Drug registered successfully on the blockchain
417,DRUG000417,RegisterDrug,2026-10-02T04:43:25.980496+00:00,2026-10-02T04:43:28.128011+00:00,2147.501,201,True,Drug registered successfully on the blockchain
418,DRUG000418,RegisterDrug,2026-10-02T04:43:28.128261+00:00,2026-10-02T04:43:30.279315+00:00,2151.034,201,True,Drug registered successfully on the blockchain
419,DRUG000419,RegisterDrug,2026-10-02T04:43:30.279459+00:00,2026-10-02T04:43:32.422680+00:00,2143.208,201,True,Drug registered successfully on the blockchain
420,DRUG000420,RegisterDrug,2026-10-02T04:43:32.423159+00:00,2026-10-02T04:43:34.567597+00:00,2144.403,201,True,Drug registered successfully on the blockchain
421,DRUG000421,RegisterDrug,2026-10-02T04:43:34.567820+00:00,2026-10-02T04:43:36.714141+00:00,2146.300,201,True,Drug registered successfully on the blockchain
422,DRUG000422,RegisterDrug,2026-10-02T04:43:36.714412+00:00,2026-10-02T04:43:38.890906+00:00,2136.572,201,True,Drug registered successfully on the blockchain
423,DRUG000423,RegisterDrug,2026-10-02T04:43:38.891178+00:00,2026-10-02T04:43:41.041270+00:00,2150.073,201,True,Drug registered successfully on the blockchain
424,DRUG000424,RegisterDrug,2026-10-02T04:43:41.041592+00:00,2026-10-02T04:43:43.189751+00:00,2148.137,201,True,Drug registered successfully on the blockchain
425,DRUG000425,RegisterDrug,2026-10-02T04:43:43.189994+00:00,2026-10-02T04:43:45.311529+00:00,2121.519,201,True,Drug registered successfully on the blockchain
426,DRUG000426,RegisterDrug,2026-10-02T04:43:45.311696+00:00,2026-10-02T04:43:47.441341+00:00,2129.633,201,True,Drug registered successfully on the blockchain
427,DRUG000427,RegisterDrug,2026-10-02T04:43:47.441766+00:00,2026-10-02T04:43:49.546513+00:00,2104.714,201,True,Drug registered successfully on the blockchain
428,DRUG000428,RegisterDrug,2026-10-02T04:43:49.546746+00:00,2026-10-02T04:43:51.687270+00:00,2140.505,201,True,Drug registered successfully on the blockchain
429,DRUG000429,RegisterDrug,2026-10-02T04:43:51.687517+00:00,2026-10-02T04:43:53.835151+00:00,2147.611,201,True,Drug registered successfully on the blockchain
430,DRUG000430,RegisterDrug,2026-10-02T04:43:53.835728+00:00,2026-10-02T04:43:55.984346+00:00,2148.583,201,True,Drug registered successfully on the blockchain
431,DRUG000431,RegisterDrug,2026-10-02T04:43:55.984578+00:00,2026-10-02T04:43:58.134920+00:00,2150.323,201,True,Drug registered successfully on the blockchain
432,DRUG000432,RegisterDrug,2026-10-02T04:43:58.135283+00:00,2026-10-02T04:44:00.266291+00:00,2130.992,201,True,Drug registered successfully on the blockchain
433,DRUG000433,RegisterDrug,2026-10-02T04:44:00.266638+00:00,2026-10-02T04:44:02.383014+00:00,2116.321,201,True,Drug registered successfully on the blockchain
434,DRUG000434,RegisterDrug,2026-10-02T04:44:02.383216+00:00,2026-10-02T04:44:04.532326+00:00,2149.092,201,True,Drug registered successfully on the blockchain
435,DRUG000435,RegisterDrug,2026-10-02T04:44:04.532627+00:00,2026-10-02T04:44:06.689466+00:00,2156.818,201,True,Drug registered successfully on the blockchain
436,DRUG000436,RegisterDrug,2026-10-02T04:44:06.689679+00:00,2026-10-02T04:44:08.856724+00:00,2141.107,201,True,Drug registered successfully on the blockchain
437,DRUG000437,RegisterDrug,2026-10-02T04:44:08.856916+00:00,2026-10-02T04:44:11.000591+00:00,2143.658,201,True,Drug registered successfully on the blockchain
438,DRUG000438,RegisterDrug,2026-10-02T04:44:11.000851+00:00,2026-10-02T04:44:13.143152+00:00,2142.278,201,True,Drug registered successfully on the blockchain
439,DRUG000439,RegisterDrug,2026-10-02T04:44:13.143361+00:00,2026-10-02T04:44:15.262094+00:00,2118.716,201,True,Drug registered successfully on the blockchain
440,DRUG000440,RegisterDrug,2026-10-02T04:44:15.262277+00:00,2026-10-02T04:44:17.381539+00:00,2119.245,201,True,Drug registered successfully on the blockchain
441,DRUG000441,RegisterDrug,2026-10-02T04:44:17.382241+00:00,2026-10-02T04:44:19.532712+00:00,2150.437,201,True,Drug registered successfully on the blockchain
442,DRUG000442,RegisterDrug,2026-10-02T04:44:19.536998+00:00,2026-10-02T04:44:21.678880+00:00,2141.843,201,True,Drug registered successfully on the blockchain
443,DRUG000443,RegisterDrug,2026-10-02T04:44:21.679150+00:00,2026-10-02T04:44:23.821930+00:00,2142.759,201,True,Drug registered successfully on the blockchain
444,DRUG000444,RegisterDrug,2026-10-02T04:44:23.822141+00:00,2026-10-02T04:44:25.986077+00:00,2163.921,201,True,Drug registered successfully on the blockchain
445,DRUG000445,RegisterDrug,2026-10-02T04:44:25.986326+00:00,2026-10-02T04:44:28.131538+00:00,2145.200,201,True,Drug registered successfully on the blockchain
446,DRUG000446,RegisterDrug,2026-10-02T04:44:28.131689+00:00,2026-10-02T04:44:30.262602+00:00,2130.898,201,True,Drug registered successfully on the blockchain
447,DRUG000447,RegisterDrug,2026-10-02T04:44:30.262869+00:00,2026-10-02T04:44:32.410676+00:00,2147.782,201,True,Drug registered successfully on the blockchain
448,DRUG000448,RegisterDrug,2026-10-02T04:44:32.410865+00:00,2026-10-02T04:44:34.556849+00:00,2145.964,201,True,Drug registered successfully on the blockchain
449,DRUG000449,RegisterDrug,2026-10-02T04:44:34.557029+00:00,2026-10-02T04:44:36.708750+00:00,2151.707,201,True,Drug registered successfully on the blockchain
450,DRUG000450,RegisterDrug,2026-10-02T04:44:36.709268+00:00,2026-10-02T04:44:38.885474+00:00,2147.623,201,True,Drug registered successfully on the blockchain
451,DRUG000451,RegisterDrug,2026-10-02T04:44:38.885744+00:00,2026-10-02T04:44:41.041542+00:00,2155.776,201,True,Drug registered successfully on the blockchain
452,DRUG000452,RegisterDrug,2026-10-02T04:44:41.041813+00:00,2026-10-02T04:44:43.179302+00:00,2137.466,201,True,Drug registered successfully on the blockchain
453,DRUG000453,RegisterDrug,2026-10-02T04:44:43.179524+00:00,2026-10-02T04:44:45.290161+00:00,2110.611,201,True,Drug registered successfully on the blockchain
454,DRUG000454,RegisterDrug,2026-10-02T04:44:45.290372+00:00,2026-10-02T04:44:47.398086+00:00,2107.689,201,True,Drug registered successfully on the blockchain
455,DRUG000455,RegisterDrug,2026-10-02T04:44:47.398333+00:00,2026-10-02T04:44:49.527660+00:00,2129.303,201,True,Drug registered successfully on the blockchain
456,DRUG000456,RegisterDrug,2026-10-02T04:44:49.527848+00:00,2026-10-02T04:44:51.672028+00:00,2144.161,201,True,Drug registered successfully on the blockchain
457,DRUG000457,RegisterDrug,2026-10-02T04:44:51.672278+00:00,2026-10-02T04:44:53.783086+00:00,2110.785,201,True,Drug registered successfully on the blockchain
458,DRUG000458,RegisterDrug,2026-10-02T04:44:53.783228+00:00,2026-10-02T04:44:55.924877+00:00,2141.634,201,True,Drug registered successfully on the blockchain
459,DRUG000459,RegisterDrug,2026-10-02T04:44:55.925116+00:00,2026-10-02T04:44:58.079299+00:00,2154.161,201,True,Drug registered successfully on the blockchain
460,DRUG000460,RegisterDrug,2026-10-02T04:44:58.079532+00:00,2026-10-02T04:45:00.192671+00:00,2113.114,201,True,Drug registered successfully on the blockchain
461,DRUG000461,RegisterDrug,2026-10-02T04:45:00.193216+00:00,2026-10-02T04:45:02.334450+00:00,2141.216,201,True,Drug registered successfully on the blockchain
462,DRUG000462,RegisterDrug,2026-10-02T04:45:02.335138+00:00,2026-10-02T04:45:04.473723+00:00,2138.556,201,True,Drug registered successfully on the blockchain
463,DRUG000463,RegisterDrug,2026-10-02T04:45:04.473925+00:00,2026-10-02T04:45:06.613870+00:00,2139.929,201,True,Drug registered successfully on the blockchain
464,DRUG000464,RegisterDrug,2026-10-02T04:45:06.614047+00:00,2026-10-02T04:45:08.796644+00:00,2150.435,201,True,Drug registered successfully on the blockchain
465,DRUG000465,RegisterDrug,2026-10-02T04:45:08.796849+00:00,2026-10-02T04:45:10.947496+00:00,2150.623,201,True,Drug registered successfully on the blockchain
466,DRUG000466,RegisterDrug,2026-10-02T04:45:10.947752+00:00,2026-10-02T04:45:13.049459+00:00,2101.685,201,True,Drug registered successfully on the blockchain
467,DRUG000467,RegisterDrug,2026-10-02T04:45:13.049701+00:00,2026-10-02T04:45:15.166893+00:00,2117.170,201,True,Drug registered successfully on the blockchain
468,DRUG000468,RegisterDrug,2026-10-02T04:45:15.167061+00:00,2026-10-02T04:45:17.315876+00:00,2148.800,201,True,Drug registered successfully on the blockchain
469,DRUG000469,RegisterDrug,2026-10-02T04:45:17.316344+00:00,2026-10-02T04:45:19.458838+00:00,2142.454,201,True,Drug registered successfully on the blockchain
470,DRUG000470,RegisterDrug,2026-10-02T04:45:19.459194+00:00,2026-10-02T04:45:21.609362+00:00,2150.142,201,True,Drug registered successfully on the blockchain
471,DRUG000471,RegisterDrug,2026-10-02T04:45:21.609557+00:00,2026-10-02T04:45:23.774896+00:00,2165.325,201,True,Drug registered successfully on the blockchain
472,DRUG000472,RegisterDrug,2026-10-02T04:45:23.775114+00:00,2026-10-02T04:45:25.938034+00:00,2162.902,201,True,Drug registered successfully on the blockchain
473,DRUG000473,RegisterDrug,2026-10-02T04:45:25.938720+00:00,2026-10-02T04:45:28.071878+00:00,2133.126,201,True,Drug registered successfully on the blockchain
474,DRUG000474,RegisterDrug,2026-10-02T04:45:28.072052+00:00,2026-10-02T04:45:30.208934+00:00,2136.867,201,True,Drug registered successfully on the blockchain
475,DRUG000475,RegisterDrug,2026-10-02T04:45:30.209129+00:00,2026-10-02T04:45:32.329375+00:00,2120.224,201,True,Drug registered successfully on the blockchain
476,DRUG000476,RegisterDrug,2026-10-02T04:45:32.329559+00:00,2026-10-02T04:45:34.465538+00:00,2135.965,201,True,Drug registered successfully on the blockchain
477,DRUG000477,RegisterDrug,2026-10-02T04:45:34.465880+00:00,2026-10-02T04:45:36.608196+00:00,2142.293,201,True,Drug registered successfully on the blockchain
478,DRUG000478,RegisterDrug,2026-10-02T04:45:36.608405+00:00,2026-10-02T04:45:38.768318+00:00,2137.982,201,True,Drug registered successfully on the blockchain
479,DRUG000479,RegisterDrug,2026-10-02T04:45:38.768844+00:00,2026-10-02T04:45:40.913692+00:00,2144.708,201,True,Drug registered successfully on the blockchain
480,DRUG000480,RegisterDrug,2026-10-02T04:45:40.913888+00:00,2026-10-02T04:45:43.034111+00:00,2120.210,201,True,Drug registered successfully on the blockchain
481,DRUG000481,RegisterDrug,2026-10-02T04:45:43.034280+00:00,2026-10-02T04:45:45.134954+00:00,2100.658,201,True,Drug registered successfully on the blockchain
482,DRUG000482,RegisterDrug,2026-10-02T04:45:45.135172+00:00,2026-10-02T04:45:47.278810+00:00,2143.616,201,True,Drug registered successfully on the blockchain
483,DRUG000483,RegisterDrug,2026-10-02T04:45:47.279052+00:00,2026-10-02T04:45:49.405571+00:00,2126.499,201,True,Drug registered successfully on the blockchain
484,DRUG000484,RegisterDrug,2026-10-02T04:45:49.406014+00:00,2026-10-02T04:45:51.549215+00:00,2143.166,201,True,Drug registered successfully on the blockchain
485,DRUG000485,RegisterDrug,2026-10-02T04:45:51.549399+00:00,2026-10-02T04:45:53.693467+00:00,2144.054,201,True,Drug registered successfully on the blockchain
486,DRUG000486,RegisterDrug,2026-10-02T04:45:53.693730+00:00,2026-10-02T04:45:55.836517+00:00,2142.764,201,True,Drug registered successfully on the blockchain
487,DRUG000487,RegisterDrug,2026-10-02T04:45:55.836737+00:00,2026-10-02T04:45:57.986693+00:00,2149.941,201,True,Drug registered successfully on the blockchain
488,DRUG000488,RegisterDrug,2026-10-02T04:45:57.986888+00:00,2026-10-02T04:46:00.097500+00:00,2110.593,201,True,Drug registered successfully on the blockchain
489,DRUG000489,RegisterDrug,2026-10-02T04:46:00.098126+00:00,2026-10-02T04:46:02.245286+00:00,2147.122,201,True,Drug registered successfully on the blockchain
490,DRUG000490,RegisterDrug,2026-10-02T04:46:02.245561+00:00,2026-10-02T04:46:04.398089+00:00,2152.505,201,True,Drug registered successfully on the blockchain
491,DRUG000491,RegisterDrug,2026-10-02T04:46:04.398278+00:00,2026-10-02T04:46:06.549912+00:00,2151.619,201,True,Drug registered successfully on the blockchain
492,DRUG000492,RegisterDrug,2026-10-02T04:46:06.550137+00:00,2026-10-02T04:46:08.719049+00:00,2152.466,201,True,Drug registered successfully on the blockchain
493,DRUG000493,RegisterDrug,2026-10-02T04:46:08.719310+00:00,2026-10-02T04:46:10.865711+00:00,2146.380,201,True,Drug registered successfully on the blockchain
494,DRUG000494,RegisterDrug,2026-10-02T04:46:10.866185+00:00,2026-10-02T04:46:13.000909+00:00,2134.695,201,True,Drug registered successfully on the blockchain
495,DRUG000495,RegisterDrug,2026-10-02T04:46:13.001071+00:00,2026-10-02T04:46:15.113993+00:00,2112.905,201,True,Drug registered successfully on the blockchain
496,DRUG000496,RegisterDrug,2026-10-02T04:46:15.114171+00:00,2026-10-02T04:46:17.255571+00:00,2141.380,201,True,Drug registered successfully on the blockchain
497,DRUG000497,RegisterDrug,2026-10-02T04:46:17.255739+00:00,2026-10-02T04:46:19.384256+00:00,2128.506,201,True,Drug registered successfully on the blockchain
498,DRUG000498,RegisterDrug,2026-10-02T04:46:19.384441+00:00,2026-10-02T04:46:21.526046+00:00,2141.585,201,True,Drug registered successfully on the blockchain
499,DRUG000499,RegisterDrug,2026-10-02T04:46:21.526249+00:00,2026-10-02T04:46:23.621825+00:00,2095.555,201,True,Drug registered successfully on the blockchain
500,DRUG000500,RegisterDrug,2026-10-02T04:46:23.622015+00:00,2026-10-02T04:46:25.768443+00:00,2146.412,201,True,Drug registered successfully on the blockchain
501,DRUG000501,RegisterDrug,2026-10-02T04:46:25.768649+00:00,2026-10-02T04:46:27.914075+00:00,2145.409,201,True,Drug registered successfully on the blockchain
502,DRUG000502,RegisterDrug,2026-10-02T04:46:27.914747+00:00,2026-10-02T04:46:30.045615+00:00,2130.842,201,True,Drug registered successfully on the blockchain
503,DRUG000503,RegisterDrug,2026-10-02T04:46:30.045817+00:00,2026-10-02T04:46:32.192416+00:00,2146.581,201,True,Drug registered successfully on the blockchain
504,DRUG000504,RegisterDrug,2026-10-02T04:46:32.192672+00:00,2026-10-02T04:46:34.337270+00:00,2144.583,201,True,Drug registered successfully on the blockchain
505,DRUG000505,RegisterDrug,2026-10-02T04:46:34.337718+00:00,2026-10-02T04:46:36.456564+00:00,2118.808,201,True,Drug registered successfully on the blockchain
506,DRUG000506,RegisterDrug,2026-10-02T04:46:36.456863+00:00,2026-10-02T04:46:38.576862+00:00,2105.111,201,True,Drug registered successfully on the blockchain
507,DRUG000507,RegisterDrug,2026-10-02T04:46:38.577059+00:00,2026-10-02T04:46:40.725899+00:00,2148.823,201,True,Drug registered successfully on the blockchain
508,DRUG000508,RegisterDrug,2026-10-02T04:46:40.726403+00:00,2026-10-02T04:46:42.861299+00:00,2134.858,201,True,Drug registered successfully on the blockchain
509,DRUG000509,RegisterDrug,2026-10-02T04:46:42.861519+00:00,2026-10-02T04:46:45.020350+00:00,2158.802,201,True,Drug registered successfully on the blockchain
510,DRUG000510,RegisterDrug,2026-10-02T04:46:45.020670+00:00,2026-10-02T04:46:47.194577+00:00,2173.888,201,True,Drug registered successfully on the blockchain
511,DRUG000511,RegisterDrug,2026-10-02T04:46:47.194786+00:00,2026-10-02T04:46:49.345903+00:00,2151.102,201,True,Drug registered successfully on the blockchain
512,DRUG000512,RegisterDrug,2026-10-02T04:46:49.346120+00:00,2026-10-02T04:46:51.492671+00:00,2146.532,201,True,Drug registered successfully on the blockchain
513,DRUG000513,RegisterDrug,2026-10-02T04:46:51.492930+00:00,2026-10-02T04:46:53.630357+00:00,2137.403,201,True,Drug registered successfully on the blockchain
514,DRUG000514,RegisterDrug,2026-10-02T04:46:53.630591+00:00,2026-10-02T04:46:55.735123+00:00,2104.506,201,True,Drug registered successfully on the blockchain
515,DRUG000515,RegisterDrug,2026-10-02T04:46:55.735556+00:00,2026-10-02T04:46:57.865671+00:00,2130.085,201,True,Drug registered successfully on the blockchain
516,DRUG000516,RegisterDrug,2026-10-02T04:46:57.865859+00:00,2026-10-02T04:47:00.007609+00:00,2141.734,201,True,Drug registered successfully on the blockchain
517,DRUG000517,RegisterDrug,2026-10-02T04:47:00.007823+00:00,2026-10-02T04:47:02.145012+00:00,2137.176,201,True,Drug registered successfully on the blockchain
518,DRUG000518,RegisterDrug,2026-10-02T04:47:02.145234+00:00,2026-10-02T04:47:04.275114+00:00,2129.861,201,True,Drug registered successfully on the blockchain
519,DRUG000519,RegisterDrug,2026-10-02T04:47:04.275269+00:00,2026-10-02T04:47:06.381404+00:00,2106.125,201,True,Drug registered successfully on the blockchain
520,DRUG000520,RegisterDrug,2026-10-02T04:47:06.381561+00:00,2026-10-02T04:47:08.521072+00:00,2136.460,201,True,Drug registered successfully on the blockchain
521,DRUG000521,RegisterDrug,2026-10-02T04:47:08.521279+00:00,2026-10-02T04:47:10.673954+00:00,2152.657,201,True,Drug registered successfully on the blockchain
522,DRUG000522,RegisterDrug,2026-10-02T04:47:10.674209+00:00,2026-10-02T04:47:12.823279+00:00,2149.049,201,True,Drug registered successfully on the blockchain
523,DRUG000523,RegisterDrug,2026-10-02T04:47:12.823548+00:00,2026-10-02T04:47:14.972921+00:00,2149.348,201,True,Drug registered successfully on the blockchain
524,DRUG000524,RegisterDrug,2026-10-02T04:47:14.973212+00:00,2026-10-02T04:47:17.111685+00:00,2138.454,201,True,Drug registered successfully on the blockchain
525,DRUG000525,RegisterDrug,2026-10-02T04:47:17.111882+00:00,2026-10-02T04:47:19.248976+00:00,2137.080,201,True,Drug registered successfully on the blockchain
526,DRUG000526,RegisterDrug,2026-10-02T04:47:19.249389+00:00,2026-10-02T04:47:21.397774+00:00,2148.353,201,True,Drug registered successfully on the blockchain
527,DRUG000527,RegisterDrug,2026-10-02T04:47:21.398009+00:00,2026-10-02T04:47:23.551917+00:00,2153.891,201,True,Drug registered successfully on the blockchain
528,DRUG000528,RegisterDrug,2026-10-02T04:47:23.552653+00:00,2026-10-02T04:47:25.668886+00:00,2116.192,201,True,Drug registered successfully on the blockchain
529,DRUG000529,RegisterDrug,2026-10-02T04:47:25.669203+00:00,2026-10-02T04:47:27.812488+00:00,2143.251,201,True,Drug registered successfully on the blockchain
530,DRUG000530,RegisterDrug,2026-10-02T04:47:27.813632+00:00,2026-10-02T04:47:29.928511+00:00,2114.843,201,True,Drug registered successfully on the blockchain
531,DRUG000531,RegisterDrug,2026-10-02T04:47:29.928714+00:00,2026-10-02T04:47:32.020206+00:00,2091.478,201,True,Drug registered successfully on the blockchain
532,DRUG000532,RegisterDrug,2026-10-02T04:47:32.020423+00:00,2026-10-02T04:47:34.117841+00:00,2097.400,201,True,Drug registered successfully on the blockchain
533,DRUG000533,RegisterDrug,2026-10-02T04:47:34.117999+00:00,2026-10-02T04:47:36.275345+00:00,2157.331,201,True,Drug registered successfully on the blockchain
534,DRUG000534,RegisterDrug,2026-10-02T04:47:36.275550+00:00,2026-10-02T04:47:38.392542+00:00,2117.599,201,True,Drug registered successfully on the blockchain
535,DRUG000535,RegisterDrug,2026-10-02T04:47:38.392754+00:00,2026-10-02T04:47:40.516462+00:00,2123.678,201,True,Drug registered successfully on the blockchain
536,DRUG000536,RegisterDrug,2026-10-02T04:47:40.516741+00:00,2026-10-02T04:47:42.657327+00:00,2140.563,201,True,Drug registered successfully on the blockchain
537,DRUG000537,RegisterDrug,2026-10-02T04:47:42.657969+00:00,2026-10-02T04:47:44.793260+00:00,2135.255,201,True,Drug registered successfully on the blockchain
538,DRUG000538,RegisterDrug,2026-10-02T04:47:44.793457+00:00,2026-10-02T04:47:46.936305+00:00,2142.831,201,True,Drug registered successfully on the blockchain
539,DRUG000539,RegisterDrug,2026-10-02T04:47:46.936558+00:00,2026-10-02T04:47:49.084538+00:00,2147.957,201,True,Drug registered successfully on the blockchain
540,DRUG000540,RegisterDrug,2026-10-02T04:47:49.084770+00:00,2026-10-02T04:47:51.230512+00:00,2145.720,201,True,Drug registered successfully on the blockchain
541,DRUG000541,RegisterDrug,2026-10-02T04:47:51.231222+00:00,2026-10-02T04:47:53.365236+00:00,2133.962,201,True,Drug registered successfully on the blockchain
542,DRUG000542,RegisterDrug,2026-10-02T04:47:53.365425+00:00,2026-10-02T04:47:55.463598+00:00,2098.154,201,True,Drug registered successfully on the blockchain
543,DRUG000543,RegisterDrug,2026-10-02T04:47:55.463769+00:00,2026-10-02T04:47:57.592092+00:00,2128.299,201,True,Drug registered successfully on the blockchain
544,DRUG000544,RegisterDrug,2026-10-02T04:47:57.592306+00:00,2026-10-02T04:47:59.700191+00:00,2107.864,201,True,Drug registered successfully on the blockchain
545,DRUG000545,RegisterDrug,2026-10-02T04:47:59.700352+00:00,2026-10-02T04:48:01.841975+00:00,2141.607,201,True,Drug registered successfully on the blockchain
546,DRUG000546,RegisterDrug,2026-10-02T04:48:01.842198+00:00,2026-10-02T04:48:03.989003+00:00,2146.786,201,True,Drug registered successfully on the blockchain
547,DRUG000547,RegisterDrug,2026-10-02T04:48:03.989530+00:00,2026-10-02T04:48:06.092234+00:00,2102.679,201,True,Drug registered successfully on the blockchain
548,DRUG000548,RegisterDrug,2026-10-02T04:48:06.092623+00:00,2026-10-02T04:48:08.249039+00:00,2116.392,201,True,Drug registered successfully on the blockchain
549,DRUG000549,RegisterDrug,2026-10-02T04:48:08.249349+00:00,2026-10-02T04:48:10.386927+00:00,2137.549,201,True,Drug registered successfully on the blockchain
550,DRUG000550,RegisterDrug,2026-10-02T04:48:10.387196+00:00,2026-10-02T04:48:12.540180+00:00,2152.968,201,True,Drug registered successfully on the blockchain
551,DRUG000551,RegisterDrug,2026-10-02T04:48:12.540401+00:00,2026-10-02T04:48:14.684006+00:00,2143.583,201,True,Drug registered successfully on the blockchain
552,DRUG000552,RegisterDrug,2026-10-02T04:48:14.684225+00:00,2026-10-02T04:48:16.826666+00:00,2142.420,201,True,Drug registered successfully on the blockchain
553,DRUG000553,RegisterDrug,2026-10-02T04:48:16.826974+00:00,2026-10-02T04:48:18.971071+00:00,2144.084,201,True,Drug registered successfully on the blockchain
554,DRUG000554,RegisterDrug,2026-10-02T04:48:18.971310+00:00,2026-10-02T04:48:21.118114+00:00,2146.785,201,True,Drug registered successfully on the blockchain
555,DRUG000555,RegisterDrug,2026-10-02T04:48:21.118453+00:00,2026-10-02T04:48:23.211607+00:00,2093.129,201,True,Drug registered successfully on the blockchain
556,DRUG000556,RegisterDrug,2026-10-02T04:48:23.211776+00:00,2026-10-02T04:48:25.330767+00:00,2118.969,201,True,Drug registered successfully on the blockchain
557,DRUG000557,RegisterDrug,2026-10-02T04:48:25.330990+00:00,2026-10-02T04:48:27.481306+00:00,2150.290,201,True,Drug registered successfully on the blockchain
558,DRUG000558,RegisterDrug,2026-10-02T04:48:27.482028+00:00,2026-10-02T04:48:29.628014+00:00,2145.888,201,True,Drug registered successfully on the blockchain
559,DRUG000559,RegisterDrug,2026-10-02T04:48:29.628838+00:00,2026-10-02T04:48:31.776123+00:00,2147.256,201,True,Drug registered successfully on the blockchain
560,DRUG000560,RegisterDrug,2026-10-02T04:48:31.776287+00:00,2026-10-02T04:48:33.915278+00:00,2138.978,201,True,Drug registered successfully on the blockchain
561,DRUG000561,RegisterDrug,2026-10-02T04:48:33.915483+00:00,2026-10-02T04:48:36.055077+00:00,2139.578,201,True,Drug registered successfully on the blockchain
562,DRUG000562,RegisterDrug,2026-10-02T04:48:36.055242+00:00,2026-10-02T04:48:38.220680+00:00,2149.748,201,True,Drug registered successfully on the blockchain
563,DRUG000563,RegisterDrug,2026-10-02T04:48:38.220912+00:00,2026-10-02T04:48:40.364431+00:00,2143.499,201,True,Drug registered successfully on the blockchain
564,DRUG000564,RegisterDrug,2026-10-02T04:48:40.364623+00:00,2026-10-02T04:48:42.491858+00:00,2127.214,201,True,Drug registered successfully on the blockchain
565,DRUG000565,RegisterDrug,2026-10-02T04:48:42.492029+00:00,2026-10-02T04:48:44.631464+00:00,2139.422,201,True,Drug registered successfully on the blockchain
566,DRUG000566,RegisterDrug,2026-10-02T04:48:44.631636+00:00,2026-10-02T04:48:46.768414+00:00,2136.764,201,True,Drug registered successfully on the blockchain
567,DRUG000567,RegisterDrug,2026-10-02T04:48:46.769072+00:00,2026-10-02T04:48:48.909548+00:00,2140.443,201,True,Drug registered successfully on the blockchain
568,DRUG000568,RegisterDrug,2026-10-02T04:48:48.909787+00:00,2026-10-02T04:48:51.061136+00:00,2151.329,201,True,Drug registered successfully on the blockchain
569,DRUG000569,RegisterDrug,2026-10-02T04:48:51.061502+00:00,2026-10-02T04:48:53.177160+00:00,2115.636,201,True,Drug registered successfully on the blockchain
570,DRUG000570,RegisterDrug,2026-10-02T04:48:53.177370+00:00,2026-10-02T04:48:55.298734+00:00,2121.344,201,True,Drug registered successfully on the blockchain
571,DRUG000571,RegisterDrug,2026-10-02T04:48:55.298916+00:00,2026-10-02T04:48:57.439775+00:00,2140.847,201,True,Drug registered successfully on the blockchain
572,DRUG000572,RegisterDrug,2026-10-02T04:48:57.439954+00:00,2026-10-02T04:48:59.595146+00:00,2155.176,201,True,Drug registered successfully on the blockchain
573,DRUG000573,RegisterDrug,2026-10-02T04:48:59.595313+00:00,2026-10-02T04:49:01.743623+00:00,2148.294,201,True,Drug registered successfully on the blockchain
574,DRUG000574,RegisterDrug,2026-10-02T04:49:01.743849+00:00,2026-10-02T04:49:03.839805+00:00,2095.940,201,True,Drug registered successfully on the blockchain
575,DRUG000575,RegisterDrug,2026-10-02T04:49:03.840155+00:00,2026-10-02T04:49:05.979056+00:00,2138.878,201,True,Drug registered successfully on the blockchain
576,DRUG000576,RegisterDrug,2026-10-02T04:49:05.979235+00:00,2026-10-02T04:49:08.103744+00:00,2106.968,201,True,Drug registered successfully on the blockchain
577,DRUG000577,RegisterDrug,2026-10-02T04:49:08.103918+00:00,2026-10-02T04:49:10.250637+00:00,2146.700,201,True,Drug registered successfully on the blockchain
578,DRUG000578,RegisterDrug,2026-10-02T04:49:10.250984+00:00,2026-10-02T04:49:12.395653+00:00,2144.633,201,True,Drug registered successfully on the blockchain
579,DRUG000579,RegisterDrug,2026-10-02T04:49:12.396077+00:00,2026-10-02T04:49:14.555521+00:00,2159.389,201,True,Drug registered successfully on the blockchain
580,DRUG000580,RegisterDrug,2026-10-02T04:49:14.555687+00:00,2026-10-02T04:49:16.695282+00:00,2139.583,201,True,Drug registered successfully on the blockchain
581,DRUG000581,RegisterDrug,2026-10-02T04:49:16.695430+00:00,2026-10-02T04:49:18.826668+00:00,2131.226,201,True,Drug registered successfully on the blockchain
582,DRUG000582,RegisterDrug,2026-10-02T04:49:18.826860+00:00,2026-10-02T04:49:20.970005+00:00,2143.126,201,True,Drug registered successfully on the blockchain
583,DRUG000583,RegisterDrug,2026-10-02T04:49:20.970266+00:00,2026-10-02T04:49:23.106609+00:00,2136.322,201,True,Drug registered successfully on the blockchain
584,DRUG000584,RegisterDrug,2026-10-02T04:49:23.106794+00:00,2026-10-02T04:49:25.223284+00:00,2116.470,201,True,Drug registered successfully on the blockchain
585,DRUG000585,RegisterDrug,2026-10-02T04:49:25.223491+00:00,2026-10-02T04:49:27.367230+00:00,2143.719,201,True,Drug registered successfully on the blockchain
586,DRUG000586,RegisterDrug,2026-10-02T04:49:27.367816+00:00,2026-10-02T04:49:29.497788+00:00,2129.935,201,True,Drug registered successfully on the blockchain
587,DRUG000587,RegisterDrug,2026-10-02T04:49:29.498168+00:00,2026-10-02T04:49:31.591314+00:00,2093.113,201,True,Drug registered successfully on the blockchain
588,DRUG000588,RegisterDrug,2026-10-02T04:49:31.591501+00:00,2026-10-02T04:49:33.732830+00:00,2141.304,201,True,Drug registered successfully on the blockchain
589,DRUG000589,RegisterDrug,2026-10-02T04:49:33.733174+00:00,2026-10-02T04:49:35.868886+00:00,2135.693,201,True,Drug registered successfully on the blockchain
590,DRUG000590,RegisterDrug,2026-10-02T04:49:35.869293+00:00,2026-10-02T04:49:37.986672+00:00,2104.823,201,True,Drug registered successfully on the blockchain
591,DRUG000591,RegisterDrug,2026-10-02T04:49:37.987011+00:00,2026-10-02T04:49:40.091909+00:00,2104.875,201,True,Drug registered successfully on the blockchain
592,DRUG000592,RegisterDrug,2026-10-02T04:49:40.092082+00:00,2026-10-02T04:49:42.206695+00:00,2114.595,201,True,Drug registered successfully on the blockchain
593,DRUG000593,RegisterDrug,2026-10-02T04:49:42.206884+00:00,2026-10-02T04:49:44.349939+00:00,2143.038,201,True,Drug registered successfully on the blockchain
594,DRUG000594,RegisterDrug,2026-10-02T04:49:44.350152+00:00,2026-10-02T04:49:46.448218+00:00,2098.024,201,True,Drug registered successfully on the blockchain
595,DRUG000595,RegisterDrug,2026-10-02T04:49:46.448365+00:00,2026-10-02T04:49:48.564053+00:00,2115.677,201,True,Drug registered successfully on the blockchain
596,DRUG000596,RegisterDrug,2026-10-02T04:49:48.564261+00:00,2026-10-02T04:49:50.709700+00:00,2145.417,201,True,Drug registered successfully on the blockchain
597,DRUG000597,RegisterDrug,2026-10-02T04:49:50.709928+00:00,2026-10-02T04:49:52.845463+00:00,2135.510,201,True,Drug registered successfully on the blockchain
598,DRUG000598,RegisterDrug,2026-10-02T04:49:52.845619+00:00,2026-10-02T04:49:54.995654+00:00,2150.017,201,True,Drug registered successfully on the blockchain
599,DRUG000599,RegisterDrug,2026-10-02T04:49:54.995944+00:00,2026-10-02T04:49:57.146426+00:00,2150.455,201,True,Drug registered successfully on the blockchain
600,DRUG000600,RegisterDrug,2026-10-02T04:49:57.146969+00:00,2026-10-02T04:49:59.312644+00:00,2165.635,201,True,Drug registered successfully on the blockchain
601,DRUG000601,RegisterDrug,2026-10-02T04:49:59.312880+00:00,2026-10-02T04:50:01.456250+00:00,2143.349,201,True,Drug registered successfully on the blockchain
602,DRUG000602,RegisterDrug,2026-10-02T04:50:01.456494+00:00,2026-10-02T04:50:03.582734+00:00,2126.218,201,True,Drug registered successfully on the blockchain
603,DRUG000603,RegisterDrug,2026-10-02T04:50:03.582903+00:00,2026-10-02T04:50:05.695936+00:00,2113.017,201,True,Drug registered successfully on the blockchain
604,DRUG000604,RegisterDrug,2026-10-02T04:50:05.696124+00:00,2026-10-02T04:50:07.823970+00:00,2092.597,201,True,Drug registered successfully on the blockchain
605,DRUG000605,RegisterDrug,2026-10-02T04:50:07.824138+00:00,2026-10-02T04:50:09.951715+00:00,2127.563,201,True,Drug registered successfully on the blockchain
606,DRUG000606,RegisterDrug,2026-10-02T04:50:09.952070+00:00,2026-10-02T04:50:12.089801+00:00,2137.691,201,True,Drug registered successfully on the blockchain
607,DRUG000607,RegisterDrug,2026-10-02T04:50:12.089990+00:00,2026-10-02T04:50:14.221745+00:00,2131.735,201,True,Drug registered successfully on the blockchain
608,DRUG000608,RegisterDrug,2026-10-02T04:50:14.221920+00:00,2026-10-02T04:50:16.371683+00:00,2149.748,201,True,Drug registered successfully on the blockchain
609,DRUG000609,RegisterDrug,2026-10-02T04:50:16.371882+00:00,2026-10-02T04:50:18.486247+00:00,2114.348,201,True,Drug registered successfully on the blockchain
610,DRUG000610,RegisterDrug,2026-10-02T04:50:18.486444+00:00,2026-10-02T04:50:20.609499+00:00,2123.027,201,True,Drug registered successfully on the blockchain
611,DRUG000611,RegisterDrug,2026-10-02T04:50:20.610000+00:00,2026-10-02T04:50:22.724280+00:00,2114.212,201,True,Drug registered successfully on the blockchain
612,DRUG000612,RegisterDrug,2026-10-02T04:50:22.724448+00:00,2026-10-02T04:50:24.856785+00:00,2132.325,201,True,Drug registered successfully on the blockchain
613,DRUG000613,RegisterDrug,2026-10-02T04:50:24.857043+00:00,2026-10-02T04:50:27.007311+00:00,2150.245,201,True,Drug registered successfully on the blockchain
614,DRUG000614,RegisterDrug,2026-10-02T04:50:27.007571+00:00,2026-10-02T04:50:29.157908+00:00,2150.280,201,True,Drug registered successfully on the blockchain
615,DRUG000615,RegisterDrug,2026-10-02T04:50:29.158208+00:00,2026-10-02T04:50:31.310028+00:00,2151.797,201,True,Drug registered successfully on the blockchain
616,DRUG000616,RegisterDrug,2026-10-02T04:50:31.310227+00:00,2026-10-02T04:50:33.453558+00:00,2143.318,201,True,Drug registered successfully on the blockchain
617,DRUG000617,RegisterDrug,2026-10-02T04:50:33.453742+00:00,2026-10-02T04:50:35.582802+00:00,2129.040,201,True,Drug registered successfully on the blockchain
618,DRUG000618,RegisterDrug,2026-10-02T04:50:35.583002+00:00,2026-10-02T04:50:37.695575+00:00,2117.030,201,True,Drug registered successfully on the blockchain
619,DRUG000619,RegisterDrug,2026-10-02T04:50:37.695853+00:00,2026-10-02T04:50:39.822477+00:00,2126.599,201,True,Drug registered successfully on the blockchain
620,DRUG000620,RegisterDrug,2026-10-02T04:50:39.822719+00:00,2026-10-02T04:50:41.958690+00:00,2135.949,201,True,Drug registered successfully on the blockchain
621,DRUG000621,RegisterDrug,2026-10-02T04:50:41.959014+00:00,2026-10-02T04:50:44.100836+00:00,2141.803,201,True,Drug registered successfully on the blockchain
622,DRUG000622,RegisterDrug,2026-10-02T04:50:44.101465+00:00,2026-10-02T04:50:46.244321+00:00,2142.798,201,True,Drug registered successfully on the blockchain
623,DRUG000623,RegisterDrug,2026-10-02T04:50:46.244513+00:00,2026-10-02T04:50:48.385494+00:00,2140.963,201,True,Drug registered successfully on the blockchain
624,DRUG000624,RegisterDrug,2026-10-02T04:50:48.385725+00:00,2026-10-02T04:50:50.532280+00:00,2146.532,201,True,Drug registered successfully on the blockchain
625,DRUG000625,RegisterDrug,2026-10-02T04:50:50.532518+00:00,2026-10-02T04:50:52.684211+00:00,2151.629,201,True,Drug registered successfully on the blockchain
626,DRUG000626,RegisterDrug,2026-10-02T04:50:52.685148+00:00,2026-10-02T04:50:54.813882+00:00,2128.706,201,True,Drug registered successfully on the blockchain
627,DRUG000627,RegisterDrug,2026-10-02T04:50:54.814112+00:00,2026-10-02T04:50:56.962968+00:00,2148.843,201,True,Drug registered successfully on the blockchain
628,DRUG000628,RegisterDrug,2026-10-02T04:50:56.963109+00:00,2026-10-02T04:50:59.102308+00:00,2139.188,201,True,Drug registered successfully on the blockchain
629,DRUG000629,RegisterDrug,2026-10-02T04:50:59.102507+00:00,2026-10-02T04:51:01.245867+00:00,2143.341,201,True,Drug registered successfully on the blockchain
630,DRUG000630,RegisterDrug,2026-10-02T04:51:01.246053+00:00,2026-10-02T04:51:03.388325+00:00,2142.252,201,True,Drug registered successfully on the blockchain
631,DRUG000631,RegisterDrug,2026-10-02T04:51:03.388523+00:00,2026-10-02T04:51:05.502921+00:00,2114.379,201,True,Drug registered successfully on the blockchain
632,DRUG000632,RegisterDrug,2026-10-02T04:51:05.503736+00:00,2026-10-02T04:51:07.634014+00:00,2119.659,201,True,Drug registered successfully on the blockchain
633,DRUG000633,RegisterDrug,2026-10-02T04:51:07.634237+00:00,2026-10-02T04:51:09.770330+00:00,2136.071,201,True,Drug registered successfully on the blockchain
634,DRUG000634,RegisterDrug,2026-10-02T04:51:09.770583+00:00,2026-10-02T04:51:11.917435+00:00,2146.825,201,True,Drug registered successfully on the blockchain
635,DRUG000635,RegisterDrug,2026-10-02T04:51:11.917607+00:00,2026-10-02T04:51:14.076007+00:00,2158.385,201,True,Drug registered successfully on the blockchain
636,DRUG000636,RegisterDrug,2026-10-02T04:51:14.076385+00:00,2026-10-02T04:51:16.231859+00:00,2155.456,201,True,Drug registered successfully on the blockchain
637,DRUG000637,RegisterDrug,2026-10-02T04:51:16.232066+00:00,2026-10-02T04:51:18.388158+00:00,2156.078,201,True,Drug registered successfully on the blockchain
638,DRUG000638,RegisterDrug,2026-10-02T04:51:18.388380+00:00,2026-10-02T04:51:20.526276+00:00,2137.880,201,True,Drug registered successfully on the blockchain
639,DRUG000639,RegisterDrug,2026-10-02T04:51:20.526513+00:00,2026-10-02T04:51:22.677622+00:00,2151.087,201,True,Drug registered successfully on the blockchain
640,DRUG000640,RegisterDrug,2026-10-02T04:51:22.677852+00:00,2026-10-02T04:51:24.814892+00:00,2136.992,201,True,Drug registered successfully on the blockchain
641,DRUG000641,RegisterDrug,2026-10-02T04:51:24.815074+00:00,2026-10-02T04:51:26.963486+00:00,2148.391,201,True,Drug registered successfully on the blockchain
642,DRUG000642,RegisterDrug,2026-10-02T04:51:26.963743+00:00,2026-10-02T04:51:29.169356+00:00,2205.584,201,True,Drug registered successfully on the blockchain
643,DRUG000643,RegisterDrug,2026-10-02T04:51:29.170411+00:00,2026-10-02T04:51:31.384343+00:00,2213.895,201,True,Drug registered successfully on the blockchain
644,DRUG000644,RegisterDrug,2026-10-02T04:51:31.384834+00:00,2026-10-02T04:51:33.567236+00:00,2182.372,201,True,Drug registered successfully on the blockchain
645,DRUG000645,RegisterDrug,2026-10-02T04:51:33.567722+00:00,2026-10-02T04:51:35.705300+00:00,2137.544,201,True,Drug registered successfully on the blockchain
646,DRUG000646,RegisterDrug,2026-10-02T04:51:35.705478+00:00,2026-10-02T04:51:37.902257+00:00,2191.317,201,True,Drug registered successfully on the blockchain
647,DRUG000647,RegisterDrug,2026-10-02T04:51:37.902463+00:00,2026-10-02T04:51:40.067099+00:00,2164.619,201,True,Drug registered successfully on the blockchain
648,DRUG000648,RegisterDrug,2026-10-02T04:51:40.067325+00:00,2026-10-02T04:51:42.227637+00:00,2160.286,201,True,Drug registered successfully on the blockchain
649,DRUG000649,RegisterDrug,2026-10-02T04:51:42.227906+00:00,2026-10-02T04:51:44.405454+00:00,2177.533,201,True,Drug registered successfully on the blockchain
650,DRUG000650,RegisterDrug,2026-10-02T04:51:44.405657+00:00,2026-10-02T04:51:46.613324+00:00,2207.646,201,True,Drug registered successfully on the blockchain
651,DRUG000651,RegisterDrug,2026-10-02T04:51:46.613622+00:00,2026-10-02T04:51:48.849449+00:00,2235.804,201,True,Drug registered successfully on the blockchain
652,DRUG000652,RegisterDrug,2026-10-02T04:51:48.849692+00:00,2026-10-02T04:51:51.059297+00:00,2209.578,201,True,Drug registered successfully on the blockchain
653,DRUG000653,RegisterDrug,2026-10-02T04:51:51.059607+00:00,2026-10-02T04:51:53.284063+00:00,2224.428,201,True,Drug registered successfully on the blockchain
654,DRUG000654,RegisterDrug,2026-10-02T04:51:53.285021+00:00,2026-10-02T04:51:55.469881+00:00,2184.826,201,True,Drug registered successfully on the blockchain
655,DRUG000655,RegisterDrug,2026-10-02T04:51:55.470069+00:00,2026-10-02T04:51:57.641551+00:00,2171.445,201,True,Drug registered successfully on the blockchain
656,DRUG000656,RegisterDrug,2026-10-02T04:51:57.641815+00:00,2026-10-02T04:51:59.813259+00:00,2171.421,201,True,Drug registered successfully on the blockchain
657,DRUG000657,RegisterDrug,2026-10-02T04:51:59.813491+00:00,2026-10-02T04:52:02.001105+00:00,2187.589,201,True,Drug registered successfully on the blockchain
658,DRUG000658,RegisterDrug,2026-10-02T04:52:02.001376+00:00,2026-10-02T04:52:04.201358+00:00,2199.960,201,True,Drug registered successfully on the blockchain
659,DRUG000659,RegisterDrug,2026-10-02T04:52:04.201600+00:00,2026-10-02T04:52:06.409650+00:00,2208.024,201,True,Drug registered successfully on the blockchain
660,DRUG000660,RegisterDrug,2026-10-02T04:52:06.409930+00:00,2026-10-02T04:52:08.638365+00:00,2213.921,201,True,Drug registered successfully on the blockchain
661,DRUG000661,RegisterDrug,2026-10-02T04:52:08.638606+00:00,2026-10-02T04:52:10.848712+00:00,2210.084,201,True,Drug registered successfully on the blockchain
662,DRUG000662,RegisterDrug,2026-10-02T04:52:10.849040+00:00,2026-10-02T04:52:13.017702+00:00,2168.635,201,True,Drug registered successfully on the blockchain
663,DRUG000663,RegisterDrug,2026-10-02T04:52:13.017930+00:00,2026-10-02T04:52:15.239866+00:00,2221.912,201,True,Drug registered successfully on the blockchain
664,DRUG000664,RegisterDrug,2026-10-02T04:52:15.240430+00:00,2026-10-02T04:52:17.472940+00:00,2232.464,201,True,Drug registered successfully on the blockchain
665,DRUG000665,RegisterDrug,2026-10-02T04:52:17.473222+00:00,2026-10-02T04:52:19.613157+00:00,2139.911,201,True,Drug registered successfully on the blockchain
666,DRUG000666,RegisterDrug,2026-10-02T04:52:19.613383+00:00,2026-10-02T04:52:21.759494+00:00,2146.091,201,True,Drug registered successfully on the blockchain
667,DRUG000667,RegisterDrug,2026-10-02T04:52:21.759842+00:00,2026-10-02T04:52:23.915287+00:00,2155.419,201,True,Drug registered successfully on the blockchain
668,DRUG000668,RegisterDrug,2026-10-02T04:52:23.915489+00:00,2026-10-02T04:52:26.060498+00:00,2144.991,201,True,Drug registered successfully on the blockchain
669,DRUG000669,RegisterDrug,2026-10-02T04:52:26.060657+00:00,2026-10-02T04:52:28.212652+00:00,2151.984,201,True,Drug registered successfully on the blockchain
670,DRUG000670,RegisterDrug,2026-10-02T04:52:28.212850+00:00,2026-10-02T04:52:30.356288+00:00,2143.424,201,True,Drug registered successfully on the blockchain
671,DRUG000671,RegisterDrug,2026-10-02T04:52:30.356492+00:00,2026-10-02T04:52:32.502661+00:00,2146.155,201,True,Drug registered successfully on the blockchain
672,DRUG000672,RegisterDrug,2026-10-02T04:52:32.504189+00:00,2026-10-02T04:52:34.656383+00:00,2152.164,201,True,Drug registered successfully on the blockchain
673,DRUG000673,RegisterDrug,2026-10-02T04:52:34.656571+00:00,2026-10-02T04:52:36.790391+00:00,2133.806,201,True,Drug registered successfully on the blockchain
674,DRUG000674,RegisterDrug,2026-10-02T04:52:36.790603+00:00,2026-10-02T04:52:38.935553+00:00,2136.381,201,True,Drug registered successfully on the blockchain
675,DRUG000675,RegisterDrug,2026-10-02T04:52:38.935913+00:00,2026-10-02T04:52:41.092644+00:00,2156.697,201,True,Drug registered successfully on the blockchain
676,DRUG000676,RegisterDrug,2026-10-02T04:52:41.092886+00:00,2026-10-02T04:52:43.229508+00:00,2136.601,201,True,Drug registered successfully on the blockchain
677,DRUG000677,RegisterDrug,2026-10-02T04:52:43.229791+00:00,2026-10-02T04:52:45.361697+00:00,2131.886,201,True,Drug registered successfully on the blockchain
678,DRUG000678,RegisterDrug,2026-10-02T04:52:45.361855+00:00,2026-10-02T04:52:47.506576+00:00,2144.704,201,True,Drug registered successfully on the blockchain
679,DRUG000679,RegisterDrug,2026-10-02T04:52:47.506745+00:00,2026-10-02T04:52:49.661596+00:00,2154.835,201,True,Drug registered successfully on the blockchain
680,DRUG000680,RegisterDrug,2026-10-02T04:52:49.661777+00:00,2026-10-02T04:52:51.812905+00:00,2151.111,201,True,Drug registered successfully on the blockchain
681,DRUG000681,RegisterDrug,2026-10-02T04:52:51.813184+00:00,2026-10-02T04:52:53.951790+00:00,2138.582,201,True,Drug registered successfully on the blockchain
682,DRUG000682,RegisterDrug,2026-10-02T04:52:53.951960+00:00,2026-10-02T04:52:56.068996+00:00,2117.023,201,True,Drug registered successfully on the blockchain
683,DRUG000683,RegisterDrug,2026-10-02T04:52:56.069177+00:00,2026-10-02T04:52:58.189499+00:00,2120.302,201,True,Drug registered successfully on the blockchain
684,DRUG000684,RegisterDrug,2026-10-02T04:52:58.190456+00:00,2026-10-02T04:53:00.331179+00:00,2140.685,201,True,Drug registered successfully on the blockchain
685,DRUG000685,RegisterDrug,2026-10-02T04:53:00.331598+00:00,2026-10-02T04:53:02.470278+00:00,2138.651,201,True,Drug registered successfully on the blockchain
686,DRUG000686,RegisterDrug,2026-10-02T04:53:02.472020+00:00,2026-10-02T04:53:04.605907+00:00,2133.809,201,True,Drug registered successfully on the blockchain
687,DRUG000687,RegisterDrug,2026-10-02T04:53:04.606079+00:00,2026-10-02T04:53:06.746536+00:00,2140.446,201,True,Drug registered successfully on the blockchain
688,DRUG000688,RegisterDrug,2026-10-02T04:53:06.746710+00:00,2026-10-02T04:53:08.886346+00:00,2118.082,201,True,Drug registered successfully on the blockchain
689,DRUG000689,RegisterDrug,2026-10-02T04:53:08.886585+00:00,2026-10-02T04:53:11.033236+00:00,2146.635,201,True,Drug registered successfully on the blockchain
690,DRUG000690,RegisterDrug,2026-10-02T04:53:11.033408+00:00,2026-10-02T04:53:13.161822+00:00,2128.401,201,True,Drug registered successfully on the blockchain
691,DRUG000691,RegisterDrug,2026-10-02T04:53:13.161997+00:00,2026-10-02T04:53:15.296539+00:00,2134.523,201,True,Drug registered successfully on the blockchain
692,DRUG000692,RegisterDrug,2026-10-02T04:53:15.296790+00:00,2026-10-02T04:53:17.457400+00:00,2160.589,201,True,Drug registered successfully on the blockchain
693,DRUG000693,RegisterDrug,2026-10-02T04:53:17.457625+00:00,2026-10-02T04:53:19.599138+00:00,2141.492,201,True,Drug registered successfully on the blockchain
694,DRUG000694,RegisterDrug,2026-10-02T04:53:19.599354+00:00,2026-10-02T04:53:21.746783+00:00,2147.407,201,True,Drug registered successfully on the blockchain
695,DRUG000695,RegisterDrug,2026-10-02T04:53:21.746994+00:00,2026-10-02T04:53:23.889011+00:00,2141.996,201,True,Drug registered successfully on the blockchain
696,DRUG000696,RegisterDrug,2026-10-02T04:53:23.889472+00:00,2026-10-02T04:53:25.993547+00:00,2104.041,201,True,Drug registered successfully on the blockchain
697,DRUG000697,RegisterDrug,2026-10-02T04:53:25.993739+00:00,2026-10-02T04:53:28.136863+00:00,2143.106,201,True,Drug registered successfully on the blockchain
698,DRUG000698,RegisterDrug,2026-10-02T04:53:28.137025+00:00,2026-10-02T04:53:30.281955+00:00,2144.911,201,True,Drug registered successfully on the blockchain
699,DRUG000699,RegisterDrug,2026-10-02T04:53:30.282158+00:00,2026-10-02T04:53:32.433673+00:00,2151.492,201,True,Drug registered successfully on the blockchain
700,DRUG000700,RegisterDrug,2026-10-02T04:53:32.433928+00:00,2026-10-02T04:53:34.577606+00:00,2143.661,201,True,Drug registered successfully on the blockchain
701,DRUG000701,RegisterDrug,2026-10-02T04:53:34.577762+00:00,2026-10-02T04:53:36.720719+00:00,2142.946,201,True,Drug registered successfully on the blockchain
702,DRUG000702,RegisterDrug,2026-10-02T04:53:36.720907+00:00,2026-10-02T04:53:38.877442+00:00,2144.576,201,True,Drug registered successfully on the blockchain
703,DRUG000703,RegisterDrug,2026-10-02T04:53:38.877606+00:00,2026-10-02T04:53:41.020077+00:00,2142.460,201,True,Drug registered successfully on the blockchain
704,DRUG000704,RegisterDrug,2026-10-02T04:53:41.020503+00:00,2026-10-02T04:53:43.142217+00:00,2121.670,201,True,Drug registered successfully on the blockchain
705,DRUG000705,RegisterDrug,2026-10-02T04:53:43.142427+00:00,2026-10-02T04:53:45.286256+00:00,2143.812,201,True,Drug registered successfully on the blockchain
706,DRUG000706,RegisterDrug,2026-10-02T04:53:45.286493+00:00,2026-10-02T04:53:47.441490+00:00,2154.976,201,True,Drug registered successfully on the blockchain
707,DRUG000707,RegisterDrug,2026-10-02T04:53:47.442864+00:00,2026-10-02T04:53:49.592261+00:00,2149.367,201,True,Drug registered successfully on the blockchain
708,DRUG000708,RegisterDrug,2026-10-02T04:53:49.592428+00:00,2026-10-02T04:53:51.726941+00:00,2134.501,201,True,Drug registered successfully on the blockchain
709,DRUG000709,RegisterDrug,2026-10-02T04:53:51.727126+00:00,2026-10-02T04:53:53.862571+00:00,2135.429,201,True,Drug registered successfully on the blockchain
710,DRUG000710,RegisterDrug,2026-10-02T04:53:53.862765+00:00,2026-10-02T04:53:55.975757+00:00,2112.975,201,True,Drug registered successfully on the blockchain
711,DRUG000711,RegisterDrug,2026-10-02T04:53:55.976032+00:00,2026-10-02T04:53:58.117415+00:00,2141.362,201,True,Drug registered successfully on the blockchain
712,DRUG000712,RegisterDrug,2026-10-02T04:53:58.117577+00:00,2026-10-02T04:54:00.253541+00:00,2135.950,201,True,Drug registered successfully on the blockchain
713,DRUG000713,RegisterDrug,2026-10-02T04:54:00.253792+00:00,2026-10-02T04:54:02.403396+00:00,2149.583,201,True,Drug registered successfully on the blockchain
714,DRUG000714,RegisterDrug,2026-10-02T04:54:02.403588+00:00,2026-10-02T04:54:04.550442+00:00,2146.836,201,True,Drug registered successfully on the blockchain
715,DRUG000715,RegisterDrug,2026-10-02T04:54:04.550621+00:00,2026-10-02T04:54:06.694299+00:00,2143.662,201,True,Drug registered successfully on the blockchain
716,DRUG000716,RegisterDrug,2026-10-02T04:54:06.694487+00:00,2026-10-02T04:54:08.843592+00:00,2126.403,201,True,Drug registered successfully on the blockchain
717,DRUG000717,RegisterDrug,2026-10-02T04:54:08.844323+00:00,2026-10-02T04:54:10.993159+00:00,2148.801,201,True,Drug registered successfully on the blockchain
718,DRUG000718,RegisterDrug,2026-10-02T04:54:10.993448+00:00,2026-10-02T04:54:13.136977+00:00,2143.506,201,True,Drug registered successfully on the blockchain
719,DRUG000719,RegisterDrug,2026-10-02T04:54:13.137196+00:00,2026-10-02T04:54:15.298498+00:00,2161.225,201,True,Drug registered successfully on the blockchain
720,DRUG000720,RegisterDrug,2026-10-02T04:54:15.298668+00:00,2026-10-02T04:54:17.469112+00:00,2170.431,201,True,Drug registered successfully on the blockchain
721,DRUG000721,RegisterDrug,2026-10-02T04:54:17.469286+00:00,2026-10-02T04:54:19.644826+00:00,2175.491,201,True,Drug registered successfully on the blockchain
722,DRUG000722,RegisterDrug,2026-10-02T04:54:19.645081+00:00,2026-10-02T04:54:21.872203+00:00,2227.104,201,True,Drug registered successfully on the blockchain
723,DRUG000723,RegisterDrug,2026-10-02T04:54:21.872747+00:00,2026-10-02T04:54:24.073444+00:00,2200.654,201,True,Drug registered successfully on the blockchain
724,DRUG000724,RegisterDrug,2026-10-02T04:54:24.073618+00:00,2026-10-02T04:54:26.272298+00:00,2198.665,201,True,Drug registered successfully on the blockchain
725,DRUG000725,RegisterDrug,2026-10-02T04:54:26.272596+00:00,2026-10-02T04:54:28.509781+00:00,2237.161,201,True,Drug registered successfully on the blockchain
726,DRUG000726,RegisterDrug,2026-10-02T04:54:28.510044+00:00,2026-10-02T04:54:30.729512+00:00,2219.444,201,True,Drug registered successfully on the blockchain
727,DRUG000727,RegisterDrug,2026-10-02T04:54:30.729782+00:00,2026-10-02T04:54:34.227168+00:00,3497.327,201,True,Drug registered successfully on the blockchain
728,DRUG000728,RegisterDrug,2026-10-02T04:54:34.228286+00:00,2026-10-02T04:54:36.413384+00:00,2185.062,201,True,Drug registered successfully on the blockchain
729,DRUG000729,RegisterDrug,2026-10-02T04:54:36.414186+00:00,2026-10-02T04:54:38.573407+00:00,2120.140,201,True,Drug registered successfully on the blockchain
730,DRUG000730,RegisterDrug,2026-10-02T04:54:38.573596+00:00,2026-10-02T04:54:40.712577+00:00,2138.959,201,True,Drug registered successfully on the blockchain
731,DRUG000731,RegisterDrug,2026-10-02T04:54:40.712762+00:00,2026-10-02T04:54:42.854943+00:00,2142.166,201,True,Drug registered successfully on the blockchain
732,DRUG000732,RegisterDrug,2026-10-02T04:54:42.855153+00:00,2026-10-02T04:54:44.996383+00:00,2141.203,201,True,Drug registered successfully on the blockchain
733,DRUG000733,RegisterDrug,2026-10-02T04:54:44.996680+00:00,2026-10-02T04:54:47.149824+00:00,2153.123,201,True,Drug registered successfully on the blockchain
734,DRUG000734,RegisterDrug,2026-10-02T04:54:47.150029+00:00,2026-10-02T04:54:49.291188+00:00,2141.136,201,True,Drug registered successfully on the blockchain
735,DRUG000735,RegisterDrug,2026-10-02T04:54:49.291430+00:00,2026-10-02T04:54:51.433590+00:00,2142.137,201,True,Drug registered successfully on the blockchain
736,DRUG000736,RegisterDrug,2026-10-02T04:54:51.433766+00:00,2026-10-02T04:54:53.566696+00:00,2132.916,201,True,Drug registered successfully on the blockchain
737,DRUG000737,RegisterDrug,2026-10-02T04:54:53.566917+00:00,2026-10-02T04:54:55.686877+00:00,2119.939,201,True,Drug registered successfully on the blockchain
738,DRUG000738,RegisterDrug,2026-10-02T04:54:55.687122+00:00,2026-10-02T04:54:57.811216+00:00,2124.075,201,True,Drug registered successfully on the blockchain
739,DRUG000739,RegisterDrug,2026-10-02T04:54:57.811684+00:00,2026-10-02T04:54:59.965409+00:00,2153.641,201,True,Drug registered successfully on the blockchain
740,DRUG000740,RegisterDrug,2026-10-02T04:54:59.965597+00:00,2026-10-02T04:55:02.110324+00:00,2144.706,201,True,Drug registered successfully on the blockchain
741,DRUG000741,RegisterDrug,2026-10-02T04:55:02.110556+00:00,2026-10-02T04:55:04.258446+00:00,2147.869,201,True,Drug registered successfully on the blockchain
742,DRUG000742,RegisterDrug,2026-10-02T04:55:04.258952+00:00,2026-10-02T04:55:06.403242+00:00,2144.253,201,True,Drug registered successfully on the blockchain
743,DRUG000743,RegisterDrug,2026-10-02T04:55:06.403413+00:00,2026-10-02T04:55:08.577996+00:00,2151.087,201,True,Drug registered successfully on the blockchain
744,DRUG000744,RegisterDrug,2026-10-02T04:55:08.578163+00:00,2026-10-02T04:55:10.714042+00:00,2135.865,201,True,Drug registered successfully on the blockchain
745,DRUG000745,RegisterDrug,2026-10-02T04:55:10.714273+00:00,2026-10-02T04:55:12.859972+00:00,2145.682,201,True,Drug registered successfully on the blockchain
746,DRUG000746,RegisterDrug,2026-10-02T04:55:12.860126+00:00,2026-10-02T04:55:15.006786+00:00,2146.648,201,True,Drug registered successfully on the blockchain
747,DRUG000747,RegisterDrug,2026-10-02T04:55:15.007030+00:00,2026-10-02T04:55:17.159145+00:00,2152.094,201,True,Drug registered successfully on the blockchain
748,DRUG000748,RegisterDrug,2026-10-02T04:55:17.159317+00:00,2026-10-02T04:55:19.289084+00:00,2129.756,201,True,Drug registered successfully on the blockchain
749,DRUG000749,RegisterDrug,2026-10-02T04:55:19.290341+00:00,2026-10-02T04:55:21.428766+00:00,2138.397,201,True,Drug registered successfully on the blockchain
750,DRUG000750,RegisterDrug,2026-10-02T04:55:21.429002+00:00,2026-10-02T04:55:23.568401+00:00,2139.383,201,True,Drug registered successfully on the blockchain
751,DRUG000751,RegisterDrug,2026-10-02T04:55:23.568585+00:00,2026-10-02T04:55:25.684195+00:00,2115.594,201,True,Drug registered successfully on the blockchain
752,DRUG000752,RegisterDrug,2026-10-02T04:55:25.684388+00:00,2026-10-02T04:55:27.812294+00:00,2127.888,201,True,Drug registered successfully on the blockchain
753,DRUG000753,RegisterDrug,2026-10-02T04:55:27.812486+00:00,2026-10-02T04:55:29.959941+00:00,2147.436,201,True,Drug registered successfully on the blockchain
754,DRUG000754,RegisterDrug,2026-10-02T04:55:29.960150+00:00,2026-10-02T04:55:32.112764+00:00,2152.597,201,True,Drug registered successfully on the blockchain
755,DRUG000755,RegisterDrug,2026-10-02T04:55:32.112963+00:00,2026-10-02T04:55:34.228974+00:00,2115.992,201,True,Drug registered successfully on the blockchain
756,DRUG000756,RegisterDrug,2026-10-02T04:55:34.229167+00:00,2026-10-02T04:55:36.339028+00:00,2109.842,201,True,Drug registered successfully on the blockchain
757,DRUG000757,RegisterDrug,2026-10-02T04:55:36.339666+00:00,2026-10-02T04:55:38.483860+00:00,2095.923,201,True,Drug registered successfully on the blockchain
758,DRUG000758,RegisterDrug,2026-10-02T04:55:38.484073+00:00,2026-10-02T04:55:40.617638+00:00,2133.547,201,True,Drug registered successfully on the blockchain
759,DRUG000759,RegisterDrug,2026-10-02T04:55:40.618091+00:00,2026-10-02T04:55:42.765560+00:00,2147.423,201,True,Drug registered successfully on the blockchain
760,DRUG000760,RegisterDrug,2026-10-02T04:55:42.766218+00:00,2026-10-02T04:55:44.907464+00:00,2141.216,201,True,Drug registered successfully on the blockchain
761,DRUG000761,RegisterDrug,2026-10-02T04:55:44.907717+00:00,2026-10-02T04:55:47.058758+00:00,2151.021,201,True,Drug registered successfully on the blockchain
762,DRUG000762,RegisterDrug,2026-10-02T04:55:47.060709+00:00,2026-10-02T04:55:49.201062+00:00,2140.324,201,True,Drug registered successfully on the blockchain
763,DRUG000763,RegisterDrug,2026-10-02T04:55:49.201311+00:00,2026-10-02T04:55:51.329991+00:00,2128.660,201,True,Drug registered successfully on the blockchain
764,DRUG000764,RegisterDrug,2026-10-02T04:55:51.330201+00:00,2026-10-02T04:55:53.448531+00:00,2118.312,201,True,Drug registered successfully on the blockchain
765,DRUG000765,RegisterDrug,2026-10-02T04:55:53.448698+00:00,2026-10-02T04:55:55.561772+00:00,2113.053,201,True,Drug registered successfully on the blockchain
766,DRUG000766,RegisterDrug,2026-10-02T04:55:55.561949+00:00,2026-10-02T04:55:57.697925+00:00,2135.961,201,True,Drug registered successfully on the blockchain
767,DRUG000767,RegisterDrug,2026-10-02T04:55:57.698074+00:00,2026-10-02T04:55:59.817051+00:00,2118.964,201,True,Drug registered successfully on the blockchain
768,DRUG000768,RegisterDrug,2026-10-02T04:55:59.817285+00:00,2026-10-02T04:56:01.962709+00:00,2145.404,201,True,Drug registered successfully on the blockchain
769,DRUG000769,RegisterDrug,2026-10-02T04:56:01.962913+00:00,2026-10-02T04:56:04.096324+00:00,2133.389,201,True,Drug registered successfully on the blockchain
770,DRUG000770,RegisterDrug,2026-10-02T04:56:04.096777+00:00,2026-10-02T04:56:06.233595+00:00,2136.787,201,True,Drug registered successfully on the blockchain
771,DRUG000771,RegisterDrug,2026-10-02T04:56:06.233783+00:00,2026-10-02T04:56:08.399160+00:00,2143.705,201,True,Drug registered successfully on the blockchain
772,DRUG000772,RegisterDrug,2026-10-02T04:56:08.399308+00:00,2026-10-02T04:56:10.531531+00:00,2132.211,201,True,Drug registered successfully on the blockchain
773,DRUG000773,RegisterDrug,2026-10-02T04:56:10.531747+00:00,2026-10-02T04:56:12.635887+00:00,2104.121,201,True,Drug registered successfully on the blockchain
774,DRUG000774,RegisterDrug,2026-10-02T04:56:12.636114+00:00,2026-10-02T04:56:14.752759+00:00,2116.619,201,True,Drug registered successfully on the blockchain
775,DRUG000775,RegisterDrug,2026-10-02T04:56:14.752983+00:00,2026-10-02T04:56:16.883231+00:00,2130.228,201,True,Drug registered successfully on the blockchain
776,DRUG000776,RegisterDrug,2026-10-02T04:56:16.883509+00:00,2026-10-02T04:56:18.996912+00:00,2113.371,201,True,Drug registered successfully on the blockchain
777,DRUG000777,RegisterDrug,2026-10-02T04:56:18.997170+00:00,2026-10-02T04:56:21.166040+00:00,2168.849,201,True,Drug registered successfully on the blockchain
778,DRUG000778,RegisterDrug,2026-10-02T04:56:21.166361+00:00,2026-10-02T04:56:23.287495+00:00,2121.105,201,True,Drug registered successfully on the blockchain
779,DRUG000779,RegisterDrug,2026-10-02T04:56:23.287769+00:00,2026-10-02T04:56:25.414730+00:00,2126.936,201,True,Drug registered successfully on the blockchain
780,DRUG000780,RegisterDrug,2026-10-02T04:56:25.414887+00:00,2026-10-02T04:56:27.570252+00:00,2155.351,201,True,Drug registered successfully on the blockchain
781,DRUG000781,RegisterDrug,2026-10-02T04:56:27.570926+00:00,2026-10-02T04:56:29.722742+00:00,2151.774,201,True,Drug registered successfully on the blockchain
782,DRUG000782,RegisterDrug,2026-10-02T04:56:29.723161+00:00,2026-10-02T04:56:31.869139+00:00,2145.942,201,True,Drug registered successfully on the blockchain
783,DRUG000783,RegisterDrug,2026-10-02T04:56:31.869309+00:00,2026-10-02T04:56:34.016821+00:00,2147.496,201,True,Drug registered successfully on the blockchain
784,DRUG000784,RegisterDrug,2026-10-02T04:56:34.017227+00:00,2026-10-02T04:56:36.149514+00:00,2132.252,201,True,Drug registered successfully on the blockchain
785,DRUG000785,RegisterDrug,2026-10-02T04:56:36.150718+00:00,2026-10-02T04:56:38.290183+00:00,2120.238,201,True,Drug registered successfully on the blockchain
786,DRUG000786,RegisterDrug,2026-10-02T04:56:38.290395+00:00,2026-10-02T04:56:40.433348+00:00,2142.929,201,True,Drug registered successfully on the blockchain
787,DRUG000787,RegisterDrug,2026-10-02T04:56:40.433575+00:00,2026-10-02T04:56:42.571277+00:00,2137.688,201,True,Drug registered successfully on the blockchain
788,DRUG000788,RegisterDrug,2026-10-02T04:56:42.571521+00:00,2026-10-02T04:56:44.718011+00:00,2146.468,201,True,Drug registered successfully on the blockchain
789,DRUG000789,RegisterDrug,2026-10-02T04:56:44.718212+00:00,2026-10-02T04:56:46.859761+00:00,2141.529,201,True,Drug registered successfully on the blockchain
790,DRUG000790,RegisterDrug,2026-10-02T04:56:46.860008+00:00,2026-10-02T04:56:48.966471+00:00,2106.440,201,True,Drug registered successfully on the blockchain
791,DRUG000791,RegisterDrug,2026-10-02T04:56:48.966668+00:00,2026-10-02T04:56:51.120313+00:00,2153.600,201,True,Drug registered successfully on the blockchain
792,DRUG000792,RegisterDrug,2026-10-02T04:56:51.120854+00:00,2026-10-02T04:56:53.242772+00:00,2121.802,201,True,Drug registered successfully on the blockchain
793,DRUG000793,RegisterDrug,2026-10-02T04:56:53.242997+00:00,2026-10-02T04:56:55.385880+00:00,2142.861,201,True,Drug registered successfully on the blockchain
794,DRUG000794,RegisterDrug,2026-10-02T04:56:55.386066+00:00,2026-10-02T04:56:57.527549+00:00,2141.464,201,True,Drug registered successfully on the blockchain
795,DRUG000795,RegisterDrug,2026-10-02T04:56:57.527725+00:00,2026-10-02T04:56:59.648398+00:00,2120.658,201,True,Drug registered successfully on the blockchain
796,DRUG000796,RegisterDrug,2026-10-02T04:56:59.648628+00:00,2026-10-02T04:57:01.782947+00:00,2134.299,201,True,Drug registered successfully on the blockchain
797,DRUG000797,RegisterDrug,2026-10-02T04:57:01.783126+00:00,2026-10-02T04:57:03.921730+00:00,2138.583,201,True,Drug registered successfully on the blockchain
798,DRUG000798,RegisterDrug,2026-10-02T04:57:03.921936+00:00,2026-10-02T04:57:06.037592+00:00,2115.641,201,True,Drug registered successfully on the blockchain
799,DRUG000799,RegisterDrug,2026-10-02T04:57:06.037759+00:00,2026-10-02T04:57:08.222377+00:00,2136.358,201,True,Drug registered successfully on the blockchain
800,DRUG000800,RegisterDrug,2026-10-02T04:57:08.222560+00:00,2026-10-02T04:57:10.359224+00:00,2136.643,201,True,Drug registered successfully on the blockchain
801,DRUG000801,RegisterDrug,2026-10-02T04:57:10.359827+00:00,2026-10-02T04:57:12.487347+00:00,2127.482,201,True,Drug registered successfully on the blockchain
802,DRUG000802,RegisterDrug,2026-10-02T04:57:12.488357+00:00,2026-10-02T04:57:14.598019+00:00,2109.639,201,True,Drug registered successfully on the blockchain
803,DRUG000803,RegisterDrug,2026-10-02T04:57:14.598186+00:00,2026-10-02T04:57:16.735712+00:00,2137.512,201,True,Drug registered successfully on the blockchain
804,DRUG000804,RegisterDrug,2026-10-02T04:57:16.735998+00:00,2026-10-02T04:57:18.872094+00:00,2136.071,201,True,Drug registered successfully on the blockchain
805,DRUG000805,RegisterDrug,2026-10-02T04:57:18.872326+00:00,2026-10-02T04:57:21.013225+00:00,2140.878,201,True,Drug registered successfully on the blockchain
806,DRUG000806,RegisterDrug,2026-10-02T04:57:21.013411+00:00,2026-10-02T04:57:23.156746+00:00,2143.317,201,True,Drug registered successfully on the blockchain
807,DRUG000807,RegisterDrug,2026-10-02T04:57:23.156990+00:00,2026-10-02T04:57:25.301527+00:00,2144.510,201,True,Drug registered successfully on the blockchain
808,DRUG000808,RegisterDrug,2026-10-02T04:57:25.301731+00:00,2026-10-02T04:57:27.448530+00:00,2146.781,201,True,Drug registered successfully on the blockchain
809,DRUG000809,RegisterDrug,2026-10-02T04:57:27.448713+00:00,2026-10-02T04:57:29.579822+00:00,2131.094,201,True,Drug registered successfully on the blockchain
810,DRUG000810,RegisterDrug,2026-10-02T04:57:29.579995+00:00,2026-10-02T04:57:31.715541+00:00,2135.534,201,True,Drug registered successfully on the blockchain
811,DRUG000811,RegisterDrug,2026-10-02T04:57:31.715752+00:00,2026-10-02T04:57:33.860338+00:00,2144.572,201,True,Drug registered successfully on the blockchain
812,DRUG000812,RegisterDrug,2026-10-02T04:57:33.860534+00:00,2026-10-02T04:57:35.985691+00:00,2125.135,201,True,Drug registered successfully on the blockchain
813,DRUG000813,RegisterDrug,2026-10-02T04:57:35.986039+00:00,2026-10-02T04:57:38.105698+00:00,2091.770,201,True,Drug registered successfully on the blockchain
814,DRUG000814,RegisterDrug,2026-10-02T04:57:38.106075+00:00,2026-10-02T04:57:40.254205+00:00,2148.107,201,True,Drug registered successfully on the blockchain
815,DRUG000815,RegisterDrug,2026-10-02T04:57:40.254395+00:00,2026-10-02T04:57:42.400243+00:00,2145.829,201,True,Drug registered successfully on the blockchain
816,DRUG000816,RegisterDrug,2026-10-02T04:57:42.400425+00:00,2026-10-02T04:57:44.506434+00:00,2105.993,201,True,Drug registered successfully on the blockchain
817,DRUG000817,RegisterDrug,2026-10-02T04:57:44.506601+00:00,2026-10-02T04:57:46.641866+00:00,2135.251,201,True,Drug registered successfully on the blockchain
818,DRUG000818,RegisterDrug,2026-10-02T04:57:46.642087+00:00,2026-10-02T04:57:48.762300+00:00,2120.191,201,True,Drug registered successfully on the blockchain
819,DRUG000819,RegisterDrug,2026-10-02T04:57:48.762501+00:00,2026-10-02T04:57:50.898446+00:00,2135.923,201,True,Drug registered successfully on the blockchain
820,DRUG000820,RegisterDrug,2026-10-02T04:57:50.899492+00:00,2026-10-02T04:57:53.030194+00:00,2130.673,201,True,Drug registered successfully on the blockchain
821,DRUG000821,RegisterDrug,2026-10-02T04:57:53.030429+00:00,2026-10-02T04:57:55.191335+00:00,2160.884,201,True,Drug registered successfully on the blockchain
822,DRUG000822,RegisterDrug,2026-10-02T04:57:55.191503+00:00,2026-10-02T04:57:57.340186+00:00,2148.670,201,True,Drug registered successfully on the blockchain
823,DRUG000823,RegisterDrug,2026-10-02T04:57:57.340380+00:00,2026-10-02T04:57:59.474109+00:00,2133.712,201,True,Drug registered successfully on the blockchain
824,DRUG000824,RegisterDrug,2026-10-02T04:57:59.475311+00:00,2026-10-02T04:58:01.579683+00:00,2104.348,201,True,Drug registered successfully on the blockchain
825,DRUG000825,RegisterDrug,2026-10-02T04:58:01.579879+00:00,2026-10-02T04:58:03.710794+00:00,2130.895,201,True,Drug registered successfully on the blockchain
826,DRUG000826,RegisterDrug,2026-10-02T04:58:03.711009+00:00,2026-10-02T04:58:05.837485+00:00,2126.456,201,True,Drug registered successfully on the blockchain
827,DRUG000827,RegisterDrug,2026-10-02T04:58:05.837704+00:00,2026-10-02T04:58:07.979704+00:00,2118.484,201,True,Drug registered successfully on the blockchain
828,DRUG000828,RegisterDrug,2026-10-02T04:58:07.979902+00:00,2026-10-02T04:58:10.128471+00:00,2148.548,201,True,Drug registered successfully on the blockchain
829,DRUG000829,RegisterDrug,2026-10-02T04:58:10.128702+00:00,2026-10-02T04:58:12.269822+00:00,2141.098,201,True,Drug registered successfully on the blockchain
830,DRUG000830,RegisterDrug,2026-10-02T04:58:12.270075+00:00,2026-10-02T04:58:14.425848+00:00,2155.756,201,True,Drug registered successfully on the blockchain
831,DRUG000831,RegisterDrug,2026-10-02T04:58:14.426193+00:00,2026-10-02T04:58:16.575006+00:00,2148.781,201,True,Drug registered successfully on the blockchain
832,DRUG000832,RegisterDrug,2026-10-02T04:58:16.575327+00:00,2026-10-02T04:58:18.724662+00:00,2149.302,201,True,Drug registered successfully on the blockchain
833,DRUG000833,RegisterDrug,2026-10-02T04:58:18.724849+00:00,2026-10-02T04:58:20.848627+00:00,2123.759,201,True,Drug registered successfully on the blockchain
834,DRUG000834,RegisterDrug,2026-10-02T04:58:20.849199+00:00,2026-10-02T04:58:23.000647+00:00,2151.406,201,True,Drug registered successfully on the blockchain
835,DRUG000835,RegisterDrug,2026-10-02T04:58:23.000865+00:00,2026-10-02T04:58:25.147511+00:00,2146.635,201,True,Drug registered successfully on the blockchain
836,DRUG000836,RegisterDrug,2026-10-02T04:58:25.147682+00:00,2026-10-02T04:58:27.297757+00:00,2150.063,201,True,Drug registered successfully on the blockchain
837,DRUG000837,RegisterDrug,2026-10-02T04:58:27.297991+00:00,2026-10-02T04:58:29.455110+00:00,2157.105,201,True,Drug registered successfully on the blockchain
838,DRUG000838,RegisterDrug,2026-10-02T04:58:29.455328+00:00,2026-10-02T04:58:31.592185+00:00,2136.838,201,True,Drug registered successfully on the blockchain
839,DRUG000839,RegisterDrug,2026-10-02T04:58:31.592372+00:00,2026-10-02T04:58:33.714480+00:00,2122.061,201,True,Drug registered successfully on the blockchain
840,DRUG000840,RegisterDrug,2026-10-02T04:58:33.715495+00:00,2026-10-02T04:58:35.832432+00:00,2116.909,201,True,Drug registered successfully on the blockchain
841,DRUG000841,RegisterDrug,2026-10-02T04:58:35.832695+00:00,2026-10-02T04:58:37.993030+00:00,2112.426,201,True,Drug registered successfully on the blockchain
842,DRUG000842,RegisterDrug,2026-10-02T04:58:37.993433+00:00,2026-10-02T04:58:40.101988+00:00,2108.425,201,True,Drug registered successfully on the blockchain
843,DRUG000843,RegisterDrug,2026-10-02T04:58:40.102364+00:00,2026-10-02T04:58:42.222840+00:00,2120.448,201,True,Drug registered successfully on the blockchain
844,DRUG000844,RegisterDrug,2026-10-02T04:58:42.223307+00:00,2026-10-02T04:58:44.389653+00:00,2166.318,201,True,Drug registered successfully on the blockchain
845,DRUG000845,RegisterDrug,2026-10-02T04:58:44.390134+00:00,2026-10-02T04:58:46.515974+00:00,2125.813,201,True,Drug registered successfully on the blockchain
846,DRUG000846,RegisterDrug,2026-10-02T04:58:46.516168+00:00,2026-10-02T04:58:48.656640+00:00,2140.457,201,True,Drug registered successfully on the blockchain
847,DRUG000847,RegisterDrug,2026-10-02T04:58:48.656844+00:00,2026-10-02T04:58:50.798242+00:00,2141.381,201,True,Drug registered successfully on the blockchain
848,DRUG000848,RegisterDrug,2026-10-02T04:58:50.798454+00:00,2026-10-02T04:58:52.941129+00:00,2142.659,201,True,Drug registered successfully on the blockchain
849,DRUG000849,RegisterDrug,2026-10-02T04:58:52.941369+00:00,2026-10-02T04:58:55.090779+00:00,2149.390,201,True,Drug registered successfully on the blockchain
850,DRUG000850,RegisterDrug,2026-10-02T04:58:55.091078+00:00,2026-10-02T04:58:57.240958+00:00,2149.860,201,True,Drug registered successfully on the blockchain
851,DRUG000851,RegisterDrug,2026-10-02T04:58:57.241225+00:00,2026-10-02T04:58:59.389256+00:00,2148.009,201,True,Drug registered successfully on the blockchain
852,DRUG000852,RegisterDrug,2026-10-02T04:58:59.389496+00:00,2026-10-02T04:59:01.536683+00:00,2147.165,201,True,Drug registered successfully on the blockchain
853,DRUG000853,RegisterDrug,2026-10-02T04:59:01.536853+00:00,2026-10-02T04:59:03.667124+00:00,2130.250,201,True,Drug registered successfully on the blockchain
854,DRUG000854,RegisterDrug,2026-10-02T04:59:03.667328+00:00,2026-10-02T04:59:05.790678+00:00,2123.334,201,True,Drug registered successfully on the blockchain
855,DRUG000855,RegisterDrug,2026-10-02T04:59:05.791033+00:00,2026-10-02T04:59:07.960491+00:00,2144.310,201,True,Drug registered successfully on the blockchain
856,DRUG000856,RegisterDrug,2026-10-02T04:59:07.960663+00:00,2026-10-02T04:59:10.102542+00:00,2141.860,201,True,Drug registered successfully on the blockchain
857,DRUG000857,RegisterDrug,2026-10-02T04:59:10.102714+00:00,2026-10-02T04:59:12.249052+00:00,2146.324,201,True,Drug registered successfully on the blockchain
858,DRUG000858,RegisterDrug,2026-10-02T04:59:12.249314+00:00,2026-10-02T04:59:14.387964+00:00,2138.634,201,True,Drug registered successfully on the blockchain
859,DRUG000859,RegisterDrug,2026-10-02T04:59:14.388145+00:00,2026-10-02T04:59:16.529173+00:00,2141.011,201,True,Drug registered successfully on the blockchain
860,DRUG000860,RegisterDrug,2026-10-02T04:59:16.530628+00:00,2026-10-02T04:59:18.665662+00:00,2135.003,201,True,Drug registered successfully on the blockchain
861,DRUG000861,RegisterDrug,2026-10-02T04:59:18.665861+00:00,2026-10-02T04:59:20.798801+00:00,2132.922,201,True,Drug registered successfully on the blockchain
862,DRUG000862,RegisterDrug,2026-10-02T04:59:20.799039+00:00,2026-10-02T04:59:22.934475+00:00,2135.412,201,True,Drug registered successfully on the blockchain
863,DRUG000863,RegisterDrug,2026-10-02T04:59:22.934688+00:00,2026-10-02T04:59:25.091038+00:00,2156.335,201,True,Drug registered successfully on the blockchain
864,DRUG000864,RegisterDrug,2026-10-02T04:59:25.091230+00:00,2026-10-02T04:59:27.242828+00:00,2151.584,201,True,Drug registered successfully on the blockchain
865,DRUG000865,RegisterDrug,2026-10-02T04:59:27.243058+00:00,2026-10-02T04:59:29.393446+00:00,2150.365,201,True,Drug registered successfully on the blockchain
866,DRUG000866,RegisterDrug,2026-10-02T04:59:29.394710+00:00,2026-10-02T04:59:31.547025+00:00,2152.284,201,True,Drug registered successfully on the blockchain
867,DRUG000867,RegisterDrug,2026-10-02T04:59:31.547210+00:00,2026-10-02T04:59:33.648725+00:00,2101.495,201,True,Drug registered successfully on the blockchain
868,DRUG000868,RegisterDrug,2026-10-02T04:59:33.649188+00:00,2026-10-02T04:59:35.767376+00:00,2118.152,201,True,Drug registered successfully on the blockchain
869,DRUG000869,RegisterDrug,2026-10-02T04:59:35.767548+00:00,2026-10-02T04:59:37.900727+00:00,2116.153,201,True,Drug registered successfully on the blockchain
870,DRUG000870,RegisterDrug,2026-10-02T04:59:37.901912+00:00,2026-10-02T04:59:40.055313+00:00,2153.372,201,True,Drug registered successfully on the blockchain
871,DRUG000871,RegisterDrug,2026-10-02T04:59:40.055568+00:00,2026-10-02T04:59:42.214579+00:00,2158.985,201,True,Drug registered successfully on the blockchain
872,DRUG000872,RegisterDrug,2026-10-02T04:59:42.214918+00:00,2026-10-02T04:59:44.359043+00:00,2144.090,201,True,Drug registered successfully on the blockchain
873,DRUG000873,RegisterDrug,2026-10-02T04:59:44.359352+00:00,2026-10-02T04:59:46.511845+00:00,2152.477,201,True,Drug registered successfully on the blockchain
874,DRUG000874,RegisterDrug,2026-10-02T04:59:46.512057+00:00,2026-10-02T04:59:48.659965+00:00,2147.888,201,True,Drug registered successfully on the blockchain
875,DRUG000875,RegisterDrug,2026-10-02T04:59:48.660213+00:00,2026-10-02T04:59:50.812872+00:00,2152.632,201,True,Drug registered successfully on the blockchain
876,DRUG000876,RegisterDrug,2026-10-02T04:59:50.813094+00:00,2026-10-02T04:59:52.955612+00:00,2142.495,201,True,Drug registered successfully on the blockchain
877,DRUG000877,RegisterDrug,2026-10-02T04:59:52.956085+00:00,2026-10-02T04:59:55.107915+00:00,2151.798,201,True,Drug registered successfully on the blockchain
878,DRUG000878,RegisterDrug,2026-10-02T04:59:55.108095+00:00,2026-10-02T04:59:57.257516+00:00,2149.404,201,True,Drug registered successfully on the blockchain
879,DRUG000879,RegisterDrug,2026-10-02T04:59:57.258726+00:00,2026-10-02T04:59:59.425863+00:00,2167.107,201,True,Drug registered successfully on the blockchain
880,DRUG000880,RegisterDrug,2026-10-02T04:59:59.426105+00:00,2026-10-02T05:00:01.578275+00:00,2152.146,201,True,Drug registered successfully on the blockchain
881,DRUG000881,RegisterDrug,2026-10-02T05:00:01.578474+00:00,2026-10-02T05:00:03.668204+00:00,2089.710,201,True,Drug registered successfully on the blockchain
882,DRUG000882,RegisterDrug,2026-10-02T05:00:03.668423+00:00,2026-10-02T05:00:05.778128+00:00,2109.678,201,True,Drug registered successfully on the blockchain
883,DRUG000883,RegisterDrug,2026-10-02T05:00:05.778355+00:00,2026-10-02T05:00:07.920606+00:00,2136.547,201,True,Drug registered successfully on the blockchain
884,DRUG000884,RegisterDrug,2026-10-02T05:00:07.920819+00:00,2026-10-02T05:00:10.075546+00:00,2154.713,201,True,Drug registered successfully on the blockchain
885,DRUG000885,RegisterDrug,2026-10-02T05:00:10.075703+00:00,2026-10-02T05:00:12.225261+00:00,2149.544,201,True,Drug registered successfully on the blockchain
886,DRUG000886,RegisterDrug,2026-10-02T05:00:12.225488+00:00,2026-10-02T05:00:14.370914+00:00,2145.404,201,True,Drug registered successfully on the blockchain
887,DRUG000887,RegisterDrug,2026-10-02T05:00:14.372271+00:00,2026-10-02T05:00:16.519296+00:00,2146.996,201,True,Drug registered successfully on the blockchain
888,DRUG000888,RegisterDrug,2026-10-02T05:00:16.519572+00:00,2026-10-02T05:00:18.669621+00:00,2150.019,201,True,Drug registered successfully on the blockchain
889,DRUG000889,RegisterDrug,2026-10-02T05:00:18.669833+00:00,2026-10-02T05:00:20.816436+00:00,2146.586,201,True,Drug registered successfully on the blockchain
890,DRUG000890,RegisterDrug,2026-10-02T05:00:20.816678+00:00,2026-10-02T05:00:22.968322+00:00,2151.627,201,True,Drug registered successfully on the blockchain
891,DRUG000891,RegisterDrug,2026-10-02T05:00:22.968536+00:00,2026-10-02T05:00:25.121054+00:00,2152.501,201,True,Drug registered successfully on the blockchain
892,DRUG000892,RegisterDrug,2026-10-02T05:00:25.121338+00:00,2026-10-02T05:00:27.271200+00:00,2149.842,201,True,Drug registered successfully on the blockchain
893,DRUG000893,RegisterDrug,2026-10-02T05:00:27.271393+00:00,2026-10-02T05:00:29.404132+00:00,2132.727,201,True,Drug registered successfully on the blockchain
894,DRUG000894,RegisterDrug,2026-10-02T05:00:29.404331+00:00,2026-10-02T05:00:31.565435+00:00,2161.089,201,True,Drug registered successfully on the blockchain
895,DRUG000895,RegisterDrug,2026-10-02T05:00:31.565595+00:00,2026-10-02T05:00:33.656489+00:00,2090.881,201,True,Drug registered successfully on the blockchain
896,DRUG000896,RegisterDrug,2026-10-02T05:00:33.656628+00:00,2026-10-02T05:00:35.757319+00:00,2100.678,201,True,Drug registered successfully on the blockchain
897,DRUG000897,RegisterDrug,2026-10-02T05:00:35.757516+00:00,2026-10-02T05:00:37.940107+00:00,2159.036,201,True,Drug registered successfully on the blockchain
898,DRUG000898,RegisterDrug,2026-10-02T05:00:37.941688+00:00,2026-10-02T05:00:40.059040+00:00,2117.267,201,True,Drug registered successfully on the blockchain
899,DRUG000899,RegisterDrug,2026-10-02T05:00:40.059523+00:00,2026-10-02T05:00:42.197391+00:00,2137.814,201,True,Drug registered successfully on the blockchain
900,DRUG000900,RegisterDrug,2026-10-02T05:00:42.197555+00:00,2026-10-02T05:00:44.329320+00:00,2131.751,201,True,Drug registered successfully on the blockchain
901,DRUG000901,RegisterDrug,2026-10-02T05:00:44.329633+00:00,2026-10-02T05:00:46.480192+00:00,2150.534,201,True,Drug registered successfully on the blockchain
902,DRUG000902,RegisterDrug,2026-10-02T05:00:46.480509+00:00,2026-10-02T05:00:48.628197+00:00,2147.658,201,True,Drug registered successfully on the blockchain
903,DRUG000903,RegisterDrug,2026-10-02T05:00:48.628382+00:00,2026-10-02T05:00:50.752438+00:00,2124.043,201,True,Drug registered successfully on the blockchain
904,DRUG000904,RegisterDrug,2026-10-02T05:00:50.752633+00:00,2026-10-02T05:00:52.879457+00:00,2126.809,201,True,Drug registered successfully on the blockchain
905,DRUG000905,RegisterDrug,2026-10-02T05:00:52.879684+00:00,2026-10-02T05:00:55.033721+00:00,2153.994,201,True,Drug registered successfully on the blockchain
906,DRUG000906,RegisterDrug,2026-10-02T05:00:55.033885+00:00,2026-10-02T05:00:57.186178+00:00,2152.276,201,True,Drug registered successfully on the blockchain
907,DRUG000907,RegisterDrug,2026-10-02T05:00:57.186403+00:00,2026-10-02T05:00:59.301093+00:00,2114.673,201,True,Drug registered successfully on the blockchain
908,DRUG000908,RegisterDrug,2026-10-02T05:00:59.301240+00:00,2026-10-02T05:01:01.459656+00:00,2158.405,201,True,Drug registered successfully on the blockchain
909,DRUG000909,RegisterDrug,2026-10-02T05:01:01.460245+00:00,2026-10-02T05:01:03.631693+00:00,2171.407,201,True,Drug registered successfully on the blockchain
910,DRUG000910,RegisterDrug,2026-10-02T05:01:03.631937+00:00,2026-10-02T05:01:05.761994+00:00,2130.034,201,True,Drug registered successfully on the blockchain
911,DRUG000911,RegisterDrug,2026-10-02T05:01:05.762189+00:00,2026-10-02T05:01:07.920668+00:00,2145.261,201,True,Drug registered successfully on the blockchain
912,DRUG000912,RegisterDrug,2026-10-02T05:01:07.920893+00:00,2026-10-02T05:01:10.057598+00:00,2136.688,201,True,Drug registered successfully on the blockchain
913,DRUG000913,RegisterDrug,2026-10-02T05:01:10.057795+00:00,2026-10-02T05:01:12.217988+00:00,2160.176,201,True,Drug registered successfully on the blockchain
914,DRUG000914,RegisterDrug,2026-10-02T05:01:12.218170+00:00,2026-10-02T05:01:14.354680+00:00,2136.496,201,True,Drug registered successfully on the blockchain
915,DRUG000915,RegisterDrug,2026-10-02T05:01:14.354900+00:00,2026-10-02T05:01:16.495039+00:00,2140.118,201,True,Drug registered successfully on the blockchain
916,DRUG000916,RegisterDrug,2026-10-02T05:01:16.495306+00:00,2026-10-02T05:01:18.636554+00:00,2141.224,201,True,Drug registered successfully on the blockchain
917,DRUG000917,RegisterDrug,2026-10-02T05:01:18.636751+00:00,2026-10-02T05:01:20.779934+00:00,2143.161,201,True,Drug registered successfully on the blockchain
918,DRUG000918,RegisterDrug,2026-10-02T05:01:20.780510+00:00,2026-10-02T05:01:22.931034+00:00,2150.462,201,True,Drug registered successfully on the blockchain
919,DRUG000919,RegisterDrug,2026-10-02T05:01:22.932466+00:00,2026-10-02T05:01:25.083694+00:00,2151.146,201,True,Drug registered successfully on the blockchain
920,DRUG000920,RegisterDrug,2026-10-02T05:01:25.083932+00:00,2026-10-02T05:01:27.240138+00:00,2156.185,201,True,Drug registered successfully on the blockchain
921,DRUG000921,RegisterDrug,2026-10-02T05:01:27.240344+00:00,2026-10-02T05:01:29.397992+00:00,2157.629,201,True,Drug registered successfully on the blockchain
922,DRUG000922,RegisterDrug,2026-10-02T05:01:29.398202+00:00,2026-10-02T05:01:31.539199+00:00,2140.975,201,True,Drug registered successfully on the blockchain
923,DRUG000923,RegisterDrug,2026-10-02T05:01:31.539428+00:00,2026-10-02T05:01:33.687846+00:00,2148.396,201,True,Drug registered successfully on the blockchain
924,DRUG000924,RegisterDrug,2026-10-02T05:01:33.687979+00:00,2026-10-02T05:01:35.797804+00:00,2109.811,201,True,Drug registered successfully on the blockchain
925,DRUG000925,RegisterDrug,2026-10-02T05:01:35.797973+00:00,2026-10-02T05:01:37.969170+00:00,2153.197,201,True,Drug registered successfully on the blockchain
926,DRUG000926,RegisterDrug,2026-10-02T05:01:37.969418+00:00,2026-10-02T05:01:40.113302+00:00,2143.862,201,True,Drug registered successfully on the blockchain
927,DRUG000927,RegisterDrug,2026-10-02T05:01:40.113482+00:00,2026-10-02T05:01:42.251652+00:00,2138.152,201,True,Drug registered successfully on the blockchain
928,DRUG000928,RegisterDrug,2026-10-02T05:01:42.251870+00:00,2026-10-02T05:01:44.371381+00:00,2119.492,201,True,Drug registered successfully on the blockchain
929,DRUG000929,RegisterDrug,2026-10-02T05:01:44.371583+00:00,2026-10-02T05:01:46.514309+00:00,2142.706,201,True,Drug registered successfully on the blockchain
930,DRUG000930,RegisterDrug,2026-10-02T05:01:46.515547+00:00,2026-10-02T05:01:48.672376+00:00,2156.786,201,True,Drug registered successfully on the blockchain
931,DRUG000931,RegisterDrug,2026-10-02T05:01:48.672645+00:00,2026-10-02T05:01:50.822716+00:00,2150.051,201,True,Drug registered successfully on the blockchain
932,DRUG000932,RegisterDrug,2026-10-02T05:01:50.822856+00:00,2026-10-02T05:01:52.969342+00:00,2146.475,201,True,Drug registered successfully on the blockchain
933,DRUG000933,RegisterDrug,2026-10-02T05:01:52.969561+00:00,2026-10-02T05:01:55.119395+00:00,2149.815,201,True,Drug registered successfully on the blockchain
934,DRUG000934,RegisterDrug,2026-10-02T05:01:55.119628+00:00,2026-10-02T05:01:57.275508+00:00,2155.859,201,True,Drug registered successfully on the blockchain
935,DRUG000935,RegisterDrug,2026-10-02T05:01:57.275722+00:00,2026-10-02T05:01:59.383143+00:00,2107.399,201,True,Drug registered successfully on the blockchain
936,DRUG000936,RegisterDrug,2026-10-02T05:01:59.383333+00:00,2026-10-02T05:02:01.527320+00:00,2143.969,201,True,Drug registered successfully on the blockchain
937,DRUG000937,RegisterDrug,2026-10-02T05:02:01.527521+00:00,2026-10-02T05:02:03.676887+00:00,2149.348,201,True,Drug registered successfully on the blockchain
938,DRUG000938,RegisterDrug,2026-10-02T05:02:03.677248+00:00,2026-10-02T05:02:05.785008+00:00,2107.726,201,True,Drug registered successfully on the blockchain
939,DRUG000939,RegisterDrug,2026-10-02T05:02:05.785225+00:00,2026-10-02T05:02:07.954324+00:00,2142.912,201,True,Drug registered successfully on the blockchain
940,DRUG000940,RegisterDrug,2026-10-02T05:02:07.955683+00:00,2026-10-02T05:02:10.102858+00:00,2147.149,201,True,Drug registered successfully on the blockchain
941,DRUG000941,RegisterDrug,2026-10-02T05:02:10.103242+00:00,2026-10-02T05:02:12.239683+00:00,2136.401,201,True,Drug registered successfully on the blockchain
942,DRUG000942,RegisterDrug,2026-10-02T05:02:12.239847+00:00,2026-10-02T05:02:14.381076+00:00,2141.216,201,True,Drug registered successfully on the blockchain
943,DRUG000943,RegisterDrug,2026-10-02T05:02:14.381283+00:00,2026-10-02T05:02:16.524543+00:00,2143.241,201,True,Drug registered successfully on the blockchain
944,DRUG000944,RegisterDrug,2026-10-02T05:02:16.524769+00:00,2026-10-02T05:02:18.654700+00:00,2129.912,201,True,Drug registered successfully on the blockchain
945,DRUG000945,RegisterDrug,2026-10-02T05:02:18.654865+00:00,2026-10-02T05:02:20.784809+00:00,2129.926,201,True,Drug registered successfully on the blockchain
946,DRUG000946,RegisterDrug,2026-10-02T05:02:20.785007+00:00,2026-10-02T05:02:22.922689+00:00,2137.662,201,True,Drug registered successfully on the blockchain
947,DRUG000947,RegisterDrug,2026-10-02T05:02:22.922907+00:00,2026-10-02T05:02:25.059946+00:00,2137.014,201,True,Drug registered successfully on the blockchain
948,DRUG000948,RegisterDrug,2026-10-02T05:02:25.060194+00:00,2026-10-02T05:02:27.210645+00:00,2150.422,201,True,Drug registered successfully on the blockchain
949,DRUG000949,RegisterDrug,2026-10-02T05:02:27.210892+00:00,2026-10-02T05:02:29.337238+00:00,2126.320,201,True,Drug registered successfully on the blockchain
950,DRUG000950,RegisterDrug,2026-10-02T05:02:29.337657+00:00,2026-10-02T05:02:31.487747+00:00,2150.067,201,True,Drug registered successfully on the blockchain
951,DRUG000951,RegisterDrug,2026-10-02T05:02:31.488267+00:00,2026-10-02T05:02:33.600269+00:00,2111.966,201,True,Drug registered successfully on the blockchain
952,DRUG000952,RegisterDrug,2026-10-02T05:02:33.600459+00:00,2026-10-02T05:02:35.765109+00:00,2164.624,201,True,Drug registered successfully on the blockchain
953,DRUG000953,RegisterDrug,2026-10-02T05:02:35.765334+00:00,2026-10-02T05:02:37.924818+00:00,2152.993,201,True,Drug registered successfully on the blockchain
954,DRUG000954,RegisterDrug,2026-10-02T05:02:37.925125+00:00,2026-10-02T05:02:40.077194+00:00,2152.045,201,True,Drug registered successfully on the blockchain
955,DRUG000955,RegisterDrug,2026-10-02T05:02:40.077532+00:00,2026-10-02T05:02:42.226816+00:00,2149.252,201,True,Drug registered successfully on the blockchain
956,DRUG000956,RegisterDrug,2026-10-02T05:02:42.227081+00:00,2026-10-02T05:02:44.368976+00:00,2141.876,201,True,Drug registered successfully on the blockchain
957,DRUG000957,RegisterDrug,2026-10-02T05:02:44.369158+00:00,2026-10-02T05:02:46.491746+00:00,2122.567,201,True,Drug registered successfully on the blockchain
958,DRUG000958,RegisterDrug,2026-10-02T05:02:46.491948+00:00,2026-10-02T05:02:48.612234+00:00,2120.271,201,True,Drug registered successfully on the blockchain
959,DRUG000959,RegisterDrug,2026-10-02T05:02:48.612394+00:00,2026-10-02T05:02:50.765008+00:00,2152.591,201,True,Drug registered successfully on the blockchain
960,DRUG000960,RegisterDrug,2026-10-02T05:02:50.765280+00:00,2026-10-02T05:02:52.908623+00:00,2143.320,201,True,Drug registered successfully on the blockchain
961,DRUG000961,RegisterDrug,2026-10-02T05:02:52.908836+00:00,2026-10-02T05:02:55.061903+00:00,2153.046,201,True,Drug registered successfully on the blockchain
962,DRUG000962,RegisterDrug,2026-10-02T05:02:55.062155+00:00,2026-10-02T05:02:57.201173+00:00,2138.999,201,True,Drug registered successfully on the blockchain
963,DRUG000963,RegisterDrug,2026-10-02T05:02:57.201408+00:00,2026-10-02T05:02:59.348237+00:00,2146.809,201,True,Drug registered successfully on the blockchain
964,DRUG000964,RegisterDrug,2026-10-02T05:02:59.348507+00:00,2026-10-02T05:03:01.503291+00:00,2154.759,201,True,Drug registered successfully on the blockchain
965,DRUG000965,RegisterDrug,2026-10-02T05:03:01.503444+00:00,2026-10-02T05:03:03.613031+00:00,2109.575,201,True,Drug registered successfully on the blockchain
966,DRUG000966,RegisterDrug,2026-10-02T05:03:03.613224+00:00,2026-10-02T05:03:05.762857+00:00,2149.613,201,True,Drug registered successfully on the blockchain
967,DRUG000967,RegisterDrug,2026-10-02T05:03:05.763058+00:00,2026-10-02T05:03:07.927724+00:00,2149.478,201,True,Drug registered successfully on the blockchain
968,DRUG000968,RegisterDrug,2026-10-02T05:03:07.927927+00:00,2026-10-02T05:03:10.042063+00:00,2114.120,201,True,Drug registered successfully on the blockchain
969,DRUG000969,RegisterDrug,2026-10-02T05:03:10.042239+00:00,2026-10-02T05:03:12.191897+00:00,2149.643,201,True,Drug registered successfully on the blockchain
970,DRUG000970,RegisterDrug,2026-10-02T05:03:12.192149+00:00,2026-10-02T05:03:14.355483+00:00,2163.311,201,True,Drug registered successfully on the blockchain
971,DRUG000971,RegisterDrug,2026-10-02T05:03:14.355681+00:00,2026-10-02T05:03:16.475305+00:00,2119.605,201,True,Drug registered successfully on the blockchain
972,DRUG000972,RegisterDrug,2026-10-02T05:03:16.476584+00:00,2026-10-02T05:03:18.616228+00:00,2139.614,201,True,Drug registered successfully on the blockchain
973,DRUG000973,RegisterDrug,2026-10-02T05:03:18.616397+00:00,2026-10-02T05:03:20.770715+00:00,2154.301,201,True,Drug registered successfully on the blockchain
974,DRUG000974,RegisterDrug,2026-10-02T05:03:20.771079+00:00,2026-10-02T05:03:22.924486+00:00,2153.386,201,True,Drug registered successfully on the blockchain
975,DRUG000975,RegisterDrug,2026-10-02T05:03:22.924817+00:00,2026-10-02T05:03:25.077032+00:00,2152.193,201,True,Drug registered successfully on the blockchain
976,DRUG000976,RegisterDrug,2026-10-02T05:03:25.078193+00:00,2026-10-02T05:03:27.221024+00:00,2142.745,201,True,Drug registered successfully on the blockchain
977,DRUG000977,RegisterDrug,2026-10-02T05:03:27.221285+00:00,2026-10-02T05:03:29.352195+00:00,2130.891,201,True,Drug registered successfully on the blockchain
978,DRUG000978,RegisterDrug,2026-10-02T05:03:29.352368+00:00,2026-10-02T05:03:31.504110+00:00,2151.729,201,True,Drug registered successfully on the blockchain
979,DRUG000979,RegisterDrug,2026-10-02T05:03:31.504266+00:00,2026-10-02T05:03:33.631511+00:00,2127.232,201,True,Drug registered successfully on the blockchain
980,DRUG000980,RegisterDrug,2026-10-02T05:03:33.631749+00:00,2026-10-02T05:03:35.792997+00:00,2161.227,201,True,Drug registered successfully on the blockchain
981,DRUG000981,RegisterDrug,2026-10-02T05:03:35.793239+00:00,2026-10-02T05:03:37.978372+00:00,2156.821,201,True,Drug registered successfully on the blockchain
982,DRUG000982,RegisterDrug,2026-10-02T05:03:37.978550+00:00,2026-10-02T05:03:40.124360+00:00,2145.795,201,True,Drug registered successfully on the blockchain
983,DRUG000983,RegisterDrug,2026-10-02T05:03:40.124717+00:00,2026-10-02T05:03:42.276587+00:00,2151.845,201,True,Drug registered successfully on the blockchain
984,DRUG000984,RegisterDrug,2026-10-02T05:03:42.276836+00:00,2026-10-02T05:03:44.415004+00:00,2138.143,201,True,Drug registered successfully on the blockchain
985,DRUG000985,RegisterDrug,2026-10-02T05:03:44.415245+00:00,2026-10-02T05:03:46.537078+00:00,2121.816,201,True,Drug registered successfully on the blockchain
986,DRUG000986,RegisterDrug,2026-10-02T05:03:46.537297+00:00,2026-10-02T05:03:48.685313+00:00,2147.995,201,True,Drug registered successfully on the blockchain
987,DRUG000987,RegisterDrug,2026-10-02T05:03:48.685521+00:00,2026-10-02T05:03:50.828485+00:00,2142.948,201,True,Drug registered successfully on the blockchain
988,DRUG000988,RegisterDrug,2026-10-02T05:03:50.828787+00:00,2026-10-02T05:03:52.983167+00:00,2154.360,201,True,Drug registered successfully on the blockchain
989,DRUG000989,RegisterDrug,2026-10-02T05:03:52.983360+00:00,2026-10-02T05:03:55.126910+00:00,2143.536,201,True,Drug registered successfully on the blockchain
990,DRUG000990,RegisterDrug,2026-10-02T05:03:55.127184+00:00,2026-10-02T05:03:57.267768+00:00,2140.561,201,True,Drug registered successfully on the blockchain
991,DRUG000991,RegisterDrug,2026-10-02T05:03:57.267965+00:00,2026-10-02T05:03:59.412111+00:00,2144.129,201,True,Drug registered successfully on the blockchain
992,DRUG000992,RegisterDrug,2026-10-02T05:03:59.412326+00:00,2026-10-02T05:04:01.567831+00:00,2155.485,201,True,Drug registered successfully on the blockchain
993,DRUG000993,RegisterDrug,2026-10-02T05:04:01.568026+00:00,2026-10-02T05:04:03.725729+00:00,2157.690,201,True,Drug registered successfully on the blockchain
994,DRUG000994,RegisterDrug,2026-10-02T05:04:03.725973+00:00,2026-10-02T05:04:05.857900+00:00,2131.907,201,True,Drug registered successfully on the blockchain
995,DRUG000995,RegisterDrug,2026-10-02T05:04:05.858084+00:00,2026-10-02T05:04:08.029127+00:00,2141.714,201,True,Drug registered successfully on the blockchain
996,DRUG000996,RegisterDrug,2026-10-02T05:04:08.029328+00:00,2026-10-02T05:04:10.189322+00:00,2159.975,201,True,Drug registered successfully on the blockchain
997,DRUG000997,RegisterDrug,2026-10-02T05:04:10.189496+00:00,2026-10-02T05:04:12.346801+00:00,2157.292,201,True,Drug registered successfully on the blockchain
998,DRUG000998,RegisterDrug,2026-10-02T05:04:12.346978+00:00,2026-10-02T05:04:14.490091+00:00,2143.098,201,True,Drug registered successfully on the blockchain
999,DRUG000999,RegisterDrug,2026-10-02T05:04:14.490319+00:00,2026-10-02T05:04:16.639584+00:00,2149.246,201,True,Drug registered successfully on the blockchain
1000,DRUG001000,RegisterDrug,2026-10-02T05:04:16.639832+00:00,2026-10-02T05:04:18.797283+00:00,2157.430,201,True,Drug registered successfully on the blockchain
