sequence,transferID,drugID,stage,previousOwner,expectedNewOwner,blockchainOwner,operation,startedUTC,endedUTC,latencyMs,httpStatus,success,ownerMatch,message
1,TX0000001,DRUG000001,1,MFG_01,DIST_01,DIST_01,TransferOwnership,2026-10-02T05:06:08.747064+00:00,2026-10-02T05:06:11.492924+00:00,2745.766,200,True,True,Ownership transferred successfully
2,TX0000002,DRUG000001,2,DIST_01,WH_01,WH_01,TransferOwnership,2026-10-02T05:06:11.493351+00:00,2026-10-02T05:06:13.644464+00:00,2151.085,200,True,True,Ownership transferred successfully
3,TX0000003,DRUG000001,3,WH_01,RET_001,RET_001,TransferOwnership,2026-10-02T05:06:13.644713+00:00,2026-10-02T05:06:15.778610+00:00,2133.872,200,True,True,Ownership transferred successfully
4,TX0000004,DRUG000002,1,MFG_02,DIST_02,DIST_02,TransferOwnership,2026-10-02T05:06:15.778813+00:00,2026-10-02T05:06:18.002040+00:00,2223.199,200,True,True,Ownership transferred successfully
5,TX0000005,DRUG000002,2,DIST_02,WH_02,WH_02,TransferOwnership,2026-10-02T05:06:18.002379+00:00,2026-10-02T05:06:20.148826+00:00,2146.423,200,True,True,Ownership transferred successfully
6,TX0000006,DRUG000002,3,WH_02,RET_002,RET_002,TransferOwnership,2026-10-02T05:06:20.148976+00:00,2026-10-02T05:06:22.297912+00:00,2148.923,200,True,True,Ownership transferred successfully
7,TX0000007,DRUG000003,1,MFG_03,DIST_03,DIST_03,TransferOwnership,2026-10-02T05:06:22.298123+00:00,2026-10-02T05:06:24.437971+00:00,2139.830,200,True,True,Ownership transferred successfully
8,TX0000008,DRUG000003,2,DIST_03,WH_03,WH_03,TransferOwnership,2026-10-02T05:06:24.438150+00:00,2026-10-02T05:06:26.578955+00:00,2140.784,200,True,True,Ownership transferred successfully
9,TX0000009,DRUG000003,3,WH_03,RET_003,RET_003,TransferOwnership,2026-10-02T05:06:26.579165+00:00,2026-10-02T05:06:28.716478+00:00,2137.292,200,True,True,Ownership transferred successfully
10,TX0000010,DRUG000004,1,MFG_04,DIST_04,DIST_04,TransferOwnership,2026-10-02T05:06:28.716682+00:00,2026-10-02T05:06:30.877284+00:00,2160.590,200,True,True,Ownership transferred successfully
11,TX0000011,DRUG000004,2,DIST_04,WH_04,WH_04,TransferOwnership,2026-10-02T05:06:30.877434+00:00,2026-10-02T05:06:33.029145+00:00,2151.700,200,True,True,Ownership transferred successfully
12,TX0000012,DRUG000004,3,WH_04,RET_004,RET_004,TransferOwnership,2026-10-02T05:06:33.029326+00:00,2026-10-02T05:06:35.181538+00:00,2152.193,200,True,True,Ownership transferred successfully
13,TX0000013,DRUG000005,1,MFG_05,DIST_05,DIST_05,TransferOwnership,2026-10-02T05:06:35.181811+00:00,2026-10-02T05:06:37.434314+00:00,2252.480,200,True,True,Ownership transferred successfully
14,TX0000014,DRUG000005,2,DIST_05,WH_05,WH_05,TransferOwnership,2026-10-02T05:06:37.434544+00:00,2026-10-02T05:06:39.618601+00:00,2155.870,200,True,True,Ownership transferred successfully
15,TX0000015,DRUG000005,3,WH_05,RET_005,RET_005,TransferOwnership,2026-10-02T05:06:39.618746+00:00,2026-10-02T05:06:41.768597+00:00,2149.827,200,True,True,Ownership transferred successfully
16,TX0000016,DRUG000006,1,MFG_06,DIST_06,DIST_06,TransferOwnership,2026-10-02T05:06:41.768831+00:00,2026-10-02T05:06:43.909234+00:00,2140.389,200,True,True,Ownership transferred successfully
17,TX0000017,DRUG000006,2,DIST_06,WH_06,WH_06,TransferOwnership,2026-10-02T05:06:43.909393+00:00,2026-10-02T05:06:46.071400+00:00,2161.991,200,True,True,Ownership transferred successfully
18,TX0000018,DRUG000006,3,WH_06,RET_006,RET_006,TransferOwnership,2026-10-02T05:06:46.071629+00:00,2026-10-02T05:06:48.216164+00:00,2144.513,200,True,True,Ownership transferred successfully
19,TX0000019,DRUG000007,1,MFG_07,DIST_07,DIST_07,TransferOwnership,2026-10-02T05:06:48.216320+00:00,2026-10-02T05:06:50.388976+00:00,2172.644,200,True,True,Ownership transferred successfully
20,TX0000020,DRUG000007,2,DIST_07,WH_07,WH_07,TransferOwnership,2026-10-02T05:06:50.389155+00:00,2026-10-02T05:06:52.518825+00:00,2129.654,200,True,True,Ownership transferred successfully
21,TX0000021,DRUG000007,3,WH_07,RET_007,RET_007,TransferOwnership,2026-10-02T05:06:52.519005+00:00,2026-10-02T05:06:54.683512+00:00,2164.489,200,True,True,Ownership transferred successfully
22,TX0000022,DRUG000008,1,MFG_08,DIST_08,DIST_08,TransferOwnership,2026-10-02T05:06:54.683702+00:00,2026-10-02T05:06:56.839962+00:00,2156.243,200,True,True,Ownership transferred successfully
23,TX0000023,DRUG000008,2,DIST_08,WH_08,WH_08,TransferOwnership,2026-10-02T05:06:56.840179+00:00,2026-10-02T05:06:58.991339+00:00,2151.138,200,True,True,Ownership transferred successfully
24,TX0000024,DRUG000008,3,WH_08,RET_008,RET_008,TransferOwnership,2026-10-02T05:06:58.991539+00:00,2026-10-02T05:07:01.127200+00:00,2135.641,200,True,True,Ownership transferred successfully
25,TX0000025,DRUG000009,1,MFG_09,DIST_09,DIST_09,TransferOwnership,2026-10-02T05:07:01.127365+00:00,2026-10-02T05:07:03.269599+00:00,2142.219,200,True,True,Ownership transferred successfully
26,TX0000026,DRUG000009,2,DIST_09,WH_09,WH_09,TransferOwnership,2026-10-02T05:07:03.269787+00:00,2026-10-02T05:07:05.412043+00:00,2142.244,200,True,True,Ownership transferred successfully
27,TX0000027,DRUG000009,3,WH_09,RET_009,RET_009,TransferOwnership,2026-10-02T05:07:05.412185+00:00,2026-10-02T05:07:07.582641+00:00,2170.444,200,True,True,Ownership transferred successfully
28,TX0000028,DRUG000010,1,MFG_10,DIST_10,DIST_10,TransferOwnership,2026-10-02T05:07:07.582848+00:00,2026-10-02T05:07:09.800808+00:00,2166.511,200,True,True,Ownership transferred successfully
29,TX0000029,DRUG000010,2,DIST_10,WH_10,WH_10,TransferOwnership,2026-10-02T05:07:09.800986+00:00,2026-10-02T05:07:11.954519+00:00,2153.513,200,True,True,Ownership transferred successfully
30,TX0000030,DRUG000010,3,WH_10,RET_010,RET_010,TransferOwnership,2026-10-02T05:07:11.954738+00:00,2026-10-02T05:07:14.089043+00:00,2134.288,200,True,True,Ownership transferred successfully
31,TX0000031,DRUG000011,1,MFG_01,DIST_11,DIST_11,TransferOwnership,2026-10-02T05:07:14.089203+00:00,2026-10-02T05:07:16.224851+00:00,2135.636,200,True,True,Ownership transferred successfully
32,TX0000032,DRUG000011,2,DIST_11,WH_11,WH_11,TransferOwnership,2026-10-02T05:07:16.225046+00:00,2026-10-02T05:07:18.361116+00:00,2136.051,200,True,True,Ownership transferred successfully
33,TX0000033,DRUG000011,3,WH_11,RET_011,RET_011,TransferOwnership,2026-10-02T05:07:18.361343+00:00,2026-10-02T05:07:20.522521+00:00,2161.155,200,True,True,Ownership transferred successfully
34,TX0000034,DRUG000012,1,MFG_02,DIST_12,DIST_12,TransferOwnership,2026-10-02T05:07:20.522746+00:00,2026-10-02T05:07:22.682020+00:00,2159.253,200,True,True,Ownership transferred successfully
35,TX0000035,DRUG000012,2,DIST_12,WH_12,WH_12,TransferOwnership,2026-10-02T05:07:22.682237+00:00,2026-10-02T05:07:24.818395+00:00,2136.139,200,True,True,Ownership transferred successfully
36,TX0000036,DRUG000012,3,WH_12,RET_012,RET_012,TransferOwnership,2026-10-02T05:07:24.818556+00:00,2026-10-02T05:07:26.979507+00:00,2160.934,200,True,True,Ownership transferred successfully
37,TX0000037,DRUG000013,1,MFG_03,DIST_13,DIST_13,TransferOwnership,2026-10-02T05:07:26.979683+00:00,2026-10-02T05:07:29.134984+00:00,2155.289,200,True,True,Ownership transferred successfully
38,TX0000038,DRUG000013,2,DIST_13,WH_13,WH_13,TransferOwnership,2026-10-02T05:07:29.135176+00:00,2026-10-02T05:07:31.294438+00:00,2159.245,200,True,True,Ownership transferred successfully
39,TX0000039,DRUG000013,3,WH_13,RET_013,RET_013,TransferOwnership,2026-10-02T05:07:31.294692+00:00,2026-10-02T05:07:33.453360+00:00,2158.589,200,True,True,Ownership transferred successfully
40,TX0000040,DRUG000014,1,MFG_04,DIST_14,DIST_14,TransferOwnership,2026-10-02T05:07:33.453534+00:00,2026-10-02T05:07:35.613971+00:00,2160.424,200,True,True,Ownership transferred successfully
41,TX0000041,DRUG000014,2,DIST_14,WH_14,WH_14,TransferOwnership,2026-10-02T05:07:35.614183+00:00,2026-10-02T05:07:37.736173+00:00,2121.973,200,True,True,Ownership transferred successfully
42,TX0000042,DRUG000014,3,WH_14,RET_014,RET_014,TransferOwnership,2026-10-02T05:07:37.736377+00:00,2026-10-02T05:07:39.907175+00:00,2142.074,200,True,True,Ownership transferred successfully
43,TX0000043,DRUG000015,1,MFG_05,DIST_15,DIST_15,TransferOwnership,2026-10-02T05:07:39.907368+00:00,2026-10-02T05:07:42.072022+00:00,2164.636,200,True,True,Ownership transferred successfully
44,TX0000044,DRUG000015,2,DIST_15,WH_15,WH_15,TransferOwnership,2026-10-02T05:07:42.072252+00:00,2026-10-02T05:07:44.198222+00:00,2125.947,200,True,True,Ownership transferred successfully
45,TX0000045,DRUG000015,3,WH_15,RET_015,RET_015,TransferOwnership,2026-10-02T05:07:44.198408+00:00,2026-10-02T05:07:46.311144+00:00,2112.719,200,True,True,Ownership transferred successfully
46,TX0000046,DRUG000016,1,MFG_06,DIST_01,DIST_01,TransferOwnership,2026-10-02T05:07:46.311346+00:00,2026-10-02T05:07:48.438598+00:00,2127.233,200,True,True,Ownership transferred successfully
47,TX0000047,DRUG000016,2,DIST_01,WH_16,WH_16,TransferOwnership,2026-10-02T05:07:48.438847+00:00,2026-10-02T05:07:50.588367+00:00,2149.493,200,True,True,Ownership transferred successfully
48,TX0000048,DRUG000016,3,WH_16,RET_016,RET_016,TransferOwnership,2026-10-02T05:07:50.588553+00:00,2026-10-02T05:07:52.738081+00:00,2149.506,200,True,True,Ownership transferred successfully
49,TX0000049,DRUG000017,1,MFG_07,DIST_02,DIST_02,TransferOwnership,2026-10-02T05:07:52.738280+00:00,2026-10-02T05:07:54.864949+00:00,2126.652,200,True,True,Ownership transferred successfully
50,TX0000050,DRUG000017,2,DIST_02,WH_17,WH_17,TransferOwnership,2026-10-02T05:07:54.865135+00:00,2026-10-02T05:07:57.014382+00:00,2149.227,200,True,True,Ownership transferred successfully
51,TX0000051,DRUG000017,3,WH_17,RET_017,RET_017,TransferOwnership,2026-10-02T05:07:57.014655+00:00,2026-10-02T05:07:59.169552+00:00,2154.873,200,True,True,Ownership transferred successfully
52,TX0000052,DRUG000018,1,MFG_08,DIST_03,DIST_03,TransferOwnership,2026-10-02T05:07:59.169693+00:00,2026-10-02T05:08:01.338710+00:00,2169.004,200,True,True,Ownership transferred successfully
53,TX0000053,DRUG000018,2,DIST_03,WH_18,WH_18,TransferOwnership,2026-10-02T05:08:01.338937+00:00,2026-10-02T05:08:03.479947+00:00,2140.990,200,True,True,Ownership transferred successfully
54,TX0000054,DRUG000018,3,WH_18,RET_018,RET_018,TransferOwnership,2026-10-02T05:08:03.480150+00:00,2026-10-02T05:08:05.637982+00:00,2157.813,200,True,True,Ownership transferred successfully
55,TX0000055,DRUG000019,1,MFG_09,DIST_04,DIST_04,TransferOwnership,2026-10-02T05:08:05.638154+00:00,2026-10-02T05:08:07.795274+00:00,2157.074,200,True,True,Ownership transferred successfully
56,TX0000056,DRUG000019,2,DIST_04,WH_19,WH_19,TransferOwnership,2026-10-02T05:08:07.795508+00:00,2026-10-02T05:08:09.957814+00:00,2150.297,200,True,True,Ownership transferred successfully
57,TX0000057,DRUG000019,3,WH_19,RET_019,RET_019,TransferOwnership,2026-10-02T05:08:09.958027+00:00,2026-10-02T05:08:12.113050+00:00,2155.005,200,True,True,Ownership transferred successfully
58,TX0000058,DRUG000020,1,MFG_10,DIST_05,DIST_05,TransferOwnership,2026-10-02T05:08:12.113227+00:00,2026-10-02T05:08:14.263701+00:00,2150.456,200,True,True,Ownership transferred successfully
59,TX0000059,DRUG000020,2,DIST_05,WH_20,WH_20,TransferOwnership,2026-10-02T05:08:14.263968+00:00,2026-10-02T05:08:16.371801+00:00,2107.809,200,True,True,Ownership transferred successfully
60,TX0000060,DRUG000020,3,WH_20,RET_020,RET_020,TransferOwnership,2026-10-02T05:08:16.372019+00:00,2026-10-02T05:08:18.501619+00:00,2129.587,200,True,True,Ownership transferred successfully
61,TX0000061,DRUG000021,1,MFG_01,DIST_06,DIST_06,TransferOwnership,2026-10-02T05:08:18.501790+00:00,2026-10-02T05:08:20.650317+00:00,2148.511,200,True,True,Ownership transferred successfully
62,TX0000062,DRUG000021,2,DIST_06,WH_01,WH_01,TransferOwnership,2026-10-02T05:08:20.650527+00:00,2026-10-02T05:08:22.796003+00:00,2145.449,200,True,True,Ownership transferred successfully
63,TX0000063,DRUG000021,3,WH_01,RET_021,RET_021,TransferOwnership,2026-10-02T05:08:22.796227+00:00,2026-10-02T05:08:24.925708+00:00,2129.464,200,True,True,Ownership transferred successfully
64,TX0000064,DRUG000022,1,MFG_02,DIST_07,DIST_07,TransferOwnership,2026-10-02T05:08:24.925887+00:00,2026-10-02T05:08:27.085456+00:00,2159.551,200,True,True,Ownership transferred successfully
65,TX0000065,DRUG000022,2,DIST_07,WH_02,WH_02,TransferOwnership,2026-10-02T05:08:27.085697+00:00,2026-10-02T05:08:29.226308+00:00,2140.589,200,True,True,Ownership transferred successfully
66,TX0000066,DRUG000022,3,WH_02,RET_022,RET_022,TransferOwnership,2026-10-02T05:08:29.226487+00:00,2026-10-02T05:08:31.349954+00:00,2123.450,200,True,True,Ownership transferred successfully
67,TX0000067,DRUG000023,1,MFG_03,DIST_08,DIST_08,TransferOwnership,2026-10-02T05:08:31.350103+00:00,2026-10-02T05:08:33.497807+00:00,2147.693,200,True,True,Ownership transferred successfully
68,TX0000068,DRUG000023,2,DIST_08,WH_03,WH_03,TransferOwnership,2026-10-02T05:08:33.497953+00:00,2026-10-02T05:08:35.658750+00:00,2160.785,200,True,True,Ownership transferred successfully
69,TX0000069,DRUG000023,3,WH_03,RET_023,RET_023,TransferOwnership,2026-10-02T05:08:35.658961+00:00,2026-10-02T05:08:37.812218+00:00,2153.237,200,True,True,Ownership transferred successfully
70,TX0000070,DRUG000024,1,MFG_04,DIST_09,DIST_09,TransferOwnership,2026-10-02T05:08:37.812601+00:00,2026-10-02T05:08:39.994615+00:00,2160.599,200,True,True,Ownership transferred successfully
71,TX0000071,DRUG000024,2,DIST_09,WH_04,WH_04,TransferOwnership,2026-10-02T05:08:39.994816+00:00,2026-10-02T05:08:42.155926+00:00,2161.089,200,True,True,Ownership transferred successfully
72,TX0000072,DRUG000024,3,WH_04,RET_024,RET_024,TransferOwnership,2026-10-02T05:08:42.156227+00:00,2026-10-02T05:08:44.261503+00:00,2105.250,200,True,True,Ownership transferred successfully
73,TX0000073,DRUG000025,1,MFG_05,DIST_10,DIST_10,TransferOwnership,2026-10-02T05:08:44.261681+00:00,2026-10-02T05:08:46.399290+00:00,2137.597,200,True,True,Ownership transferred successfully
74,TX0000074,DRUG000025,2,DIST_10,WH_05,WH_05,TransferOwnership,2026-10-02T05:08:46.399481+00:00,2026-10-02T05:08:48.559133+00:00,2159.636,200,True,True,Ownership transferred successfully
75,TX0000075,DRUG000025,3,WH_05,RET_025,RET_025,TransferOwnership,2026-10-02T05:08:48.559301+00:00,2026-10-02T05:08:50.675051+00:00,2115.731,200,True,True,Ownership transferred successfully
76,TX0000076,DRUG000026,1,MFG_06,DIST_11,DIST_11,TransferOwnership,2026-10-02T05:08:50.675278+00:00,2026-10-02T05:08:52.833323+00:00,2158.016,200,True,True,Ownership transferred successfully
77,TX0000077,DRUG000026,2,DIST_11,WH_06,WH_06,TransferOwnership,2026-10-02T05:08:52.833602+00:00,2026-10-02T05:08:54.967090+00:00,2133.463,200,True,True,Ownership transferred successfully
78,TX0000078,DRUG000026,3,WH_06,RET_026,RET_026,TransferOwnership,2026-10-02T05:08:54.967256+00:00,2026-10-02T05:08:57.114282+00:00,2147.008,200,True,True,Ownership transferred successfully
79,TX0000079,DRUG000027,1,MFG_07,DIST_12,DIST_12,TransferOwnership,2026-10-02T05:08:57.114527+00:00,2026-10-02T05:08:59.272693+00:00,2158.145,200,True,True,Ownership transferred successfully
80,TX0000080,DRUG000027,2,DIST_12,WH_07,WH_07,TransferOwnership,2026-10-02T05:08:59.272928+00:00,2026-10-02T05:09:01.420283+00:00,2147.342,200,True,True,Ownership transferred successfully
81,TX0000081,DRUG000027,3,WH_07,RET_027,RET_027,TransferOwnership,2026-10-02T05:09:01.420491+00:00,2026-10-02T05:09:03.560545+00:00,2140.039,200,True,True,Ownership transferred successfully
82,TX0000082,DRUG000028,1,MFG_08,DIST_13,DIST_13,TransferOwnership,2026-10-02T05:09:03.560739+00:00,2026-10-02T05:09:05.706692+00:00,2145.939,200,True,True,Ownership transferred successfully
83,TX0000083,DRUG000028,2,DIST_13,WH_08,WH_08,TransferOwnership,2026-10-02T05:09:05.706896+00:00,2026-10-02T05:09:07.859083+00:00,2152.165,200,True,True,Ownership transferred successfully
84,TX0000084,DRUG000028,3,WH_08,RET_028,RET_028,TransferOwnership,2026-10-02T05:09:07.859264+00:00,2026-10-02T05:09:10.052768+00:00,2148.204,200,True,True,Ownership transferred successfully
85,TX0000085,DRUG000029,1,MFG_09,DIST_14,DIST_14,TransferOwnership,2026-10-02T05:09:10.052969+00:00,2026-10-02T05:09:12.194963+00:00,2141.978,200,True,True,Ownership transferred successfully
86,TX0000086,DRUG000029,2,DIST_14,WH_09,WH_09,TransferOwnership,2026-10-02T05:09:12.195156+00:00,2026-10-02T05:09:14.311590+00:00,2116.387,200,True,True,Ownership transferred successfully
87,TX0000087,DRUG000029,3,WH_09,RET_029,RET_029,TransferOwnership,2026-10-02T05:09:14.311759+00:00,2026-10-02T05:09:16.421811+00:00,2110.038,200,True,True,Ownership transferred successfully
88,TX0000088,DRUG000030,1,MFG_10,DIST_15,DIST_15,TransferOwnership,2026-10-02T05:09:16.422061+00:00,2026-10-02T05:09:18.561018+00:00,2138.931,200,True,True,Ownership transferred successfully
89,TX0000089,DRUG000030,2,DIST_15,WH_10,WH_10,TransferOwnership,2026-10-02T05:09:18.561224+00:00,2026-10-02T05:09:20.697027+00:00,2135.782,200,True,True,Ownership transferred successfully
90,TX0000090,DRUG000030,3,WH_10,RET_030,RET_030,TransferOwnership,2026-10-02T05:09:20.697229+00:00,2026-10-02T05:09:22.848915+00:00,2151.668,200,True,True,Ownership transferred successfully
91,TX0000091,DRUG000031,1,MFG_01,DIST_01,DIST_01,TransferOwnership,2026-10-02T05:09:22.849134+00:00,2026-10-02T05:09:25.008397+00:00,2159.245,200,True,True,Ownership transferred successfully
92,TX0000092,DRUG000031,2,DIST_01,WH_11,WH_11,TransferOwnership,2026-10-02T05:09:25.008537+00:00,2026-10-02T05:09:27.164956+00:00,2156.404,200,True,True,Ownership transferred successfully
93,TX0000093,DRUG000031,3,WH_11,RET_031,RET_031,TransferOwnership,2026-10-02T05:09:27.165230+00:00,2026-10-02T05:09:29.307462+00:00,2142.209,200,True,True,Ownership transferred successfully
94,TX0000094,DRUG000032,1,MFG_02,DIST_02,DIST_02,TransferOwnership,2026-10-02T05:09:29.307664+00:00,2026-10-02T05:09:31.543639+00:00,2235.960,200,True,True,Ownership transferred successfully
95,TX0000095,DRUG000032,2,DIST_02,WH_12,WH_12,TransferOwnership,2026-10-02T05:09:31.543866+00:00,2026-10-02T05:09:33.687280+00:00,2143.395,200,True,True,Ownership transferred successfully
96,TX0000096,DRUG000032,3,WH_12,RET_032,RET_032,TransferOwnership,2026-10-02T05:09:33.687454+00:00,2026-10-02T05:09:35.834462+00:00,2146.994,200,True,True,Ownership transferred successfully
97,TX0000097,DRUG000033,1,MFG_03,DIST_03,DIST_03,TransferOwnership,2026-10-02T05:09:35.834665+00:00,2026-10-02T05:09:37.971388+00:00,2136.712,200,True,True,Ownership transferred successfully
98,TX0000098,DRUG000033,2,DIST_03,WH_13,WH_13,TransferOwnership,2026-10-02T05:09:37.971562+00:00,2026-10-02T05:09:40.129697+00:00,2136.209,200,True,True,Ownership transferred successfully
99,TX0000099,DRUG000033,3,WH_13,RET_033,RET_033,TransferOwnership,2026-10-02T05:09:40.129876+00:00,2026-10-02T05:09:42.258200+00:00,2128.306,200,True,True,Ownership transferred successfully
100,TX0000100,DRUG000034,1,MFG_04,DIST_04,DIST_04,TransferOwnership,2026-10-02T05:09:42.258395+00:00,2026-10-02T05:09:44.399770+00:00,2141.358,200,True,True,Ownership transferred successfully
101,TX0000101,DRUG000034,2,DIST_04,WH_14,WH_14,TransferOwnership,2026-10-02T05:09:44.399946+00:00,2026-10-02T05:09:46.510104+00:00,2110.141,200,True,True,Ownership transferred successfully
102,TX0000102,DRUG000034,3,WH_14,RET_034,RET_034,TransferOwnership,2026-10-02T05:09:46.510242+00:00,2026-10-02T05:09:48.641750+00:00,2131.496,200,True,True,Ownership transferred successfully
103,TX0000103,DRUG000035,1,MFG_05,DIST_05,DIST_05,TransferOwnership,2026-10-02T05:09:48.641921+00:00,2026-10-02T05:09:50.743627+00:00,2101.690,200,True,True,Ownership transferred successfully
104,TX0000104,DRUG000035,2,DIST_05,WH_15,WH_15,TransferOwnership,2026-10-02T05:09:50.743797+00:00,2026-10-02T05:09:52.874191+00:00,2130.378,200,True,True,Ownership transferred successfully
105,TX0000105,DRUG000035,3,WH_15,RET_035,RET_035,TransferOwnership,2026-10-02T05:09:52.874381+00:00,2026-10-02T05:09:55.001102+00:00,2126.698,200,True,True,Ownership transferred successfully
106,TX0000106,DRUG000036,1,MFG_06,DIST_06,DIST_06,TransferOwnership,2026-10-02T05:09:55.001339+00:00,2026-10-02T05:09:57.148337+00:00,2146.977,200,True,True,Ownership transferred successfully
107,TX0000107,DRUG000036,2,DIST_06,WH_16,WH_16,TransferOwnership,2026-10-02T05:09:57.148540+00:00,2026-10-02T05:09:59.275716+00:00,2127.160,200,True,True,Ownership transferred successfully
108,TX0000108,DRUG000036,3,WH_16,RET_036,RET_036,TransferOwnership,2026-10-02T05:09:59.275898+00:00,2026-10-02T05:10:01.398879+00:00,2122.965,200,True,True,Ownership transferred successfully
109,TX0000109,DRUG000037,1,MFG_07,DIST_07,DIST_07,TransferOwnership,2026-10-02T05:10:01.399066+00:00,2026-10-02T05:10:03.504833+00:00,2105.753,200,True,True,Ownership transferred successfully
110,TX0000110,DRUG000037,2,DIST_07,WH_17,WH_17,TransferOwnership,2026-10-02T05:10:03.505045+00:00,2026-10-02T05:10:05.647068+00:00,2142.005,200,True,True,Ownership transferred successfully
111,TX0000111,DRUG000037,3,WH_17,RET_037,RET_037,TransferOwnership,2026-10-02T05:10:05.647368+00:00,2026-10-02T05:10:07.766708+00:00,2119.320,200,True,True,Ownership transferred successfully
112,TX0000112,DRUG000038,1,MFG_08,DIST_08,DIST_08,TransferOwnership,2026-10-02T05:10:07.766906+00:00,2026-10-02T05:10:09.923932+00:00,2146.673,200,True,True,Ownership transferred successfully
113,TX0000113,DRUG000038,2,DIST_08,WH_18,WH_18,TransferOwnership,2026-10-02T05:10:09.924140+00:00,2026-10-02T05:10:12.084576+00:00,2160.416,200,True,True,Ownership transferred successfully
114,TX0000114,DRUG000038,3,WH_18,RET_038,RET_038,TransferOwnership,2026-10-02T05:10:12.084776+00:00,2026-10-02T05:10:14.182605+00:00,2097.811,200,True,True,Ownership transferred successfully
115,TX0000115,DRUG000039,1,MFG_09,DIST_09,DIST_09,TransferOwnership,2026-10-02T05:10:14.182865+00:00,2026-10-02T05:10:16.314024+00:00,2131.133,200,True,True,Ownership transferred successfully
116,TX0000116,DRUG000039,2,DIST_09,WH_19,WH_19,TransferOwnership,2026-10-02T05:10:16.314196+00:00,2026-10-02T05:10:18.470716+00:00,2156.503,200,True,True,Ownership transferred successfully
117,TX0000117,DRUG000039,3,WH_19,RET_039,RET_039,TransferOwnership,2026-10-02T05:10:18.470913+00:00,2026-10-02T05:10:20.645976+00:00,2175.050,200,True,True,Ownership transferred successfully
118,TX0000118,DRUG000040,1,MFG_10,DIST_10,DIST_10,TransferOwnership,2026-10-02T05:10:20.646166+00:00,2026-10-02T05:10:22.800662+00:00,2154.484,200,True,True,Ownership transferred successfully
119,TX0000119,DRUG000040,2,DIST_10,WH_20,WH_20,TransferOwnership,2026-10-02T05:10:22.800869+00:00,2026-10-02T05:10:24.938535+00:00,2137.648,200,True,True,Ownership transferred successfully
120,TX0000120,DRUG000040,3,WH_20,RET_040,RET_040,TransferOwnership,2026-10-02T05:10:24.938764+00:00,2026-10-02T05:10:27.087576+00:00,2148.797,200,True,True,Ownership transferred successfully
121,TX0000121,DRUG000041,1,MFG_01,DIST_11,DIST_11,TransferOwnership,2026-10-02T05:10:27.087774+00:00,2026-10-02T05:10:29.233216+00:00,2145.427,200,True,True,Ownership transferred successfully
122,TX0000122,DRUG000041,2,DIST_11,WH_01,WH_01,TransferOwnership,2026-10-02T05:10:29.233366+00:00,2026-10-02T05:10:31.373536+00:00,2140.157,200,True,True,Ownership transferred successfully
123,TX0000123,DRUG000041,3,WH_01,RET_041,RET_041,TransferOwnership,2026-10-02T05:10:31.373744+00:00,2026-10-02T05:10:33.523097+00:00,2149.335,200,True,True,Ownership transferred successfully
124,TX0000124,DRUG000042,1,MFG_02,DIST_12,DIST_12,TransferOwnership,2026-10-02T05:10:33.523332+00:00,2026-10-02T05:10:35.652741+00:00,2129.386,200,True,True,Ownership transferred successfully
125,TX0000125,DRUG000042,2,DIST_12,WH_02,WH_02,TransferOwnership,2026-10-02T05:10:35.652948+00:00,2026-10-02T05:10:37.803698+00:00,2150.727,200,True,True,Ownership transferred successfully
126,TX0000126,DRUG000042,3,WH_02,RET_042,RET_042,TransferOwnership,2026-10-02T05:10:37.803953+00:00,2026-10-02T05:10:39.952212+00:00,2117.407,200,True,True,Ownership transferred successfully
127,TX0000127,DRUG000043,1,MFG_03,DIST_13,DIST_13,TransferOwnership,2026-10-02T05:10:39.952387+00:00,2026-10-02T05:10:42.137650+00:00,2185.242,200,True,True,Ownership transferred successfully
128,TX0000128,DRUG000043,2,DIST_13,WH_03,WH_03,TransferOwnership,2026-10-02T05:10:42.138079+00:00,2026-10-02T05:10:44.300312+00:00,2162.213,200,True,True,Ownership transferred successfully
129,TX0000129,DRUG000043,3,WH_03,RET_043,RET_043,TransferOwnership,2026-10-02T05:10:44.300733+00:00,2026-10-02T05:10:46.428358+00:00,2127.594,200,True,True,Ownership transferred successfully
130,TX0000130,DRUG000044,1,MFG_04,DIST_14,DIST_14,TransferOwnership,2026-10-02T05:10:46.428519+00:00,2026-10-02T05:10:48.564818+00:00,2136.286,200,True,True,Ownership transferred successfully
131,TX0000131,DRUG000044,2,DIST_14,WH_04,WH_04,TransferOwnership,2026-10-02T05:10:48.565026+00:00,2026-10-02T05:10:50.715347+00:00,2150.301,200,True,True,Ownership transferred successfully
132,TX0000132,DRUG000044,3,WH_04,RET_044,RET_044,TransferOwnership,2026-10-02T05:10:50.715571+00:00,2026-10-02T05:10:52.894840+00:00,2179.250,200,True,True,Ownership transferred successfully
133,TX0000133,DRUG000045,1,MFG_05,DIST_15,DIST_15,TransferOwnership,2026-10-02T05:10:52.895020+00:00,2026-10-02T05:10:55.057601+00:00,2162.570,200,True,True,Ownership transferred successfully
134,TX0000134,DRUG000045,2,DIST_15,WH_05,WH_05,TransferOwnership,2026-10-02T05:10:55.057762+00:00,2026-10-02T05:10:57.196023+00:00,2138.248,200,True,True,Ownership transferred successfully
135,TX0000135,DRUG000045,3,WH_05,RET_045,RET_045,TransferOwnership,2026-10-02T05:10:57.196194+00:00,2026-10-02T05:10:59.338909+00:00,2142.698,200,True,True,Ownership transferred successfully
136,TX0000136,DRUG000046,1,MFG_06,DIST_01,DIST_01,TransferOwnership,2026-10-02T05:10:59.339127+00:00,2026-10-02T05:11:01.480807+00:00,2141.663,200,True,True,Ownership transferred successfully
137,TX0000137,DRUG000046,2,DIST_01,WH_06,WH_06,TransferOwnership,2026-10-02T05:11:01.481004+00:00,2026-10-02T05:11:03.594919+00:00,2113.896,200,True,True,Ownership transferred successfully
138,TX0000138,DRUG000046,3,WH_06,RET_046,RET_046,TransferOwnership,2026-10-02T05:11:03.595053+00:00,2026-10-02T05:11:05.740682+00:00,2145.618,200,True,True,Ownership transferred successfully
139,TX0000139,DRUG000047,1,MFG_07,DIST_02,DIST_02,TransferOwnership,2026-10-02T05:11:05.740868+00:00,2026-10-02T05:11:07.888500+00:00,2147.617,200,True,True,Ownership transferred successfully
140,TX0000140,DRUG000047,2,DIST_02,WH_07,WH_07,TransferOwnership,2026-10-02T05:11:07.889191+00:00,2026-10-02T05:11:10.059002+00:00,2145.255,200,True,True,Ownership transferred successfully
141,TX0000141,DRUG000047,3,WH_07,RET_047,RET_047,TransferOwnership,2026-10-02T05:11:10.059229+00:00,2026-10-02T05:11:12.214325+00:00,2155.086,200,True,True,Ownership transferred successfully
142,TX0000142,DRUG000048,1,MFG_08,DIST_03,DIST_03,TransferOwnership,2026-10-02T05:11:12.214474+00:00,2026-10-02T05:11:14.357456+00:00,2142.969,200,True,True,Ownership transferred successfully
143,TX0000143,DRUG000048,2,DIST_03,WH_08,WH_08,TransferOwnership,2026-10-02T05:11:14.357713+00:00,2026-10-02T05:11:16.475268+00:00,2117.537,200,True,True,Ownership transferred successfully
144,TX0000144,DRUG000048,3,WH_08,RET_048,RET_048,TransferOwnership,2026-10-02T05:11:16.475448+00:00,2026-10-02T05:11:18.598585+00:00,2123.120,200,True,True,Ownership transferred successfully
145,TX0000145,DRUG000049,1,MFG_09,DIST_04,DIST_04,TransferOwnership,2026-10-02T05:11:18.598727+00:00,2026-10-02T05:11:20.759068+00:00,2160.327,200,True,True,Ownership transferred successfully
146,TX0000146,DRUG000049,2,DIST_04,WH_09,WH_09,TransferOwnership,2026-10-02T05:11:20.759277+00:00,2026-10-02T05:11:22.918254+00:00,2158.958,200,True,True,Ownership transferred successfully
147,TX0000147,DRUG000049,3,WH_09,RET_049,RET_049,TransferOwnership,2026-10-02T05:11:22.918435+00:00,2026-10-02T05:11:25.061858+00:00,2143.407,200,True,True,Ownership transferred successfully
148,TX0000148,DRUG000050,1,MFG_10,DIST_05,DIST_05,TransferOwnership,2026-10-02T05:11:25.062073+00:00,2026-10-02T05:11:27.221213+00:00,2159.118,200,True,True,Ownership transferred successfully
149,TX0000149,DRUG000050,2,DIST_05,WH_10,WH_10,TransferOwnership,2026-10-02T05:11:27.221373+00:00,2026-10-02T05:11:29.353765+00:00,2132.379,200,True,True,Ownership transferred successfully
150,TX0000150,DRUG000050,3,WH_10,RET_050,RET_050,TransferOwnership,2026-10-02T05:11:29.353956+00:00,2026-10-02T05:11:31.508298+00:00,2154.320,200,True,True,Ownership transferred successfully
151,TX0000151,DRUG000051,1,MFG_01,DIST_06,DIST_06,TransferOwnership,2026-10-02T05:11:31.508563+00:00,2026-10-02T05:11:33.660020+00:00,2151.433,200,True,True,Ownership transferred successfully
152,TX0000152,DRUG000051,2,DIST_06,WH_11,WH_11,TransferOwnership,2026-10-02T05:11:33.660256+00:00,2026-10-02T05:11:35.801233+00:00,2140.962,200,True,True,Ownership transferred successfully
153,TX0000153,DRUG000051,3,WH_11,RET_001,RET_001,TransferOwnership,2026-10-02T05:11:35.801417+00:00,2026-10-02T05:11:37.950534+00:00,2149.098,200,True,True,Ownership transferred successfully
154,TX0000154,DRUG000052,1,MFG_02,DIST_07,DIST_07,TransferOwnership,2026-10-02T05:11:37.950758+00:00,2026-10-02T05:11:40.132922+00:00,2153.603,200,True,True,Ownership transferred successfully
155,TX0000155,DRUG000052,2,DIST_07,WH_12,WH_12,TransferOwnership,2026-10-02T05:11:40.133080+00:00,2026-10-02T05:11:42.295034+00:00,2161.941,200,True,True,Ownership transferred successfully
156,TX0000156,DRUG000052,3,WH_12,RET_002,RET_002,TransferOwnership,2026-10-02T05:11:42.295255+00:00,2026-10-02T05:11:44.445490+00:00,2150.217,200,True,True,Ownership transferred successfully
157,TX0000157,DRUG000053,1,MFG_03,DIST_08,DIST_08,TransferOwnership,2026-10-02T05:11:44.445652+00:00,2026-10-02T05:11:46.572494+00:00,2126.823,200,True,True,Ownership transferred successfully
158,TX0000158,DRUG000053,2,DIST_08,WH_13,WH_13,TransferOwnership,2026-10-02T05:11:46.572651+00:00,2026-10-02T05:11:48.698060+00:00,2125.391,200,True,True,Ownership transferred successfully
159,TX0000159,DRUG000053,3,WH_13,RET_003,RET_003,TransferOwnership,2026-10-02T05:11:48.698336+00:00,2026-10-02T05:11:50.825810+00:00,2127.452,200,True,True,Ownership transferred successfully
160,TX0000160,DRUG000054,1,MFG_04,DIST_09,DIST_09,TransferOwnership,2026-10-02T05:11:50.825976+00:00,2026-10-02T05:11:52.990885+00:00,2164.893,200,True,True,Ownership transferred successfully
161,TX0000161,DRUG000054,2,DIST_09,WH_14,WH_14,TransferOwnership,2026-10-02T05:11:52.991061+00:00,2026-10-02T05:11:55.125535+00:00,2134.454,200,True,True,Ownership transferred successfully
162,TX0000162,DRUG000054,3,WH_14,RET_004,RET_004,TransferOwnership,2026-10-02T05:11:55.125716+00:00,2026-10-02T05:11:57.284029+00:00,2158.294,200,True,True,Ownership transferred successfully
163,TX0000163,DRUG000055,1,MFG_05,DIST_10,DIST_10,TransferOwnership,2026-10-02T05:11:57.284216+00:00,2026-10-02T05:11:59.440392+00:00,2156.160,200,True,True,Ownership transferred successfully
164,TX0000164,DRUG000055,2,DIST_10,WH_15,WH_15,TransferOwnership,2026-10-02T05:11:59.440559+00:00,2026-10-02T05:12:01.560585+00:00,2120.010,200,True,True,Ownership transferred successfully
165,TX0000165,DRUG000055,3,WH_15,RET_005,RET_005,TransferOwnership,2026-10-02T05:12:01.560805+00:00,2026-10-02T05:12:03.707554+00:00,2146.728,200,True,True,Ownership transferred successfully
166,TX0000166,DRUG000056,1,MFG_06,DIST_11,DIST_11,TransferOwnership,2026-10-02T05:12:03.707692+00:00,2026-10-02T05:12:05.859503+00:00,2151.801,200,True,True,Ownership transferred successfully
167,TX0000167,DRUG000056,2,DIST_11,WH_16,WH_16,TransferOwnership,2026-10-02T05:12:05.859660+00:00,2026-10-02T05:12:07.998181+00:00,2138.502,200,True,True,Ownership transferred successfully
168,TX0000168,DRUG000056,3,WH_16,RET_006,RET_006,TransferOwnership,2026-10-02T05:12:07.998410+00:00,2026-10-02T05:12:10.153357+00:00,2126.215,200,True,True,Ownership transferred successfully
169,TX0000169,DRUG000057,1,MFG_07,DIST_12,DIST_12,TransferOwnership,2026-10-02T05:12:10.153522+00:00,2026-10-02T05:12:12.302279+00:00,2148.745,200,True,True,Ownership transferred successfully
170,TX0000170,DRUG000057,2,DIST_12,WH_17,WH_17,TransferOwnership,2026-10-02T05:12:12.302475+00:00,2026-10-02T05:12:14.440967+00:00,2138.472,200,True,True,Ownership transferred successfully
171,TX0000171,DRUG000057,3,WH_17,RET_007,RET_007,TransferOwnership,2026-10-02T05:12:14.441279+00:00,2026-10-02T05:12:16.549239+00:00,2107.935,200,True,True,Ownership transferred successfully
172,TX0000172,DRUG000058,1,MFG_08,DIST_13,DIST_13,TransferOwnership,2026-10-02T05:12:16.549440+00:00,2026-10-02T05:12:18.680142+00:00,2130.683,200,True,True,Ownership transferred successfully
173,TX0000173,DRUG000058,2,DIST_13,WH_18,WH_18,TransferOwnership,2026-10-02T05:12:18.680319+00:00,2026-10-02T05:12:20.815959+00:00,2135.624,200,True,True,Ownership transferred successfully
174,TX0000174,DRUG000058,3,WH_18,RET_008,RET_008,TransferOwnership,2026-10-02T05:12:20.816112+00:00,2026-10-02T05:12:22.959012+00:00,2142.887,200,True,True,Ownership transferred successfully
175,TX0000175,DRUG000059,1,MFG_09,DIST_14,DIST_14,TransferOwnership,2026-10-02T05:12:22.959211+00:00,2026-10-02T05:12:25.123068+00:00,2163.844,200,True,True,Ownership transferred successfully
176,TX0000176,DRUG000059,2,DIST_14,WH_19,WH_19,TransferOwnership,2026-10-02T05:12:25.123247+00:00,2026-10-02T05:12:27.268718+00:00,2145.459,200,True,True,Ownership transferred successfully
177,TX0000177,DRUG000059,3,WH_19,RET_009,RET_009,TransferOwnership,2026-10-02T05:12:27.268907+00:00,2026-10-02T05:12:29.409087+00:00,2140.167,200,True,True,Ownership transferred successfully
178,TX0000178,DRUG000060,1,MFG_10,DIST_15,DIST_15,TransferOwnership,2026-10-02T05:12:29.409292+00:00,2026-10-02T05:12:31.521178+00:00,2111.866,200,True,True,Ownership transferred successfully
179,TX0000179,DRUG000060,2,DIST_15,WH_20,WH_20,TransferOwnership,2026-10-02T05:12:31.521339+00:00,2026-10-02T05:12:33.670292+00:00,2148.939,200,True,True,Ownership transferred successfully
180,TX0000180,DRUG000060,3,WH_20,RET_010,RET_010,TransferOwnership,2026-10-02T05:12:33.670507+00:00,2026-10-02T05:12:35.815157+00:00,2144.635,200,True,True,Ownership transferred successfully
181,TX0000181,DRUG000061,1,MFG_01,DIST_01,DIST_01,TransferOwnership,2026-10-02T05:12:35.815377+00:00,2026-10-02T05:12:37.969211+00:00,2153.809,200,True,True,Ownership transferred successfully
182,TX0000182,DRUG000061,2,DIST_01,WH_01,WH_01,TransferOwnership,2026-10-02T05:12:37.969433+00:00,2026-10-02T05:12:40.164647+00:00,2149.076,200,True,True,Ownership transferred successfully
183,TX0000183,DRUG000061,3,WH_01,RET_011,RET_011,TransferOwnership,2026-10-02T05:12:40.164846+00:00,2026-10-02T05:12:42.319791+00:00,2154.923,200,True,True,Ownership transferred successfully
184,TX0000184,DRUG000062,1,MFG_02,DIST_02,DIST_02,TransferOwnership,2026-10-02T05:12:42.319981+00:00,2026-10-02T05:12:44.479214+00:00,2159.212,200,True,True,Ownership transferred successfully
185,TX0000185,DRUG000062,2,DIST_02,WH_02,WH_02,TransferOwnership,2026-10-02T05:12:44.479474+00:00,2026-10-02T05:12:46.594961+00:00,2115.471,200,True,True,Ownership transferred successfully
186,TX0000186,DRUG000062,3,WH_02,RET_012,RET_012,TransferOwnership,2026-10-02T05:12:46.595171+00:00,2026-10-02T05:12:48.719587+00:00,2124.397,200,True,True,Ownership transferred successfully
187,TX0000187,DRUG000063,1,MFG_03,DIST_03,DIST_03,TransferOwnership,2026-10-02T05:12:48.719773+00:00,2026-10-02T05:12:50.864243+00:00,2144.454,200,True,True,Ownership transferred successfully
188,TX0000188,DRUG000063,2,DIST_03,WH_03,WH_03,TransferOwnership,2026-10-02T05:12:50.864402+00:00,2026-10-02T05:12:53.000437+00:00,2136.020,200,True,True,Ownership transferred successfully
189,TX0000189,DRUG000063,3,WH_03,RET_013,RET_013,TransferOwnership,2026-10-02T05:12:53.000610+00:00,2026-10-02T05:12:55.141587+00:00,2140.964,200,True,True,Ownership transferred successfully
190,TX0000190,DRUG000064,1,MFG_04,DIST_04,DIST_04,TransferOwnership,2026-10-02T05:12:55.141789+00:00,2026-10-02T05:12:57.286254+00:00,2144.450,200,True,True,Ownership transferred successfully
191,TX0000191,DRUG000064,2,DIST_04,WH_04,WH_04,TransferOwnership,2026-10-02T05:12:57.286421+00:00,2026-10-02T05:12:59.428160+00:00,2141.724,200,True,True,Ownership transferred successfully
192,TX0000192,DRUG000064,3,WH_04,RET_014,RET_014,TransferOwnership,2026-10-02T05:12:59.428381+00:00,2026-10-02T05:13:01.576842+00:00,2148.437,200,True,True,Ownership transferred successfully
193,TX0000193,DRUG000065,1,MFG_05,DIST_05,DIST_05,TransferOwnership,2026-10-02T05:13:01.577039+00:00,2026-10-02T05:13:03.736032+00:00,2158.977,200,True,True,Ownership transferred successfully
194,TX0000194,DRUG000065,2,DIST_05,WH_05,WH_05,TransferOwnership,2026-10-02T05:13:03.736301+00:00,2026-10-02T05:13:05.880074+00:00,2143.752,200,True,True,Ownership transferred successfully
195,TX0000195,DRUG000065,3,WH_05,RET_015,RET_015,TransferOwnership,2026-10-02T05:13:05.880227+00:00,2026-10-02T05:13:08.025263+00:00,2145.025,200,True,True,Ownership transferred successfully
196,TX0000196,DRUG000066,1,MFG_06,DIST_06,DIST_06,TransferOwnership,2026-10-02T05:13:08.025480+00:00,2026-10-02T05:13:10.228119+00:00,2160.524,200,True,True,Ownership transferred successfully
197,TX0000197,DRUG000066,2,DIST_06,WH_06,WH_06,TransferOwnership,2026-10-02T05:13:10.228469+00:00,2026-10-02T05:13:12.385520+00:00,2157.020,200,True,True,Ownership transferred successfully
198,TX0000198,DRUG000066,3,WH_06,RET_016,RET_016,TransferOwnership,2026-10-02T05:13:12.385717+00:00,2026-10-02T05:13:14.507112+00:00,2121.379,200,True,True,Ownership transferred successfully
199,TX0000199,DRUG000067,1,MFG_07,DIST_07,DIST_07,TransferOwnership,2026-10-02T05:13:14.507277+00:00,2026-10-02T05:13:16.629316+00:00,2122.023,200,True,True,Ownership transferred successfully
200,TX0000200,DRUG000067,2,DIST_07,WH_07,WH_07,TransferOwnership,2026-10-02T05:13:16.629448+00:00,2026-10-02T05:13:18.749782+00:00,2120.323,200,True,True,Ownership transferred successfully
201,TX0000201,DRUG000067,3,WH_07,RET_017,RET_017,TransferOwnership,2026-10-02T05:13:18.749962+00:00,2026-10-02T05:13:20.853995+00:00,2104.016,200,True,True,Ownership transferred successfully
202,TX0000202,DRUG000068,1,MFG_08,DIST_08,DIST_08,TransferOwnership,2026-10-02T05:13:20.854170+00:00,2026-10-02T05:13:23.009445+00:00,2155.245,200,True,True,Ownership transferred successfully
203,TX0000203,DRUG000068,2,DIST_08,WH_08,WH_08,TransferOwnership,2026-10-02T05:13:23.009614+00:00,2026-10-02T05:13:25.156900+00:00,2147.273,200,True,True,Ownership transferred successfully
204,TX0000204,DRUG000068,3,WH_08,RET_018,RET_018,TransferOwnership,2026-10-02T05:13:25.157039+00:00,2026-10-02T05:13:27.302101+00:00,2145.049,200,True,True,Ownership transferred successfully
205,TX0000205,DRUG000069,1,MFG_09,DIST_09,DIST_09,TransferOwnership,2026-10-02T05:13:27.302329+00:00,2026-10-02T05:13:29.472991+00:00,2170.647,200,True,True,Ownership transferred successfully
206,TX0000206,DRUG000069,2,DIST_09,WH_09,WH_09,TransferOwnership,2026-10-02T05:13:29.473225+00:00,2026-10-02T05:13:31.611019+00:00,2137.779,200,True,True,Ownership transferred successfully
207,TX0000207,DRUG000069,3,WH_09,RET_019,RET_019,TransferOwnership,2026-10-02T05:13:31.611209+00:00,2026-10-02T05:13:33.756341+00:00,2145.117,200,True,True,Ownership transferred successfully
208,TX0000208,DRUG000070,1,MFG_10,DIST_10,DIST_10,TransferOwnership,2026-10-02T05:13:33.756492+00:00,2026-10-02T05:13:35.904642+00:00,2148.136,200,True,True,Ownership transferred successfully
209,TX0000209,DRUG000070,2,DIST_10,WH_10,WH_10,TransferOwnership,2026-10-02T05:13:35.904829+00:00,2026-10-02T05:13:38.026802+00:00,2121.954,200,True,True,Ownership transferred successfully
210,TX0000210,DRUG000070,3,WH_10,RET_020,RET_020,TransferOwnership,2026-10-02T05:13:38.027014+00:00,2026-10-02T05:13:40.225632+00:00,2143.906,200,True,True,Ownership transferred successfully
211,TX0000211,DRUG000071,1,MFG_01,DIST_11,DIST_11,TransferOwnership,2026-10-02T05:13:40.225813+00:00,2026-10-02T05:13:42.387024+00:00,2161.196,200,True,True,Ownership transferred successfully
212,TX0000212,DRUG000071,2,DIST_11,WH_11,WH_11,TransferOwnership,2026-10-02T05:13:42.387249+00:00,2026-10-02T05:13:44.530622+00:00,2143.353,200,True,True,Ownership transferred successfully
213,TX0000213,DRUG000071,3,WH_11,RET_021,RET_021,TransferOwnership,2026-10-02T05:13:44.530782+00:00,2026-10-02T05:13:46.663828+00:00,2133.033,200,True,True,Ownership transferred successfully
214,TX0000214,DRUG000072,1,MFG_02,DIST_12,DIST_12,TransferOwnership,2026-10-02T05:13:46.664007+00:00,2026-10-02T05:13:48.794841+00:00,2130.820,200,True,True,Ownership transferred successfully
215,TX0000215,DRUG000072,2,DIST_12,WH_12,WH_12,TransferOwnership,2026-10-02T05:13:48.795026+00:00,2026-10-02T05:13:50.916697+00:00,2121.646,200,True,True,Ownership transferred successfully
216,TX0000216,DRUG000072,3,WH_12,RET_022,RET_022,TransferOwnership,2026-10-02T05:13:50.916876+00:00,2026-10-02T05:13:53.066469+00:00,2149.579,200,True,True,Ownership transferred successfully
217,TX0000217,DRUG000073,1,MFG_03,DIST_13,DIST_13,TransferOwnership,2026-10-02T05:13:53.066680+00:00,2026-10-02T05:13:55.218562+00:00,2151.859,200,True,True,Ownership transferred successfully
218,TX0000218,DRUG000073,2,DIST_13,WH_13,WH_13,TransferOwnership,2026-10-02T05:13:55.218785+00:00,2026-10-02T05:13:57.353170+00:00,2134.366,200,True,True,Ownership transferred successfully
219,TX0000219,DRUG000073,3,WH_13,RET_023,RET_023,TransferOwnership,2026-10-02T05:13:57.353334+00:00,2026-10-02T05:13:59.491017+00:00,2137.672,200,True,True,Ownership transferred successfully
220,TX0000220,DRUG000074,1,MFG_04,DIST_14,DIST_14,TransferOwnership,2026-10-02T05:13:59.491227+00:00,2026-10-02T05:14:01.641580+00:00,2150.334,200,True,True,Ownership transferred successfully
221,TX0000221,DRUG000074,2,DIST_14,WH_14,WH_14,TransferOwnership,2026-10-02T05:14:01.641874+00:00,2026-10-02T05:14:03.787284+00:00,2145.386,200,True,True,Ownership transferred successfully
222,TX0000222,DRUG000074,3,WH_14,RET_024,RET_024,TransferOwnership,2026-10-02T05:14:03.787473+00:00,2026-10-02T05:14:05.908975+00:00,2121.484,200,True,True,Ownership transferred successfully
223,TX0000223,DRUG000075,1,MFG_05,DIST_15,DIST_15,TransferOwnership,2026-10-02T05:14:05.909120+00:00,2026-10-02T05:14:08.053913+00:00,2144.782,200,True,True,Ownership transferred successfully
224,TX0000224,DRUG000075,2,DIST_15,WH_15,WH_15,TransferOwnership,2026-10-02T05:14:08.054118+00:00,2026-10-02T05:14:10.211755+00:00,2139.590,200,True,True,Ownership transferred successfully
225,TX0000225,DRUG000075,3,WH_15,RET_025,RET_025,TransferOwnership,2026-10-02T05:14:10.211908+00:00,2026-10-02T05:14:12.357389+00:00,2145.469,200,True,True,Ownership transferred successfully
226,TX0000226,DRUG000076,1,MFG_06,DIST_01,DIST_01,TransferOwnership,2026-10-02T05:14:12.357536+00:00,2026-10-02T05:14:14.502324+00:00,2144.778,200,True,True,Ownership transferred successfully
227,TX0000227,DRUG000076,2,DIST_01,WH_16,WH_16,TransferOwnership,2026-10-02T05:14:14.502485+00:00,2026-10-02T05:14:16.607535+00:00,2105.034,200,True,True,Ownership transferred successfully
228,TX0000228,DRUG000076,3,WH_16,RET_026,RET_026,TransferOwnership,2026-10-02T05:14:16.607727+00:00,2026-10-02T05:14:18.723022+00:00,2115.271,200,True,True,Ownership transferred successfully
229,TX0000229,DRUG000077,1,MFG_07,DIST_02,DIST_02,TransferOwnership,2026-10-02T05:14:18.723248+00:00,2026-10-02T05:14:20.838227+00:00,2114.959,200,True,True,Ownership transferred successfully
230,TX0000230,DRUG000077,2,DIST_02,WH_17,WH_17,TransferOwnership,2026-10-02T05:14:20.838421+00:00,2026-10-02T05:14:22.995872+00:00,2157.435,200,True,True,Ownership transferred successfully
231,TX0000231,DRUG000077,3,WH_17,RET_027,RET_027,TransferOwnership,2026-10-02T05:14:22.996114+00:00,2026-10-02T05:14:25.124454+00:00,2128.320,200,True,True,Ownership transferred successfully
232,TX0000232,DRUG000078,1,MFG_08,DIST_03,DIST_03,TransferOwnership,2026-10-02T05:14:25.124624+00:00,2026-10-02T05:14:27.262885+00:00,2138.244,200,True,True,Ownership transferred successfully
233,TX0000233,DRUG000078,2,DIST_03,WH_18,WH_18,TransferOwnership,2026-10-02T05:14:27.263116+00:00,2026-10-02T05:14:29.400655+00:00,2137.520,200,True,True,Ownership transferred successfully
234,TX0000234,DRUG000078,3,WH_18,RET_028,RET_028,TransferOwnership,2026-10-02T05:14:29.400837+00:00,2026-10-02T05:14:31.546907+00:00,2146.050,200,True,True,Ownership transferred successfully
235,TX0000235,DRUG000079,1,MFG_09,DIST_04,DIST_04,TransferOwnership,2026-10-02T05:14:31.547142+00:00,2026-10-02T05:14:33.727059+00:00,2179.898,200,True,True,Ownership transferred successfully
236,TX0000236,DRUG000079,2,DIST_04,WH_19,WH_19,TransferOwnership,2026-10-02T05:14:33.727222+00:00,2026-10-02T05:14:35.875453+00:00,2148.217,200,True,True,Ownership transferred successfully
237,TX0000237,DRUG000079,3,WH_19,RET_029,RET_029,TransferOwnership,2026-10-02T05:14:35.875721+00:00,2026-10-02T05:14:38.031054+00:00,2155.308,200,True,True,Ownership transferred successfully
238,TX0000238,DRUG000080,1,MFG_10,DIST_05,DIST_05,TransferOwnership,2026-10-02T05:14:38.031299+00:00,2026-10-02T05:14:40.214918+00:00,2154.828,200,True,True,Ownership transferred successfully
239,TX0000239,DRUG000080,2,DIST_05,WH_20,WH_20,TransferOwnership,2026-10-02T05:14:40.215131+00:00,2026-10-02T05:14:42.366242+00:00,2151.089,200,True,True,Ownership transferred successfully
240,TX0000240,DRUG000080,3,WH_20,RET_030,RET_030,TransferOwnership,2026-10-02T05:14:42.366463+00:00,2026-10-02T05:14:44.464604+00:00,2098.121,200,True,True,Ownership transferred successfully
241,TX0000241,DRUG000081,1,MFG_01,DIST_06,DIST_06,TransferOwnership,2026-10-02T05:14:44.464761+00:00,2026-10-02T05:14:46.583141+00:00,2118.368,200,True,True,Ownership transferred successfully
242,TX0000242,DRUG000081,2,DIST_06,WH_01,WH_01,TransferOwnership,2026-10-02T05:14:46.583327+00:00,2026-10-02T05:14:48.711410+00:00,2128.066,200,True,True,Ownership transferred successfully
243,TX0000243,DRUG000081,3,WH_01,RET_031,RET_031,TransferOwnership,2026-10-02T05:14:48.711583+00:00,2026-10-02T05:14:50.847835+00:00,2136.233,200,True,True,Ownership transferred successfully
244,TX0000244,DRUG000082,1,MFG_02,DIST_07,DIST_07,TransferOwnership,2026-10-02T05:14:50.848054+00:00,2026-10-02T05:14:52.997738+00:00,2149.667,200,True,True,Ownership transferred successfully
245,TX0000245,DRUG000082,2,DIST_07,WH_02,WH_02,TransferOwnership,2026-10-02T05:14:52.997917+00:00,2026-10-02T05:14:55.138061+00:00,2140.127,200,True,True,Ownership transferred successfully
246,TX0000246,DRUG000082,3,WH_02,RET_032,RET_032,TransferOwnership,2026-10-02T05:14:55.138244+00:00,2026-10-02T05:14:57.277540+00:00,2139.283,200,True,True,Ownership transferred successfully
247,TX0000247,DRUG000083,1,MFG_03,DIST_08,DIST_08,TransferOwnership,2026-10-02T05:14:57.277733+00:00,2026-10-02T05:14:59.427039+00:00,2149.284,200,True,True,Ownership transferred successfully
248,TX0000248,DRUG000083,2,DIST_08,WH_03,WH_03,TransferOwnership,2026-10-02T05:14:59.427194+00:00,2026-10-02T05:15:01.569782+00:00,2142.575,200,True,True,Ownership transferred successfully
249,TX0000249,DRUG000083,3,WH_03,RET_033,RET_033,TransferOwnership,2026-10-02T05:15:01.569930+00:00,2026-10-02T05:15:03.704204+00:00,2134.263,200,True,True,Ownership transferred successfully
250,TX0000250,DRUG000084,1,MFG_04,DIST_09,DIST_09,TransferOwnership,2026-10-02T05:15:03.704373+00:00,2026-10-02T05:15:05.866100+00:00,2161.707,200,True,True,Ownership transferred successfully
251,TX0000251,DRUG000084,2,DIST_09,WH_04,WH_04,TransferOwnership,2026-10-02T05:15:05.866291+00:00,2026-10-02T05:15:07.996269+00:00,2129.965,200,True,True,Ownership transferred successfully
252,TX0000252,DRUG000084,3,WH_04,RET_034,RET_034,TransferOwnership,2026-10-02T05:15:07.996475+00:00,2026-10-02T05:15:10.183992+00:00,2125.985,200,True,True,Ownership transferred successfully
253,TX0000253,DRUG000085,1,MFG_05,DIST_10,DIST_10,TransferOwnership,2026-10-02T05:15:10.184158+00:00,2026-10-02T05:15:12.338564+00:00,2154.393,200,True,True,Ownership transferred successfully
254,TX0000254,DRUG000085,2,DIST_10,WH_05,WH_05,TransferOwnership,2026-10-02T05:15:12.338754+00:00,2026-10-02T05:15:14.446453+00:00,2107.684,200,True,True,Ownership transferred successfully
255,TX0000255,DRUG000085,3,WH_05,RET_035,RET_035,TransferOwnership,2026-10-02T05:15:14.446722+00:00,2026-10-02T05:15:16.572075+00:00,2125.331,200,True,True,Ownership transferred successfully
256,TX0000256,DRUG000086,1,MFG_06,DIST_11,DIST_11,TransferOwnership,2026-10-02T05:15:16.572254+00:00,2026-10-02T05:15:18.709090+00:00,2136.817,200,True,True,Ownership transferred successfully
257,TX0000257,DRUG000086,2,DIST_11,WH_06,WH_06,TransferOwnership,2026-10-02T05:15:18.709375+00:00,2026-10-02T05:15:20.851573+00:00,2142.180,200,True,True,Ownership transferred successfully
258,TX0000258,DRUG000086,3,WH_06,RET_036,RET_036,TransferOwnership,2026-10-02T05:15:20.851870+00:00,2026-10-02T05:15:22.996308+00:00,2144.415,200,True,True,Ownership transferred successfully
259,TX0000259,DRUG000087,1,MFG_07,DIST_12,DIST_12,TransferOwnership,2026-10-02T05:15:22.996513+00:00,2026-10-02T05:15:25.146758+00:00,2150.223,200,True,True,Ownership transferred successfully
260,TX0000260,DRUG000087,2,DIST_12,WH_07,WH_07,TransferOwnership,2026-10-02T05:15:25.147000+00:00,2026-10-02T05:15:27.294425+00:00,2147.404,200,True,True,Ownership transferred successfully
261,TX0000261,DRUG000087,3,WH_07,RET_037,RET_037,TransferOwnership,2026-10-02T05:15:27.294631+00:00,2026-10-02T05:15:29.445353+00:00,2150.708,200,True,True,Ownership transferred successfully
262,TX0000262,DRUG000088,1,MFG_08,DIST_13,DIST_13,TransferOwnership,2026-10-02T05:15:29.445486+00:00,2026-10-02T05:15:31.585423+00:00,2139.711,200,True,True,Ownership transferred successfully
263,TX0000263,DRUG000088,2,DIST_13,WH_08,WH_08,TransferOwnership,2026-10-02T05:15:31.585653+00:00,2026-10-02T05:15:33.728933+00:00,2143.259,200,True,True,Ownership transferred successfully
264,TX0000264,DRUG000088,3,WH_08,RET_038,RET_038,TransferOwnership,2026-10-02T05:15:33.729150+00:00,2026-10-02T05:15:35.877028+00:00,2147.855,200,True,True,Ownership transferred successfully
265,TX0000265,DRUG000089,1,MFG_09,DIST_14,DIST_14,TransferOwnership,2026-10-02T05:15:35.877219+00:00,2026-10-02T05:15:38.023672+00:00,2146.441,200,True,True,Ownership transferred successfully
266,TX0000266,DRUG000089,2,DIST_14,WH_09,WH_09,TransferOwnership,2026-10-02T05:15:38.023886+00:00,2026-10-02T05:15:40.185377+00:00,2142.836,200,True,True,Ownership transferred successfully
267,TX0000267,DRUG000089,3,WH_09,RET_039,RET_039,TransferOwnership,2026-10-02T05:15:40.185685+00:00,2026-10-02T05:15:42.323989+00:00,2138.285,200,True,True,Ownership transferred successfully
268,TX0000268,DRUG000090,1,MFG_10,DIST_15,DIST_15,TransferOwnership,2026-10-02T05:15:42.324145+00:00,2026-10-02T05:15:44.423986+00:00,2099.829,200,True,True,Ownership transferred successfully
269,TX0000269,DRUG000090,2,DIST_15,WH_10,WH_10,TransferOwnership,2026-10-02T05:15:44.424154+00:00,2026-10-02T05:15:46.534396+00:00,2110.224,200,True,True,Ownership transferred successfully
270,TX0000270,DRUG000090,3,WH_10,RET_040,RET_040,TransferOwnership,2026-10-02T05:15:46.534567+00:00,2026-10-02T05:15:48.674761+00:00,2140.179,200,True,True,Ownership transferred successfully
271,TX0000271,DRUG000091,1,MFG_01,DIST_01,DIST_01,TransferOwnership,2026-10-02T05:15:48.674973+00:00,2026-10-02T05:15:50.828598+00:00,2153.605,200,True,True,Ownership transferred successfully
272,TX0000272,DRUG000091,2,DIST_01,WH_11,WH_11,TransferOwnership,2026-10-02T05:15:50.828768+00:00,2026-10-02T05:15:52.970959+00:00,2142.175,200,True,True,Ownership transferred successfully
273,TX0000273,DRUG000091,3,WH_11,RET_041,RET_041,TransferOwnership,2026-10-02T05:15:52.971167+00:00,2026-10-02T05:15:55.073328+00:00,2102.137,200,True,True,Ownership transferred successfully
274,TX0000274,DRUG000092,1,MFG_02,DIST_02,DIST_02,TransferOwnership,2026-10-02T05:15:55.073487+00:00,2026-10-02T05:15:57.209095+00:00,2135.596,200,True,True,Ownership transferred successfully
275,TX0000275,DRUG000092,2,DIST_02,WH_12,WH_12,TransferOwnership,2026-10-02T05:15:57.209319+00:00,2026-10-02T05:15:59.351672+00:00,2142.342,200,True,True,Ownership transferred successfully
276,TX0000276,DRUG000092,3,WH_12,RET_042,RET_042,TransferOwnership,2026-10-02T05:15:59.351818+00:00,2026-10-02T05:16:01.483858+00:00,2132.029,200,True,True,Ownership transferred successfully
277,TX0000277,DRUG000093,1,MFG_03,DIST_03,DIST_03,TransferOwnership,2026-10-02T05:16:01.484024+00:00,2026-10-02T05:16:03.625812+00:00,2141.773,200,True,True,Ownership transferred successfully
278,TX0000278,DRUG000093,2,DIST_03,WH_13,WH_13,TransferOwnership,2026-10-02T05:16:03.626170+00:00,2026-10-02T05:16:05.786697+00:00,2160.494,200,True,True,Ownership transferred successfully
279,TX0000279,DRUG000093,3,WH_13,RET_043,RET_043,TransferOwnership,2026-10-02T05:16:05.786902+00:00,2026-10-02T05:16:07.931696+00:00,2144.780,200,True,True,Ownership transferred successfully
280,TX0000280,DRUG000094,1,MFG_04,DIST_04,DIST_04,TransferOwnership,2026-10-02T05:16:07.931900+00:00,2026-10-02T05:16:10.121487+00:00,2162.597,200,True,True,Ownership transferred successfully
281,TX0000281,DRUG000094,2,DIST_04,WH_14,WH_14,TransferOwnership,2026-10-02T05:16:10.121713+00:00,2026-10-02T05:16:12.226396+00:00,2104.664,200,True,True,Ownership transferred successfully
282,TX0000282,DRUG000094,3,WH_14,RET_044,RET_044,TransferOwnership,2026-10-02T05:16:12.226576+00:00,2026-10-02T05:16:14.346497+00:00,2119.905,200,True,True,Ownership transferred successfully
283,TX0000283,DRUG000095,1,MFG_05,DIST_05,DIST_05,TransferOwnership,2026-10-02T05:16:14.346675+00:00,2026-10-02T05:16:16.480938+00:00,2134.242,200,True,True,Ownership transferred successfully
284,TX0000284,DRUG000095,2,DIST_05,WH_15,WH_15,TransferOwnership,2026-10-02T05:16:16.481119+00:00,2026-10-02T05:16:18.607317+00:00,2126.183,200,True,True,Ownership transferred successfully
285,TX0000285,DRUG000095,3,WH_15,RET_045,RET_045,TransferOwnership,2026-10-02T05:16:18.607579+00:00,2026-10-02T05:16:20.756236+00:00,2148.634,200,True,True,Ownership transferred successfully
286,TX0000286,DRUG000096,1,MFG_06,DIST_06,DIST_06,TransferOwnership,2026-10-02T05:16:20.756445+00:00,2026-10-02T05:16:22.910177+00:00,2153.709,200,True,True,Ownership transferred successfully
287,TX0000287,DRUG000096,2,DIST_06,WH_16,WH_16,TransferOwnership,2026-10-02T05:16:22.910356+00:00,2026-10-02T05:16:25.056287+00:00,2145.916,200,True,True,Ownership transferred successfully
288,TX0000288,DRUG000096,3,WH_16,RET_046,RET_046,TransferOwnership,2026-10-02T05:16:25.056470+00:00,2026-10-02T05:16:27.186228+00:00,2129.746,200,True,True,Ownership transferred successfully
289,TX0000289,DRUG000097,1,MFG_07,DIST_07,DIST_07,TransferOwnership,2026-10-02T05:16:27.186405+00:00,2026-10-02T05:16:29.338482+00:00,2152.064,200,True,True,Ownership transferred successfully
290,TX0000290,DRUG000097,2,DIST_07,WH_17,WH_17,TransferOwnership,2026-10-02T05:16:29.338943+00:00,2026-10-02T05:16:31.488441+00:00,2149.463,200,True,True,Ownership transferred successfully
291,TX0000291,DRUG000097,3,WH_17,RET_047,RET_047,TransferOwnership,2026-10-02T05:16:31.488602+00:00,2026-10-02T05:16:33.624194+00:00,2135.581,200,True,True,Ownership transferred successfully
292,TX0000292,DRUG000098,1,MFG_08,DIST_08,DIST_08,TransferOwnership,2026-10-02T05:16:33.624382+00:00,2026-10-02T05:16:35.784602+00:00,2160.206,200,True,True,Ownership transferred successfully
293,TX0000293,DRUG000098,2,DIST_08,WH_18,WH_18,TransferOwnership,2026-10-02T05:16:35.784875+00:00,2026-10-02T05:16:37.934889+00:00,2150.001,200,True,True,Ownership transferred successfully
294,TX0000294,DRUG000098,3,WH_18,RET_048,RET_048,TransferOwnership,2026-10-02T05:16:37.935054+00:00,2026-10-02T05:16:40.107283+00:00,2113.566,200,True,True,Ownership transferred successfully
295,TX0000295,DRUG000099,1,MFG_09,DIST_09,DIST_09,TransferOwnership,2026-10-02T05:16:40.107433+00:00,2026-10-02T05:16:42.221754+00:00,2114.309,200,True,True,Ownership transferred successfully
296,TX0000296,DRUG000099,2,DIST_09,WH_19,WH_19,TransferOwnership,2026-10-02T05:16:42.222073+00:00,2026-10-02T05:16:44.336103+00:00,2113.945,200,True,True,Ownership transferred successfully
297,TX0000297,DRUG000099,3,WH_19,RET_049,RET_049,TransferOwnership,2026-10-02T05:16:44.336303+00:00,2026-10-02T05:16:46.462259+00:00,2125.938,200,True,True,Ownership transferred successfully
298,TX0000298,DRUG000100,1,MFG_10,DIST_10,DIST_10,TransferOwnership,2026-10-02T05:16:46.462433+00:00,2026-10-02T05:16:48.609746+00:00,2147.299,200,True,True,Ownership transferred successfully
299,TX0000299,DRUG000100,2,DIST_10,WH_20,WH_20,TransferOwnership,2026-10-02T05:16:48.609901+00:00,2026-10-02T05:16:50.753779+00:00,2143.868,200,True,True,Ownership transferred successfully
300,TX0000300,DRUG000100,3,WH_20,RET_050,RET_050,TransferOwnership,2026-10-02T05:16:50.753986+00:00,2026-10-02T05:16:52.879639+00:00,2125.641,200,True,True,Ownership transferred successfully
301,TX0000301,DRUG000101,1,MFG_01,DIST_11,DIST_11,TransferOwnership,2026-10-02T05:16:52.879808+00:00,2026-10-02T05:16:55.025437+00:00,2145.617,200,True,True,Ownership transferred successfully
302,TX0000302,DRUG000101,2,DIST_11,WH_01,WH_01,TransferOwnership,2026-10-02T05:16:55.025978+00:00,2026-10-02T05:16:57.172191+00:00,2146.179,200,True,True,Ownership transferred successfully
303,TX0000303,DRUG000101,3,WH_01,RET_001,RET_001,TransferOwnership,2026-10-02T05:16:57.172333+00:00,2026-10-02T05:16:59.301638+00:00,2129.293,200,True,True,Ownership transferred successfully
304,TX0000304,DRUG000102,1,MFG_02,DIST_12,DIST_12,TransferOwnership,2026-10-02T05:16:59.301823+00:00,2026-10-02T05:17:01.451163+00:00,2149.326,200,True,True,Ownership transferred successfully
305,TX0000305,DRUG000102,2,DIST_12,WH_02,WH_02,TransferOwnership,2026-10-02T05:17:01.451675+00:00,2026-10-02T05:17:03.580694+00:00,2128.989,200,True,True,Ownership transferred successfully
306,TX0000306,DRUG000102,3,WH_02,RET_002,RET_002,TransferOwnership,2026-10-02T05:17:03.580872+00:00,2026-10-02T05:17:05.723814+00:00,2142.921,200,True,True,Ownership transferred successfully
307,TX0000307,DRUG000103,1,MFG_03,DIST_13,DIST_13,TransferOwnership,2026-10-02T05:17:05.723956+00:00,2026-10-02T05:17:07.872343+00:00,2148.377,200,True,True,Ownership transferred successfully
308,TX0000308,DRUG000103,2,DIST_13,WH_03,WH_03,TransferOwnership,2026-10-02T05:17:07.872516+00:00,2026-10-02T05:17:10.033695+00:00,2136.720,200,True,True,Ownership transferred successfully
309,TX0000309,DRUG000103,3,WH_03,RET_003,RET_003,TransferOwnership,2026-10-02T05:17:10.033895+00:00,2026-10-02T05:17:12.178058+00:00,2144.147,200,True,True,Ownership transferred successfully
310,TX0000310,DRUG000104,1,MFG_04,DIST_14,DIST_14,TransferOwnership,2026-10-02T05:17:12.178218+00:00,2026-10-02T05:17:14.294286+00:00,2116.054,200,True,True,Ownership transferred successfully
311,TX0000311,DRUG000104,2,DIST_14,WH_04,WH_04,TransferOwnership,2026-10-02T05:17:14.294481+00:00,2026-10-02T05:17:16.433934+00:00,2139.435,200,True,True,Ownership transferred successfully
312,TX0000312,DRUG000104,3,WH_04,RET_004,RET_004,TransferOwnership,2026-10-02T05:17:16.434116+00:00,2026-10-02T05:17:18.570986+00:00,2136.845,200,True,True,Ownership transferred successfully
313,TX0000313,DRUG000105,1,MFG_05,DIST_15,DIST_15,TransferOwnership,2026-10-02T05:17:18.571335+00:00,2026-10-02T05:17:20.726252+00:00,2154.882,200,True,True,Ownership transferred successfully
314,TX0000314,DRUG000105,2,DIST_15,WH_05,WH_05,TransferOwnership,2026-10-02T05:17:20.726498+00:00,2026-10-02T05:17:22.864379+00:00,2137.846,200,True,True,Ownership transferred successfully
315,TX0000315,DRUG000105,3,WH_05,RET_005,RET_005,TransferOwnership,2026-10-02T05:17:22.864692+00:00,2026-10-02T05:17:24.989987+00:00,2125.282,200,True,True,Ownership transferred successfully
316,TX0000316,DRUG000106,1,MFG_06,DIST_01,DIST_01,TransferOwnership,2026-10-02T05:17:24.990305+00:00,2026-10-02T05:17:27.116707+00:00,2126.380,200,True,True,Ownership transferred successfully
317,TX0000317,DRUG000106,2,DIST_01,WH_06,WH_06,TransferOwnership,2026-10-02T05:17:27.116876+00:00,2026-10-02T05:17:29.222997+00:00,2106.105,200,True,True,Ownership transferred successfully
318,TX0000318,DRUG000106,3,WH_06,RET_006,RET_006,TransferOwnership,2026-10-02T05:17:29.223154+00:00,2026-10-02T05:17:31.366457+00:00,2143.289,200,True,True,Ownership transferred successfully
319,TX0000319,DRUG000107,1,MFG_07,DIST_02,DIST_02,TransferOwnership,2026-10-02T05:17:31.366701+00:00,2026-10-02T05:17:33.518064+00:00,2151.343,200,True,True,Ownership transferred successfully
320,TX0000320,DRUG000107,2,DIST_02,WH_07,WH_07,TransferOwnership,2026-10-02T05:17:33.518235+00:00,2026-10-02T05:17:35.656670+00:00,2138.415,200,True,True,Ownership transferred successfully
321,TX0000321,DRUG000107,3,WH_07,RET_007,RET_007,TransferOwnership,2026-10-02T05:17:35.656901+00:00,2026-10-02T05:17:37.771276+00:00,2114.363,200,True,True,Ownership transferred successfully
322,TX0000322,DRUG000108,1,MFG_08,DIST_03,DIST_03,TransferOwnership,2026-10-02T05:17:37.771436+00:00,2026-10-02T05:17:39.978443+00:00,2136.863,200,True,True,Ownership transferred successfully
323,TX0000323,DRUG000108,2,DIST_03,WH_08,WH_08,TransferOwnership,2026-10-02T05:17:39.978623+00:00,2026-10-02T05:17:42.118855+00:00,2140.212,200,True,True,Ownership transferred successfully
324,TX0000324,DRUG000108,3,WH_08,RET_008,RET_008,TransferOwnership,2026-10-02T05:17:42.119104+00:00,2026-10-02T05:17:44.248617+00:00,2129.489,200,True,True,Ownership transferred successfully
325,TX0000325,DRUG000109,1,MFG_09,DIST_04,DIST_04,TransferOwnership,2026-10-02T05:17:44.249260+00:00,2026-10-02T05:17:46.397769+00:00,2148.477,200,True,True,Ownership transferred successfully
326,TX0000326,DRUG000109,2,DIST_04,WH_09,WH_09,TransferOwnership,2026-10-02T05:17:46.398005+00:00,2026-10-02T05:17:48.548797+00:00,2150.771,200,True,True,Ownership transferred successfully
327,TX0000327,DRUG000109,3,WH_09,RET_009,RET_009,TransferOwnership,2026-10-02T05:17:48.548973+00:00,2026-10-02T05:17:50.699534+00:00,2150.545,200,True,True,Ownership transferred successfully
328,TX0000328,DRUG000110,1,MFG_10,DIST_05,DIST_05,TransferOwnership,2026-10-02T05:17:50.699734+00:00,2026-10-02T05:17:52.843605+00:00,2143.858,200,True,True,Ownership transferred successfully
329,TX0000329,DRUG000110,2,DIST_05,WH_10,WH_10,TransferOwnership,2026-10-02T05:17:52.843889+00:00,2026-10-02T05:17:54.976924+00:00,2133.018,200,True,True,Ownership transferred successfully
330,TX0000330,DRUG000110,3,WH_10,RET_010,RET_010,TransferOwnership,2026-10-02T05:17:54.977088+00:00,2026-10-02T05:17:57.101965+00:00,2124.863,200,True,True,Ownership transferred successfully
331,TX0000331,DRUG000111,1,MFG_01,DIST_06,DIST_06,TransferOwnership,2026-10-02T05:17:57.102097+00:00,2026-10-02T05:17:59.246374+00:00,2144.264,200,True,True,Ownership transferred successfully
332,TX0000332,DRUG000111,2,DIST_06,WH_11,WH_11,TransferOwnership,2026-10-02T05:17:59.246582+00:00,2026-10-02T05:18:01.397526+00:00,2150.926,200,True,True,Ownership transferred successfully
333,TX0000333,DRUG000111,3,WH_11,RET_011,RET_011,TransferOwnership,2026-10-02T05:18:01.397757+00:00,2026-10-02T05:18:03.541798+00:00,2144.022,200,True,True,Ownership transferred successfully
334,TX0000334,DRUG000112,1,MFG_02,DIST_07,DIST_07,TransferOwnership,2026-10-02T05:18:03.541983+00:00,2026-10-02T05:18:05.688380+00:00,2146.378,200,True,True,Ownership transferred successfully
335,TX0000335,DRUG000112,2,DIST_07,WH_12,WH_12,TransferOwnership,2026-10-02T05:18:05.688633+00:00,2026-10-02T05:18:07.831931+00:00,2143.281,200,True,True,Ownership transferred successfully
336,TX0000336,DRUG000112,3,WH_12,RET_012,RET_012,TransferOwnership,2026-10-02T05:18:07.832141+00:00,2026-10-02T05:18:09.986080+00:00,2130.221,200,True,True,Ownership transferred successfully
337,TX0000337,DRUG000113,1,MFG_03,DIST_08,DIST_08,TransferOwnership,2026-10-02T05:18:09.986426+00:00,2026-10-02T05:18:12.107790+00:00,2121.348,200,True,True,Ownership transferred successfully
338,TX0000338,DRUG000113,2,DIST_08,WH_13,WH_13,TransferOwnership,2026-10-02T05:18:12.107990+00:00,2026-10-02T05:18:14.232289+00:00,2124.280,200,True,True,Ownership transferred successfully
339,TX0000339,DRUG000113,3,WH_13,RET_013,RET_013,TransferOwnership,2026-10-02T05:18:14.232531+00:00,2026-10-02T05:18:16.368530+00:00,2135.981,200,True,True,Ownership transferred successfully
340,TX0000340,DRUG000114,1,MFG_04,DIST_09,DIST_09,TransferOwnership,2026-10-02T05:18:16.368760+00:00,2026-10-02T05:18:18.544307+00:00,2175.526,200,True,True,Ownership transferred successfully
341,TX0000341,DRUG000114,2,DIST_09,WH_14,WH_14,TransferOwnership,2026-10-02T05:18:18.544593+00:00,2026-10-02T05:18:20.691031+00:00,2146.411,200,True,True,Ownership transferred successfully
342,TX0000342,DRUG000114,3,WH_14,RET_014,RET_014,TransferOwnership,2026-10-02T05:18:20.691240+00:00,2026-10-02T05:18:22.833172+00:00,2141.910,200,True,True,Ownership transferred successfully
343,TX0000343,DRUG000115,1,MFG_05,DIST_10,DIST_10,TransferOwnership,2026-10-02T05:18:22.833520+00:00,2026-10-02T05:18:24.975629+00:00,2142.086,200,True,True,Ownership transferred successfully
344,TX0000344,DRUG000115,2,DIST_10,WH_15,WH_15,TransferOwnership,2026-10-02T05:18:24.975868+00:00,2026-10-02T05:18:27.110963+00:00,2135.073,200,True,True,Ownership transferred successfully
345,TX0000345,DRUG000115,3,WH_15,RET_015,RET_015,TransferOwnership,2026-10-02T05:18:27.111162+00:00,2026-10-02T05:18:29.250646+00:00,2139.471,200,True,True,Ownership transferred successfully
346,TX0000346,DRUG000116,1,MFG_06,DIST_11,DIST_11,TransferOwnership,2026-10-02T05:18:29.250869+00:00,2026-10-02T05:18:31.407709+00:00,2156.799,200,True,True,Ownership transferred successfully
347,TX0000347,DRUG000116,2,DIST_11,WH_16,WH_16,TransferOwnership,2026-10-02T05:18:31.408118+00:00,2026-10-02T05:18:33.559876+00:00,2151.730,200,True,True,Ownership transferred successfully
348,TX0000348,DRUG000116,3,WH_16,RET_016,RET_016,TransferOwnership,2026-10-02T05:18:33.560260+00:00,2026-10-02T05:18:35.696762+00:00,2136.469,200,True,True,Ownership transferred successfully
349,TX0000349,DRUG000117,1,MFG_07,DIST_12,DIST_12,TransferOwnership,2026-10-02T05:18:35.696980+00:00,2026-10-02T05:18:37.852906+00:00,2155.904,200,True,True,Ownership transferred successfully
350,TX0000350,DRUG000117,2,DIST_12,WH_17,WH_17,TransferOwnership,2026-10-02T05:18:37.853117+00:00,2026-10-02T05:18:40.014212+00:00,2137.247,200,True,True,Ownership transferred successfully
351,TX0000351,DRUG000117,3,WH_17,RET_017,RET_017,TransferOwnership,2026-10-02T05:18:40.014389+00:00,2026-10-02T05:18:42.167489+00:00,2153.081,200,True,True,Ownership transferred successfully
352,TX0000352,DRUG000118,1,MFG_08,DIST_13,DIST_13,TransferOwnership,2026-10-02T05:18:42.167869+00:00,2026-10-02T05:18:44.305690+00:00,2137.798,200,True,True,Ownership transferred successfully
353,TX0000353,DRUG000118,2,DIST_13,WH_18,WH_18,TransferOwnership,2026-10-02T05:18:44.305934+00:00,2026-10-02T05:18:46.461287+00:00,2155.324,200,True,True,Ownership transferred successfully
354,TX0000354,DRUG000118,3,WH_18,RET_018,RET_018,TransferOwnership,2026-10-02T05:18:46.461539+00:00,2026-10-02T05:18:48.615913+00:00,2154.352,200,True,True,Ownership transferred successfully
355,TX0000355,DRUG000119,1,MFG_09,DIST_14,DIST_14,TransferOwnership,2026-10-02T05:18:48.616110+00:00,2026-10-02T05:18:50.772025+00:00,2155.895,200,True,True,Ownership transferred successfully
356,TX0000356,DRUG000119,2,DIST_14,WH_19,WH_19,TransferOwnership,2026-10-02T05:18:50.772177+00:00,2026-10-02T05:18:52.911341+00:00,2139.150,200,True,True,Ownership transferred successfully
357,TX0000357,DRUG000119,3,WH_19,RET_019,RET_019,TransferOwnership,2026-10-02T05:18:52.911552+00:00,2026-10-02T05:18:55.055287+00:00,2143.719,200,True,True,Ownership transferred successfully
358,TX0000358,DRUG000120,1,MFG_10,DIST_15,DIST_15,TransferOwnership,2026-10-02T05:18:55.055497+00:00,2026-10-02T05:18:57.174310+00:00,2118.795,200,True,True,Ownership transferred successfully
359,TX0000359,DRUG000120,2,DIST_15,WH_20,WH_20,TransferOwnership,2026-10-02T05:18:57.174485+00:00,2026-10-02T05:18:59.299700+00:00,2125.191,200,True,True,Ownership transferred successfully
360,TX0000360,DRUG000120,3,WH_20,RET_020,RET_020,TransferOwnership,2026-10-02T05:18:59.300092+00:00,2026-10-02T05:19:01.443023+00:00,2142.851,200,True,True,Ownership transferred successfully
361,TX0000361,DRUG000121,1,MFG_01,DIST_01,DIST_01,TransferOwnership,2026-10-02T05:19:01.443212+00:00,2026-10-02T05:19:03.589389+00:00,2146.164,200,True,True,Ownership transferred successfully
362,TX0000362,DRUG000121,2,DIST_01,WH_01,WH_01,TransferOwnership,2026-10-02T05:19:03.589549+00:00,2026-10-02T05:19:05.736267+00:00,2146.704,200,True,True,Ownership transferred successfully
363,TX0000363,DRUG000121,3,WH_01,RET_021,RET_021,TransferOwnership,2026-10-02T05:19:05.736418+00:00,2026-10-02T05:19:07.891052+00:00,2154.621,200,True,True,Ownership transferred successfully
364,TX0000364,DRUG000122,1,MFG_02,DIST_02,DIST_02,TransferOwnership,2026-10-02T05:19:07.891292+00:00,2026-10-02T05:19:10.090227+00:00,2144.897,200,True,True,Ownership transferred successfully
365,TX0000365,DRUG000122,2,DIST_02,WH_02,WH_02,TransferOwnership,2026-10-02T05:19:10.090411+00:00,2026-10-02T05:19:12.225183+00:00,2134.754,200,True,True,Ownership transferred successfully
366,TX0000366,DRUG000122,3,WH_02,RET_022,RET_022,TransferOwnership,2026-10-02T05:19:12.225372+00:00,2026-10-02T05:19:14.355090+00:00,2129.705,200,True,True,Ownership transferred successfully
367,TX0000367,DRUG000123,1,MFG_03,DIST_03,DIST_03,TransferOwnership,2026-10-02T05:19:14.355266+00:00,2026-10-02T05:19:16.515671+00:00,2160.357,200,True,True,Ownership transferred successfully
368,TX0000368,DRUG000123,2,DIST_03,WH_03,WH_03,TransferOwnership,2026-10-02T05:19:16.515873+00:00,2026-10-02T05:19:18.657662+00:00,2141.774,200,True,True,Ownership transferred successfully
369,TX0000369,DRUG000123,3,WH_03,RET_023,RET_023,TransferOwnership,2026-10-02T05:19:18.657831+00:00,2026-10-02T05:19:20.805161+00:00,2147.315,200,True,True,Ownership transferred successfully
370,TX0000370,DRUG000124,1,MFG_04,DIST_04,DIST_04,TransferOwnership,2026-10-02T05:19:20.805333+00:00,2026-10-02T05:19:22.963538+00:00,2158.192,200,True,True,Ownership transferred successfully
371,TX0000371,DRUG000124,2,DIST_04,WH_04,WH_04,TransferOwnership,2026-10-02T05:19:22.964054+00:00,2026-10-02T05:19:25.111417+00:00,2147.313,200,True,True,Ownership transferred successfully
372,TX0000372,DRUG000124,3,WH_04,RET_024,RET_024,TransferOwnership,2026-10-02T05:19:25.111673+00:00,2026-10-02T05:19:27.257316+00:00,2145.623,200,True,True,Ownership transferred successfully
373,TX0000373,DRUG000125,1,MFG_05,DIST_05,DIST_05,TransferOwnership,2026-10-02T05:19:27.257496+00:00,2026-10-02T05:19:29.413631+00:00,2156.117,200,True,True,Ownership transferred successfully
374,TX0000374,DRUG000125,2,DIST_05,WH_05,WH_05,TransferOwnership,2026-10-02T05:19:29.414096+00:00,2026-10-02T05:19:31.500972+00:00,2086.807,200,True,True,Ownership transferred successfully
375,TX0000375,DRUG000125,3,WH_05,RET_025,RET_025,TransferOwnership,2026-10-02T05:19:31.501190+00:00,2026-10-02T05:19:33.653098+00:00,2151.885,200,True,True,Ownership transferred successfully
376,TX0000376,DRUG000126,1,MFG_06,DIST_06,DIST_06,TransferOwnership,2026-10-02T05:19:33.653498+00:00,2026-10-02T05:19:35.815565+00:00,2162.036,200,True,True,Ownership transferred successfully
377,TX0000377,DRUG000126,2,DIST_06,WH_06,WH_06,TransferOwnership,2026-10-02T05:19:35.815809+00:00,2026-10-02T05:19:37.977205+00:00,2161.380,200,True,True,Ownership transferred successfully
378,TX0000378,DRUG000126,3,WH_06,RET_026,RET_026,TransferOwnership,2026-10-02T05:19:37.977391+00:00,2026-10-02T05:19:40.115298+00:00,2107.020,200,True,True,Ownership transferred successfully
379,TX0000379,DRUG000127,1,MFG_07,DIST_07,DIST_07,TransferOwnership,2026-10-02T05:19:40.115475+00:00,2026-10-02T05:19:42.252817+00:00,2137.323,200,True,True,Ownership transferred successfully
380,TX0000380,DRUG000127,2,DIST_07,WH_07,WH_07,TransferOwnership,2026-10-02T05:19:42.252966+00:00,2026-10-02T05:19:44.356839+00:00,2103.862,200,True,True,Ownership transferred successfully
381,TX0000381,DRUG000127,3,WH_07,RET_027,RET_027,TransferOwnership,2026-10-02T05:19:44.357029+00:00,2026-10-02T05:19:46.509106+00:00,2152.062,200,True,True,Ownership transferred successfully
382,TX0000382,DRUG000128,1,MFG_08,DIST_08,DIST_08,TransferOwnership,2026-10-02T05:19:46.509283+00:00,2026-10-02T05:19:48.651459+00:00,2142.159,200,True,True,Ownership transferred successfully
383,TX0000383,DRUG000128,2,DIST_08,WH_08,WH_08,TransferOwnership,2026-10-02T05:19:48.651783+00:00,2026-10-02T05:19:50.797448+00:00,2145.635,200,True,True,Ownership transferred successfully
384,TX0000384,DRUG000128,3,WH_08,RET_028,RET_028,TransferOwnership,2026-10-02T05:19:50.797615+00:00,2026-10-02T05:19:52.947563+00:00,2149.937,200,True,True,Ownership transferred successfully
385,TX0000385,DRUG000129,1,MFG_09,DIST_09,DIST_09,TransferOwnership,2026-10-02T05:19:52.947766+00:00,2026-10-02T05:19:55.075503+00:00,2127.725,200,True,True,Ownership transferred successfully
386,TX0000386,DRUG000129,2,DIST_09,WH_09,WH_09,TransferOwnership,2026-10-02T05:19:55.075672+00:00,2026-10-02T05:19:57.192525+00:00,2116.841,200,True,True,Ownership transferred successfully
387,TX0000387,DRUG000129,3,WH_09,RET_029,RET_029,TransferOwnership,2026-10-02T05:19:57.192722+00:00,2026-10-02T05:19:59.311653+00:00,2118.914,200,True,True,Ownership transferred successfully
388,TX0000388,DRUG000130,1,MFG_10,DIST_10,DIST_10,TransferOwnership,2026-10-02T05:19:59.311791+00:00,2026-10-02T05:20:01.458270+00:00,2146.464,200,True,True,Ownership transferred successfully
389,TX0000389,DRUG000130,2,DIST_10,WH_10,WH_10,TransferOwnership,2026-10-02T05:20:01.458521+00:00,2026-10-02T05:20:03.571067+00:00,2112.522,200,True,True,Ownership transferred successfully
390,TX0000390,DRUG000130,3,WH_10,RET_030,RET_030,TransferOwnership,2026-10-02T05:20:03.571293+00:00,2026-10-02T05:20:05.702296+00:00,2130.990,200,True,True,Ownership transferred successfully
391,TX0000391,DRUG000131,1,MFG_01,DIST_11,DIST_11,TransferOwnership,2026-10-02T05:20:05.702585+00:00,2026-10-02T05:20:07.819131+00:00,2116.523,200,True,True,Ownership transferred successfully
392,TX0000392,DRUG000131,2,DIST_11,WH_11,WH_11,TransferOwnership,2026-10-02T05:20:07.819296+00:00,2026-10-02T05:20:10.019281+00:00,2134.850,200,True,True,Ownership transferred successfully
393,TX0000393,DRUG000131,3,WH_11,RET_031,RET_031,TransferOwnership,2026-10-02T05:20:10.019457+00:00,2026-10-02T05:20:12.161685+00:00,2142.216,200,True,True,Ownership transferred successfully
394,TX0000394,DRUG000132,1,MFG_02,DIST_12,DIST_12,TransferOwnership,2026-10-02T05:20:12.161904+00:00,2026-10-02T05:20:14.313411+00:00,2151.478,200,True,True,Ownership transferred successfully
395,TX0000395,DRUG000132,2,DIST_12,WH_12,WH_12,TransferOwnership,2026-10-02T05:20:14.313950+00:00,2026-10-02T05:20:16.547009+00:00,2233.012,200,True,True,Ownership transferred successfully
396,TX0000396,DRUG000132,3,WH_12,RET_032,RET_032,TransferOwnership,2026-10-02T05:20:16.547223+00:00,2026-10-02T05:20:18.699786+00:00,2152.541,200,True,True,Ownership transferred successfully
397,TX0000397,DRUG000133,1,MFG_03,DIST_13,DIST_13,TransferOwnership,2026-10-02T05:20:18.699964+00:00,2026-10-02T05:20:20.870254+00:00,2170.276,200,True,True,Ownership transferred successfully
398,TX0000398,DRUG000133,2,DIST_13,WH_13,WH_13,TransferOwnership,2026-10-02T05:20:20.870473+00:00,2026-10-02T05:20:23.019851+00:00,2149.363,200,True,True,Ownership transferred successfully
399,TX0000399,DRUG000133,3,WH_13,RET_033,RET_033,TransferOwnership,2026-10-02T05:20:23.020145+00:00,2026-10-02T05:20:25.155519+00:00,2135.352,200,True,True,Ownership transferred successfully
400,TX0000400,DRUG000134,1,MFG_04,DIST_14,DIST_14,TransferOwnership,2026-10-02T05:20:25.155682+00:00,2026-10-02T05:20:27.277197+00:00,2121.497,200,True,True,Ownership transferred successfully
401,TX0000401,DRUG000134,2,DIST_14,WH_14,WH_14,TransferOwnership,2026-10-02T05:20:27.277401+00:00,2026-10-02T05:20:29.409373+00:00,2131.959,200,True,True,Ownership transferred successfully
402,TX0000402,DRUG000134,3,WH_14,RET_034,RET_034,TransferOwnership,2026-10-02T05:20:29.409568+00:00,2026-10-02T05:20:31.534113+00:00,2124.524,200,True,True,Ownership transferred successfully
403,TX0000403,DRUG000135,1,MFG_05,DIST_15,DIST_15,TransferOwnership,2026-10-02T05:20:31.534310+00:00,2026-10-02T05:20:33.690550+00:00,2156.226,200,True,True,Ownership transferred successfully
404,TX0000404,DRUG000135,2,DIST_15,WH_15,WH_15,TransferOwnership,2026-10-02T05:20:33.690780+00:00,2026-10-02T05:20:35.827181+00:00,2136.382,200,True,True,Ownership transferred successfully
405,TX0000405,DRUG000135,3,WH_15,RET_035,RET_035,TransferOwnership,2026-10-02T05:20:35.827351+00:00,2026-10-02T05:20:37.954275+00:00,2126.907,200,True,True,Ownership transferred successfully
406,TX0000406,DRUG000136,1,MFG_06,DIST_01,DIST_01,TransferOwnership,2026-10-02T05:20:37.954689+00:00,2026-10-02T05:20:40.153833+00:00,2170.188,200,True,True,Ownership transferred successfully
407,TX0000407,DRUG000136,2,DIST_01,WH_16,WH_16,TransferOwnership,2026-10-02T05:20:40.154058+00:00,2026-10-02T05:20:42.302637+00:00,2148.348,200,True,True,Ownership transferred successfully
408,TX0000408,DRUG000136,3,WH_16,RET_036,RET_036,TransferOwnership,2026-10-02T05:20:42.303050+00:00,2026-10-02T05:20:44.436030+00:00,2132.951,200,True,True,Ownership transferred successfully
409,TX0000409,DRUG000137,1,MFG_07,DIST_02,DIST_02,TransferOwnership,2026-10-02T05:20:44.436223+00:00,2026-10-02T05:20:46.610206+00:00,2173.966,200,True,True,Ownership transferred successfully
410,TX0000410,DRUG000137,2,DIST_02,WH_17,WH_17,TransferOwnership,2026-10-02T05:20:46.610410+00:00,2026-10-02T05:20:48.730757+00:00,2120.325,200,True,True,Ownership transferred successfully
411,TX0000411,DRUG000137,3,WH_17,RET_037,RET_037,TransferOwnership,2026-10-02T05:20:48.730977+00:00,2026-10-02T05:20:50.876070+00:00,2145.069,200,True,True,Ownership transferred successfully
412,TX0000412,DRUG000138,1,MFG_08,DIST_03,DIST_03,TransferOwnership,2026-10-02T05:20:50.876280+00:00,2026-10-02T05:20:53.040177+00:00,2163.873,200,True,True,Ownership transferred successfully
413,TX0000413,DRUG000138,2,DIST_03,WH_18,WH_18,TransferOwnership,2026-10-02T05:20:53.040602+00:00,2026-10-02T05:20:55.180478+00:00,2139.838,200,True,True,Ownership transferred successfully
414,TX0000414,DRUG000138,3,WH_18,RET_038,RET_038,TransferOwnership,2026-10-02T05:20:55.180724+00:00,2026-10-02T05:20:57.313359+00:00,2132.612,200,True,True,Ownership transferred successfully
415,TX0000415,DRUG000139,1,MFG_09,DIST_04,DIST_04,TransferOwnership,2026-10-02T05:20:57.313593+00:00,2026-10-02T05:20:59.464912+00:00,2151.301,200,True,True,Ownership transferred successfully
416,TX0000416,DRUG000139,2,DIST_04,WH_19,WH_19,TransferOwnership,2026-10-02T05:20:59.465105+00:00,2026-10-02T05:21:01.603362+00:00,2138.240,200,True,True,Ownership transferred successfully
417,TX0000417,DRUG000139,3,WH_19,RET_039,RET_039,TransferOwnership,2026-10-02T05:21:01.603533+00:00,2026-10-02T05:21:03.725755+00:00,2122.205,200,True,True,Ownership transferred successfully
418,TX0000418,DRUG000140,1,MFG_10,DIST_05,DIST_05,TransferOwnership,2026-10-02T05:21:03.726208+00:00,2026-10-02T05:21:05.871097+00:00,2144.847,200,True,True,Ownership transferred successfully
419,TX0000419,DRUG000140,2,DIST_05,WH_20,WH_20,TransferOwnership,2026-10-02T05:21:05.871248+00:00,2026-10-02T05:21:08.002834+00:00,2131.572,200,True,True,Ownership transferred successfully
420,TX0000420,DRUG000140,3,WH_20,RET_040,RET_040,TransferOwnership,2026-10-02T05:21:08.002975+00:00,2026-10-02T05:21:10.184722+00:00,2116.825,200,True,True,Ownership transferred successfully
421,TX0000421,DRUG000141,1,MFG_01,DIST_06,DIST_06,TransferOwnership,2026-10-02T05:21:10.184972+00:00,2026-10-02T05:21:12.326774+00:00,2141.779,200,True,True,Ownership transferred successfully
422,TX0000422,DRUG000141,2,DIST_06,WH_01,WH_01,TransferOwnership,2026-10-02T05:21:12.326967+00:00,2026-10-02T05:21:14.435971+00:00,2108.986,200,True,True,Ownership transferred successfully
423,TX0000423,DRUG000141,3,WH_01,RET_041,RET_041,TransferOwnership,2026-10-02T05:21:14.436146+00:00,2026-10-02T05:21:16.590397+00:00,2154.231,200,True,True,Ownership transferred successfully
424,TX0000424,DRUG000142,1,MFG_02,DIST_07,DIST_07,TransferOwnership,2026-10-02T05:21:16.590556+00:00,2026-10-02T05:21:18.734120+00:00,2143.549,200,True,True,Ownership transferred successfully
425,TX0000425,DRUG000142,2,DIST_07,WH_02,WH_02,TransferOwnership,2026-10-02T05:21:18.734407+00:00,2026-10-02T05:21:20.877780+00:00,2143.350,200,True,True,Ownership transferred successfully
426,TX0000426,DRUG000142,3,WH_02,RET_042,RET_042,TransferOwnership,2026-10-02T05:21:20.877969+00:00,2026-10-02T05:21:23.010572+00:00,2132.588,200,True,True,Ownership transferred successfully
427,TX0000427,DRUG000143,1,MFG_03,DIST_08,DIST_08,TransferOwnership,2026-10-02T05:21:23.010743+00:00,2026-10-02T05:21:25.157848+00:00,2147.087,200,True,True,Ownership transferred successfully
428,TX0000428,DRUG000143,2,DIST_08,WH_03,WH_03,TransferOwnership,2026-10-02T05:21:25.158058+00:00,2026-10-02T05:21:27.266119+00:00,2108.041,200,True,True,Ownership transferred successfully
429,TX0000429,DRUG000143,3,WH_03,RET_043,RET_043,TransferOwnership,2026-10-02T05:21:27.266537+00:00,2026-10-02T05:21:29.416577+00:00,2150.010,200,True,True,Ownership transferred successfully
430,TX0000430,DRUG000144,1,MFG_04,DIST_09,DIST_09,TransferOwnership,2026-10-02T05:21:29.416783+00:00,2026-10-02T05:21:31.572631+00:00,2155.831,200,True,True,Ownership transferred successfully
431,TX0000431,DRUG000144,2,DIST_09,WH_04,WH_04,TransferOwnership,2026-10-02T05:21:31.572834+00:00,2026-10-02T05:21:33.710223+00:00,2137.370,200,True,True,Ownership transferred successfully
432,TX0000432,DRUG000144,3,WH_04,RET_044,RET_044,TransferOwnership,2026-10-02T05:21:33.710420+00:00,2026-10-02T05:21:35.860144+00:00,2149.702,200,True,True,Ownership transferred successfully
433,TX0000433,DRUG000145,1,MFG_05,DIST_10,DIST_10,TransferOwnership,2026-10-02T05:21:35.860405+00:00,2026-10-02T05:21:38.019127+00:00,2158.700,200,True,True,Ownership transferred successfully
434,TX0000434,DRUG000145,2,DIST_10,WH_05,WH_05,TransferOwnership,2026-10-02T05:21:38.019346+00:00,2026-10-02T05:21:40.167838+00:00,2123.904,200,True,True,Ownership transferred successfully
435,TX0000435,DRUG000145,3,WH_05,RET_045,RET_045,TransferOwnership,2026-10-02T05:21:40.168006+00:00,2026-10-02T05:21:42.307421+00:00,2139.343,200,True,True,Ownership transferred successfully
436,TX0000436,DRUG000146,1,MFG_06,DIST_11,DIST_11,TransferOwnership,2026-10-02T05:21:42.307656+00:00,2026-10-02T05:21:44.435929+00:00,2128.256,200,True,True,Ownership transferred successfully
437,TX0000437,DRUG000146,2,DIST_11,WH_06,WH_06,TransferOwnership,2026-10-02T05:21:44.436173+00:00,2026-10-02T05:21:46.584010+00:00,2147.817,200,True,True,Ownership transferred successfully
438,TX0000438,DRUG000146,3,WH_06,RET_046,RET_046,TransferOwnership,2026-10-02T05:21:46.584206+00:00,2026-10-02T05:21:48.762179+00:00,2177.950,200,True,True,Ownership transferred successfully
439,TX0000439,DRUG000147,1,MFG_07,DIST_12,DIST_12,TransferOwnership,2026-10-02T05:21:48.762428+00:00,2026-10-02T05:21:50.927675+00:00,2165.228,200,True,True,Ownership transferred successfully
440,TX0000440,DRUG000147,2,DIST_12,WH_07,WH_07,TransferOwnership,2026-10-02T05:21:50.927813+00:00,2026-10-02T05:21:53.057862+00:00,2130.036,200,True,True,Ownership transferred successfully
441,TX0000441,DRUG000147,3,WH_07,RET_047,RET_047,TransferOwnership,2026-10-02T05:21:53.058192+00:00,2026-10-02T05:21:55.159410+00:00,2101.198,200,True,True,Ownership transferred successfully
442,TX0000442,DRUG000148,1,MFG_08,DIST_13,DIST_13,TransferOwnership,2026-10-02T05:21:55.159607+00:00,2026-10-02T05:21:57.283467+00:00,2123.841,200,True,True,Ownership transferred successfully
443,TX0000443,DRUG000148,2,DIST_13,WH_08,WH_08,TransferOwnership,2026-10-02T05:21:57.283651+00:00,2026-10-02T05:21:59.419515+00:00,2135.846,200,True,True,Ownership transferred successfully
444,TX0000444,DRUG000148,3,WH_08,RET_048,RET_048,TransferOwnership,2026-10-02T05:21:59.419737+00:00,2026-10-02T05:22:01.561372+00:00,2141.616,200,True,True,Ownership transferred successfully
445,TX0000445,DRUG000149,1,MFG_09,DIST_14,DIST_14,TransferOwnership,2026-10-02T05:22:01.561533+00:00,2026-10-02T05:22:03.717415+00:00,2155.870,200,True,True,Ownership transferred successfully
446,TX0000446,DRUG000149,2,DIST_14,WH_09,WH_09,TransferOwnership,2026-10-02T05:22:03.717610+00:00,2026-10-02T05:22:05.856381+00:00,2138.756,200,True,True,Ownership transferred successfully
447,TX0000447,DRUG000149,3,WH_09,RET_049,RET_049,TransferOwnership,2026-10-02T05:22:05.856621+00:00,2026-10-02T05:22:08.014662+00:00,2158.017,200,True,True,Ownership transferred successfully
448,TX0000448,DRUG000150,1,MFG_10,DIST_15,DIST_15,TransferOwnership,2026-10-02T05:22:08.014879+00:00,2026-10-02T05:22:10.181050+00:00,2141.433,200,True,True,Ownership transferred successfully
449,TX0000449,DRUG000150,2,DIST_15,WH_10,WH_10,TransferOwnership,2026-10-02T05:22:10.181296+00:00,2026-10-02T05:22:12.318476+00:00,2137.160,200,True,True,Ownership transferred successfully
450,TX0000450,DRUG000150,3,WH_10,RET_050,RET_050,TransferOwnership,2026-10-02T05:22:12.318742+00:00,2026-10-02T05:22:14.448918+00:00,2130.156,200,True,True,Ownership transferred successfully
451,TX0000451,DRUG000151,1,MFG_01,DIST_01,DIST_01,TransferOwnership,2026-10-02T05:22:14.449145+00:00,2026-10-02T05:22:16.614094+00:00,2164.922,200,True,True,Ownership transferred successfully
452,TX0000452,DRUG000151,2,DIST_01,WH_11,WH_11,TransferOwnership,2026-10-02T05:22:16.614494+00:00,2026-10-02T05:22:18.774361+00:00,2159.829,200,True,True,Ownership transferred successfully
453,TX0000453,DRUG000151,3,WH_11,RET_001,RET_001,TransferOwnership,2026-10-02T05:22:18.774742+00:00,2026-10-02T05:22:20.919807+00:00,2145.041,200,True,True,Ownership transferred successfully
454,TX0000454,DRUG000152,1,MFG_02,DIST_02,DIST_02,TransferOwnership,2026-10-02T05:22:20.920080+00:00,2026-10-02T05:22:23.081970+00:00,2161.876,200,True,True,Ownership transferred successfully
455,TX0000455,DRUG000152,2,DIST_02,WH_12,WH_12,TransferOwnership,2026-10-02T05:22:23.082351+00:00,2026-10-02T05:22:25.227971+00:00,2145.592,200,True,True,Ownership transferred successfully
456,TX0000456,DRUG000152,3,WH_12,RET_002,RET_002,TransferOwnership,2026-10-02T05:22:25.228134+00:00,2026-10-02T05:22:27.358411+00:00,2130.264,200,True,True,Ownership transferred successfully
457,TX0000457,DRUG000153,1,MFG_03,DIST_03,DIST_03,TransferOwnership,2026-10-02T05:22:27.358656+00:00,2026-10-02T05:22:29.523595+00:00,2164.923,200,True,True,Ownership transferred successfully
458,TX0000458,DRUG000153,2,DIST_03,WH_13,WH_13,TransferOwnership,2026-10-02T05:22:29.523939+00:00,2026-10-02T05:22:31.672590+00:00,2148.619,200,True,True,Ownership transferred successfully
459,TX0000459,DRUG000153,3,WH_13,RET_003,RET_003,TransferOwnership,2026-10-02T05:22:31.672780+00:00,2026-10-02T05:22:33.809372+00:00,2136.574,200,True,True,Ownership transferred successfully
460,TX0000460,DRUG000154,1,MFG_04,DIST_04,DIST_04,TransferOwnership,2026-10-02T05:22:33.809658+00:00,2026-10-02T05:22:35.953081+00:00,2143.343,200,True,True,Ownership transferred successfully
461,TX0000461,DRUG000154,2,DIST_04,WH_14,WH_14,TransferOwnership,2026-10-02T05:22:35.953253+00:00,2026-10-02T05:22:38.087063+00:00,2133.796,200,True,True,Ownership transferred successfully
462,TX0000462,DRUG000154,3,WH_14,RET_004,RET_004,TransferOwnership,2026-10-02T05:22:38.087218+00:00,2026-10-02T05:22:40.266221+00:00,2126.150,200,True,True,Ownership transferred successfully
463,TX0000463,DRUG000155,1,MFG_05,DIST_05,DIST_05,TransferOwnership,2026-10-02T05:22:40.266680+00:00,2026-10-02T05:22:42.415870+00:00,2149.171,200,True,True,Ownership transferred successfully
464,TX0000464,DRUG000155,2,DIST_05,WH_15,WH_15,TransferOwnership,2026-10-02T05:22:42.416173+00:00,2026-10-02T05:22:44.534583+00:00,2118.387,200,True,True,Ownership transferred successfully
465,TX0000465,DRUG000155,3,WH_15,RET_005,RET_005,TransferOwnership,2026-10-02T05:22:44.534773+00:00,2026-10-02T05:22:46.699236+00:00,2164.445,200,True,True,Ownership transferred successfully
466,TX0000466,DRUG000156,1,MFG_06,DIST_06,DIST_06,TransferOwnership,2026-10-02T05:22:46.699414+00:00,2026-10-02T05:22:48.893313+00:00,2193.884,200,True,True,Ownership transferred successfully
467,TX0000467,DRUG000156,2,DIST_06,WH_16,WH_16,TransferOwnership,2026-10-02T05:22:48.893451+00:00,2026-10-02T05:22:51.025345+00:00,2131.882,200,True,True,Ownership transferred successfully
468,TX0000468,DRUG000156,3,WH_16,RET_006,RET_006,TransferOwnership,2026-10-02T05:22:51.025616+00:00,2026-10-02T05:22:53.169972+00:00,2144.333,200,True,True,Ownership transferred successfully
469,TX0000469,DRUG000157,1,MFG_07,DIST_07,DIST_07,TransferOwnership,2026-10-02T05:22:53.170296+00:00,2026-10-02T05:22:55.318858+00:00,2148.539,200,True,True,Ownership transferred successfully
470,TX0000470,DRUG000157,2,DIST_07,WH_17,WH_17,TransferOwnership,2026-10-02T05:22:55.319054+00:00,2026-10-02T05:22:57.461909+00:00,2142.824,200,True,True,Ownership transferred successfully
471,TX0000471,DRUG000157,3,WH_17,RET_007,RET_007,TransferOwnership,2026-10-02T05:22:57.462166+00:00,2026-10-02T05:22:59.592865+00:00,2130.677,200,True,True,Ownership transferred successfully
472,TX0000472,DRUG000158,1,MFG_08,DIST_08,DIST_08,TransferOwnership,2026-10-02T05:22:59.593323+00:00,2026-10-02T05:23:01.744778+00:00,2151.415,200,True,True,Ownership transferred successfully
473,TX0000473,DRUG000158,2,DIST_08,WH_18,WH_18,TransferOwnership,2026-10-02T05:23:01.745002+00:00,2026-10-02T05:23:03.878872+00:00,2133.848,200,True,True,Ownership transferred successfully
474,TX0000474,DRUG000158,3,WH_18,RET_008,RET_008,TransferOwnership,2026-10-02T05:23:03.879069+00:00,2026-10-02T05:23:06.024040+00:00,2144.955,200,True,True,Ownership transferred successfully
475,TX0000475,DRUG000159,1,MFG_09,DIST_09,DIST_09,TransferOwnership,2026-10-02T05:23:06.024375+00:00,2026-10-02T05:23:08.184929+00:00,2160.536,200,True,True,Ownership transferred successfully
476,TX0000476,DRUG000159,2,DIST_09,WH_19,WH_19,TransferOwnership,2026-10-02T05:23:08.185382+00:00,2026-10-02T05:23:10.354012+00:00,2140.818,200,True,True,Ownership transferred successfully
477,TX0000477,DRUG000159,3,WH_19,RET_009,RET_009,TransferOwnership,2026-10-02T05:23:10.354292+00:00,2026-10-02T05:23:12.501007+00:00,2146.693,200,True,True,Ownership transferred successfully
478,TX0000478,DRUG000160,1,MFG_10,DIST_10,DIST_10,TransferOwnership,2026-10-02T05:23:12.501190+00:00,2026-10-02T05:23:14.642700+00:00,2141.496,200,True,True,Ownership transferred successfully
479,TX0000479,DRUG000160,2,DIST_10,WH_20,WH_20,TransferOwnership,2026-10-02T05:23:14.642872+00:00,2026-10-02T05:23:16.741080+00:00,2098.189,200,True,True,Ownership transferred successfully
480,TX0000480,DRUG000160,3,WH_20,RET_010,RET_010,TransferOwnership,2026-10-02T05:23:16.741312+00:00,2026-10-02T05:23:18.866801+00:00,2125.452,200,True,True,Ownership transferred successfully
481,TX0000481,DRUG000161,1,MFG_01,DIST_11,DIST_11,TransferOwnership,2026-10-02T05:23:18.866945+00:00,2026-10-02T05:23:21.006464+00:00,2139.504,200,True,True,Ownership transferred successfully
482,TX0000482,DRUG000161,2,DIST_11,WH_01,WH_01,TransferOwnership,2026-10-02T05:23:21.006644+00:00,2026-10-02T05:23:23.142088+00:00,2135.427,200,True,True,Ownership transferred successfully
483,TX0000483,DRUG000161,3,WH_01,RET_011,RET_011,TransferOwnership,2026-10-02T05:23:23.142323+00:00,2026-10-02T05:23:25.296731+00:00,2154.388,200,True,True,Ownership transferred successfully
484,TX0000484,DRUG000162,1,MFG_02,DIST_12,DIST_12,TransferOwnership,2026-10-02T05:23:25.296973+00:00,2026-10-02T05:23:27.444920+00:00,2147.932,200,True,True,Ownership transferred successfully
485,TX0000485,DRUG000162,2,DIST_12,WH_02,WH_02,TransferOwnership,2026-10-02T05:23:27.445219+00:00,2026-10-02T05:23:29.598960+00:00,2153.719,200,True,True,Ownership transferred successfully
486,TX0000486,DRUG000162,3,WH_02,RET_012,RET_012,TransferOwnership,2026-10-02T05:23:29.599240+00:00,2026-10-02T05:23:31.748334+00:00,2149.077,200,True,True,Ownership transferred successfully
487,TX0000487,DRUG000163,1,MFG_03,DIST_13,DIST_13,TransferOwnership,2026-10-02T05:23:31.748906+00:00,2026-10-02T05:23:33.912405+00:00,2163.445,200,True,True,Ownership transferred successfully
488,TX0000488,DRUG000163,2,DIST_13,WH_03,WH_03,TransferOwnership,2026-10-02T05:23:33.912590+00:00,2026-10-02T05:23:36.051264+00:00,2138.654,200,True,True,Ownership transferred successfully
489,TX0000489,DRUG000163,3,WH_03,RET_013,RET_013,TransferOwnership,2026-10-02T05:23:36.051484+00:00,2026-10-02T05:23:38.163090+00:00,2111.586,200,True,True,Ownership transferred successfully
490,TX0000490,DRUG000164,1,MFG_04,DIST_14,DIST_14,TransferOwnership,2026-10-02T05:23:38.163281+00:00,2026-10-02T05:23:40.317359+00:00,2137.633,200,True,True,Ownership transferred successfully
491,TX0000491,DRUG000164,2,DIST_14,WH_04,WH_04,TransferOwnership,2026-10-02T05:23:40.317696+00:00,2026-10-02T05:23:42.459286+00:00,2141.555,200,True,True,Ownership transferred successfully
492,TX0000492,DRUG000164,3,WH_04,RET_014,RET_014,TransferOwnership,2026-10-02T05:23:42.459540+00:00,2026-10-02T05:23:44.563997+00:00,2104.444,200,True,True,Ownership transferred successfully
493,TX0000493,DRUG000165,1,MFG_05,DIST_15,DIST_15,TransferOwnership,2026-10-02T05:23:44.564205+00:00,2026-10-02T05:23:46.718376+00:00,2154.146,200,True,True,Ownership transferred successfully
494,TX0000494,DRUG000165,2,DIST_15,WH_05,WH_05,TransferOwnership,2026-10-02T05:23:46.718598+00:00,2026-10-02T05:23:48.844473+00:00,2125.856,200,True,True,Ownership transferred successfully
495,TX0000495,DRUG000165,3,WH_05,RET_015,RET_015,TransferOwnership,2026-10-02T05:23:48.844595+00:00,2026-10-02T05:23:50.989122+00:00,2144.514,200,True,True,Ownership transferred successfully
496,TX0000496,DRUG000166,1,MFG_06,DIST_01,DIST_01,TransferOwnership,2026-10-02T05:23:50.989389+00:00,2026-10-02T05:23:53.141567+00:00,2152.153,200,True,True,Ownership transferred successfully
497,TX0000497,DRUG000166,2,DIST_01,WH_06,WH_06,TransferOwnership,2026-10-02T05:23:53.141837+00:00,2026-10-02T05:23:55.288505+00:00,2146.644,200,True,True,Ownership transferred successfully
498,TX0000498,DRUG000166,3,WH_06,RET_016,RET_016,TransferOwnership,2026-10-02T05:23:55.288701+00:00,2026-10-02T05:23:57.410576+00:00,2121.860,200,True,True,Ownership transferred successfully
499,TX0000499,DRUG000167,1,MFG_07,DIST_02,DIST_02,TransferOwnership,2026-10-02T05:23:57.410974+00:00,2026-10-02T05:23:59.564132+00:00,2153.133,200,True,True,Ownership transferred successfully
500,TX0000500,DRUG000167,2,DIST_02,WH_07,WH_07,TransferOwnership,2026-10-02T05:23:59.564385+00:00,2026-10-02T05:24:01.706129+00:00,2141.724,200,True,True,Ownership transferred successfully
501,TX0000501,DRUG000167,3,WH_07,RET_017,RET_017,TransferOwnership,2026-10-02T05:24:01.706281+00:00,2026-10-02T05:24:03.835604+00:00,2129.309,200,True,True,Ownership transferred successfully
502,TX0000502,DRUG000168,1,MFG_08,DIST_03,DIST_03,TransferOwnership,2026-10-02T05:24:03.835758+00:00,2026-10-02T05:24:05.974828+00:00,2139.057,200,True,True,Ownership transferred successfully
503,TX0000503,DRUG000168,2,DIST_03,WH_08,WH_08,TransferOwnership,2026-10-02T05:24:05.975027+00:00,2026-10-02T05:24:08.123320+00:00,2148.270,200,True,True,Ownership transferred successfully
504,TX0000504,DRUG000168,3,WH_08,RET_018,RET_018,TransferOwnership,2026-10-02T05:24:08.123569+00:00,2026-10-02T05:24:10.287238+00:00,2111.572,200,True,True,Ownership transferred successfully
505,TX0000505,DRUG000169,1,MFG_09,DIST_04,DIST_04,TransferOwnership,2026-10-02T05:24:10.287417+00:00,2026-10-02T05:24:12.435124+00:00,2147.690,200,True,True,Ownership transferred successfully
506,TX0000506,DRUG000169,2,DIST_04,WH_09,WH_09,TransferOwnership,2026-10-02T05:24:12.435428+00:00,2026-10-02T05:24:14.556694+00:00,2121.246,200,True,True,Ownership transferred successfully
507,TX0000507,DRUG000169,3,WH_09,RET_019,RET_019,TransferOwnership,2026-10-02T05:24:14.556917+00:00,2026-10-02T05:24:16.765374+00:00,2208.433,200,True,True,Ownership transferred successfully
508,TX0000508,DRUG000170,1,MFG_10,DIST_05,DIST_05,TransferOwnership,2026-10-02T05:24:16.765607+00:00,2026-10-02T05:24:18.893257+00:00,2127.631,200,True,True,Ownership transferred successfully
509,TX0000509,DRUG000170,2,DIST_05,WH_10,WH_10,TransferOwnership,2026-10-02T05:24:18.893432+00:00,2026-10-02T05:24:21.030564+00:00,2137.118,200,True,True,Ownership transferred successfully
510,TX0000510,DRUG000170,3,WH_10,RET_020,RET_020,TransferOwnership,2026-10-02T05:24:21.030736+00:00,2026-10-02T05:24:23.175943+00:00,2145.187,200,True,True,Ownership transferred successfully
511,TX0000511,DRUG000171,1,MFG_01,DIST_06,DIST_06,TransferOwnership,2026-10-02T05:24:23.176460+00:00,2026-10-02T05:24:25.330877+00:00,2154.386,200,True,True,Ownership transferred successfully
512,TX0000512,DRUG000171,2,DIST_06,WH_11,WH_11,TransferOwnership,2026-10-02T05:24:25.331096+00:00,2026-10-02T05:24:27.446158+00:00,2115.047,200,True,True,Ownership transferred successfully
513,TX0000513,DRUG000171,3,WH_11,RET_021,RET_021,TransferOwnership,2026-10-02T05:24:27.446317+00:00,2026-10-02T05:24:29.589695+00:00,2143.364,200,True,True,Ownership transferred successfully
514,TX0000514,DRUG000172,1,MFG_02,DIST_07,DIST_07,TransferOwnership,2026-10-02T05:24:29.589995+00:00,2026-10-02T05:24:31.748485+00:00,2158.474,200,True,True,Ownership transferred successfully
515,TX0000515,DRUG000172,2,DIST_07,WH_12,WH_12,TransferOwnership,2026-10-02T05:24:31.748688+00:00,2026-10-02T05:24:33.886991+00:00,2138.282,200,True,True,Ownership transferred successfully
516,TX0000516,DRUG000172,3,WH_12,RET_022,RET_022,TransferOwnership,2026-10-02T05:24:33.887171+00:00,2026-10-02T05:24:36.022301+00:00,2135.110,200,True,True,Ownership transferred successfully
517,TX0000517,DRUG000173,1,MFG_03,DIST_08,DIST_08,TransferOwnership,2026-10-02T05:24:36.022482+00:00,2026-10-02T05:24:38.151453+00:00,2128.959,200,True,True,Ownership transferred successfully
518,TX0000518,DRUG000173,2,DIST_08,WH_13,WH_13,TransferOwnership,2026-10-02T05:24:38.151617+00:00,2026-10-02T05:24:40.291471+00:00,2132.517,200,True,True,Ownership transferred successfully
519,TX0000519,DRUG000173,3,WH_13,RET_023,RET_023,TransferOwnership,2026-10-02T05:24:40.291658+00:00,2026-10-02T05:24:42.408201+00:00,2116.525,200,True,True,Ownership transferred successfully
520,TX0000520,DRUG000174,1,MFG_04,DIST_09,DIST_09,TransferOwnership,2026-10-02T05:24:42.408341+00:00,2026-10-02T05:24:44.538403+00:00,2130.051,200,True,True,Ownership transferred successfully
521,TX0000521,DRUG000174,2,DIST_09,WH_14,WH_14,TransferOwnership,2026-10-02T05:24:44.538582+00:00,2026-10-02T05:24:46.666916+00:00,2128.321,200,True,True,Ownership transferred successfully
522,TX0000522,DRUG000174,3,WH_14,RET_024,RET_024,TransferOwnership,2026-10-02T05:24:46.667276+00:00,2026-10-02T05:24:48.810096+00:00,2142.792,200,True,True,Ownership transferred successfully
523,TX0000523,DRUG000175,1,MFG_05,DIST_10,DIST_10,TransferOwnership,2026-10-02T05:24:48.810342+00:00,2026-10-02T05:24:50.949604+00:00,2139.242,200,True,True,Ownership transferred successfully
524,TX0000524,DRUG000175,2,DIST_10,WH_15,WH_15,TransferOwnership,2026-10-02T05:24:50.949757+00:00,2026-10-02T05:24:53.060521+00:00,2110.752,200,True,True,Ownership transferred successfully
525,TX0000525,DRUG000175,3,WH_15,RET_025,RET_025,TransferOwnership,2026-10-02T05:24:53.060725+00:00,2026-10-02T05:24:55.198177+00:00,2137.427,200,True,True,Ownership transferred successfully
526,TX0000526,DRUG000176,1,MFG_06,DIST_11,DIST_11,TransferOwnership,2026-10-02T05:24:55.198359+00:00,2026-10-02T05:24:57.337425+00:00,2139.050,200,True,True,Ownership transferred successfully
527,TX0000527,DRUG000176,2,DIST_11,WH_16,WH_16,TransferOwnership,2026-10-02T05:24:57.337589+00:00,2026-10-02T05:24:59.479353+00:00,2141.745,200,True,True,Ownership transferred successfully
528,TX0000528,DRUG000176,3,WH_16,RET_026,RET_026,TransferOwnership,2026-10-02T05:24:59.479537+00:00,2026-10-02T05:25:01.642170+00:00,2162.617,200,True,True,Ownership transferred successfully
529,TX0000529,DRUG000177,1,MFG_07,DIST_12,DIST_12,TransferOwnership,2026-10-02T05:25:01.642348+00:00,2026-10-02T05:25:03.790371+00:00,2148.008,200,True,True,Ownership transferred successfully
530,TX0000530,DRUG000177,2,DIST_12,WH_17,WH_17,TransferOwnership,2026-10-02T05:25:03.790847+00:00,2026-10-02T05:25:05.931844+00:00,2140.956,200,True,True,Ownership transferred successfully
531,TX0000531,DRUG000177,3,WH_17,RET_027,RET_027,TransferOwnership,2026-10-02T05:25:05.932017+00:00,2026-10-02T05:25:08.074332+00:00,2142.298,200,True,True,Ownership transferred successfully
532,TX0000532,DRUG000178,1,MFG_08,DIST_13,DIST_13,TransferOwnership,2026-10-02T05:25:08.074514+00:00,2026-10-02T05:25:10.263781+00:00,2165.322,200,True,True,Ownership transferred successfully
533,TX0000533,DRUG000178,2,DIST_13,WH_18,WH_18,TransferOwnership,2026-10-02T05:25:10.263999+00:00,2026-10-02T05:25:12.400845+00:00,2136.823,200,True,True,Ownership transferred successfully
534,TX0000534,DRUG000178,3,WH_18,RET_028,RET_028,TransferOwnership,2026-10-02T05:25:12.401354+00:00,2026-10-02T05:25:14.539339+00:00,2137.949,200,True,True,Ownership transferred successfully
535,TX0000535,DRUG000179,1,MFG_09,DIST_14,DIST_14,TransferOwnership,2026-10-02T05:25:14.539520+00:00,2026-10-02T05:25:16.661759+00:00,2122.225,200,True,True,Ownership transferred successfully
536,TX0000536,DRUG000179,2,DIST_14,WH_19,WH_19,TransferOwnership,2026-10-02T05:25:16.661969+00:00,2026-10-02T05:25:18.796065+00:00,2134.078,200,True,True,Ownership transferred successfully
537,TX0000537,DRUG000179,3,WH_19,RET_029,RET_029,TransferOwnership,2026-10-02T05:25:18.796278+00:00,2026-10-02T05:25:20.931526+00:00,2135.231,200,True,True,Ownership transferred successfully
538,TX0000538,DRUG000180,1,MFG_10,DIST_15,DIST_15,TransferOwnership,2026-10-02T05:25:20.931774+00:00,2026-10-02T05:25:23.067156+00:00,2135.364,200,True,True,Ownership transferred successfully
539,TX0000539,DRUG000180,2,DIST_15,WH_20,WH_20,TransferOwnership,2026-10-02T05:25:23.067321+00:00,2026-10-02T05:25:25.205013+00:00,2137.675,200,True,True,Ownership transferred successfully
540,TX0000540,DRUG000180,3,WH_20,RET_030,RET_030,TransferOwnership,2026-10-02T05:25:25.205197+00:00,2026-10-02T05:25:27.324898+00:00,2119.689,200,True,True,Ownership transferred successfully
541,TX0000541,DRUG000181,1,MFG_01,DIST_01,DIST_01,TransferOwnership,2026-10-02T05:25:27.325128+00:00,2026-10-02T05:25:29.474658+00:00,2149.516,200,True,True,Ownership transferred successfully
542,TX0000542,DRUG000181,2,DIST_01,WH_01,WH_01,TransferOwnership,2026-10-02T05:25:29.474857+00:00,2026-10-02T05:25:31.616379+00:00,2141.494,200,True,True,Ownership transferred successfully
543,TX0000543,DRUG000181,3,WH_01,RET_031,RET_031,TransferOwnership,2026-10-02T05:25:31.616627+00:00,2026-10-02T05:25:33.763681+00:00,2147.034,200,True,True,Ownership transferred successfully
544,TX0000544,DRUG000182,1,MFG_02,DIST_02,DIST_02,TransferOwnership,2026-10-02T05:25:33.763872+00:00,2026-10-02T05:25:35.892332+00:00,2128.447,200,True,True,Ownership transferred successfully
545,TX0000545,DRUG000182,2,DIST_02,WH_02,WH_02,TransferOwnership,2026-10-02T05:25:35.892653+00:00,2026-10-02T05:25:38.014488+00:00,2121.800,200,True,True,Ownership transferred successfully
546,TX0000546,DRUG000182,3,WH_02,RET_032,RET_032,TransferOwnership,2026-10-02T05:25:38.014758+00:00,2026-10-02T05:25:40.229459+00:00,2152.750,200,True,True,Ownership transferred successfully
547,TX0000547,DRUG000183,1,MFG_03,DIST_03,DIST_03,TransferOwnership,2026-10-02T05:25:40.229688+00:00,2026-10-02T05:25:42.377073+00:00,2147.371,200,True,True,Ownership transferred successfully
548,TX0000548,DRUG000183,2,DIST_03,WH_03,WH_03,TransferOwnership,2026-10-02T05:25:42.377253+00:00,2026-10-02T05:25:44.524281+00:00,2147.011,200,True,True,Ownership transferred successfully
549,TX0000549,DRUG000183,3,WH_03,RET_033,RET_033,TransferOwnership,2026-10-02T05:25:44.524497+00:00,2026-10-02T05:25:46.663738+00:00,2139.223,200,True,True,Ownership transferred successfully
550,TX0000550,DRUG000184,1,MFG_04,DIST_04,DIST_04,TransferOwnership,2026-10-02T05:25:46.664528+00:00,2026-10-02T05:25:48.823835+00:00,2159.272,200,True,True,Ownership transferred successfully
551,TX0000551,DRUG000184,2,DIST_04,WH_04,WH_04,TransferOwnership,2026-10-02T05:25:48.824003+00:00,2026-10-02T05:25:50.961840+00:00,2137.820,200,True,True,Ownership transferred successfully
552,TX0000552,DRUG000184,3,WH_04,RET_034,RET_034,TransferOwnership,2026-10-02T05:25:50.962045+00:00,2026-10-02T05:25:53.110225+00:00,2148.158,200,True,True,Ownership transferred successfully
553,TX0000553,DRUG000185,1,MFG_05,DIST_05,DIST_05,TransferOwnership,2026-10-02T05:25:53.110496+00:00,2026-10-02T05:25:55.261747+00:00,2151.233,200,True,True,Ownership transferred successfully
554,TX0000554,DRUG000185,2,DIST_05,WH_05,WH_05,TransferOwnership,2026-10-02T05:25:55.262007+00:00,2026-10-02T05:25:57.384392+00:00,2122.360,200,True,True,Ownership transferred successfully
555,TX0000555,DRUG000185,3,WH_05,RET_035,RET_035,TransferOwnership,2026-10-02T05:25:57.384617+00:00,2026-10-02T05:25:59.533184+00:00,2148.540,200,True,True,Ownership transferred successfully
556,TX0000556,DRUG000186,1,MFG_06,DIST_06,DIST_06,TransferOwnership,2026-10-02T05:25:59.533452+00:00,2026-10-02T05:26:01.685388+00:00,2151.912,200,True,True,Ownership transferred successfully
557,TX0000557,DRUG000186,2,DIST_06,WH_06,WH_06,TransferOwnership,2026-10-02T05:26:01.685919+00:00,2026-10-02T05:26:03.825842+00:00,2139.891,200,True,True,Ownership transferred successfully
558,TX0000558,DRUG000186,3,WH_06,RET_036,RET_036,TransferOwnership,2026-10-02T05:26:03.826055+00:00,2026-10-02T05:26:05.956446+00:00,2130.369,200,True,True,Ownership transferred successfully
559,TX0000559,DRUG000187,1,MFG_07,DIST_07,DIST_07,TransferOwnership,2026-10-02T05:26:05.956646+00:00,2026-10-02T05:26:08.109426+00:00,2152.767,200,True,True,Ownership transferred successfully
560,TX0000560,DRUG000187,2,DIST_07,WH_07,WH_07,TransferOwnership,2026-10-02T05:26:08.109608+00:00,2026-10-02T05:26:10.258216+00:00,2132.642,200,True,True,Ownership transferred successfully
561,TX0000561,DRUG000187,3,WH_07,RET_037,RET_037,TransferOwnership,2026-10-02T05:26:10.258435+00:00,2026-10-02T05:26:12.405761+00:00,2147.306,200,True,True,Ownership transferred successfully
562,TX0000562,DRUG000188,1,MFG_08,DIST_08,DIST_08,TransferOwnership,2026-10-02T05:26:12.405958+00:00,2026-10-02T05:26:14.551940+00:00,2145.969,200,True,True,Ownership transferred successfully
563,TX0000563,DRUG000188,2,DIST_08,WH_08,WH_08,TransferOwnership,2026-10-02T05:26:14.552097+00:00,2026-10-02T05:26:16.704675+00:00,2152.567,200,True,True,Ownership transferred successfully
564,TX0000564,DRUG000188,3,WH_08,RET_038,RET_038,TransferOwnership,2026-10-02T05:26:16.704924+00:00,2026-10-02T05:26:18.842787+00:00,2137.846,200,True,True,Ownership transferred successfully
565,TX0000565,DRUG000189,1,MFG_09,DIST_09,DIST_09,TransferOwnership,2026-10-02T05:26:18.842983+00:00,2026-10-02T05:26:20.962642+00:00,2119.640,200,True,True,Ownership transferred successfully
566,TX0000566,DRUG000189,2,DIST_09,WH_09,WH_09,TransferOwnership,2026-10-02T05:26:20.962792+00:00,2026-10-02T05:26:23.098272+00:00,2135.469,200,True,True,Ownership transferred successfully
567,TX0000567,DRUG000189,3,WH_09,RET_039,RET_039,TransferOwnership,2026-10-02T05:26:23.098443+00:00,2026-10-02T05:26:25.238909+00:00,2140.452,200,True,True,Ownership transferred successfully
568,TX0000568,DRUG000190,1,MFG_10,DIST_10,DIST_10,TransferOwnership,2026-10-02T05:26:25.239193+00:00,2026-10-02T05:26:27.361895+00:00,2122.679,200,True,True,Ownership transferred successfully
569,TX0000569,DRUG000190,2,DIST_10,WH_10,WH_10,TransferOwnership,2026-10-02T05:26:27.362277+00:00,2026-10-02T05:26:29.499154+00:00,2136.850,200,True,True,Ownership transferred successfully
570,TX0000570,DRUG000190,3,WH_10,RET_040,RET_040,TransferOwnership,2026-10-02T05:26:29.499394+00:00,2026-10-02T05:26:31.638931+00:00,2139.525,200,True,True,Ownership transferred successfully
571,TX0000571,DRUG000191,1,MFG_01,DIST_11,DIST_11,TransferOwnership,2026-10-02T05:26:31.639099+00:00,2026-10-02T05:26:33.787632+00:00,2148.521,200,True,True,Ownership transferred successfully
572,TX0000572,DRUG000191,2,DIST_11,WH_11,WH_11,TransferOwnership,2026-10-02T05:26:33.787780+00:00,2026-10-02T05:26:35.929589+00:00,2141.798,200,True,True,Ownership transferred successfully
573,TX0000573,DRUG000191,3,WH_11,RET_041,RET_041,TransferOwnership,2026-10-02T05:26:35.929731+00:00,2026-10-02T05:26:38.077529+00:00,2147.784,200,True,True,Ownership transferred successfully
574,TX0000574,DRUG000192,1,MFG_02,DIST_12,DIST_12,TransferOwnership,2026-10-02T05:26:38.077680+00:00,2026-10-02T05:26:40.254331+00:00,2159.967,200,True,True,Ownership transferred successfully
575,TX0000575,DRUG000192,2,DIST_12,WH_12,WH_12,TransferOwnership,2026-10-02T05:26:40.254520+00:00,2026-10-02T05:26:42.397407+00:00,2142.870,200,True,True,Ownership transferred successfully
576,TX0000576,DRUG000192,3,WH_12,RET_042,RET_042,TransferOwnership,2026-10-02T05:26:42.397599+00:00,2026-10-02T05:26:44.517685+00:00,2120.065,200,True,True,Ownership transferred successfully
577,TX0000577,DRUG000193,1,MFG_03,DIST_13,DIST_13,TransferOwnership,2026-10-02T05:26:44.517843+00:00,2026-10-02T05:26:46.661102+00:00,2143.248,200,True,True,Ownership transferred successfully
578,TX0000578,DRUG000193,2,DIST_13,WH_13,WH_13,TransferOwnership,2026-10-02T05:26:46.661313+00:00,2026-10-02T05:26:48.794128+00:00,2132.794,200,True,True,Ownership transferred successfully
579,TX0000579,DRUG000193,3,WH_13,RET_043,RET_043,TransferOwnership,2026-10-02T05:26:48.794339+00:00,2026-10-02T05:26:50.941318+00:00,2146.960,200,True,True,Ownership transferred successfully
580,TX0000580,DRUG000194,1,MFG_04,DIST_14,DIST_14,TransferOwnership,2026-10-02T05:26:50.941866+00:00,2026-10-02T05:26:53.096699+00:00,2154.804,200,True,True,Ownership transferred successfully
581,TX0000581,DRUG000194,2,DIST_14,WH_14,WH_14,TransferOwnership,2026-10-02T05:26:53.096868+00:00,2026-10-02T05:26:55.236086+00:00,2139.207,200,True,True,Ownership transferred successfully
582,TX0000582,DRUG000194,3,WH_14,RET_044,RET_044,TransferOwnership,2026-10-02T05:26:55.236226+00:00,2026-10-02T05:26:57.358219+00:00,2121.981,200,True,True,Ownership transferred successfully
583,TX0000583,DRUG000195,1,MFG_05,DIST_15,DIST_15,TransferOwnership,2026-10-02T05:26:57.358409+00:00,2026-10-02T05:26:59.481828+00:00,2123.396,200,True,True,Ownership transferred successfully
584,TX0000584,DRUG000195,2,DIST_15,WH_15,WH_15,TransferOwnership,2026-10-02T05:26:59.482033+00:00,2026-10-02T05:27:01.643597+00:00,2161.544,200,True,True,Ownership transferred successfully
585,TX0000585,DRUG000195,3,WH_15,RET_045,RET_045,TransferOwnership,2026-10-02T05:27:01.643787+00:00,2026-10-02T05:27:03.783753+00:00,2139.951,200,True,True,Ownership transferred successfully
586,TX0000586,DRUG000196,1,MFG_06,DIST_01,DIST_01,TransferOwnership,2026-10-02T05:27:03.783984+00:00,2026-10-02T05:27:05.947739+00:00,2163.731,200,True,True,Ownership transferred successfully
587,TX0000587,DRUG000196,2,DIST_01,WH_16,WH_16,TransferOwnership,2026-10-02T05:27:05.948038+00:00,2026-10-02T05:27:08.087693+00:00,2139.625,200,True,True,Ownership transferred successfully
588,TX0000588,DRUG000196,3,WH_16,RET_046,RET_046,TransferOwnership,2026-10-02T05:27:08.087885+00:00,2026-10-02T05:27:10.288829+00:00,2143.736,200,True,True,Ownership transferred successfully
589,TX0000589,DRUG000197,1,MFG_07,DIST_02,DIST_02,TransferOwnership,2026-10-02T05:27:10.289022+00:00,2026-10-02T05:27:12.430686+00:00,2141.646,200,True,True,Ownership transferred successfully
590,TX0000590,DRUG000197,2,DIST_02,WH_17,WH_17,TransferOwnership,2026-10-02T05:27:12.430853+00:00,2026-10-02T05:27:14.574784+00:00,2143.918,200,True,True,Ownership transferred successfully
591,TX0000591,DRUG000197,3,WH_17,RET_047,RET_047,TransferOwnership,2026-10-02T05:27:14.574976+00:00,2026-10-02T05:27:16.712657+00:00,2137.664,200,True,True,Ownership transferred successfully
592,TX0000592,DRUG000198,1,MFG_08,DIST_03,DIST_03,TransferOwnership,2026-10-02T05:27:16.713091+00:00,2026-10-02T05:27:18.862255+00:00,2149.137,200,True,True,Ownership transferred successfully
593,TX0000593,DRUG000198,2,DIST_03,WH_18,WH_18,TransferOwnership,2026-10-02T05:27:18.862447+00:00,2026-10-02T05:27:21.000910+00:00,2138.443,200,True,True,Ownership transferred successfully
594,TX0000594,DRUG000198,3,WH_18,RET_048,RET_048,TransferOwnership,2026-10-02T05:27:21.001105+00:00,2026-10-02T05:27:23.135423+00:00,2134.299,200,True,True,Ownership transferred successfully
595,TX0000595,DRUG000199,1,MFG_09,DIST_04,DIST_04,TransferOwnership,2026-10-02T05:27:23.135620+00:00,2026-10-02T05:27:25.274101+00:00,2138.468,200,True,True,Ownership transferred successfully
596,TX0000596,DRUG000199,2,DIST_04,WH_19,WH_19,TransferOwnership,2026-10-02T05:27:25.274249+00:00,2026-10-02T05:27:27.391878+00:00,2117.614,200,True,True,Ownership transferred successfully
597,TX0000597,DRUG000199,3,WH_19,RET_049,RET_049,TransferOwnership,2026-10-02T05:27:27.392058+00:00,2026-10-02T05:27:29.509547+00:00,2117.468,200,True,True,Ownership transferred successfully
598,TX0000598,DRUG000200,1,MFG_10,DIST_05,DIST_05,TransferOwnership,2026-10-02T05:27:29.509735+00:00,2026-10-02T05:27:31.657704+00:00,2147.952,200,True,True,Ownership transferred successfully
599,TX0000599,DRUG000200,2,DIST_05,WH_20,WH_20,TransferOwnership,2026-10-02T05:27:31.657880+00:00,2026-10-02T05:27:33.804945+00:00,2147.052,200,True,True,Ownership transferred successfully
600,TX0000600,DRUG000200,3,WH_20,RET_050,RET_050,TransferOwnership,2026-10-02T05:27:33.805256+00:00,2026-10-02T05:27:35.947222+00:00,2141.948,200,True,True,Ownership transferred successfully
601,TX0000601,DRUG000201,1,MFG_01,DIST_06,DIST_06,TransferOwnership,2026-10-02T05:27:35.947405+00:00,2026-10-02T05:27:38.094868+00:00,2147.443,200,True,True,Ownership transferred successfully
602,TX0000602,DRUG000201,2,DIST_06,WH_01,WH_01,TransferOwnership,2026-10-02T05:27:38.095075+00:00,2026-10-02T05:27:40.276841+00:00,2155.742,200,True,True,Ownership transferred successfully
603,TX0000603,DRUG000201,3,WH_01,RET_001,RET_001,TransferOwnership,2026-10-02T05:27:40.277192+00:00,2026-10-02T05:27:42.418706+00:00,2141.491,200,True,True,Ownership transferred successfully
604,TX0000604,DRUG000202,1,MFG_02,DIST_07,DIST_07,TransferOwnership,2026-10-02T05:27:42.418964+00:00,2026-10-02T05:27:44.573822+00:00,2154.844,200,True,True,Ownership transferred successfully
605,TX0000605,DRUG000202,2,DIST_07,WH_02,WH_02,TransferOwnership,2026-10-02T05:27:44.573976+00:00,2026-10-02T05:27:46.708012+00:00,2134.023,200,True,True,Ownership transferred successfully
606,TX0000606,DRUG000202,3,WH_02,RET_002,RET_002,TransferOwnership,2026-10-02T05:27:46.708192+00:00,2026-10-02T05:27:48.842966+00:00,2134.762,200,True,True,Ownership transferred successfully
607,TX0000607,DRUG000203,1,MFG_03,DIST_08,DIST_08,TransferOwnership,2026-10-02T05:27:48.843200+00:00,2026-10-02T05:27:50.979958+00:00,2136.737,200,True,True,Ownership transferred successfully
608,TX0000608,DRUG000203,2,DIST_08,WH_03,WH_03,TransferOwnership,2026-10-02T05:27:50.980263+00:00,2026-10-02T05:27:53.127526+00:00,2147.238,200,True,True,Ownership transferred successfully
609,TX0000609,DRUG000203,3,WH_03,RET_003,RET_003,TransferOwnership,2026-10-02T05:27:53.127770+00:00,2026-10-02T05:27:55.282225+00:00,2154.434,200,True,True,Ownership transferred successfully
610,TX0000610,DRUG000204,1,MFG_04,DIST_09,DIST_09,TransferOwnership,2026-10-02T05:27:55.282408+00:00,2026-10-02T05:27:57.400158+00:00,2117.734,200,True,True,Ownership transferred successfully
611,TX0000611,DRUG000204,2,DIST_09,WH_04,WH_04,TransferOwnership,2026-10-02T05:27:57.400388+00:00,2026-10-02T05:27:59.497337+00:00,2096.929,200,True,True,Ownership transferred successfully
612,TX0000612,DRUG000204,3,WH_04,RET_004,RET_004,TransferOwnership,2026-10-02T05:27:59.497519+00:00,2026-10-02T05:28:01.631329+00:00,2133.789,200,True,True,Ownership transferred successfully
613,TX0000613,DRUG000205,1,MFG_05,DIST_10,DIST_10,TransferOwnership,2026-10-02T05:28:01.631519+00:00,2026-10-02T05:28:03.776772+00:00,2145.236,200,True,True,Ownership transferred successfully
614,TX0000614,DRUG000205,2,DIST_10,WH_05,WH_05,TransferOwnership,2026-10-02T05:28:03.776961+00:00,2026-10-02T05:28:05.920678+00:00,2143.700,200,True,True,Ownership transferred successfully
615,TX0000615,DRUG000205,3,WH_05,RET_005,RET_005,TransferOwnership,2026-10-02T05:28:05.921172+00:00,2026-10-02T05:28:08.064918+00:00,2143.712,200,True,True,Ownership transferred successfully
616,TX0000616,DRUG000206,1,MFG_06,DIST_11,DIST_11,TransferOwnership,2026-10-02T05:28:08.065246+00:00,2026-10-02T05:28:10.232036+00:00,2151.176,200,True,True,Ownership transferred successfully
617,TX0000617,DRUG000206,2,DIST_11,WH_06,WH_06,TransferOwnership,2026-10-02T05:28:10.232244+00:00,2026-10-02T05:28:12.368698+00:00,2136.441,200,True,True,Ownership transferred successfully
618,TX0000618,DRUG000206,3,WH_06,RET_006,RET_006,TransferOwnership,2026-10-02T05:28:12.368905+00:00,2026-10-02T05:28:14.512680+00:00,2143.608,200,True,True,Ownership transferred successfully
619,TX0000619,DRUG000207,1,MFG_07,DIST_12,DIST_12,TransferOwnership,2026-10-02T05:28:14.512856+00:00,2026-10-02T05:28:16.673547+00:00,2160.674,200,True,True,Ownership transferred successfully
620,TX0000620,DRUG000207,2,DIST_12,WH_07,WH_07,TransferOwnership,2026-10-02T05:28:16.673724+00:00,2026-10-02T05:28:18.813366+00:00,2139.624,200,True,True,Ownership transferred successfully
621,TX0000621,DRUG000207,3,WH_07,RET_007,RET_007,TransferOwnership,2026-10-02T05:28:18.813551+00:00,2026-10-02T05:28:20.949279+00:00,2135.717,200,True,True,Ownership transferred successfully
622,TX0000622,DRUG000208,1,MFG_08,DIST_13,DIST_13,TransferOwnership,2026-10-02T05:28:20.949483+00:00,2026-10-02T05:28:23.099379+00:00,2149.883,200,True,True,Ownership transferred successfully
623,TX0000623,DRUG000208,2,DIST_13,WH_08,WH_08,TransferOwnership,2026-10-02T05:28:23.099582+00:00,2026-10-02T05:28:25.221649+00:00,2122.047,200,True,True,Ownership transferred successfully
624,TX0000624,DRUG000208,3,WH_08,RET_008,RET_008,TransferOwnership,2026-10-02T05:28:25.221820+00:00,2026-10-02T05:28:27.342407+00:00,2120.569,200,True,True,Ownership transferred successfully
625,TX0000625,DRUG000209,1,MFG_09,DIST_14,DIST_14,TransferOwnership,2026-10-02T05:28:27.342593+00:00,2026-10-02T05:28:29.459807+00:00,2117.199,200,True,True,Ownership transferred successfully
626,TX0000626,DRUG000209,2,DIST_14,WH_09,WH_09,TransferOwnership,2026-10-02T05:28:29.459983+00:00,2026-10-02T05:28:31.589535+00:00,2129.534,200,True,True,Ownership transferred successfully
627,TX0000627,DRUG000209,3,WH_09,RET_009,RET_009,TransferOwnership,2026-10-02T05:28:31.589881+00:00,2026-10-02T05:28:33.721496+00:00,2131.597,200,True,True,Ownership transferred successfully
628,TX0000628,DRUG000210,1,MFG_10,DIST_15,DIST_15,TransferOwnership,2026-10-02T05:28:33.721854+00:00,2026-10-02T05:28:35.854844+00:00,2132.954,200,True,True,Ownership transferred successfully
629,TX0000629,DRUG000210,2,DIST_15,WH_10,WH_10,TransferOwnership,2026-10-02T05:28:35.855018+00:00,2026-10-02T05:28:38.001721+00:00,2146.679,200,True,True,Ownership transferred successfully
630,TX0000630,DRUG000210,3,WH_10,RET_010,RET_010,TransferOwnership,2026-10-02T05:28:38.001987+00:00,2026-10-02T05:28:40.215381+00:00,2153.242,200,True,True,Ownership transferred successfully
631,TX0000631,DRUG000211,1,MFG_01,DIST_01,DIST_01,TransferOwnership,2026-10-02T05:28:40.215593+00:00,2026-10-02T05:28:42.362753+00:00,2147.139,200,True,True,Ownership transferred successfully
632,TX0000632,DRUG000211,2,DIST_01,WH_11,WH_11,TransferOwnership,2026-10-02T05:28:42.362948+00:00,2026-10-02T05:28:44.500956+00:00,2137.992,200,True,True,Ownership transferred successfully
633,TX0000633,DRUG000211,3,WH_11,RET_011,RET_011,TransferOwnership,2026-10-02T05:28:44.501139+00:00,2026-10-02T05:28:46.648219+00:00,2147.066,200,True,True,Ownership transferred successfully
634,TX0000634,DRUG000212,1,MFG_02,DIST_02,DIST_02,TransferOwnership,2026-10-02T05:28:46.648383+00:00,2026-10-02T05:28:48.800227+00:00,2151.829,200,True,True,Ownership transferred successfully
635,TX0000635,DRUG000212,2,DIST_02,WH_12,WH_12,TransferOwnership,2026-10-02T05:28:48.800390+00:00,2026-10-02T05:28:50.944071+00:00,2143.668,200,True,True,Ownership transferred successfully
636,TX0000636,DRUG000212,3,WH_12,RET_012,RET_012,TransferOwnership,2026-10-02T05:28:50.944252+00:00,2026-10-02T05:28:53.086931+00:00,2142.665,200,True,True,Ownership transferred successfully
637,TX0000637,DRUG000213,1,MFG_03,DIST_03,DIST_03,TransferOwnership,2026-10-02T05:28:53.087136+00:00,2026-10-02T05:28:55.223833+00:00,2136.675,200,True,True,Ownership transferred successfully
638,TX0000638,DRUG000213,2,DIST_03,WH_13,WH_13,TransferOwnership,2026-10-02T05:28:55.224147+00:00,2026-10-02T05:28:57.339559+00:00,2115.391,200,True,True,Ownership transferred successfully
639,TX0000639,DRUG000213,3,WH_13,RET_013,RET_013,TransferOwnership,2026-10-02T05:28:57.339777+00:00,2026-10-02T05:28:59.453875+00:00,2114.075,200,True,True,Ownership transferred successfully
640,TX0000640,DRUG000214,1,MFG_04,DIST_04,DIST_04,TransferOwnership,2026-10-02T05:28:59.454047+00:00,2026-10-02T05:29:01.583680+00:00,2129.618,200,True,True,Ownership transferred successfully
641,TX0000641,DRUG000214,2,DIST_04,WH_14,WH_14,TransferOwnership,2026-10-02T05:29:01.583850+00:00,2026-10-02T05:29:03.721025+00:00,2137.155,200,True,True,Ownership transferred successfully
642,TX0000642,DRUG000214,3,WH_14,RET_014,RET_014,TransferOwnership,2026-10-02T05:29:03.721269+00:00,2026-10-02T05:29:05.837243+00:00,2115.954,200,True,True,Ownership transferred successfully
643,TX0000643,DRUG000215,1,MFG_05,DIST_05,DIST_05,TransferOwnership,2026-10-02T05:29:05.837416+00:00,2026-10-02T05:29:07.982489+00:00,2145.053,200,True,True,Ownership transferred successfully
644,TX0000644,DRUG000215,2,DIST_05,WH_15,WH_15,TransferOwnership,2026-10-02T05:29:07.982705+00:00,2026-10-02T05:29:10.138895+00:00,2130.401,200,True,True,Ownership transferred successfully
645,TX0000645,DRUG000215,3,WH_15,RET_015,RET_015,TransferOwnership,2026-10-02T05:29:10.139053+00:00,2026-10-02T05:29:12.286899+00:00,2147.835,200,True,True,Ownership transferred successfully
646,TX0000646,DRUG000216,1,MFG_06,DIST_06,DIST_06,TransferOwnership,2026-10-02T05:29:12.287059+00:00,2026-10-02T05:29:14.435961+00:00,2148.891,200,True,True,Ownership transferred successfully
647,TX0000647,DRUG000216,2,DIST_06,WH_16,WH_16,TransferOwnership,2026-10-02T05:29:14.436348+00:00,2026-10-02T05:29:16.571910+00:00,2135.519,200,True,True,Ownership transferred successfully
648,TX0000648,DRUG000216,3,WH_16,RET_016,RET_016,TransferOwnership,2026-10-02T05:29:16.572091+00:00,2026-10-02T05:29:18.709809+00:00,2137.698,200,True,True,Ownership transferred successfully
649,TX0000649,DRUG000217,1,MFG_07,DIST_07,DIST_07,TransferOwnership,2026-10-02T05:29:18.709999+00:00,2026-10-02T05:29:20.836778+00:00,2126.765,200,True,True,Ownership transferred successfully
650,TX0000650,DRUG000217,2,DIST_07,WH_17,WH_17,TransferOwnership,2026-10-02T05:29:20.837106+00:00,2026-10-02T05:29:22.974781+00:00,2137.637,200,True,True,Ownership transferred successfully
651,TX0000651,DRUG000217,3,WH_17,RET_017,RET_017,TransferOwnership,2026-10-02T05:29:22.975062+00:00,2026-10-02T05:29:25.115451+00:00,2140.361,200,True,True,Ownership transferred successfully
652,TX0000652,DRUG000218,1,MFG_08,DIST_08,DIST_08,TransferOwnership,2026-10-02T05:29:25.115707+00:00,2026-10-02T05:29:27.241289+00:00,2125.561,200,True,True,Ownership transferred successfully
653,TX0000653,DRUG000218,2,DIST_08,WH_18,WH_18,TransferOwnership,2026-10-02T05:29:27.241468+00:00,2026-10-02T05:29:29.368671+00:00,2127.181,200,True,True,Ownership transferred successfully
654,TX0000654,DRUG000218,3,WH_18,RET_018,RET_018,TransferOwnership,2026-10-02T05:29:29.368914+00:00,2026-10-02T05:29:31.478988+00:00,2110.049,200,True,True,Ownership transferred successfully
655,TX0000655,DRUG000219,1,MFG_09,DIST_09,DIST_09,TransferOwnership,2026-10-02T05:29:31.479197+00:00,2026-10-02T05:29:33.661849+00:00,2182.629,200,True,True,Ownership transferred successfully
656,TX0000656,DRUG000219,2,DIST_09,WH_19,WH_19,TransferOwnership,2026-10-02T05:29:33.662185+00:00,2026-10-02T05:29:35.831195+00:00,2168.976,200,True,True,Ownership transferred successfully
657,TX0000657,DRUG000219,3,WH_19,RET_019,RET_019,TransferOwnership,2026-10-02T05:29:35.831433+00:00,2026-10-02T05:29:37.944173+00:00,2112.710,200,True,True,Ownership transferred successfully
658,TX0000658,DRUG000220,1,MFG_10,DIST_10,DIST_10,TransferOwnership,2026-10-02T05:29:37.944391+00:00,2026-10-02T05:29:40.202267+00:00,2203.797,200,True,True,Ownership transferred successfully
659,TX0000659,DRUG000220,2,DIST_10,WH_20,WH_20,TransferOwnership,2026-10-02T05:29:40.202468+00:00,2026-10-02T05:29:42.376592+00:00,2174.103,200,True,True,Ownership transferred successfully
660,TX0000660,DRUG000220,3,WH_20,RET_020,RET_020,TransferOwnership,2026-10-02T05:29:42.376891+00:00,2026-10-02T05:29:44.574328+00:00,2197.413,200,True,True,Ownership transferred successfully
661,TX0000661,DRUG000221,1,MFG_01,DIST_11,DIST_11,TransferOwnership,2026-10-02T05:29:44.574978+00:00,2026-10-02T05:29:46.825956+00:00,2250.932,200,True,True,Ownership transferred successfully
662,TX0000662,DRUG000221,2,DIST_11,WH_01,WH_01,TransferOwnership,2026-10-02T05:29:46.826239+00:00,2026-10-02T05:29:49.068624+00:00,2242.360,200,True,True,Ownership transferred successfully
663,TX0000663,DRUG000221,3,WH_01,RET_021,RET_021,TransferOwnership,2026-10-02T05:29:49.068912+00:00,2026-10-02T05:29:51.263007+00:00,2194.068,200,True,True,Ownership transferred successfully
664,TX0000664,DRUG000222,1,MFG_02,DIST_12,DIST_12,TransferOwnership,2026-10-02T05:29:51.263371+00:00,2026-10-02T05:29:53.488162+00:00,2224.764,200,True,True,Ownership transferred successfully
665,TX0000665,DRUG000222,2,DIST_12,WH_02,WH_02,TransferOwnership,2026-10-02T05:29:53.488391+00:00,2026-10-02T05:29:55.658949+00:00,2170.544,200,True,True,Ownership transferred successfully
666,TX0000666,DRUG000222,3,WH_02,RET_022,RET_022,TransferOwnership,2026-10-02T05:29:55.659107+00:00,2026-10-02T05:29:57.833328+00:00,2174.208,200,True,True,Ownership transferred successfully
667,TX0000667,DRUG000223,1,MFG_03,DIST_13,DIST_13,TransferOwnership,2026-10-02T05:29:57.833616+00:00,2026-10-02T05:30:00.035175+00:00,2201.536,200,True,True,Ownership transferred successfully
668,TX0000668,DRUG000223,2,DIST_13,WH_03,WH_03,TransferOwnership,2026-10-02T05:30:00.035315+00:00,2026-10-02T05:30:02.237200+00:00,2201.872,200,True,True,Ownership transferred successfully
669,TX0000669,DRUG000223,3,WH_03,RET_023,RET_023,TransferOwnership,2026-10-02T05:30:02.237516+00:00,2026-10-02T05:30:04.458006+00:00,2220.463,200,True,True,Ownership transferred successfully
670,TX0000670,DRUG000224,1,MFG_04,DIST_14,DIST_14,TransferOwnership,2026-10-02T05:30:04.458202+00:00,2026-10-02T05:30:06.636646+00:00,2178.429,200,True,True,Ownership transferred successfully
671,TX0000671,DRUG000224,2,DIST_14,WH_04,WH_04,TransferOwnership,2026-10-02T05:30:06.636904+00:00,2026-10-02T05:30:08.831497+00:00,2194.570,200,True,True,Ownership transferred successfully
672,TX0000672,DRUG000224,3,WH_04,RET_024,RET_024,TransferOwnership,2026-10-02T05:30:08.831773+00:00,2026-10-02T05:30:11.054184+00:00,2193.629,200,True,True,Ownership transferred successfully
673,TX0000673,DRUG000225,1,MFG_05,DIST_15,DIST_15,TransferOwnership,2026-10-02T05:30:11.065673+00:00,2026-10-02T05:30:13.228270+00:00,2162.543,200,True,True,Ownership transferred successfully
674,TX0000674,DRUG000225,2,DIST_15,WH_05,WH_05,TransferOwnership,2026-10-02T05:30:13.228540+00:00,2026-10-02T05:30:15.398532+00:00,2169.970,200,True,True,Ownership transferred successfully
675,TX0000675,DRUG000225,3,WH_05,RET_025,RET_025,TransferOwnership,2026-10-02T05:30:15.398821+00:00,2026-10-02T05:30:17.533400+00:00,2134.552,200,True,True,Ownership transferred successfully
676,TX0000676,DRUG000226,1,MFG_06,DIST_01,DIST_01,TransferOwnership,2026-10-02T05:30:17.533562+00:00,2026-10-02T05:30:19.646585+00:00,2113.004,200,True,True,Ownership transferred successfully
677,TX0000677,DRUG000226,2,DIST_01,WH_06,WH_06,TransferOwnership,2026-10-02T05:30:19.646744+00:00,2026-10-02T05:30:21.877341+00:00,2230.577,200,True,True,Ownership transferred successfully
678,TX0000678,DRUG000226,3,WH_06,RET_026,RET_026,TransferOwnership,2026-10-02T05:30:21.877503+00:00,2026-10-02T05:30:24.112161+00:00,2234.646,200,True,True,Ownership transferred successfully
679,TX0000679,DRUG000227,1,MFG_07,DIST_02,DIST_02,TransferOwnership,2026-10-02T05:30:24.112471+00:00,2026-10-02T05:30:26.282518+00:00,2170.025,200,True,True,Ownership transferred successfully
680,TX0000680,DRUG000227,2,DIST_02,WH_07,WH_07,TransferOwnership,2026-10-02T05:30:26.282706+00:00,2026-10-02T05:30:28.490251+00:00,2207.524,200,True,True,Ownership transferred successfully
681,TX0000681,DRUG000227,3,WH_07,RET_027,RET_027,TransferOwnership,2026-10-02T05:30:28.490423+00:00,2026-10-02T05:30:30.724958+00:00,2234.520,200,True,True,Ownership transferred successfully
682,TX0000682,DRUG000228,1,MFG_08,DIST_03,DIST_03,TransferOwnership,2026-10-02T05:30:30.725284+00:00,2026-10-02T05:30:32.907135+00:00,2181.829,200,True,True,Ownership transferred successfully
683,TX0000683,DRUG000228,2,DIST_03,WH_08,WH_08,TransferOwnership,2026-10-02T05:30:32.907349+00:00,2026-10-02T05:30:35.018016+00:00,2110.651,200,True,True,Ownership transferred successfully
684,TX0000684,DRUG000228,3,WH_08,RET_028,RET_028,TransferOwnership,2026-10-02T05:30:35.018144+00:00,2026-10-02T05:30:37.116894+00:00,2098.739,200,True,True,Ownership transferred successfully
685,TX0000685,DRUG000229,1,MFG_09,DIST_04,DIST_04,TransferOwnership,2026-10-02T05:30:37.117643+00:00,2026-10-02T05:30:39.236056+00:00,2118.382,200,True,True,Ownership transferred successfully
686,TX0000686,DRUG000229,2,DIST_04,WH_09,WH_09,TransferOwnership,2026-10-02T05:30:39.236343+00:00,2026-10-02T05:30:41.403388+00:00,2148.007,200,True,True,Ownership transferred successfully
687,TX0000687,DRUG000229,3,WH_09,RET_029,RET_029,TransferOwnership,2026-10-02T05:30:41.403600+00:00,2026-10-02T05:30:43.531515+00:00,2127.899,200,True,True,Ownership transferred successfully
688,TX0000688,DRUG000230,1,MFG_10,DIST_05,DIST_05,TransferOwnership,2026-10-02T05:30:43.531733+00:00,2026-10-02T05:30:45.685812+00:00,2154.055,200,True,True,Ownership transferred successfully
689,TX0000689,DRUG000230,2,DIST_05,WH_10,WH_10,TransferOwnership,2026-10-02T05:30:45.686001+00:00,2026-10-02T05:30:47.826763+00:00,2140.749,200,True,True,Ownership transferred successfully
690,TX0000690,DRUG000230,3,WH_10,RET_030,RET_030,TransferOwnership,2026-10-02T05:30:47.826942+00:00,2026-10-02T05:30:49.967507+00:00,2140.551,200,True,True,Ownership transferred successfully
691,TX0000691,DRUG000231,1,MFG_01,DIST_06,DIST_06,TransferOwnership,2026-10-02T05:30:49.967674+00:00,2026-10-02T05:30:52.116249+00:00,2148.561,200,True,True,Ownership transferred successfully
692,TX0000692,DRUG000231,2,DIST_06,WH_11,WH_11,TransferOwnership,2026-10-02T05:30:52.116419+00:00,2026-10-02T05:30:54.258404+00:00,2141.972,200,True,True,Ownership transferred successfully
693,TX0000693,DRUG000231,3,WH_11,RET_031,RET_031,TransferOwnership,2026-10-02T05:30:54.258567+00:00,2026-10-02T05:30:56.399270+00:00,2140.688,200,True,True,Ownership transferred successfully
694,TX0000694,DRUG000232,1,MFG_02,DIST_07,DIST_07,TransferOwnership,2026-10-02T05:30:56.399571+00:00,2026-10-02T05:30:58.541436+00:00,2141.846,200,True,True,Ownership transferred successfully
695,TX0000695,DRUG000232,2,DIST_07,WH_12,WH_12,TransferOwnership,2026-10-02T05:30:58.541611+00:00,2026-10-02T05:31:00.633972+00:00,2092.346,200,True,True,Ownership transferred successfully
696,TX0000696,DRUG000232,3,WH_12,RET_032,RET_032,TransferOwnership,2026-10-02T05:31:00.634283+00:00,2026-10-02T05:31:02.774980+00:00,2140.676,200,True,True,Ownership transferred successfully
697,TX0000697,DRUG000233,1,MFG_03,DIST_08,DIST_08,TransferOwnership,2026-10-02T05:31:02.775153+00:00,2026-10-02T05:31:04.894677+00:00,2119.509,200,True,True,Ownership transferred successfully
698,TX0000698,DRUG000233,2,DIST_08,WH_13,WH_13,TransferOwnership,2026-10-02T05:31:04.894927+00:00,2026-10-02T05:31:07.029224+00:00,2134.276,200,True,True,Ownership transferred successfully
699,TX0000699,DRUG000233,3,WH_13,RET_033,RET_033,TransferOwnership,2026-10-02T05:31:07.029397+00:00,2026-10-02T05:31:09.160257+00:00,2130.844,200,True,True,Ownership transferred successfully
700,TX0000700,DRUG000234,1,MFG_04,DIST_09,DIST_09,TransferOwnership,2026-10-02T05:31:09.160419+00:00,2026-10-02T05:31:11.352202+00:00,2138.683,200,True,True,Ownership transferred successfully
701,TX0000701,DRUG000234,2,DIST_09,WH_14,WH_14,TransferOwnership,2026-10-02T05:31:11.352395+00:00,2026-10-02T05:31:13.514675+00:00,2162.262,200,True,True,Ownership transferred successfully
702,TX0000702,DRUG000234,3,WH_14,RET_034,RET_034,TransferOwnership,2026-10-02T05:31:13.514859+00:00,2026-10-02T05:31:15.642302+00:00,2127.427,200,True,True,Ownership transferred successfully
703,TX0000703,DRUG000235,1,MFG_05,DIST_10,DIST_10,TransferOwnership,2026-10-02T05:31:15.642452+00:00,2026-10-02T05:31:17.793237+00:00,2150.774,200,True,True,Ownership transferred successfully
704,TX0000704,DRUG000235,2,DIST_10,WH_15,WH_15,TransferOwnership,2026-10-02T05:31:17.793440+00:00,2026-10-02T05:31:19.936152+00:00,2142.693,200,True,True,Ownership transferred successfully
705,TX0000705,DRUG000235,3,WH_15,RET_035,RET_035,TransferOwnership,2026-10-02T05:31:19.936361+00:00,2026-10-02T05:31:22.080567+00:00,2144.189,200,True,True,Ownership transferred successfully
706,TX0000706,DRUG000236,1,MFG_06,DIST_11,DIST_11,TransferOwnership,2026-10-02T05:31:22.081031+00:00,2026-10-02T05:31:24.241144+00:00,2160.081,200,True,True,Ownership transferred successfully
707,TX0000707,DRUG000236,2,DIST_11,WH_16,WH_16,TransferOwnership,2026-10-02T05:31:24.241671+00:00,2026-10-02T05:31:26.392610+00:00,2150.888,200,True,True,Ownership transferred successfully
708,TX0000708,DRUG000236,3,WH_16,RET_036,RET_036,TransferOwnership,2026-10-02T05:31:26.392765+00:00,2026-10-02T05:31:28.528791+00:00,2136.013,200,True,True,Ownership transferred successfully
709,TX0000709,DRUG000237,1,MFG_07,DIST_12,DIST_12,TransferOwnership,2026-10-02T05:31:28.528996+00:00,2026-10-02T05:31:30.673950+00:00,2144.935,200,True,True,Ownership transferred successfully
710,TX0000710,DRUG000237,2,DIST_12,WH_17,WH_17,TransferOwnership,2026-10-02T05:31:30.674143+00:00,2026-10-02T05:31:32.788337+00:00,2114.178,200,True,True,Ownership transferred successfully
711,TX0000711,DRUG000237,3,WH_17,RET_037,RET_037,TransferOwnership,2026-10-02T05:31:32.788476+00:00,2026-10-02T05:31:34.891961+00:00,2103.476,200,True,True,Ownership transferred successfully
712,TX0000712,DRUG000238,1,MFG_08,DIST_13,DIST_13,TransferOwnership,2026-10-02T05:31:34.892146+00:00,2026-10-02T05:31:37.052125+00:00,2159.963,200,True,True,Ownership transferred successfully
713,TX0000713,DRUG000238,2,DIST_13,WH_18,WH_18,TransferOwnership,2026-10-02T05:31:37.052321+00:00,2026-10-02T05:31:39.185694+00:00,2133.330,200,True,True,Ownership transferred successfully
714,TX0000714,DRUG000238,3,WH_18,RET_038,RET_038,TransferOwnership,2026-10-02T05:31:39.185845+00:00,2026-10-02T05:31:41.343119+00:00,2132.215,200,True,True,Ownership transferred successfully
715,TX0000715,DRUG000239,1,MFG_09,DIST_14,DIST_14,TransferOwnership,2026-10-02T05:31:41.343342+00:00,2026-10-02T05:31:43.485367+00:00,2141.996,200,True,True,Ownership transferred successfully
716,TX0000716,DRUG000239,2,DIST_14,WH_19,WH_19,TransferOwnership,2026-10-02T05:31:43.485566+00:00,2026-10-02T05:31:45.619013+00:00,2133.402,200,True,True,Ownership transferred successfully
717,TX0000717,DRUG000239,3,WH_19,RET_039,RET_039,TransferOwnership,2026-10-02T05:31:45.619187+00:00,2026-10-02T05:31:47.737860+00:00,2118.660,200,True,True,Ownership transferred successfully
718,TX0000718,DRUG000240,1,MFG_10,DIST_15,DIST_15,TransferOwnership,2026-10-02T05:31:47.738050+00:00,2026-10-02T05:31:49.891671+00:00,2153.602,200,True,True,Ownership transferred successfully
719,TX0000719,DRUG000240,2,DIST_15,WH_20,WH_20,TransferOwnership,2026-10-02T05:31:49.892821+00:00,2026-10-02T05:31:52.038453+00:00,2145.602,200,True,True,Ownership transferred successfully
720,TX0000720,DRUG000240,3,WH_20,RET_040,RET_040,TransferOwnership,2026-10-02T05:31:52.038625+00:00,2026-10-02T05:31:54.178265+00:00,2139.624,200,True,True,Ownership transferred successfully
721,TX0000721,DRUG000241,1,MFG_01,DIST_01,DIST_01,TransferOwnership,2026-10-02T05:31:54.178528+00:00,2026-10-02T05:31:56.316572+00:00,2138.022,200,True,True,Ownership transferred successfully
722,TX0000722,DRUG000241,2,DIST_01,WH_01,WH_01,TransferOwnership,2026-10-02T05:31:56.316749+00:00,2026-10-02T05:31:58.427738+00:00,2110.974,200,True,True,Ownership transferred successfully
723,TX0000723,DRUG000241,3,WH_01,RET_041,RET_041,TransferOwnership,2026-10-02T05:31:58.427888+00:00,2026-10-02T05:32:00.545263+00:00,2117.362,200,True,True,Ownership transferred successfully
724,TX0000724,DRUG000242,1,MFG_02,DIST_02,DIST_02,TransferOwnership,2026-10-02T05:32:00.545529+00:00,2026-10-02T05:32:02.706163+00:00,2160.611,200,True,True,Ownership transferred successfully
725,TX0000725,DRUG000242,2,DIST_02,WH_02,WH_02,TransferOwnership,2026-10-02T05:32:02.706552+00:00,2026-10-02T05:32:04.838649+00:00,2132.066,200,True,True,Ownership transferred successfully
726,TX0000726,DRUG000242,3,WH_02,RET_042,RET_042,TransferOwnership,2026-10-02T05:32:04.838828+00:00,2026-10-02T05:32:06.988328+00:00,2149.482,200,True,True,Ownership transferred successfully
727,TX0000727,DRUG000243,1,MFG_03,DIST_03,DIST_03,TransferOwnership,2026-10-02T05:32:06.988504+00:00,2026-10-02T05:32:09.159976+00:00,2171.461,200,True,True,Ownership transferred successfully
728,TX0000728,DRUG000243,2,DIST_03,WH_03,WH_03,TransferOwnership,2026-10-02T05:32:09.161082+00:00,2026-10-02T05:32:11.325268+00:00,2148.960,200,True,True,Ownership transferred successfully
729,TX0000729,DRUG000243,3,WH_03,RET_043,RET_043,TransferOwnership,2026-10-02T05:32:11.325557+00:00,2026-10-02T05:32:13.471621+00:00,2146.042,200,True,True,Ownership transferred successfully
730,TX0000730,DRUG000244,1,MFG_04,DIST_04,DIST_04,TransferOwnership,2026-10-02T05:32:13.472131+00:00,2026-10-02T05:32:15.625148+00:00,2152.974,200,True,True,Ownership transferred successfully
731,TX0000731,DRUG000244,2,DIST_04,WH_04,WH_04,TransferOwnership,2026-10-02T05:32:15.625340+00:00,2026-10-02T05:32:17.744714+00:00,2119.358,200,True,True,Ownership transferred successfully
732,TX0000732,DRUG000244,3,WH_04,RET_044,RET_044,TransferOwnership,2026-10-02T05:32:17.744885+00:00,2026-10-02T05:32:19.872579+00:00,2127.677,200,True,True,Ownership transferred successfully
733,TX0000733,DRUG000245,1,MFG_05,DIST_05,DIST_05,TransferOwnership,2026-10-02T05:32:19.872721+00:00,2026-10-02T05:32:22.029640+00:00,2156.907,200,True,True,Ownership transferred successfully
734,TX0000734,DRUG000245,2,DIST_05,WH_05,WH_05,TransferOwnership,2026-10-02T05:32:22.029867+00:00,2026-10-02T05:32:24.180733+00:00,2150.847,200,True,True,Ownership transferred successfully
735,TX0000735,DRUG000245,3,WH_05,RET_045,RET_045,TransferOwnership,2026-10-02T05:32:24.180945+00:00,2026-10-02T05:32:26.326554+00:00,2145.596,200,True,True,Ownership transferred successfully
736,TX0000736,DRUG000246,1,MFG_06,DIST_06,DIST_06,TransferOwnership,2026-10-02T05:32:26.326722+00:00,2026-10-02T05:32:28.476042+00:00,2149.307,200,True,True,Ownership transferred successfully
737,TX0000737,DRUG000246,2,DIST_06,WH_06,WH_06,TransferOwnership,2026-10-02T05:32:28.476178+00:00,2026-10-02T05:32:30.622169+00:00,2145.978,200,True,True,Ownership transferred successfully
738,TX0000738,DRUG000246,3,WH_06,RET_046,RET_046,TransferOwnership,2026-10-02T05:32:30.622442+00:00,2026-10-02T05:32:32.761088+00:00,2138.629,200,True,True,Ownership transferred successfully
739,TX0000739,DRUG000247,1,MFG_07,DIST_07,DIST_07,TransferOwnership,2026-10-02T05:32:32.761295+00:00,2026-10-02T05:32:34.898431+00:00,2137.116,200,True,True,Ownership transferred successfully
740,TX0000740,DRUG000247,2,DIST_07,WH_07,WH_07,TransferOwnership,2026-10-02T05:32:34.898654+00:00,2026-10-02T05:32:37.037197+00:00,2138.521,200,True,True,Ownership transferred successfully
741,TX0000741,DRUG000247,3,WH_07,RET_047,RET_047,TransferOwnership,2026-10-02T05:32:37.037370+00:00,2026-10-02T05:32:39.177626+00:00,2140.240,200,True,True,Ownership transferred successfully
742,TX0000742,DRUG000248,1,MFG_08,DIST_08,DIST_08,TransferOwnership,2026-10-02T05:32:39.177773+00:00,2026-10-02T05:32:41.334961+00:00,2136.882,200,True,True,Ownership transferred successfully
743,TX0000743,DRUG000248,2,DIST_08,WH_08,WH_08,TransferOwnership,2026-10-02T05:32:41.335832+00:00,2026-10-02T05:32:43.468505+00:00,2132.646,200,True,True,Ownership transferred successfully
744,TX0000744,DRUG000248,3,WH_08,RET_048,RET_048,TransferOwnership,2026-10-02T05:32:43.468665+00:00,2026-10-02T05:32:45.613894+00:00,2145.218,200,True,True,Ownership transferred successfully
745,TX0000745,DRUG000249,1,MFG_09,DIST_09,DIST_09,TransferOwnership,2026-10-02T05:32:45.614036+00:00,2026-10-02T05:32:47.751885+00:00,2137.838,200,True,True,Ownership transferred successfully
746,TX0000746,DRUG000249,2,DIST_09,WH_09,WH_09,TransferOwnership,2026-10-02T05:32:47.752055+00:00,2026-10-02T05:32:49.889430+00:00,2137.358,200,True,True,Ownership transferred successfully
747,TX0000747,DRUG000249,3,WH_09,RET_049,RET_049,TransferOwnership,2026-10-02T05:32:49.889661+00:00,2026-10-02T05:32:52.028403+00:00,2138.718,200,True,True,Ownership transferred successfully
748,TX0000748,DRUG000250,1,MFG_10,DIST_10,DIST_10,TransferOwnership,2026-10-02T05:32:52.028988+00:00,2026-10-02T05:32:54.175591+00:00,2146.580,200,True,True,Ownership transferred successfully
749,TX0000749,DRUG000250,2,DIST_10,WH_10,WH_10,TransferOwnership,2026-10-02T05:32:54.175812+00:00,2026-10-02T05:32:56.325912+00:00,2150.080,200,True,True,Ownership transferred successfully
750,TX0000750,DRUG000250,3,WH_10,RET_050,RET_050,TransferOwnership,2026-10-02T05:32:56.326162+00:00,2026-10-02T05:32:58.471652+00:00,2145.477,200,True,True,Ownership transferred successfully
751,TX0000751,DRUG000251,1,MFG_01,DIST_11,DIST_11,TransferOwnership,2026-10-02T05:32:58.472541+00:00,2026-10-02T05:33:00.620429+00:00,2147.869,200,True,True,Ownership transferred successfully
752,TX0000752,DRUG000251,2,DIST_11,WH_11,WH_11,TransferOwnership,2026-10-02T05:33:00.620655+00:00,2026-10-02T05:33:02.762188+00:00,2141.517,200,True,True,Ownership transferred successfully
753,TX0000753,DRUG000251,3,WH_11,RET_001,RET_001,TransferOwnership,2026-10-02T05:33:02.762365+00:00,2026-10-02T05:33:04.891107+00:00,2128.722,200,True,True,Ownership transferred successfully
754,TX0000754,DRUG000252,1,MFG_02,DIST_12,DIST_12,TransferOwnership,2026-10-02T05:33:04.891503+00:00,2026-10-02T05:33:07.030621+00:00,2139.088,200,True,True,Ownership transferred successfully
755,TX0000755,DRUG000252,2,DIST_12,WH_12,WH_12,TransferOwnership,2026-10-02T05:33:07.030762+00:00,2026-10-02T05:33:09.178706+00:00,2147.933,200,True,True,Ownership transferred successfully
756,TX0000756,DRUG000252,3,WH_12,RET_002,RET_002,TransferOwnership,2026-10-02T05:33:09.178918+00:00,2026-10-02T05:33:11.365412+00:00,2139.298,200,True,True,Ownership transferred successfully
757,TX0000757,DRUG000253,1,MFG_03,DIST_13,DIST_13,TransferOwnership,2026-10-02T05:33:11.365586+00:00,2026-10-02T05:33:13.512990+00:00,2147.387,200,True,True,Ownership transferred successfully
758,TX0000758,DRUG000253,2,DIST_13,WH_13,WH_13,TransferOwnership,2026-10-02T05:33:13.513221+00:00,2026-10-02T05:33:15.628100+00:00,2114.859,200,True,True,Ownership transferred successfully
759,TX0000759,DRUG000253,3,WH_13,RET_003,RET_003,TransferOwnership,2026-10-02T05:33:15.628290+00:00,2026-10-02T05:33:17.743847+00:00,2115.540,200,True,True,Ownership transferred successfully
760,TX0000760,DRUG000254,1,MFG_04,DIST_14,DIST_14,TransferOwnership,2026-10-02T05:33:17.744025+00:00,2026-10-02T05:33:19.888511+00:00,2144.455,200,True,True,Ownership transferred successfully
761,TX0000761,DRUG000254,2,DIST_14,WH_14,WH_14,TransferOwnership,2026-10-02T05:33:19.888732+00:00,2026-10-02T05:33:22.025990+00:00,2137.235,200,True,True,Ownership transferred successfully
762,TX0000762,DRUG000254,3,WH_14,RET_004,RET_004,TransferOwnership,2026-10-02T05:33:22.026125+00:00,2026-10-02T05:33:24.166340+00:00,2140.201,200,True,True,Ownership transferred successfully
763,TX0000763,DRUG000255,1,MFG_05,DIST_15,DIST_15,TransferOwnership,2026-10-02T05:33:24.166561+00:00,2026-10-02T05:33:26.298308+00:00,2131.728,200,True,True,Ownership transferred successfully
764,TX0000764,DRUG000255,2,DIST_15,WH_15,WH_15,TransferOwnership,2026-10-02T05:33:26.299021+00:00,2026-10-02T05:33:28.431373+00:00,2132.325,200,True,True,Ownership transferred successfully
765,TX0000765,DRUG000255,3,WH_15,RET_005,RET_005,TransferOwnership,2026-10-02T05:33:28.431842+00:00,2026-10-02T05:33:30.542839+00:00,2110.969,200,True,True,Ownership transferred successfully
766,TX0000766,DRUG000256,1,MFG_06,DIST_01,DIST_01,TransferOwnership,2026-10-02T05:33:30.543095+00:00,2026-10-02T05:33:32.730053+00:00,2186.939,200,True,True,Ownership transferred successfully
767,TX0000767,DRUG000256,2,DIST_01,WH_16,WH_16,TransferOwnership,2026-10-02T05:33:32.730209+00:00,2026-10-02T05:33:34.886841+00:00,2156.620,200,True,True,Ownership transferred successfully
768,TX0000768,DRUG000256,3,WH_16,RET_006,RET_006,TransferOwnership,2026-10-02T05:33:34.887025+00:00,2026-10-02T05:33:37.047930+00:00,2160.890,200,True,True,Ownership transferred successfully
769,TX0000769,DRUG000257,1,MFG_07,DIST_02,DIST_02,TransferOwnership,2026-10-02T05:33:37.048104+00:00,2026-10-02T05:33:39.207529+00:00,2159.410,200,True,True,Ownership transferred successfully
770,TX0000770,DRUG000257,2,DIST_02,WH_17,WH_17,TransferOwnership,2026-10-02T05:33:39.207706+00:00,2026-10-02T05:33:41.373046+00:00,2144.429,200,True,True,Ownership transferred successfully
771,TX0000771,DRUG000257,3,WH_17,RET_007,RET_007,TransferOwnership,2026-10-02T05:33:41.373232+00:00,2026-10-02T05:33:43.500580+00:00,2127.332,200,True,True,Ownership transferred successfully
772,TX0000772,DRUG000258,1,MFG_08,DIST_03,DIST_03,TransferOwnership,2026-10-02T05:33:43.500768+00:00,2026-10-02T05:33:45.659300+00:00,2158.514,200,True,True,Ownership transferred successfully
773,TX0000773,DRUG000258,2,DIST_03,WH_18,WH_18,TransferOwnership,2026-10-02T05:33:45.659553+00:00,2026-10-02T05:33:47.782676+00:00,2123.100,200,True,True,Ownership transferred successfully
774,TX0000774,DRUG000258,3,WH_18,RET_008,RET_008,TransferOwnership,2026-10-02T05:33:47.782832+00:00,2026-10-02T05:33:49.911862+00:00,2129.015,200,True,True,Ownership transferred successfully
775,TX0000775,DRUG000259,1,MFG_09,DIST_04,DIST_04,TransferOwnership,2026-10-02T05:33:49.912053+00:00,2026-10-02T05:33:52.068296+00:00,2156.224,200,True,True,Ownership transferred successfully
776,TX0000776,DRUG000259,2,DIST_04,WH_19,WH_19,TransferOwnership,2026-10-02T05:33:52.068537+00:00,2026-10-02T05:33:54.214234+00:00,2145.686,200,True,True,Ownership transferred successfully
777,TX0000777,DRUG000259,3,WH_19,RET_009,RET_009,TransferOwnership,2026-10-02T05:33:54.214495+00:00,2026-10-02T05:33:56.365671+00:00,2151.136,200,True,True,Ownership transferred successfully
778,TX0000778,DRUG000260,1,MFG_10,DIST_05,DIST_05,TransferOwnership,2026-10-02T05:33:56.365855+00:00,2026-10-02T05:33:58.502727+00:00,2136.858,200,True,True,Ownership transferred successfully
779,TX0000779,DRUG000260,2,DIST_05,WH_20,WH_20,TransferOwnership,2026-10-02T05:33:58.502910+00:00,2026-10-02T05:34:00.629626+00:00,2126.697,200,True,True,Ownership transferred successfully
780,TX0000780,DRUG000260,3,WH_20,RET_010,RET_010,TransferOwnership,2026-10-02T05:34:00.629870+00:00,2026-10-02T05:34:02.765101+00:00,2135.203,200,True,True,Ownership transferred successfully
781,TX0000781,DRUG000261,1,MFG_01,DIST_06,DIST_06,TransferOwnership,2026-10-02T05:34:02.765368+00:00,2026-10-02T05:34:04.912865+00:00,2147.479,200,True,True,Ownership transferred successfully
782,TX0000782,DRUG000261,2,DIST_06,WH_01,WH_01,TransferOwnership,2026-10-02T05:34:04.913030+00:00,2026-10-02T05:34:07.026856+00:00,2113.812,200,True,True,Ownership transferred successfully
783,TX0000783,DRUG000261,3,WH_01,RET_011,RET_011,TransferOwnership,2026-10-02T05:34:07.027016+00:00,2026-10-02T05:34:09.160794+00:00,2133.763,200,True,True,Ownership transferred successfully
784,TX0000784,DRUG000262,1,MFG_02,DIST_07,DIST_07,TransferOwnership,2026-10-02T05:34:09.161187+00:00,2026-10-02T05:34:11.361042+00:00,2141.560,200,True,True,Ownership transferred successfully
785,TX0000785,DRUG000262,2,DIST_07,WH_02,WH_02,TransferOwnership,2026-10-02T05:34:11.361232+00:00,2026-10-02T05:34:13.508251+00:00,2147.000,200,True,True,Ownership transferred successfully
786,TX0000786,DRUG000262,3,WH_02,RET_012,RET_012,TransferOwnership,2026-10-02T05:34:13.508493+00:00,2026-10-02T05:34:15.655116+00:00,2146.601,200,True,True,Ownership transferred successfully
787,TX0000787,DRUG000263,1,MFG_03,DIST_08,DIST_08,TransferOwnership,2026-10-02T05:34:15.655292+00:00,2026-10-02T05:34:17.788429+00:00,2133.122,200,True,True,Ownership transferred successfully
788,TX0000788,DRUG000263,2,DIST_08,WH_03,WH_03,TransferOwnership,2026-10-02T05:34:17.788751+00:00,2026-10-02T05:34:19.913164+00:00,2124.385,200,True,True,Ownership transferred successfully
789,TX0000789,DRUG000263,3,WH_03,RET_013,RET_013,TransferOwnership,2026-10-02T05:34:19.913386+00:00,2026-10-02T05:34:22.065000+00:00,2151.593,200,True,True,Ownership transferred successfully
790,TX0000790,DRUG000264,1,MFG_04,DIST_09,DIST_09,TransferOwnership,2026-10-02T05:34:22.065211+00:00,2026-10-02T05:34:24.228441+00:00,2163.214,200,True,True,Ownership transferred successfully
791,TX0000791,DRUG000264,2,DIST_09,WH_04,WH_04,TransferOwnership,2026-10-02T05:34:24.228674+00:00,2026-10-02T05:34:26.367724+00:00,2139.031,200,True,True,Ownership transferred successfully
792,TX0000792,DRUG000264,3,WH_04,RET_014,RET_014,TransferOwnership,2026-10-02T05:34:26.367985+00:00,2026-10-02T05:34:28.507171+00:00,2139.165,200,True,True,Ownership transferred successfully
793,TX0000793,DRUG000265,1,MFG_05,DIST_10,DIST_10,TransferOwnership,2026-10-02T05:34:28.507317+00:00,2026-10-02T05:34:30.648026+00:00,2140.698,200,True,True,Ownership transferred successfully
794,TX0000794,DRUG000265,2,DIST_10,WH_05,WH_05,TransferOwnership,2026-10-02T05:34:30.648211+00:00,2026-10-02T05:34:32.764377+00:00,2116.151,200,True,True,Ownership transferred successfully
795,TX0000795,DRUG000265,3,WH_05,RET_015,RET_015,TransferOwnership,2026-10-02T05:34:32.764578+00:00,2026-10-02T05:34:34.893573+00:00,2128.971,200,True,True,Ownership transferred successfully
796,TX0000796,DRUG000266,1,MFG_06,DIST_11,DIST_11,TransferOwnership,2026-10-02T05:34:34.893823+00:00,2026-10-02T05:34:37.033805+00:00,2139.960,200,True,True,Ownership transferred successfully
797,TX0000797,DRUG000266,2,DIST_11,WH_06,WH_06,TransferOwnership,2026-10-02T05:34:37.034022+00:00,2026-10-02T05:34:39.186204+00:00,2152.160,200,True,True,Ownership transferred successfully
798,TX0000798,DRUG000266,3,WH_06,RET_016,RET_016,TransferOwnership,2026-10-02T05:34:39.186454+00:00,2026-10-02T05:34:41.363486+00:00,2145.732,200,True,True,Ownership transferred successfully
799,TX0000799,DRUG000267,1,MFG_07,DIST_12,DIST_12,TransferOwnership,2026-10-02T05:34:41.363735+00:00,2026-10-02T05:34:43.518141+00:00,2154.394,200,True,True,Ownership transferred successfully
800,TX0000800,DRUG000267,2,DIST_12,WH_07,WH_07,TransferOwnership,2026-10-02T05:34:43.518513+00:00,2026-10-02T05:34:45.648786+00:00,2130.246,200,True,True,Ownership transferred successfully
801,TX0000801,DRUG000267,3,WH_07,RET_017,RET_017,TransferOwnership,2026-10-02T05:34:45.648970+00:00,2026-10-02T05:34:47.775506+00:00,2126.518,200,True,True,Ownership transferred successfully
802,TX0000802,DRUG000268,1,MFG_08,DIST_13,DIST_13,TransferOwnership,2026-10-02T05:34:47.775718+00:00,2026-10-02T05:34:49.895486+00:00,2119.750,200,True,True,Ownership transferred successfully
803,TX0000803,DRUG000268,2,DIST_13,WH_08,WH_08,TransferOwnership,2026-10-02T05:34:49.896086+00:00,2026-10-02T05:34:52.039396+00:00,2143.263,200,True,True,Ownership transferred successfully
804,TX0000804,DRUG000268,3,WH_08,RET_018,RET_018,TransferOwnership,2026-10-02T05:34:52.039595+00:00,2026-10-02T05:34:54.182595+00:00,2142.987,200,True,True,Ownership transferred successfully
805,TX0000805,DRUG000269,1,MFG_09,DIST_14,DIST_14,TransferOwnership,2026-10-02T05:34:54.182790+00:00,2026-10-02T05:34:56.309104+00:00,2126.295,200,True,True,Ownership transferred successfully
806,TX0000806,DRUG000269,2,DIST_14,WH_09,WH_09,TransferOwnership,2026-10-02T05:34:56.309270+00:00,2026-10-02T05:34:58.444215+00:00,2134.927,200,True,True,Ownership transferred successfully
807,TX0000807,DRUG000269,3,WH_09,RET_019,RET_019,TransferOwnership,2026-10-02T05:34:58.444451+00:00,2026-10-02T05:35:00.587793+00:00,2143.330,200,True,True,Ownership transferred successfully
808,TX0000808,DRUG000270,1,MFG_10,DIST_15,DIST_15,TransferOwnership,2026-10-02T05:35:00.587985+00:00,2026-10-02T05:35:02.733782+00:00,2145.780,200,True,True,Ownership transferred successfully
809,TX0000809,DRUG000270,2,DIST_15,WH_10,WH_10,TransferOwnership,2026-10-02T05:35:02.733969+00:00,2026-10-02T05:35:04.866920+00:00,2132.933,200,True,True,Ownership transferred successfully
810,TX0000810,DRUG000270,3,WH_10,RET_020,RET_020,TransferOwnership,2026-10-02T05:35:04.867167+00:00,2026-10-02T05:35:07.022749+00:00,2155.564,200,True,True,Ownership transferred successfully
811,TX0000811,DRUG000271,1,MFG_01,DIST_01,DIST_01,TransferOwnership,2026-10-02T05:35:07.022917+00:00,2026-10-02T05:35:09.163815+00:00,2140.879,200,True,True,Ownership transferred successfully
812,TX0000812,DRUG000271,2,DIST_01,WH_11,WH_11,TransferOwnership,2026-10-02T05:35:09.164361+00:00,2026-10-02T05:35:11.320329+00:00,2134.586,200,True,True,Ownership transferred successfully
813,TX0000813,DRUG000271,3,WH_11,RET_021,RET_021,TransferOwnership,2026-10-02T05:35:11.320569+00:00,2026-10-02T05:35:13.469595+00:00,2149.005,200,True,True,Ownership transferred successfully
814,TX0000814,DRUG000272,1,MFG_02,DIST_02,DIST_02,TransferOwnership,2026-10-02T05:35:13.469762+00:00,2026-10-02T05:35:15.612064+00:00,2142.290,200,True,True,Ownership transferred successfully
815,TX0000815,DRUG000272,2,DIST_02,WH_12,WH_12,TransferOwnership,2026-10-02T05:35:15.612238+00:00,2026-10-02T05:35:17.724679+00:00,2112.422,200,True,True,Ownership transferred successfully
816,TX0000816,DRUG000272,3,WH_12,RET_022,RET_022,TransferOwnership,2026-10-02T05:35:17.724909+00:00,2026-10-02T05:35:19.825940+00:00,2101.017,200,True,True,Ownership transferred successfully
817,TX0000817,DRUG000273,1,MFG_03,DIST_03,DIST_03,TransferOwnership,2026-10-02T05:35:19.826288+00:00,2026-10-02T05:35:21.962858+00:00,2136.536,200,True,True,Ownership transferred successfully
818,TX0000818,DRUG000273,2,DIST_03,WH_13,WH_13,TransferOwnership,2026-10-02T05:35:21.963016+00:00,2026-10-02T05:35:24.100292+00:00,2137.263,200,True,True,Ownership transferred successfully
819,TX0000819,DRUG000273,3,WH_13,RET_023,RET_023,TransferOwnership,2026-10-02T05:35:24.100570+00:00,2026-10-02T05:35:26.229273+00:00,2128.678,200,True,True,Ownership transferred successfully
820,TX0000820,DRUG000274,1,MFG_04,DIST_04,DIST_04,TransferOwnership,2026-10-02T05:35:26.229473+00:00,2026-10-02T05:35:28.372895+00:00,2143.398,200,True,True,Ownership transferred successfully
821,TX0000821,DRUG000274,2,DIST_04,WH_14,WH_14,TransferOwnership,2026-10-02T05:35:28.373197+00:00,2026-10-02T05:35:30.506087+00:00,2132.872,200,True,True,Ownership transferred successfully
822,TX0000822,DRUG000274,3,WH_14,RET_024,RET_024,TransferOwnership,2026-10-02T05:35:30.506275+00:00,2026-10-02T05:35:32.648337+00:00,2142.039,200,True,True,Ownership transferred successfully
823,TX0000823,DRUG000275,1,MFG_05,DIST_05,DIST_05,TransferOwnership,2026-10-02T05:35:32.649205+00:00,2026-10-02T05:35:34.786215+00:00,2136.985,200,True,True,Ownership transferred successfully
824,TX0000824,DRUG000275,2,DIST_05,WH_15,WH_15,TransferOwnership,2026-10-02T05:35:34.786377+00:00,2026-10-02T05:35:36.927889+00:00,2141.493,200,True,True,Ownership transferred successfully
825,TX0000825,DRUG000275,3,WH_15,RET_025,RET_025,TransferOwnership,2026-10-02T05:35:36.928153+00:00,2026-10-02T05:35:39.065968+00:00,2137.793,200,True,True,Ownership transferred successfully
826,TX0000826,DRUG000276,1,MFG_06,DIST_06,DIST_06,TransferOwnership,2026-10-02T05:35:39.066118+00:00,2026-10-02T05:35:41.246589+00:00,2128.209,200,True,True,Ownership transferred successfully
827,TX0000827,DRUG000276,2,DIST_06,WH_16,WH_16,TransferOwnership,2026-10-02T05:35:41.246763+00:00,2026-10-02T05:35:43.377225+00:00,2130.441,200,True,True,Ownership transferred successfully
828,TX0000828,DRUG000276,3,WH_16,RET_026,RET_026,TransferOwnership,2026-10-02T05:35:43.377384+00:00,2026-10-02T05:35:45.510544+00:00,2133.148,200,True,True,Ownership transferred successfully
829,TX0000829,DRUG000277,1,MFG_07,DIST_07,DIST_07,TransferOwnership,2026-10-02T05:35:45.510858+00:00,2026-10-02T05:35:47.638572+00:00,2127.694,200,True,True,Ownership transferred successfully
830,TX0000830,DRUG000277,2,DIST_07,WH_17,WH_17,TransferOwnership,2026-10-02T05:35:47.638761+00:00,2026-10-02T05:35:49.756869+00:00,2118.090,200,True,True,Ownership transferred successfully
831,TX0000831,DRUG000277,3,WH_17,RET_027,RET_027,TransferOwnership,2026-10-02T05:35:49.757086+00:00,2026-10-02T05:35:51.883399+00:00,2126.293,200,True,True,Ownership transferred successfully
832,TX0000832,DRUG000278,1,MFG_08,DIST_08,DIST_08,TransferOwnership,2026-10-02T05:35:51.883570+00:00,2026-10-02T05:35:54.023224+00:00,2139.635,200,True,True,Ownership transferred successfully
833,TX0000833,DRUG000278,2,DIST_08,WH_18,WH_18,TransferOwnership,2026-10-02T05:35:54.023449+00:00,2026-10-02T05:35:56.120586+00:00,2097.119,200,True,True,Ownership transferred successfully
834,TX0000834,DRUG000278,3,WH_18,RET_028,RET_028,TransferOwnership,2026-10-02T05:35:56.120744+00:00,2026-10-02T05:35:58.269911+00:00,2149.150,200,True,True,Ownership transferred successfully
835,TX0000835,DRUG000279,1,MFG_09,DIST_09,DIST_09,TransferOwnership,2026-10-02T05:35:58.270754+00:00,2026-10-02T05:36:00.425366+00:00,2154.580,200,True,True,Ownership transferred successfully
836,TX0000836,DRUG000279,2,DIST_09,WH_19,WH_19,TransferOwnership,2026-10-02T05:36:00.425577+00:00,2026-10-02T05:36:02.560107+00:00,2134.508,200,True,True,Ownership transferred successfully
837,TX0000837,DRUG000279,3,WH_19,RET_029,RET_029,TransferOwnership,2026-10-02T05:36:02.560317+00:00,2026-10-02T05:36:04.697707+00:00,2137.360,200,True,True,Ownership transferred successfully
838,TX0000838,DRUG000280,1,MFG_10,DIST_10,DIST_10,TransferOwnership,2026-10-02T05:36:04.697973+00:00,2026-10-02T05:36:06.842889+00:00,2144.895,200,True,True,Ownership transferred successfully
839,TX0000839,DRUG000280,2,DIST_10,WH_20,WH_20,TransferOwnership,2026-10-02T05:36:06.843083+00:00,2026-10-02T05:36:08.975794+00:00,2132.693,200,True,True,Ownership transferred successfully
840,TX0000840,DRUG000280,3,WH_20,RET_030,RET_030,TransferOwnership,2026-10-02T05:36:08.976126+00:00,2026-10-02T05:36:11.135171+00:00,2141.138,200,True,True,Ownership transferred successfully
841,TX0000841,DRUG000281,1,MFG_01,DIST_11,DIST_11,TransferOwnership,2026-10-02T05:36:11.136289+00:00,2026-10-02T05:36:13.261164+00:00,2124.852,200,True,True,Ownership transferred successfully
842,TX0000842,DRUG000281,2,DIST_11,WH_01,WH_01,TransferOwnership,2026-10-02T05:36:13.261635+00:00,2026-10-02T05:36:15.385399+00:00,2123.724,200,True,True,Ownership transferred successfully
843,TX0000843,DRUG000281,3,WH_01,RET_031,RET_031,TransferOwnership,2026-10-02T05:36:15.385656+00:00,2026-10-02T05:36:17.507153+00:00,2121.476,200,True,True,Ownership transferred successfully
844,TX0000844,DRUG000282,1,MFG_02,DIST_12,DIST_12,TransferOwnership,2026-10-02T05:36:17.507312+00:00,2026-10-02T05:36:19.648500+00:00,2141.174,200,True,True,Ownership transferred successfully
845,TX0000845,DRUG000282,2,DIST_12,WH_02,WH_02,TransferOwnership,2026-10-02T05:36:19.648690+00:00,2026-10-02T05:36:21.793442+00:00,2144.732,200,True,True,Ownership transferred successfully
846,TX0000846,DRUG000282,3,WH_02,RET_032,RET_032,TransferOwnership,2026-10-02T05:36:21.793687+00:00,2026-10-02T05:36:23.937244+00:00,2143.534,200,True,True,Ownership transferred successfully
847,TX0000847,DRUG000283,1,MFG_03,DIST_13,DIST_13,TransferOwnership,2026-10-02T05:36:23.937547+00:00,2026-10-02T05:36:26.087039+00:00,2149.458,200,True,True,Ownership transferred successfully
848,TX0000848,DRUG000283,2,DIST_13,WH_03,WH_03,TransferOwnership,2026-10-02T05:36:26.087315+00:00,2026-10-02T05:36:28.223656+00:00,2136.316,200,True,True,Ownership transferred successfully
849,TX0000849,DRUG000283,3,WH_03,RET_033,RET_033,TransferOwnership,2026-10-02T05:36:28.223863+00:00,2026-10-02T05:36:30.349136+00:00,2125.251,200,True,True,Ownership transferred successfully
850,TX0000850,DRUG000284,1,MFG_04,DIST_14,DIST_14,TransferOwnership,2026-10-02T05:36:30.349299+00:00,2026-10-02T05:36:32.475205+00:00,2125.888,200,True,True,Ownership transferred successfully
851,TX0000851,DRUG000284,2,DIST_14,WH_04,WH_04,TransferOwnership,2026-10-02T05:36:32.475378+00:00,2026-10-02T05:36:34.616369+00:00,2140.975,200,True,True,Ownership transferred successfully
852,TX0000852,DRUG000284,3,WH_04,RET_034,RET_034,TransferOwnership,2026-10-02T05:36:34.616552+00:00,2026-10-02T05:36:36.750209+00:00,2133.646,200,True,True,Ownership transferred successfully
853,TX0000853,DRUG000285,1,MFG_05,DIST_15,DIST_15,TransferOwnership,2026-10-02T05:36:36.750393+00:00,2026-10-02T05:36:38.890968+00:00,2140.561,200,True,True,Ownership transferred successfully
854,TX0000854,DRUG000285,2,DIST_15,WH_05,WH_05,TransferOwnership,2026-10-02T05:36:38.891166+00:00,2026-10-02T05:36:41.061727+00:00,2137.826,200,True,True,Ownership transferred successfully
855,TX0000855,DRUG000285,3,WH_05,RET_035,RET_035,TransferOwnership,2026-10-02T05:36:41.062001+00:00,2026-10-02T05:36:43.194845+00:00,2132.819,200,True,True,Ownership transferred successfully
856,TX0000856,DRUG000286,1,MFG_06,DIST_01,DIST_01,TransferOwnership,2026-10-02T05:36:43.195090+00:00,2026-10-02T05:36:45.314175+00:00,2119.068,200,True,True,Ownership transferred successfully
857,TX0000857,DRUG000286,2,DIST_01,WH_06,WH_06,TransferOwnership,2026-10-02T05:36:45.314376+00:00,2026-10-02T05:36:47.419190+00:00,2104.796,200,True,True,Ownership transferred successfully
858,TX0000858,DRUG000286,3,WH_06,RET_036,RET_036,TransferOwnership,2026-10-02T05:36:47.419581+00:00,2026-10-02T05:36:49.567206+00:00,2147.594,200,True,True,Ownership transferred successfully
859,TX0000859,DRUG000287,1,MFG_07,DIST_02,DIST_02,TransferOwnership,2026-10-02T05:36:49.567454+00:00,2026-10-02T05:36:51.719678+00:00,2152.202,200,True,True,Ownership transferred successfully
860,TX0000860,DRUG000287,2,DIST_02,WH_07,WH_07,TransferOwnership,2026-10-02T05:36:51.719866+00:00,2026-10-02T05:36:53.861867+00:00,2141.988,200,True,True,Ownership transferred successfully
861,TX0000861,DRUG000287,3,WH_07,RET_037,RET_037,TransferOwnership,2026-10-02T05:36:53.862098+00:00,2026-10-02T05:36:56.005862+00:00,2143.746,200,True,True,Ownership transferred successfully
862,TX0000862,DRUG000288,1,MFG_08,DIST_03,DIST_03,TransferOwnership,2026-10-02T05:36:56.006243+00:00,2026-10-02T05:36:58.152781+00:00,2146.511,200,True,True,Ownership transferred successfully
863,TX0000863,DRUG000288,2,DIST_03,WH_08,WH_08,TransferOwnership,2026-10-02T05:36:58.152959+00:00,2026-10-02T05:37:00.296293+00:00,2143.315,200,True,True,Ownership transferred successfully
864,TX0000864,DRUG000288,3,WH_08,RET_038,RET_038,TransferOwnership,2026-10-02T05:37:00.296498+00:00,2026-10-02T05:37:02.429462+00:00,2132.944,200,True,True,Ownership transferred successfully
865,TX0000865,DRUG000289,1,MFG_09,DIST_04,DIST_04,TransferOwnership,2026-10-02T05:37:02.429644+00:00,2026-10-02T05:37:04.576987+00:00,2147.325,200,True,True,Ownership transferred successfully
866,TX0000866,DRUG000289,2,DIST_04,WH_09,WH_09,TransferOwnership,2026-10-02T05:37:04.577190+00:00,2026-10-02T05:37:06.719109+00:00,2141.899,200,True,True,Ownership transferred successfully
867,TX0000867,DRUG000289,3,WH_09,RET_039,RET_039,TransferOwnership,2026-10-02T05:37:06.719317+00:00,2026-10-02T05:37:08.865070+00:00,2145.734,200,True,True,Ownership transferred successfully
868,TX0000868,DRUG000290,1,MFG_10,DIST_05,DIST_05,TransferOwnership,2026-10-02T05:37:08.865282+00:00,2026-10-02T05:37:11.063535+00:00,2147.840,200,True,True,Ownership transferred successfully
869,TX0000869,DRUG000290,2,DIST_05,WH_10,WH_10,TransferOwnership,2026-10-02T05:37:11.063749+00:00,2026-10-02T05:37:13.202875+00:00,2139.105,200,True,True,Ownership transferred successfully
870,TX0000870,DRUG000290,3,WH_10,RET_040,RET_040,TransferOwnership,2026-10-02T05:37:13.203232+00:00,2026-10-02T05:37:15.325652+00:00,2122.392,200,True,True,Ownership transferred successfully
871,TX0000871,DRUG000291,1,MFG_01,DIST_06,DIST_06,TransferOwnership,2026-10-02T05:37:15.325843+00:00,2026-10-02T05:37:17.444394+00:00,2118.528,200,True,True,Ownership transferred successfully
872,TX0000872,DRUG000291,2,DIST_06,WH_11,WH_11,TransferOwnership,2026-10-02T05:37:17.444620+00:00,2026-10-02T05:37:19.583131+00:00,2138.495,200,True,True,Ownership transferred successfully
873,TX0000873,DRUG000291,3,WH_11,RET_041,RET_041,TransferOwnership,2026-10-02T05:37:19.583280+00:00,2026-10-02T05:37:21.716332+00:00,2133.041,200,True,True,Ownership transferred successfully
874,TX0000874,DRUG000292,1,MFG_02,DIST_07,DIST_07,TransferOwnership,2026-10-02T05:37:21.716539+00:00,2026-10-02T05:37:23.881000+00:00,2164.446,200,True,True,Ownership transferred successfully
875,TX0000875,DRUG000292,2,DIST_07,WH_12,WH_12,TransferOwnership,2026-10-02T05:37:23.881192+00:00,2026-10-02T05:37:26.059311+00:00,2178.103,200,True,True,Ownership transferred successfully
876,TX0000876,DRUG000292,3,WH_12,RET_042,RET_042,TransferOwnership,2026-10-02T05:37:26.059435+00:00,2026-10-02T05:37:28.195293+00:00,2135.843,200,True,True,Ownership transferred successfully
877,TX0000877,DRUG000293,1,MFG_03,DIST_08,DIST_08,TransferOwnership,2026-10-02T05:37:28.195484+00:00,2026-10-02T05:37:30.342303+00:00,2146.804,200,True,True,Ownership transferred successfully
878,TX0000878,DRUG000293,2,DIST_08,WH_13,WH_13,TransferOwnership,2026-10-02T05:37:30.342462+00:00,2026-10-02T05:37:32.486977+00:00,2144.497,200,True,True,Ownership transferred successfully
879,TX0000879,DRUG000293,3,WH_13,RET_043,RET_043,TransferOwnership,2026-10-02T05:37:32.487218+00:00,2026-10-02T05:37:34.632600+00:00,2145.363,200,True,True,Ownership transferred successfully
880,TX0000880,DRUG000294,1,MFG_04,DIST_09,DIST_09,TransferOwnership,2026-10-02T05:37:34.632777+00:00,2026-10-02T05:37:36.771994+00:00,2139.196,200,True,True,Ownership transferred successfully
881,TX0000881,DRUG000294,2,DIST_09,WH_14,WH_14,TransferOwnership,2026-10-02T05:37:36.772446+00:00,2026-10-02T05:37:38.900848+00:00,2128.375,200,True,True,Ownership transferred successfully
882,TX0000882,DRUG000294,3,WH_14,RET_044,RET_044,TransferOwnership,2026-10-02T05:37:38.900978+00:00,2026-10-02T05:37:41.048964+00:00,2130.251,200,True,True,Ownership transferred successfully
883,TX0000883,DRUG000295,1,MFG_05,DIST_10,DIST_10,TransferOwnership,2026-10-02T05:37:41.049208+00:00,2026-10-02T05:37:43.181372+00:00,2132.145,200,True,True,Ownership transferred successfully
884,TX0000884,DRUG000295,2,DIST_10,WH_15,WH_15,TransferOwnership,2026-10-02T05:37:43.181517+00:00,2026-10-02T05:37:45.322989+00:00,2141.456,200,True,True,Ownership transferred successfully
885,TX0000885,DRUG000295,3,WH_15,RET_045,RET_045,TransferOwnership,2026-10-02T05:37:45.323249+00:00,2026-10-02T05:37:47.431059+00:00,2107.781,200,True,True,Ownership transferred successfully
886,TX0000886,DRUG000296,1,MFG_06,DIST_11,DIST_11,TransferOwnership,2026-10-02T05:37:47.431267+00:00,2026-10-02T05:37:49.562953+00:00,2131.669,200,True,True,Ownership transferred successfully
887,TX0000887,DRUG000296,2,DIST_11,WH_16,WH_16,TransferOwnership,2026-10-02T05:37:49.563095+00:00,2026-10-02T05:37:51.717234+00:00,2154.126,200,True,True,Ownership transferred successfully
888,TX0000888,DRUG000296,3,WH_16,RET_046,RET_046,TransferOwnership,2026-10-02T05:37:51.717492+00:00,2026-10-02T05:37:53.850364+00:00,2132.847,200,True,True,Ownership transferred successfully
889,TX0000889,DRUG000297,1,MFG_07,DIST_12,DIST_12,TransferOwnership,2026-10-02T05:37:53.850549+00:00,2026-10-02T05:37:55.984417+00:00,2133.857,200,True,True,Ownership transferred successfully
890,TX0000890,DRUG000297,2,DIST_12,WH_17,WH_17,TransferOwnership,2026-10-02T05:37:55.984576+00:00,2026-10-02T05:37:58.110046+00:00,2125.452,200,True,True,Ownership transferred successfully
891,TX0000891,DRUG000297,3,WH_17,RET_047,RET_047,TransferOwnership,2026-10-02T05:37:58.110247+00:00,2026-10-02T05:38:00.252446+00:00,2142.185,200,True,True,Ownership transferred successfully
892,TX0000892,DRUG000298,1,MFG_08,DIST_13,DIST_13,TransferOwnership,2026-10-02T05:38:00.252615+00:00,2026-10-02T05:38:02.377454+00:00,2124.827,200,True,True,Ownership transferred successfully
893,TX0000893,DRUG000298,2,DIST_13,WH_18,WH_18,TransferOwnership,2026-10-02T05:38:02.377967+00:00,2026-10-02T05:38:04.494102+00:00,2116.111,200,True,True,Ownership transferred successfully
894,TX0000894,DRUG000298,3,WH_18,RET_048,RET_048,TransferOwnership,2026-10-02T05:38:04.494294+00:00,2026-10-02T05:38:06.638999+00:00,2144.683,200,True,True,Ownership transferred successfully
895,TX0000895,DRUG000299,1,MFG_09,DIST_14,DIST_14,TransferOwnership,2026-10-02T05:38:06.639217+00:00,2026-10-02T05:38:08.781723+00:00,2142.490,200,True,True,Ownership transferred successfully
896,TX0000896,DRUG000299,2,DIST_14,WH_19,WH_19,TransferOwnership,2026-10-02T05:38:08.781983+00:00,2026-10-02T05:38:10.920224+00:00,2123.733,200,True,True,Ownership transferred successfully
897,TX0000897,DRUG000299,3,WH_19,RET_049,RET_049,TransferOwnership,2026-10-02T05:38:10.920409+00:00,2026-10-02T05:38:13.056458+00:00,2136.032,200,True,True,Ownership transferred successfully
898,TX0000898,DRUG000300,1,MFG_10,DIST_15,DIST_15,TransferOwnership,2026-10-02T05:38:13.056664+00:00,2026-10-02T05:38:15.188735+00:00,2132.053,200,True,True,Ownership transferred successfully
899,TX0000899,DRUG000300,2,DIST_15,WH_20,WH_20,TransferOwnership,2026-10-02T05:38:15.189026+00:00,2026-10-02T05:38:17.325633+00:00,2136.579,200,True,True,Ownership transferred successfully
900,TX0000900,DRUG000300,3,WH_20,RET_050,RET_050,TransferOwnership,2026-10-02T05:38:17.325836+00:00,2026-10-02T05:38:19.469119+00:00,2143.268,200,True,True,Ownership transferred successfully
901,TX0000901,DRUG000301,1,MFG_01,DIST_01,DIST_01,TransferOwnership,2026-10-02T05:38:19.469269+00:00,2026-10-02T05:38:21.615966+00:00,2146.685,200,True,True,Ownership transferred successfully
902,TX0000902,DRUG000301,2,DIST_01,WH_01,WH_01,TransferOwnership,2026-10-02T05:38:21.616191+00:00,2026-10-02T05:38:23.769345+00:00,2153.137,200,True,True,Ownership transferred successfully
903,TX0000903,DRUG000301,3,WH_01,RET_001,RET_001,TransferOwnership,2026-10-02T05:38:23.769518+00:00,2026-10-02T05:38:25.907342+00:00,2137.810,200,True,True,Ownership transferred successfully
904,TX0000904,DRUG000302,1,MFG_02,DIST_02,DIST_02,TransferOwnership,2026-10-02T05:38:25.907590+00:00,2026-10-02T05:38:28.045402+00:00,2137.787,200,True,True,Ownership transferred successfully
905,TX0000905,DRUG000302,2,DIST_02,WH_02,WH_02,TransferOwnership,2026-10-02T05:38:28.046056+00:00,2026-10-02T05:38:30.180393+00:00,2134.301,200,True,True,Ownership transferred successfully
906,TX0000906,DRUG000302,3,WH_02,RET_002,RET_002,TransferOwnership,2026-10-02T05:38:30.180581+00:00,2026-10-02T05:38:32.326347+00:00,2145.750,200,True,True,Ownership transferred successfully
907,TX0000907,DRUG000303,1,MFG_03,DIST_03,DIST_03,TransferOwnership,2026-10-02T05:38:32.326588+00:00,2026-10-02T05:38:34.472733+00:00,2146.125,200,True,True,Ownership transferred successfully
908,TX0000908,DRUG000303,2,DIST_03,WH_03,WH_03,TransferOwnership,2026-10-02T05:38:34.472881+00:00,2026-10-02T05:38:36.608153+00:00,2135.262,200,True,True,Ownership transferred successfully
909,TX0000909,DRUG000303,3,WH_03,RET_003,RET_003,TransferOwnership,2026-10-02T05:38:36.608301+00:00,2026-10-02T05:38:38.753363+00:00,2145.049,200,True,True,Ownership transferred successfully
910,TX0000910,DRUG000304,1,MFG_04,DIST_04,DIST_04,TransferOwnership,2026-10-02T05:38:38.753591+00:00,2026-10-02T05:38:40.955342+00:00,2141.751,200,True,True,Ownership transferred successfully
911,TX0000911,DRUG000304,2,DIST_04,WH_04,WH_04,TransferOwnership,2026-10-02T05:38:40.955506+00:00,2026-10-02T05:38:43.092550+00:00,2137.029,200,True,True,Ownership transferred successfully
912,TX0000912,DRUG000304,3,WH_04,RET_004,RET_004,TransferOwnership,2026-10-02T05:38:43.092694+00:00,2026-10-02T05:38:45.202401+00:00,2109.695,200,True,True,Ownership transferred successfully
913,TX0000913,DRUG000305,1,MFG_05,DIST_05,DIST_05,TransferOwnership,2026-10-02T05:38:45.202615+00:00,2026-10-02T05:38:47.340603+00:00,2137.972,200,True,True,Ownership transferred successfully
914,TX0000914,DRUG000305,2,DIST_05,WH_05,WH_05,TransferOwnership,2026-10-02T05:38:47.340785+00:00,2026-10-02T05:38:49.465087+00:00,2124.285,200,True,True,Ownership transferred successfully
915,TX0000915,DRUG000305,3,WH_05,RET_005,RET_005,TransferOwnership,2026-10-02T05:38:49.465266+00:00,2026-10-02T05:38:51.614494+00:00,2149.217,200,True,True,Ownership transferred successfully
916,TX0000916,DRUG000306,1,MFG_06,DIST_06,DIST_06,TransferOwnership,2026-10-02T05:38:51.614914+00:00,2026-10-02T05:38:53.763757+00:00,2148.807,200,True,True,Ownership transferred successfully
917,TX0000917,DRUG000306,2,DIST_06,WH_06,WH_06,TransferOwnership,2026-10-02T05:38:53.764021+00:00,2026-10-02T05:38:55.907541+00:00,2143.501,200,True,True,Ownership transferred successfully
918,TX0000918,DRUG000306,3,WH_06,RET_006,RET_006,TransferOwnership,2026-10-02T05:38:55.907766+00:00,2026-10-02T05:38:58.036046+00:00,2128.260,200,True,True,Ownership transferred successfully
919,TX0000919,DRUG000307,1,MFG_07,DIST_07,DIST_07,TransferOwnership,2026-10-02T05:38:58.036278+00:00,2026-10-02T05:39:00.151366+00:00,2115.068,200,True,True,Ownership transferred successfully
920,TX0000920,DRUG000307,2,DIST_07,WH_07,WH_07,TransferOwnership,2026-10-02T05:39:00.152218+00:00,2026-10-02T05:39:02.282682+00:00,2130.435,200,True,True,Ownership transferred successfully
921,TX0000921,DRUG000307,3,WH_07,RET_007,RET_007,TransferOwnership,2026-10-02T05:39:02.282841+00:00,2026-10-02T05:39:04.427041+00:00,2144.187,200,True,True,Ownership transferred successfully
922,TX0000922,DRUG000308,1,MFG_08,DIST_08,DIST_08,TransferOwnership,2026-10-02T05:39:04.427238+00:00,2026-10-02T05:39:06.569633+00:00,2142.377,200,True,True,Ownership transferred successfully
923,TX0000923,DRUG000308,2,DIST_08,WH_08,WH_08,TransferOwnership,2026-10-02T05:39:06.569804+00:00,2026-10-02T05:39:08.714402+00:00,2144.586,200,True,True,Ownership transferred successfully
924,TX0000924,DRUG000308,3,WH_08,RET_008,RET_008,TransferOwnership,2026-10-02T05:39:08.714574+00:00,2026-10-02T05:39:10.869857+00:00,2129.887,200,True,True,Ownership transferred successfully
925,TX0000925,DRUG000309,1,MFG_09,DIST_09,DIST_09,TransferOwnership,2026-10-02T05:39:10.870026+00:00,2026-10-02T05:39:13.011684+00:00,2141.641,200,True,True,Ownership transferred successfully
926,TX0000926,DRUG000309,2,DIST_09,WH_09,WH_09,TransferOwnership,2026-10-02T05:39:13.011894+00:00,2026-10-02T05:39:15.147339+00:00,2135.426,200,True,True,Ownership transferred successfully
927,TX0000927,DRUG000309,3,WH_09,RET_009,RET_009,TransferOwnership,2026-10-02T05:39:15.147521+00:00,2026-10-02T05:39:17.284195+00:00,2136.652,200,True,True,Ownership transferred successfully
928,TX0000928,DRUG000310,1,MFG_10,DIST_10,DIST_10,TransferOwnership,2026-10-02T05:39:17.284692+00:00,2026-10-02T05:39:19.430766+00:00,2146.037,200,True,True,Ownership transferred successfully
929,TX0000929,DRUG000310,2,DIST_10,WH_10,WH_10,TransferOwnership,2026-10-02T05:39:19.430913+00:00,2026-10-02T05:39:21.576849+00:00,2145.920,200,True,True,Ownership transferred successfully
930,TX0000930,DRUG000310,3,WH_10,RET_010,RET_010,TransferOwnership,2026-10-02T05:39:21.577083+00:00,2026-10-02T05:39:23.726334+00:00,2149.231,200,True,True,Ownership transferred successfully
931,TX0000931,DRUG000311,1,MFG_01,DIST_11,DIST_11,TransferOwnership,2026-10-02T05:39:23.726579+00:00,2026-10-02T05:39:25.826864+00:00,2100.265,200,True,True,Ownership transferred successfully
932,TX0000932,DRUG000311,2,DIST_11,WH_11,WH_11,TransferOwnership,2026-10-02T05:39:25.827013+00:00,2026-10-02T05:39:27.934461+00:00,2107.437,200,True,True,Ownership transferred successfully
933,TX0000933,DRUG000311,3,WH_11,RET_011,RET_011,TransferOwnership,2026-10-02T05:39:27.934638+00:00,2026-10-02T05:39:30.031996+00:00,2097.343,200,True,True,Ownership transferred successfully
934,TX0000934,DRUG000312,1,MFG_02,DIST_12,DIST_12,TransferOwnership,2026-10-02T05:39:30.032168+00:00,2026-10-02T05:39:32.140836+00:00,2108.645,200,True,True,Ownership transferred successfully
935,TX0000935,DRUG000312,2,DIST_12,WH_12,WH_12,TransferOwnership,2026-10-02T05:39:32.140992+00:00,2026-10-02T05:39:34.288942+00:00,2147.939,200,True,True,Ownership transferred successfully
936,TX0000936,DRUG000312,3,WH_12,RET_012,RET_012,TransferOwnership,2026-10-02T05:39:34.289207+00:00,2026-10-02T05:39:36.411685+00:00,2122.455,200,True,True,Ownership transferred successfully
937,TX0000937,DRUG000313,1,MFG_03,DIST_13,DIST_13,TransferOwnership,2026-10-02T05:39:36.411869+00:00,2026-10-02T05:39:38.524932+00:00,2113.041,200,True,True,Ownership transferred successfully
938,TX0000938,DRUG000313,2,DIST_13,WH_13,WH_13,TransferOwnership,2026-10-02T05:39:38.525149+00:00,2026-10-02T05:39:40.673128+00:00,2134.292,200,True,True,Ownership transferred successfully
939,TX0000939,DRUG000313,3,WH_13,RET_013,RET_013,TransferOwnership,2026-10-02T05:39:40.673578+00:00,2026-10-02T05:39:42.815719+00:00,2142.099,200,True,True,Ownership transferred successfully
940,TX0000940,DRUG000314,1,MFG_04,DIST_14,DIST_14,TransferOwnership,2026-10-02T05:39:42.816128+00:00,2026-10-02T05:39:44.933864+00:00,2117.706,200,True,True,Ownership transferred successfully
941,TX0000941,DRUG000314,2,DIST_14,WH_14,WH_14,TransferOwnership,2026-10-02T05:39:44.934148+00:00,2026-10-02T05:39:47.076852+00:00,2142.678,200,True,True,Ownership transferred successfully
942,TX0000942,DRUG000314,3,WH_14,RET_014,RET_014,TransferOwnership,2026-10-02T05:39:47.077084+00:00,2026-10-02T05:39:49.230386+00:00,2153.287,200,True,True,Ownership transferred successfully
943,TX0000943,DRUG000315,1,MFG_05,DIST_15,DIST_15,TransferOwnership,2026-10-02T05:39:49.230603+00:00,2026-10-02T05:39:51.363118+00:00,2132.495,200,True,True,Ownership transferred successfully
944,TX0000944,DRUG000315,2,DIST_15,WH_15,WH_15,TransferOwnership,2026-10-02T05:39:51.363263+00:00,2026-10-02T05:39:53.499451+00:00,2136.175,200,True,True,Ownership transferred successfully
945,TX0000945,DRUG000315,3,WH_15,RET_015,RET_015,TransferOwnership,2026-10-02T05:39:53.499734+00:00,2026-10-02T05:39:55.644934+00:00,2145.180,200,True,True,Ownership transferred successfully
946,TX0000946,DRUG000316,1,MFG_06,DIST_01,DIST_01,TransferOwnership,2026-10-02T05:39:55.645194+00:00,2026-10-02T05:39:57.794665+00:00,2149.449,200,True,True,Ownership transferred successfully
947,TX0000947,DRUG000316,2,DIST_01,WH_16,WH_16,TransferOwnership,2026-10-02T05:39:57.794920+00:00,2026-10-02T05:39:59.900289+00:00,2105.345,200,True,True,Ownership transferred successfully
948,TX0000948,DRUG000316,3,WH_16,RET_016,RET_016,TransferOwnership,2026-10-02T05:39:59.900516+00:00,2026-10-02T05:40:02.037733+00:00,2137.200,200,True,True,Ownership transferred successfully
949,TX0000949,DRUG000317,1,MFG_07,DIST_02,DIST_02,TransferOwnership,2026-10-02T05:40:02.037916+00:00,2026-10-02T05:40:04.186197+00:00,2148.262,200,True,True,Ownership transferred successfully
950,TX0000950,DRUG000317,2,DIST_02,WH_17,WH_17,TransferOwnership,2026-10-02T05:40:04.186396+00:00,2026-10-02T05:40:06.321351+00:00,2134.936,200,True,True,Ownership transferred successfully
951,TX0000951,DRUG000317,3,WH_17,RET_017,RET_017,TransferOwnership,2026-10-02T05:40:06.322423+00:00,2026-10-02T05:40:08.445537+00:00,2123.085,200,True,True,Ownership transferred successfully
952,TX0000952,DRUG000318,1,MFG_08,DIST_03,DIST_03,TransferOwnership,2026-10-02T05:40:08.445709+00:00,2026-10-02T05:40:10.590215+00:00,2144.491,200,True,True,Ownership transferred successfully
953,TX0000953,DRUG000318,2,DIST_03,WH_18,WH_18,TransferOwnership,2026-10-02T05:40:10.590415+00:00,2026-10-02T05:40:12.742268+00:00,2133.840,200,True,True,Ownership transferred successfully
954,TX0000954,DRUG000318,3,WH_18,RET_018,RET_018,TransferOwnership,2026-10-02T05:40:12.742500+00:00,2026-10-02T05:40:14.869373+00:00,2126.855,200,True,True,Ownership transferred successfully
955,TX0000955,DRUG000319,1,MFG_09,DIST_04,DIST_04,TransferOwnership,2026-10-02T05:40:14.869567+00:00,2026-10-02T05:40:17.018386+00:00,2148.801,200,True,True,Ownership transferred successfully
956,TX0000956,DRUG000319,2,DIST_04,WH_19,WH_19,TransferOwnership,2026-10-02T05:40:17.018578+00:00,2026-10-02T05:40:19.160238+00:00,2141.644,200,True,True,Ownership transferred successfully
957,TX0000957,DRUG000319,3,WH_19,RET_019,RET_019,TransferOwnership,2026-10-02T05:40:19.160421+00:00,2026-10-02T05:40:21.298440+00:00,2138.008,200,True,True,Ownership transferred successfully
958,TX0000958,DRUG000320,1,MFG_10,DIST_05,DIST_05,TransferOwnership,2026-10-02T05:40:21.298623+00:00,2026-10-02T05:40:23.436576+00:00,2137.935,200,True,True,Ownership transferred successfully
959,TX0000959,DRUG000320,2,DIST_05,WH_20,WH_20,TransferOwnership,2026-10-02T05:40:23.437053+00:00,2026-10-02T05:40:25.525395+00:00,2088.315,200,True,True,Ownership transferred successfully
960,TX0000960,DRUG000320,3,WH_20,RET_020,RET_020,TransferOwnership,2026-10-02T05:40:25.525572+00:00,2026-10-02T05:40:27.637280+00:00,2111.687,200,True,True,Ownership transferred successfully
961,TX0000961,DRUG000321,1,MFG_01,DIST_06,DIST_06,TransferOwnership,2026-10-02T05:40:27.637440+00:00,2026-10-02T05:40:29.781458+00:00,2144.007,200,True,True,Ownership transferred successfully
962,TX0000962,DRUG000321,2,DIST_06,WH_01,WH_01,TransferOwnership,2026-10-02T05:40:29.781661+00:00,2026-10-02T05:40:31.924029+00:00,2142.347,200,True,True,Ownership transferred successfully
963,TX0000963,DRUG000321,3,WH_01,RET_021,RET_021,TransferOwnership,2026-10-02T05:40:31.924569+00:00,2026-10-02T05:40:34.069253+00:00,2144.645,200,True,True,Ownership transferred successfully
964,TX0000964,DRUG000322,1,MFG_02,DIST_07,DIST_07,TransferOwnership,2026-10-02T05:40:34.069425+00:00,2026-10-02T05:40:36.233100+00:00,2163.662,200,True,True,Ownership transferred successfully
965,TX0000965,DRUG000322,2,DIST_07,WH_02,WH_02,TransferOwnership,2026-10-02T05:40:36.233276+00:00,2026-10-02T05:40:38.337064+00:00,2103.772,200,True,True,Ownership transferred successfully
966,TX0000966,DRUG000322,3,WH_02,RET_022,RET_022,TransferOwnership,2026-10-02T05:40:38.337295+00:00,2026-10-02T05:40:40.458300+00:00,2120.985,200,True,True,Ownership transferred successfully
967,TX0000967,DRUG000323,1,MFG_03,DIST_08,DIST_08,TransferOwnership,2026-10-02T05:40:40.458443+00:00,2026-10-02T05:40:42.662020+00:00,2153.386,200,True,True,Ownership transferred successfully
968,TX0000968,DRUG000323,2,DIST_08,WH_03,WH_03,TransferOwnership,2026-10-02T05:40:42.662255+00:00,2026-10-02T05:40:44.767520+00:00,2105.239,200,True,True,Ownership transferred successfully
969,TX0000969,DRUG000323,3,WH_03,RET_023,RET_023,TransferOwnership,2026-10-02T05:40:44.767702+00:00,2026-10-02T05:40:46.889939+00:00,2122.222,200,True,True,Ownership transferred successfully
970,TX0000970,DRUG000324,1,MFG_04,DIST_09,DIST_09,TransferOwnership,2026-10-02T05:40:46.890230+00:00,2026-10-02T05:40:49.039235+00:00,2148.984,200,True,True,Ownership transferred successfully
971,TX0000971,DRUG000324,2,DIST_09,WH_04,WH_04,TransferOwnership,2026-10-02T05:40:49.039385+00:00,2026-10-02T05:40:51.173450+00:00,2134.034,200,True,True,Ownership transferred successfully
972,TX0000972,DRUG000324,3,WH_04,RET_024,RET_024,TransferOwnership,2026-10-02T05:40:51.173672+00:00,2026-10-02T05:40:53.308361+00:00,2134.669,200,True,True,Ownership transferred successfully
973,TX0000973,DRUG000325,1,MFG_05,DIST_10,DIST_10,TransferOwnership,2026-10-02T05:40:53.308551+00:00,2026-10-02T05:40:55.469713+00:00,2161.145,200,True,True,Ownership transferred successfully
974,TX0000974,DRUG000325,2,DIST_10,WH_05,WH_05,TransferOwnership,2026-10-02T05:40:55.470694+00:00,2026-10-02T05:40:57.579650+00:00,2108.928,200,True,True,Ownership transferred successfully
975,TX0000975,DRUG000325,3,WH_05,RET_025,RET_025,TransferOwnership,2026-10-02T05:40:57.579832+00:00,2026-10-02T05:40:59.717684+00:00,2137.831,200,True,True,Ownership transferred successfully
976,TX0000976,DRUG000326,1,MFG_06,DIST_11,DIST_11,TransferOwnership,2026-10-02T05:40:59.717932+00:00,2026-10-02T05:41:01.864819+00:00,2146.870,200,True,True,Ownership transferred successfully
977,TX0000977,DRUG000326,2,DIST_11,WH_06,WH_06,TransferOwnership,2026-10-02T05:41:01.865044+00:00,2026-10-02T05:41:04.012401+00:00,2147.343,200,True,True,Ownership transferred successfully
978,TX0000978,DRUG000326,3,WH_06,RET_026,RET_026,TransferOwnership,2026-10-02T05:41:04.012582+00:00,2026-10-02T05:41:06.133230+00:00,2120.632,200,True,True,Ownership transferred successfully
979,TX0000979,DRUG000327,1,MFG_07,DIST_12,DIST_12,TransferOwnership,2026-10-02T05:41:06.133422+00:00,2026-10-02T05:41:08.266611+00:00,2133.178,200,True,True,Ownership transferred successfully
980,TX0000980,DRUG000327,2,DIST_12,WH_07,WH_07,TransferOwnership,2026-10-02T05:41:08.266773+00:00,2026-10-02T05:41:10.405258+00:00,2138.471,200,True,True,Ownership transferred successfully
981,TX0000981,DRUG000327,3,WH_07,RET_027,RET_027,TransferOwnership,2026-10-02T05:41:10.405512+00:00,2026-10-02T05:41:12.566472+00:00,2143.097,200,True,True,Ownership transferred successfully
982,TX0000982,DRUG000328,1,MFG_08,DIST_13,DIST_13,TransferOwnership,2026-10-02T05:41:12.566635+00:00,2026-10-02T05:41:14.679701+00:00,2113.053,200,True,True,Ownership transferred successfully
983,TX0000983,DRUG000328,2,DIST_13,WH_08,WH_08,TransferOwnership,2026-10-02T05:41:14.679880+00:00,2026-10-02T05:41:16.796936+00:00,2117.043,200,True,True,Ownership transferred successfully
984,TX0000984,DRUG000328,3,WH_08,RET_028,RET_028,TransferOwnership,2026-10-02T05:41:16.797105+00:00,2026-10-02T05:41:18.932810+00:00,2135.693,200,True,True,Ownership transferred successfully
985,TX0000985,DRUG000329,1,MFG_09,DIST_14,DIST_14,TransferOwnership,2026-10-02T05:41:18.932951+00:00,2026-10-02T05:41:21.071593+00:00,2138.629,200,True,True,Ownership transferred successfully
986,TX0000986,DRUG000329,2,DIST_14,WH_09,WH_09,TransferOwnership,2026-10-02T05:41:21.072733+00:00,2026-10-02T05:41:23.198907+00:00,2126.148,200,True,True,Ownership transferred successfully
987,TX0000987,DRUG000329,3,WH_09,RET_029,RET_029,TransferOwnership,2026-10-02T05:41:23.199049+00:00,2026-10-02T05:41:25.304891+00:00,2105.826,200,True,True,Ownership transferred successfully
988,TX0000988,DRUG000330,1,MFG_10,DIST_15,DIST_15,TransferOwnership,2026-10-02T05:41:25.305079+00:00,2026-10-02T05:41:27.475979+00:00,2170.885,200,True,True,Ownership transferred successfully
989,TX0000989,DRUG000330,2,DIST_15,WH_10,WH_10,TransferOwnership,2026-10-02T05:41:27.476156+00:00,2026-10-02T05:41:29.639206+00:00,2163.035,200,True,True,Ownership transferred successfully
990,TX0000990,DRUG000330,3,WH_10,RET_030,RET_030,TransferOwnership,2026-10-02T05:41:29.639466+00:00,2026-10-02T05:41:31.782349+00:00,2142.857,200,True,True,Ownership transferred successfully
991,TX0000991,DRUG000331,1,MFG_01,DIST_01,DIST_01,TransferOwnership,2026-10-02T05:41:31.782589+00:00,2026-10-02T05:41:33.942328+00:00,2159.718,200,True,True,Ownership transferred successfully
992,TX0000992,DRUG000331,2,DIST_01,WH_11,WH_11,TransferOwnership,2026-10-02T05:41:33.942575+00:00,2026-10-02T05:41:36.090925+00:00,2148.327,200,True,True,Ownership transferred successfully
993,TX0000993,DRUG000331,3,WH_11,RET_031,RET_031,TransferOwnership,2026-10-02T05:41:36.091154+00:00,2026-10-02T05:41:38.232536+00:00,2141.366,200,True,True,Ownership transferred successfully
994,TX0000994,DRUG000332,1,MFG_02,DIST_02,DIST_02,TransferOwnership,2026-10-02T05:41:38.232755+00:00,2026-10-02T05:41:40.379232+00:00,2146.458,200,True,True,Ownership transferred successfully
995,TX0000995,DRUG000332,2,DIST_02,WH_12,WH_12,TransferOwnership,2026-10-02T05:41:40.379375+00:00,2026-10-02T05:41:42.578433+00:00,2138.772,200,True,True,Ownership transferred successfully
996,TX0000996,DRUG000332,3,WH_12,RET_032,RET_032,TransferOwnership,2026-10-02T05:41:42.578635+00:00,2026-10-02T05:41:44.719238+00:00,2140.582,200,True,True,Ownership transferred successfully
997,TX0000997,DRUG000333,1,MFG_03,DIST_03,DIST_03,TransferOwnership,2026-10-02T05:41:44.719550+00:00,2026-10-02T05:41:46.867124+00:00,2147.547,200,True,True,Ownership transferred successfully
998,TX0000998,DRUG000333,2,DIST_03,WH_13,WH_13,TransferOwnership,2026-10-02T05:41:46.867635+00:00,2026-10-02T05:41:49.011117+00:00,2143.438,200,True,True,Ownership transferred successfully
999,TX0000999,DRUG000333,3,WH_13,RET_033,RET_033,TransferOwnership,2026-10-02T05:41:49.011268+00:00,2026-10-02T05:41:51.118323+00:00,2107.043,200,True,True,Ownership transferred successfully
1000,TX0001000,DRUG000334,1,MFG_04,DIST_04,DIST_04,TransferOwnership,2026-10-02T05:41:51.118499+00:00,2026-10-02T05:41:53.271034+00:00,2152.520,200,True,True,Ownership transferred successfully
1001,TX0001001,DRUG000334,2,DIST_04,WH_14,WH_14,TransferOwnership,2026-10-02T05:41:53.271227+00:00,2026-10-02T05:41:55.382369+00:00,2111.128,200,True,True,Ownership transferred successfully
1002,TX0001002,DRUG000334,3,WH_14,RET_034,RET_034,TransferOwnership,2026-10-02T05:41:55.382527+00:00,2026-10-02T05:41:57.536820+00:00,2154.276,200,True,True,Ownership transferred successfully
1003,TX0001003,DRUG000335,1,MFG_05,DIST_05,DIST_05,TransferOwnership,2026-10-02T05:41:57.537014+00:00,2026-10-02T05:41:59.674206+00:00,2137.173,200,True,True,Ownership transferred successfully
1004,TX0001004,DRUG000335,2,DIST_05,WH_15,WH_15,TransferOwnership,2026-10-02T05:41:59.674437+00:00,2026-10-02T05:42:01.779159+00:00,2104.694,200,True,True,Ownership transferred successfully
1005,TX0001005,DRUG000335,3,WH_15,RET_035,RET_035,TransferOwnership,2026-10-02T05:42:01.779333+00:00,2026-10-02T05:42:03.932128+00:00,2152.779,200,True,True,Ownership transferred successfully
1006,TX0001006,DRUG000336,1,MFG_06,DIST_06,DIST_06,TransferOwnership,2026-10-02T05:42:03.932355+00:00,2026-10-02T05:42:06.072597+00:00,2140.227,200,True,True,Ownership transferred successfully
1007,TX0001007,DRUG000336,2,DIST_06,WH_16,WH_16,TransferOwnership,2026-10-02T05:42:06.072790+00:00,2026-10-02T05:42:08.199034+00:00,2126.221,200,True,True,Ownership transferred successfully
1008,TX0001008,DRUG000336,3,WH_16,RET_036,RET_036,TransferOwnership,2026-10-02T05:42:08.199295+00:00,2026-10-02T05:42:10.338843+00:00,2139.522,200,True,True,Ownership transferred successfully
1009,TX0001009,DRUG000337,1,MFG_07,DIST_07,DIST_07,TransferOwnership,2026-10-02T05:42:10.340113+00:00,2026-10-02T05:42:12.504395+00:00,2151.760,200,True,True,Ownership transferred successfully
1010,TX0001010,DRUG000337,2,DIST_07,WH_17,WH_17,TransferOwnership,2026-10-02T05:42:12.504630+00:00,2026-10-02T05:42:14.645550+00:00,2140.906,200,True,True,Ownership transferred successfully
1011,TX0001011,DRUG000337,3,WH_17,RET_037,RET_037,TransferOwnership,2026-10-02T05:42:14.645776+00:00,2026-10-02T05:42:16.794161+00:00,2148.365,200,True,True,Ownership transferred successfully
1012,TX0001012,DRUG000338,1,MFG_08,DIST_08,DIST_08,TransferOwnership,2026-10-02T05:42:16.794388+00:00,2026-10-02T05:42:18.944163+00:00,2149.755,200,True,True,Ownership transferred successfully
1013,TX0001013,DRUG000338,2,DIST_08,WH_18,WH_18,TransferOwnership,2026-10-02T05:42:18.944317+00:00,2026-10-02T05:42:21.091758+00:00,2147.429,200,True,True,Ownership transferred successfully
1014,TX0001014,DRUG000338,3,WH_18,RET_038,RET_038,TransferOwnership,2026-10-02T05:42:21.091952+00:00,2026-10-02T05:42:23.238835+00:00,2146.861,200,True,True,Ownership transferred successfully
1015,TX0001015,DRUG000339,1,MFG_09,DIST_09,DIST_09,TransferOwnership,2026-10-02T05:42:23.239046+00:00,2026-10-02T05:42:25.367110+00:00,2128.041,200,True,True,Ownership transferred successfully
1016,TX0001016,DRUG000339,2,DIST_09,WH_19,WH_19,TransferOwnership,2026-10-02T05:42:25.367311+00:00,2026-10-02T05:42:27.505718+00:00,2138.387,200,True,True,Ownership transferred successfully
1017,TX0001017,DRUG000339,3,WH_19,RET_039,RET_039,TransferOwnership,2026-10-02T05:42:27.505956+00:00,2026-10-02T05:42:29.657509+00:00,2151.536,200,True,True,Ownership transferred successfully
1018,TX0001018,DRUG000340,1,MFG_10,DIST_10,DIST_10,TransferOwnership,2026-10-02T05:42:29.657769+00:00,2026-10-02T05:42:31.810474+00:00,2152.681,200,True,True,Ownership transferred successfully
1019,TX0001019,DRUG000340,2,DIST_10,WH_20,WH_20,TransferOwnership,2026-10-02T05:42:31.810711+00:00,2026-10-02T05:42:33.960685+00:00,2149.957,200,True,True,Ownership transferred successfully
1020,TX0001020,DRUG000340,3,WH_20,RET_040,RET_040,TransferOwnership,2026-10-02T05:42:33.960869+00:00,2026-10-02T05:42:36.104652+00:00,2143.764,200,True,True,Ownership transferred successfully
1021,TX0001021,DRUG000341,1,MFG_01,DIST_11,DIST_11,TransferOwnership,2026-10-02T05:42:36.105081+00:00,2026-10-02T05:42:38.254572+00:00,2149.442,200,True,True,Ownership transferred successfully
1022,TX0001022,DRUG000341,2,DIST_11,WH_01,WH_01,TransferOwnership,2026-10-02T05:42:38.254787+00:00,2026-10-02T05:42:40.389295+00:00,2134.486,200,True,True,Ownership transferred successfully
1023,TX0001023,DRUG000341,3,WH_01,RET_041,RET_041,TransferOwnership,2026-10-02T05:42:40.389497+00:00,2026-10-02T05:42:42.553624+00:00,2126.683,200,True,True,Ownership transferred successfully
1024,TX0001024,DRUG000342,1,MFG_02,DIST_12,DIST_12,TransferOwnership,2026-10-02T05:42:42.553849+00:00,2026-10-02T05:42:44.664070+00:00,2110.202,200,True,True,Ownership transferred successfully
1025,TX0001025,DRUG000342,2,DIST_12,WH_02,WH_02,TransferOwnership,2026-10-02T05:42:44.664230+00:00,2026-10-02T05:42:46.799566+00:00,2135.323,200,True,True,Ownership transferred successfully
1026,TX0001026,DRUG000342,3,WH_02,RET_042,RET_042,TransferOwnership,2026-10-02T05:42:46.799821+00:00,2026-10-02T05:42:48.938234+00:00,2138.391,200,True,True,Ownership transferred successfully
1027,TX0001027,DRUG000343,1,MFG_03,DIST_13,DIST_13,TransferOwnership,2026-10-02T05:42:48.938492+00:00,2026-10-02T05:42:51.084811+00:00,2146.286,200,True,True,Ownership transferred successfully
1028,TX0001028,DRUG000343,2,DIST_13,WH_03,WH_03,TransferOwnership,2026-10-02T05:42:51.084970+00:00,2026-10-02T05:42:53.229163+00:00,2144.176,200,True,True,Ownership transferred successfully
1029,TX0001029,DRUG000343,3,WH_03,RET_043,RET_043,TransferOwnership,2026-10-02T05:42:53.229355+00:00,2026-10-02T05:42:55.349139+00:00,2119.762,200,True,True,Ownership transferred successfully
1030,TX0001030,DRUG000344,1,MFG_04,DIST_14,DIST_14,TransferOwnership,2026-10-02T05:42:55.349312+00:00,2026-10-02T05:42:57.502325+00:00,2152.999,200,True,True,Ownership transferred successfully
1031,TX0001031,DRUG000344,2,DIST_14,WH_04,WH_04,TransferOwnership,2026-10-02T05:42:57.502539+00:00,2026-10-02T05:42:59.652725+00:00,2150.170,200,True,True,Ownership transferred successfully
1032,TX0001032,DRUG000344,3,WH_04,RET_044,RET_044,TransferOwnership,2026-10-02T05:42:59.653260+00:00,2026-10-02T05:43:01.803528+00:00,2150.225,200,True,True,Ownership transferred successfully
1033,TX0001033,DRUG000345,1,MFG_05,DIST_15,DIST_15,TransferOwnership,2026-10-02T05:43:01.803721+00:00,2026-10-02T05:43:03.945707+00:00,2141.965,200,True,True,Ownership transferred successfully
1034,TX0001034,DRUG000345,2,DIST_15,WH_05,WH_05,TransferOwnership,2026-10-02T05:43:03.945868+00:00,2026-10-02T05:43:06.090159+00:00,2144.276,200,True,True,Ownership transferred successfully
1035,TX0001035,DRUG000345,3,WH_05,RET_045,RET_045,TransferOwnership,2026-10-02T05:43:06.090419+00:00,2026-10-02T05:43:08.225825+00:00,2135.379,200,True,True,Ownership transferred successfully
1036,TX0001036,DRUG000346,1,MFG_06,DIST_01,DIST_01,TransferOwnership,2026-10-02T05:43:08.226001+00:00,2026-10-02T05:43:10.374232+00:00,2148.218,200,True,True,Ownership transferred successfully
1037,TX0001037,DRUG000346,2,DIST_01,WH_06,WH_06,TransferOwnership,2026-10-02T05:43:10.375151+00:00,2026-10-02T05:43:12.566369+00:00,2137.925,200,True,True,Ownership transferred successfully
1038,TX0001038,DRUG000346,3,WH_06,RET_046,RET_046,TransferOwnership,2026-10-02T05:43:12.566529+00:00,2026-10-02T05:43:14.707887+00:00,2141.345,200,True,True,Ownership transferred successfully
1039,TX0001039,DRUG000347,1,MFG_07,DIST_02,DIST_02,TransferOwnership,2026-10-02T05:43:14.708130+00:00,2026-10-02T05:43:16.875619+00:00,2167.465,200,True,True,Ownership transferred successfully
1040,TX0001040,DRUG000347,2,DIST_02,WH_07,WH_07,TransferOwnership,2026-10-02T05:43:16.875760+00:00,2026-10-02T05:43:19.016201+00:00,2140.427,200,True,True,Ownership transferred successfully
1041,TX0001041,DRUG000347,3,WH_07,RET_047,RET_047,TransferOwnership,2026-10-02T05:43:19.016417+00:00,2026-10-02T05:43:21.152030+00:00,2135.593,200,True,True,Ownership transferred successfully
1042,TX0001042,DRUG000348,1,MFG_08,DIST_03,DIST_03,TransferOwnership,2026-10-02T05:43:21.152192+00:00,2026-10-02T05:43:23.313922+00:00,2161.717,200,True,True,Ownership transferred successfully
1043,TX0001043,DRUG000348,2,DIST_03,WH_08,WH_08,TransferOwnership,2026-10-02T05:43:23.314161+00:00,2026-10-02T05:43:25.445703+00:00,2131.520,200,True,True,Ownership transferred successfully
1044,TX0001044,DRUG000348,3,WH_08,RET_048,RET_048,TransferOwnership,2026-10-02T05:43:25.446245+00:00,2026-10-02T05:43:27.587778+00:00,2141.499,200,True,True,Ownership transferred successfully
1045,TX0001045,DRUG000349,1,MFG_09,DIST_04,DIST_04,TransferOwnership,2026-10-02T05:43:27.587968+00:00,2026-10-02T05:43:29.736890+00:00,2148.902,200,True,True,Ownership transferred successfully
1046,TX0001046,DRUG000349,2,DIST_04,WH_09,WH_09,TransferOwnership,2026-10-02T05:43:29.737123+00:00,2026-10-02T05:43:31.874005+00:00,2136.856,200,True,True,Ownership transferred successfully
1047,TX0001047,DRUG000349,3,WH_09,RET_049,RET_049,TransferOwnership,2026-10-02T05:43:31.874196+00:00,2026-10-02T05:43:34.009649+00:00,2135.438,200,True,True,Ownership transferred successfully
1048,TX0001048,DRUG000350,1,MFG_10,DIST_05,DIST_05,TransferOwnership,2026-10-02T05:43:34.009891+00:00,2026-10-02T05:43:36.165093+00:00,2155.182,200,True,True,Ownership transferred successfully
1049,TX0001049,DRUG000350,2,DIST_05,WH_10,WH_10,TransferOwnership,2026-10-02T05:43:36.165234+00:00,2026-10-02T05:43:38.287723+00:00,2122.477,200,True,True,Ownership transferred successfully
1050,TX0001050,DRUG000350,3,WH_10,RET_050,RET_050,TransferOwnership,2026-10-02T05:43:38.287978+00:00,2026-10-02T05:43:40.428281+00:00,2140.280,200,True,True,Ownership transferred successfully
1051,TX0001051,DRUG000351,1,MFG_01,DIST_06,DIST_06,TransferOwnership,2026-10-02T05:43:40.428482+00:00,2026-10-02T05:43:42.572884+00:00,2125.784,200,True,True,Ownership transferred successfully
1052,TX0001052,DRUG000351,2,DIST_06,WH_11,WH_11,TransferOwnership,2026-10-02T05:43:42.573125+00:00,2026-10-02T05:43:44.715996+00:00,2142.852,200,True,True,Ownership transferred successfully
1053,TX0001053,DRUG000351,3,WH_11,RET_001,RET_001,TransferOwnership,2026-10-02T05:43:44.716222+00:00,2026-10-02T05:43:46.858773+00:00,2142.529,200,True,True,Ownership transferred successfully
1054,TX0001054,DRUG000352,1,MFG_02,DIST_07,DIST_07,TransferOwnership,2026-10-02T05:43:46.858964+00:00,2026-10-02T05:43:48.997537+00:00,2138.553,200,True,True,Ownership transferred successfully
1055,TX0001055,DRUG000352,2,DIST_07,WH_12,WH_12,TransferOwnership,2026-10-02T05:43:48.998564+00:00,2026-10-02T05:43:51.135588+00:00,2136.995,200,True,True,Ownership transferred successfully
1056,TX0001056,DRUG000352,3,WH_12,RET_002,RET_002,TransferOwnership,2026-10-02T05:43:51.135750+00:00,2026-10-02T05:43:53.261858+00:00,2126.095,200,True,True,Ownership transferred successfully
1057,TX0001057,DRUG000353,1,MFG_03,DIST_08,DIST_08,TransferOwnership,2026-10-02T05:43:53.262064+00:00,2026-10-02T05:43:55.395319+00:00,2133.238,200,True,True,Ownership transferred successfully
1058,TX0001058,DRUG000353,2,DIST_08,WH_13,WH_13,TransferOwnership,2026-10-02T05:43:55.395491+00:00,2026-10-02T05:43:57.534606+00:00,2139.095,200,True,True,Ownership transferred successfully
1059,TX0001059,DRUG000353,3,WH_13,RET_003,RET_003,TransferOwnership,2026-10-02T05:43:57.534809+00:00,2026-10-02T05:43:59.680548+00:00,2145.725,200,True,True,Ownership transferred successfully
1060,TX0001060,DRUG000354,1,MFG_04,DIST_09,DIST_09,TransferOwnership,2026-10-02T05:43:59.680727+00:00,2026-10-02T05:44:01.826506+00:00,2145.766,200,True,True,Ownership transferred successfully
1061,TX0001061,DRUG000354,2,DIST_09,WH_14,WH_14,TransferOwnership,2026-10-02T05:44:01.826746+00:00,2026-10-02T05:44:03.967251+00:00,2140.483,200,True,True,Ownership transferred successfully
1062,TX0001062,DRUG000354,3,WH_14,RET_004,RET_004,TransferOwnership,2026-10-02T05:44:03.967415+00:00,2026-10-02T05:44:06.095463+00:00,2128.030,200,True,True,Ownership transferred successfully
1063,TX0001063,DRUG000355,1,MFG_05,DIST_10,DIST_10,TransferOwnership,2026-10-02T05:44:06.095655+00:00,2026-10-02T05:44:08.220607+00:00,2124.932,200,True,True,Ownership transferred successfully
1064,TX0001064,DRUG000355,2,DIST_10,WH_15,WH_15,TransferOwnership,2026-10-02T05:44:08.221310+00:00,2026-10-02T05:44:10.357053+00:00,2135.719,200,True,True,Ownership transferred successfully
1065,TX0001065,DRUG000355,3,WH_15,RET_005,RET_005,TransferOwnership,2026-10-02T05:44:10.357283+00:00,2026-10-02T05:44:12.508018+00:00,2114.762,200,True,True,Ownership transferred successfully
1066,TX0001066,DRUG000356,1,MFG_06,DIST_11,DIST_11,TransferOwnership,2026-10-02T05:44:12.508184+00:00,2026-10-02T05:44:14.640977+00:00,2132.774,200,True,True,Ownership transferred successfully
1067,TX0001067,DRUG000356,2,DIST_11,WH_16,WH_16,TransferOwnership,2026-10-02T05:44:14.641319+00:00,2026-10-02T05:44:16.773822+00:00,2132.429,200,True,True,Ownership transferred successfully
1068,TX0001068,DRUG000356,3,WH_16,RET_006,RET_006,TransferOwnership,2026-10-02T05:44:16.774002+00:00,2026-10-02T05:44:18.911680+00:00,2137.664,200,True,True,Ownership transferred successfully
1069,TX0001069,DRUG000357,1,MFG_07,DIST_12,DIST_12,TransferOwnership,2026-10-02T05:44:18.911897+00:00,2026-10-02T05:44:21.061811+00:00,2149.897,200,True,True,Ownership transferred successfully
1070,TX0001070,DRUG000357,2,DIST_12,WH_17,WH_17,TransferOwnership,2026-10-02T05:44:21.062055+00:00,2026-10-02T05:44:23.207652+00:00,2145.575,200,True,True,Ownership transferred successfully
1071,TX0001071,DRUG000357,3,WH_17,RET_007,RET_007,TransferOwnership,2026-10-02T05:44:23.207853+00:00,2026-10-02T05:44:25.337703+00:00,2129.828,200,True,True,Ownership transferred successfully
1072,TX0001072,DRUG000358,1,MFG_08,DIST_13,DIST_13,TransferOwnership,2026-10-02T05:44:25.337845+00:00,2026-10-02T05:44:27.480127+00:00,2142.270,200,True,True,Ownership transferred successfully
1073,TX0001073,DRUG000358,2,DIST_13,WH_18,WH_18,TransferOwnership,2026-10-02T05:44:27.480318+00:00,2026-10-02T05:44:29.626065+00:00,2145.728,200,True,True,Ownership transferred successfully
1074,TX0001074,DRUG000358,3,WH_18,RET_008,RET_008,TransferOwnership,2026-10-02T05:44:29.626271+00:00,2026-10-02T05:44:31.769046+00:00,2142.758,200,True,True,Ownership transferred successfully
1075,TX0001075,DRUG000359,1,MFG_09,DIST_14,DIST_14,TransferOwnership,2026-10-02T05:44:31.769232+00:00,2026-10-02T05:44:33.916617+00:00,2147.366,200,True,True,Ownership transferred successfully
1076,TX0001076,DRUG000359,2,DIST_14,WH_19,WH_19,TransferOwnership,2026-10-02T05:44:33.917711+00:00,2026-10-02T05:44:36.070417+00:00,2152.676,200,True,True,Ownership transferred successfully
1077,TX0001077,DRUG000359,3,WH_19,RET_009,RET_009,TransferOwnership,2026-10-02T05:44:36.070581+00:00,2026-10-02T05:44:38.210217+00:00,2139.621,200,True,True,Ownership transferred successfully
1078,TX0001078,DRUG000360,1,MFG_10,DIST_15,DIST_15,TransferOwnership,2026-10-02T05:44:38.210436+00:00,2026-10-02T05:44:40.368845+00:00,2158.387,200,True,True,Ownership transferred successfully
1079,TX0001079,DRUG000360,2,DIST_15,WH_20,WH_20,TransferOwnership,2026-10-02T05:44:40.369946+00:00,2026-10-02T05:44:42.569409+00:00,2145.541,200,True,True,Ownership transferred successfully
1080,TX0001080,DRUG000360,3,WH_20,RET_010,RET_010,TransferOwnership,2026-10-02T05:44:42.569602+00:00,2026-10-02T05:44:44.712664+00:00,2143.043,200,True,True,Ownership transferred successfully
1081,TX0001081,DRUG000361,1,MFG_01,DIST_01,DIST_01,TransferOwnership,2026-10-02T05:44:44.712841+00:00,2026-10-02T05:44:46.851771+00:00,2138.910,200,True,True,Ownership transferred successfully
1082,TX0001082,DRUG000361,2,DIST_01,WH_01,WH_01,TransferOwnership,2026-10-02T05:44:46.851951+00:00,2026-10-02T05:44:48.986337+00:00,2134.368,200,True,True,Ownership transferred successfully
1083,TX0001083,DRUG000361,3,WH_01,RET_011,RET_011,TransferOwnership,2026-10-02T05:44:48.986600+00:00,2026-10-02T05:44:51.124092+00:00,2137.476,200,True,True,Ownership transferred successfully
1084,TX0001084,DRUG000362,1,MFG_02,DIST_02,DIST_02,TransferOwnership,2026-10-02T05:44:51.124389+00:00,2026-10-02T05:44:53.231364+00:00,2106.957,200,True,True,Ownership transferred successfully
1085,TX0001085,DRUG000362,2,DIST_02,WH_02,WH_02,TransferOwnership,2026-10-02T05:44:53.231502+00:00,2026-10-02T05:44:55.355671+00:00,2124.157,200,True,True,Ownership transferred successfully
1086,TX0001086,DRUG000362,3,WH_02,RET_012,RET_012,TransferOwnership,2026-10-02T05:44:55.355856+00:00,2026-10-02T05:44:57.487086+00:00,2131.211,200,True,True,Ownership transferred successfully
1087,TX0001087,DRUG000363,1,MFG_03,DIST_03,DIST_03,TransferOwnership,2026-10-02T05:44:57.487287+00:00,2026-10-02T05:44:59.607711+00:00,2120.410,200,True,True,Ownership transferred successfully
1088,TX0001088,DRUG000363,2,DIST_03,WH_03,WH_03,TransferOwnership,2026-10-02T05:44:59.607913+00:00,2026-10-02T05:45:01.732374+00:00,2124.447,200,True,True,Ownership transferred successfully
1089,TX0001089,DRUG000363,3,WH_03,RET_013,RET_013,TransferOwnership,2026-10-02T05:45:01.732588+00:00,2026-10-02T05:45:03.865536+00:00,2132.931,200,True,True,Ownership transferred successfully
1090,TX0001090,DRUG000364,1,MFG_04,DIST_04,DIST_04,TransferOwnership,2026-10-02T05:45:03.865881+00:00,2026-10-02T05:45:05.999999+00:00,2134.096,200,True,True,Ownership transferred successfully
1091,TX0001091,DRUG000364,2,DIST_04,WH_04,WH_04,TransferOwnership,2026-10-02T05:45:06.000162+00:00,2026-10-02T05:45:08.107456+00:00,2107.280,200,True,True,Ownership transferred successfully
1092,TX0001092,DRUG000364,3,WH_04,RET_014,RET_014,TransferOwnership,2026-10-02T05:45:08.107615+00:00,2026-10-02T05:45:10.230706+00:00,2123.080,200,True,True,Ownership transferred successfully
1093,TX0001093,DRUG000365,1,MFG_05,DIST_05,DIST_05,TransferOwnership,2026-10-02T05:45:10.230880+00:00,2026-10-02T05:45:12.368229+00:00,2113.476,200,True,True,Ownership transferred successfully
1094,TX0001094,DRUG000365,2,DIST_05,WH_05,WH_05,TransferOwnership,2026-10-02T05:45:12.368378+00:00,2026-10-02T05:45:14.495736+00:00,2127.343,200,True,True,Ownership transferred successfully
1095,TX0001095,DRUG000365,3,WH_05,RET_015,RET_015,TransferOwnership,2026-10-02T05:45:14.495998+00:00,2026-10-02T05:45:16.633456+00:00,2137.439,200,True,True,Ownership transferred successfully
1096,TX0001096,DRUG000366,1,MFG_06,DIST_06,DIST_06,TransferOwnership,2026-10-02T05:45:16.633796+00:00,2026-10-02T05:45:18.767792+00:00,2133.965,200,True,True,Ownership transferred successfully
1097,TX0001097,DRUG000366,2,DIST_06,WH_06,WH_06,TransferOwnership,2026-10-02T05:45:18.767959+00:00,2026-10-02T05:45:20.884628+00:00,2116.651,200,True,True,Ownership transferred successfully
1098,TX0001098,DRUG000366,3,WH_06,RET_016,RET_016,TransferOwnership,2026-10-02T05:45:20.884799+00:00,2026-10-02T05:45:23.016466+00:00,2131.650,200,True,True,Ownership transferred successfully
1099,TX0001099,DRUG000367,1,MFG_07,DIST_07,DIST_07,TransferOwnership,2026-10-02T05:45:23.016663+00:00,2026-10-02T05:45:25.167451+00:00,2150.770,200,True,True,Ownership transferred successfully
1100,TX0001100,DRUG000367,2,DIST_07,WH_07,WH_07,TransferOwnership,2026-10-02T05:45:25.167643+00:00,2026-10-02T05:45:27.300867+00:00,2133.203,200,True,True,Ownership transferred successfully
1101,TX0001101,DRUG000367,3,WH_07,RET_017,RET_017,TransferOwnership,2026-10-02T05:45:27.301084+00:00,2026-10-02T05:45:29.430331+00:00,2129.225,200,True,True,Ownership transferred successfully
1102,TX0001102,DRUG000368,1,MFG_08,DIST_08,DIST_08,TransferOwnership,2026-10-02T05:45:29.431221+00:00,2026-10-02T05:45:31.574261+00:00,2143.011,200,True,True,Ownership transferred successfully
1103,TX0001103,DRUG000368,2,DIST_08,WH_08,WH_08,TransferOwnership,2026-10-02T05:45:31.574415+00:00,2026-10-02T05:45:33.704339+00:00,2129.909,200,True,True,Ownership transferred successfully
1104,TX0001104,DRUG000368,3,WH_08,RET_018,RET_018,TransferOwnership,2026-10-02T05:45:33.704608+00:00,2026-10-02T05:45:35.833121+00:00,2128.492,200,True,True,Ownership transferred successfully
1105,TX0001105,DRUG000369,1,MFG_09,DIST_09,DIST_09,TransferOwnership,2026-10-02T05:45:35.833290+00:00,2026-10-02T05:45:37.955074+00:00,2121.772,200,True,True,Ownership transferred successfully
1106,TX0001106,DRUG000369,2,DIST_09,WH_09,WH_09,TransferOwnership,2026-10-02T05:45:37.955265+00:00,2026-10-02T05:45:40.068872+00:00,2113.587,200,True,True,Ownership transferred successfully
1107,TX0001107,DRUG000369,3,WH_09,RET_019,RET_019,TransferOwnership,2026-10-02T05:45:40.069047+00:00,2026-10-02T05:45:42.261203+00:00,2133.638,200,True,True,Ownership transferred successfully
1108,TX0001108,DRUG000370,1,MFG_10,DIST_10,DIST_10,TransferOwnership,2026-10-02T05:45:42.261370+00:00,2026-10-02T05:45:44.395832+00:00,2134.449,200,True,True,Ownership transferred successfully
1109,TX0001109,DRUG000370,2,DIST_10,WH_10,WH_10,TransferOwnership,2026-10-02T05:45:44.395991+00:00,2026-10-02T05:45:46.523661+00:00,2127.657,200,True,True,Ownership transferred successfully
1110,TX0001110,DRUG000370,3,WH_10,RET_020,RET_020,TransferOwnership,2026-10-02T05:45:46.523842+00:00,2026-10-02T05:45:48.650867+00:00,2127.012,200,True,True,Ownership transferred successfully
1111,TX0001111,DRUG000371,1,MFG_01,DIST_11,DIST_11,TransferOwnership,2026-10-02T05:45:48.651008+00:00,2026-10-02T05:45:50.774712+00:00,2123.691,200,True,True,Ownership transferred successfully
1112,TX0001112,DRUG000371,2,DIST_11,WH_11,WH_11,TransferOwnership,2026-10-02T05:45:50.774943+00:00,2026-10-02T05:45:52.887950+00:00,2112.984,200,True,True,Ownership transferred successfully
1113,TX0001113,DRUG000371,3,WH_11,RET_021,RET_021,TransferOwnership,2026-10-02T05:45:52.888908+00:00,2026-10-02T05:45:54.996932+00:00,2107.992,200,True,True,Ownership transferred successfully
1114,TX0001114,DRUG000372,1,MFG_02,DIST_12,DIST_12,TransferOwnership,2026-10-02T05:45:54.997231+00:00,2026-10-02T05:45:57.141458+00:00,2144.214,200,True,True,Ownership transferred successfully
1115,TX0001115,DRUG000372,2,DIST_12,WH_12,WH_12,TransferOwnership,2026-10-02T05:45:57.141831+00:00,2026-10-02T05:45:59.278977+00:00,2137.088,200,True,True,Ownership transferred successfully
1116,TX0001116,DRUG000372,3,WH_12,RET_022,RET_022,TransferOwnership,2026-10-02T05:45:59.279138+00:00,2026-10-02T05:46:01.413312+00:00,2134.159,200,True,True,Ownership transferred successfully
1117,TX0001117,DRUG000373,1,MFG_03,DIST_13,DIST_13,TransferOwnership,2026-10-02T05:46:01.413494+00:00,2026-10-02T05:46:03.550549+00:00,2137.037,200,True,True,Ownership transferred successfully
1118,TX0001118,DRUG000373,2,DIST_13,WH_13,WH_13,TransferOwnership,2026-10-02T05:46:03.550741+00:00,2026-10-02T05:46:05.658509+00:00,2107.748,200,True,True,Ownership transferred successfully
1119,TX0001119,DRUG000373,3,WH_13,RET_023,RET_023,TransferOwnership,2026-10-02T05:46:05.658677+00:00,2026-10-02T05:46:07.764962+00:00,2106.268,200,True,True,Ownership transferred successfully
1120,TX0001120,DRUG000374,1,MFG_04,DIST_14,DIST_14,TransferOwnership,2026-10-02T05:46:07.765133+00:00,2026-10-02T05:46:09.905096+00:00,2139.951,200,True,True,Ownership transferred successfully
1121,TX0001121,DRUG000374,2,DIST_14,WH_14,WH_14,TransferOwnership,2026-10-02T05:46:09.905254+00:00,2026-10-02T05:46:12.084128+00:00,2141.521,200,True,True,Ownership transferred successfully
1122,TX0001122,DRUG000374,3,WH_14,RET_024,RET_024,TransferOwnership,2026-10-02T05:46:12.084392+00:00,2026-10-02T05:46:14.228495+00:00,2144.078,200,True,True,Ownership transferred successfully
1123,TX0001123,DRUG000375,1,MFG_05,DIST_15,DIST_15,TransferOwnership,2026-10-02T05:46:14.228729+00:00,2026-10-02T05:46:16.342038+00:00,2113.286,200,True,True,Ownership transferred successfully
1124,TX0001124,DRUG000375,2,DIST_15,WH_15,WH_15,TransferOwnership,2026-10-02T05:46:16.342190+00:00,2026-10-02T05:46:18.479606+00:00,2137.407,200,True,True,Ownership transferred successfully
1125,TX0001125,DRUG000375,3,WH_15,RET_025,RET_025,TransferOwnership,2026-10-02T05:46:18.480021+00:00,2026-10-02T05:46:20.614973+00:00,2134.915,200,True,True,Ownership transferred successfully
1126,TX0001126,DRUG000376,1,MFG_06,DIST_01,DIST_01,TransferOwnership,2026-10-02T05:46:20.615165+00:00,2026-10-02T05:46:22.761349+00:00,2146.165,200,True,True,Ownership transferred successfully
1127,TX0001127,DRUG000376,2,DIST_01,WH_16,WH_16,TransferOwnership,2026-10-02T05:46:22.761536+00:00,2026-10-02T05:46:24.882758+00:00,2121.202,200,True,True,Ownership transferred successfully
1128,TX0001128,DRUG000376,3,WH_16,RET_026,RET_026,TransferOwnership,2026-10-02T05:46:24.882977+00:00,2026-10-02T05:46:27.020763+00:00,2137.767,200,True,True,Ownership transferred successfully
1129,TX0001129,DRUG000377,1,MFG_07,DIST_02,DIST_02,TransferOwnership,2026-10-02T05:46:27.020996+00:00,2026-10-02T05:46:29.165781+00:00,2144.768,200,True,True,Ownership transferred successfully
1130,TX0001130,DRUG000377,2,DIST_02,WH_17,WH_17,TransferOwnership,2026-10-02T05:46:29.165990+00:00,2026-10-02T05:46:31.306322+00:00,2140.312,200,True,True,Ownership transferred successfully
1131,TX0001131,DRUG000377,3,WH_17,RET_027,RET_027,TransferOwnership,2026-10-02T05:46:31.306493+00:00,2026-10-02T05:46:33.455317+00:00,2148.804,200,True,True,Ownership transferred successfully
1132,TX0001132,DRUG000378,1,MFG_08,DIST_03,DIST_03,TransferOwnership,2026-10-02T05:46:33.455585+00:00,2026-10-02T05:46:35.573785+00:00,2118.174,200,True,True,Ownership transferred successfully
1133,TX0001133,DRUG000378,2,DIST_03,WH_18,WH_18,TransferOwnership,2026-10-02T05:46:35.573999+00:00,2026-10-02T05:46:37.722686+00:00,2148.669,200,True,True,Ownership transferred successfully
1134,TX0001134,DRUG000378,3,WH_18,RET_028,RET_028,TransferOwnership,2026-10-02T05:46:37.722864+00:00,2026-10-02T05:46:39.832604+00:00,2109.722,200,True,True,Ownership transferred successfully
1135,TX0001135,DRUG000379,1,MFG_09,DIST_04,DIST_04,TransferOwnership,2026-10-02T05:46:39.832823+00:00,2026-10-02T05:46:42.004947+00:00,2141.028,200,True,True,Ownership transferred successfully
1136,TX0001136,DRUG000379,2,DIST_04,WH_19,WH_19,TransferOwnership,2026-10-02T05:46:42.005202+00:00,2026-10-02T05:46:44.144149+00:00,2138.929,200,True,True,Ownership transferred successfully
1137,TX0001137,DRUG000379,3,WH_19,RET_029,RET_029,TransferOwnership,2026-10-02T05:46:44.145096+00:00,2026-10-02T05:46:46.282408+00:00,2137.284,200,True,True,Ownership transferred successfully
1138,TX0001138,DRUG000380,1,MFG_10,DIST_05,DIST_05,TransferOwnership,2026-10-02T05:46:46.282575+00:00,2026-10-02T05:46:48.417550+00:00,2134.964,200,True,True,Ownership transferred successfully
1139,TX0001139,DRUG000380,2,DIST_05,WH_20,WH_20,TransferOwnership,2026-10-02T05:46:48.417822+00:00,2026-10-02T05:46:50.565576+00:00,2147.734,200,True,True,Ownership transferred successfully
1140,TX0001140,DRUG000380,3,WH_20,RET_030,RET_030,TransferOwnership,2026-10-02T05:46:50.565824+00:00,2026-10-02T05:46:52.703124+00:00,2137.276,200,True,True,Ownership transferred successfully
1141,TX0001141,DRUG000381,1,MFG_01,DIST_06,DIST_06,TransferOwnership,2026-10-02T05:46:52.703321+00:00,2026-10-02T05:46:54.831806+00:00,2128.468,200,True,True,Ownership transferred successfully
1142,TX0001142,DRUG000381,2,DIST_06,WH_01,WH_01,TransferOwnership,2026-10-02T05:46:54.831948+00:00,2026-10-02T05:46:56.973535+00:00,2141.576,200,True,True,Ownership transferred successfully
1143,TX0001143,DRUG000381,3,WH_01,RET_031,RET_031,TransferOwnership,2026-10-02T05:46:56.973720+00:00,2026-10-02T05:46:59.119037+00:00,2145.302,200,True,True,Ownership transferred successfully
1144,TX0001144,DRUG000382,1,MFG_02,DIST_07,DIST_07,TransferOwnership,2026-10-02T05:46:59.119263+00:00,2026-10-02T05:47:01.266852+00:00,2147.564,200,True,True,Ownership transferred successfully
1145,TX0001145,DRUG000382,2,DIST_07,WH_02,WH_02,TransferOwnership,2026-10-02T05:47:01.267085+00:00,2026-10-02T05:47:03.393026+00:00,2125.923,200,True,True,Ownership transferred successfully
1146,TX0001146,DRUG000382,3,WH_02,RET_032,RET_032,TransferOwnership,2026-10-02T05:47:03.393212+00:00,2026-10-02T05:47:05.499801+00:00,2106.572,200,True,True,Ownership transferred successfully
1147,TX0001147,DRUG000383,1,MFG_03,DIST_08,DIST_08,TransferOwnership,2026-10-02T05:47:05.499951+00:00,2026-10-02T05:47:07.652206+00:00,2152.240,200,True,True,Ownership transferred successfully
1148,TX0001148,DRUG000383,2,DIST_08,WH_03,WH_03,TransferOwnership,2026-10-02T05:47:07.652800+00:00,2026-10-02T05:47:09.775701+00:00,2122.848,200,True,True,Ownership transferred successfully
1149,TX0001149,DRUG000383,3,WH_03,RET_033,RET_033,TransferOwnership,2026-10-02T05:47:09.775892+00:00,2026-10-02T05:47:11.963727+00:00,2141.341,200,True,True,Ownership transferred successfully
1150,TX0001150,DRUG000384,1,MFG_04,DIST_09,DIST_09,TransferOwnership,2026-10-02T05:47:11.963949+00:00,2026-10-02T05:47:14.114799+00:00,2150.829,200,True,True,Ownership transferred successfully
1151,TX0001151,DRUG000384,2,DIST_09,WH_04,WH_04,TransferOwnership,2026-10-02T05:47:14.115013+00:00,2026-10-02T05:47:16.255254+00:00,2140.224,200,True,True,Ownership transferred successfully
1152,TX0001152,DRUG000384,3,WH_04,RET_034,RET_034,TransferOwnership,2026-10-02T05:47:16.255471+00:00,2026-10-02T05:47:18.370927+00:00,2115.437,200,True,True,Ownership transferred successfully
1153,TX0001153,DRUG000385,1,MFG_05,DIST_10,DIST_10,TransferOwnership,2026-10-02T05:47:18.371089+00:00,2026-10-02T05:47:20.487845+00:00,2116.738,200,True,True,Ownership transferred successfully
1154,TX0001154,DRUG000385,2,DIST_10,WH_05,WH_05,TransferOwnership,2026-10-02T05:47:20.488121+00:00,2026-10-02T05:47:22.620460+00:00,2132.320,200,True,True,Ownership transferred successfully
1155,TX0001155,DRUG000385,3,WH_05,RET_035,RET_035,TransferOwnership,2026-10-02T05:47:22.620638+00:00,2026-10-02T05:47:24.752460+00:00,2131.808,200,True,True,Ownership transferred successfully
1156,TX0001156,DRUG000386,1,MFG_06,DIST_11,DIST_11,TransferOwnership,2026-10-02T05:47:24.752711+00:00,2026-10-02T05:47:26.894836+00:00,2142.108,200,True,True,Ownership transferred successfully
1157,TX0001157,DRUG000386,2,DIST_11,WH_06,WH_06,TransferOwnership,2026-10-02T05:47:26.895015+00:00,2026-10-02T05:47:29.014481+00:00,2119.446,200,True,True,Ownership transferred successfully
1158,TX0001158,DRUG000386,3,WH_06,RET_036,RET_036,TransferOwnership,2026-10-02T05:47:29.014629+00:00,2026-10-02T05:47:31.119141+00:00,2104.502,200,True,True,Ownership transferred successfully
1159,TX0001159,DRUG000387,1,MFG_07,DIST_12,DIST_12,TransferOwnership,2026-10-02T05:47:31.119273+00:00,2026-10-02T05:47:33.256478+00:00,2137.192,200,True,True,Ownership transferred successfully
1160,TX0001160,DRUG000387,2,DIST_12,WH_07,WH_07,TransferOwnership,2026-10-02T05:47:33.257477+00:00,2026-10-02T05:47:35.399433+00:00,2141.931,200,True,True,Ownership transferred successfully
1161,TX0001161,DRUG000387,3,WH_07,RET_037,RET_037,TransferOwnership,2026-10-02T05:47:35.399648+00:00,2026-10-02T05:47:37.535993+00:00,2136.325,200,True,True,Ownership transferred successfully
1162,TX0001162,DRUG000388,1,MFG_08,DIST_13,DIST_13,TransferOwnership,2026-10-02T05:47:37.536219+00:00,2026-10-02T05:47:39.647901+00:00,2111.658,200,True,True,Ownership transferred successfully
1163,TX0001163,DRUG000388,2,DIST_13,WH_08,WH_08,TransferOwnership,2026-10-02T05:47:39.648042+00:00,2026-10-02T05:47:41.783231+00:00,2107.750,200,True,True,Ownership transferred successfully
1164,TX0001164,DRUG000388,3,WH_08,RET_038,RET_038,TransferOwnership,2026-10-02T05:47:41.783378+00:00,2026-10-02T05:47:43.914720+00:00,2131.333,200,True,True,Ownership transferred successfully
1165,TX0001165,DRUG000389,1,MFG_09,DIST_14,DIST_14,TransferOwnership,2026-10-02T05:47:43.914855+00:00,2026-10-02T05:47:46.075485+00:00,2160.618,200,True,True,Ownership transferred successfully
1166,TX0001166,DRUG000389,2,DIST_14,WH_09,WH_09,TransferOwnership,2026-10-02T05:47:46.075723+00:00,2026-10-02T05:47:48.209106+00:00,2133.366,200,True,True,Ownership transferred successfully
1167,TX0001167,DRUG000389,3,WH_09,RET_039,RET_039,TransferOwnership,2026-10-02T05:47:48.209262+00:00,2026-10-02T05:47:50.338605+00:00,2129.326,200,True,True,Ownership transferred successfully
1168,TX0001168,DRUG000390,1,MFG_10,DIST_15,DIST_15,TransferOwnership,2026-10-02T05:47:50.338805+00:00,2026-10-02T05:47:52.483303+00:00,2144.475,200,True,True,Ownership transferred successfully
1169,TX0001169,DRUG000390,2,DIST_15,WH_10,WH_10,TransferOwnership,2026-10-02T05:47:52.483491+00:00,2026-10-02T05:47:54.621447+00:00,2137.936,200,True,True,Ownership transferred successfully
1170,TX0001170,DRUG000390,3,WH_10,RET_040,RET_040,TransferOwnership,2026-10-02T05:47:54.621689+00:00,2026-10-02T05:47:56.744103+00:00,2122.354,200,True,True,Ownership transferred successfully
1171,TX0001171,DRUG000391,1,MFG_01,DIST_01,DIST_01,TransferOwnership,2026-10-02T05:47:56.744489+00:00,2026-10-02T05:47:58.882242+00:00,2137.714,200,True,True,Ownership transferred successfully
1172,TX0001172,DRUG000391,2,DIST_01,WH_11,WH_11,TransferOwnership,2026-10-02T05:47:58.882456+00:00,2026-10-02T05:48:01.020246+00:00,2137.768,200,True,True,Ownership transferred successfully
1173,TX0001173,DRUG000391,3,WH_11,RET_041,RET_041,TransferOwnership,2026-10-02T05:48:01.020455+00:00,2026-10-02T05:48:03.158548+00:00,2138.074,200,True,True,Ownership transferred successfully
1174,TX0001174,DRUG000392,1,MFG_02,DIST_02,DIST_02,TransferOwnership,2026-10-02T05:48:03.159355+00:00,2026-10-02T05:48:05.308715+00:00,2149.336,200,True,True,Ownership transferred successfully
1175,TX0001175,DRUG000392,2,DIST_02,WH_12,WH_12,TransferOwnership,2026-10-02T05:48:05.308904+00:00,2026-10-02T05:48:07.456749+00:00,2147.825,200,True,True,Ownership transferred successfully
1176,TX0001176,DRUG000392,3,WH_12,RET_042,RET_042,TransferOwnership,2026-10-02T05:48:07.457019+00:00,2026-10-02T05:48:09.592988+00:00,2135.949,200,True,True,Ownership transferred successfully
1177,TX0001177,DRUG000393,1,MFG_03,DIST_03,DIST_03,TransferOwnership,2026-10-02T05:48:09.593143+00:00,2026-10-02T05:48:11.795820+00:00,2141.750,200,True,True,Ownership transferred successfully
1178,TX0001178,DRUG000393,2,DIST_03,WH_13,WH_13,TransferOwnership,2026-10-02T05:48:11.796078+00:00,2026-10-02T05:48:13.929524+00:00,2133.424,200,True,True,Ownership transferred successfully
1179,TX0001179,DRUG000393,3,WH_13,RET_043,RET_043,TransferOwnership,2026-10-02T05:48:13.929771+00:00,2026-10-02T05:48:16.047461+00:00,2117.669,200,True,True,Ownership transferred successfully
1180,TX0001180,DRUG000394,1,MFG_04,DIST_04,DIST_04,TransferOwnership,2026-10-02T05:48:16.047657+00:00,2026-10-02T05:48:18.148883+00:00,2101.197,200,True,True,Ownership transferred successfully
1181,TX0001181,DRUG000394,2,DIST_04,WH_14,WH_14,TransferOwnership,2026-10-02T05:48:18.149091+00:00,2026-10-02T05:48:20.266703+00:00,2117.590,200,True,True,Ownership transferred successfully
1182,TX0001182,DRUG000394,3,WH_14,RET_044,RET_044,TransferOwnership,2026-10-02T05:48:20.266869+00:00,2026-10-02T05:48:22.410389+00:00,2143.507,200,True,True,Ownership transferred successfully
1183,TX0001183,DRUG000395,1,MFG_05,DIST_05,DIST_05,TransferOwnership,2026-10-02T05:48:22.411588+00:00,2026-10-02T05:48:24.565653+00:00,2154.034,200,True,True,Ownership transferred successfully
1184,TX0001184,DRUG000395,2,DIST_05,WH_15,WH_15,TransferOwnership,2026-10-02T05:48:24.565834+00:00,2026-10-02T05:48:26.704486+00:00,2138.633,200,True,True,Ownership transferred successfully
1185,TX0001185,DRUG000395,3,WH_15,RET_045,RET_045,TransferOwnership,2026-10-02T05:48:26.704675+00:00,2026-10-02T05:48:28.838752+00:00,2134.063,200,True,True,Ownership transferred successfully
1186,TX0001186,DRUG000396,1,MFG_06,DIST_06,DIST_06,TransferOwnership,2026-10-02T05:48:28.838961+00:00,2026-10-02T05:48:30.982253+00:00,2143.272,200,True,True,Ownership transferred successfully
1187,TX0001187,DRUG000396,2,DIST_06,WH_16,WH_16,TransferOwnership,2026-10-02T05:48:30.982485+00:00,2026-10-02T05:48:33.099317+00:00,2116.810,200,True,True,Ownership transferred successfully
1188,TX0001188,DRUG000396,3,WH_16,RET_046,RET_046,TransferOwnership,2026-10-02T05:48:33.099467+00:00,2026-10-02T05:48:35.247830+00:00,2148.344,200,True,True,Ownership transferred successfully
1189,TX0001189,DRUG000397,1,MFG_07,DIST_07,DIST_07,TransferOwnership,2026-10-02T05:48:35.248035+00:00,2026-10-02T05:48:37.388893+00:00,2140.841,200,True,True,Ownership transferred successfully
1190,TX0001190,DRUG000397,2,DIST_07,WH_17,WH_17,TransferOwnership,2026-10-02T05:48:37.389049+00:00,2026-10-02T05:48:39.550501+00:00,2161.440,200,True,True,Ownership transferred successfully
1191,TX0001191,DRUG000397,3,WH_17,RET_047,RET_047,TransferOwnership,2026-10-02T05:48:39.550730+00:00,2026-10-02T05:48:41.725522+00:00,2136.153,200,True,True,Ownership transferred successfully
1192,TX0001192,DRUG000398,1,MFG_08,DIST_08,DIST_08,TransferOwnership,2026-10-02T05:48:41.725731+00:00,2026-10-02T05:48:43.868025+00:00,2142.272,200,True,True,Ownership transferred successfully
1193,TX0001193,DRUG000398,2,DIST_08,WH_18,WH_18,TransferOwnership,2026-10-02T05:48:43.868484+00:00,2026-10-02T05:48:45.999623+00:00,2131.107,200,True,True,Ownership transferred successfully
1194,TX0001194,DRUG000398,3,WH_18,RET_048,RET_048,TransferOwnership,2026-10-02T05:48:45.999809+00:00,2026-10-02T05:48:48.129356+00:00,2129.524,200,True,True,Ownership transferred successfully
1195,TX0001195,DRUG000399,1,MFG_09,DIST_09,DIST_09,TransferOwnership,2026-10-02T05:48:48.129688+00:00,2026-10-02T05:48:50.276250+00:00,2146.537,200,True,True,Ownership transferred successfully
1196,TX0001196,DRUG000399,2,DIST_09,WH_19,WH_19,TransferOwnership,2026-10-02T05:48:50.276425+00:00,2026-10-02T05:48:52.419490+00:00,2143.050,200,True,True,Ownership transferred successfully
1197,TX0001197,DRUG000399,3,WH_19,RET_049,RET_049,TransferOwnership,2026-10-02T05:48:52.419822+00:00,2026-10-02T05:48:54.572244+00:00,2152.399,200,True,True,Ownership transferred successfully
1198,TX0001198,DRUG000400,1,MFG_10,DIST_10,DIST_10,TransferOwnership,2026-10-02T05:48:54.572442+00:00,2026-10-02T05:48:56.679430+00:00,2106.970,200,True,True,Ownership transferred successfully
1199,TX0001199,DRUG000400,2,DIST_10,WH_20,WH_20,TransferOwnership,2026-10-02T05:48:56.679592+00:00,2026-10-02T05:48:58.810443+00:00,2130.837,200,True,True,Ownership transferred successfully
1200,TX0001200,DRUG000400,3,WH_20,RET_050,RET_050,TransferOwnership,2026-10-02T05:48:58.810598+00:00,2026-10-02T05:49:00.945287+00:00,2134.678,200,True,True,Ownership transferred successfully
1201,TX0001201,DRUG000401,1,MFG_01,DIST_11,DIST_11,TransferOwnership,2026-10-02T05:49:00.945455+00:00,2026-10-02T05:49:03.072991+00:00,2127.519,200,True,True,Ownership transferred successfully
1202,TX0001202,DRUG000401,2,DIST_11,WH_01,WH_01,TransferOwnership,2026-10-02T05:49:03.073130+00:00,2026-10-02T05:49:05.207957+00:00,2134.816,200,True,True,Ownership transferred successfully
1203,TX0001203,DRUG000401,3,WH_01,RET_001,RET_001,TransferOwnership,2026-10-02T05:49:05.208173+00:00,2026-10-02T05:49:07.346707+00:00,2138.514,200,True,True,Ownership transferred successfully
1204,TX0001204,DRUG000402,1,MFG_02,DIST_12,DIST_12,TransferOwnership,2026-10-02T05:49:07.346888+00:00,2026-10-02T05:49:09.493798+00:00,2146.896,200,True,True,Ownership transferred successfully
1205,TX0001205,DRUG000402,2,DIST_12,WH_02,WH_02,TransferOwnership,2026-10-02T05:49:09.493960+00:00,2026-10-02T05:49:11.694730+00:00,2140.606,200,True,True,Ownership transferred successfully
1206,TX0001206,DRUG000402,3,WH_02,RET_002,RET_002,TransferOwnership,2026-10-02T05:49:11.695042+00:00,2026-10-02T05:49:13.827332+00:00,2132.264,200,True,True,Ownership transferred successfully
1207,TX0001207,DRUG000403,1,MFG_03,DIST_13,DIST_13,TransferOwnership,2026-10-02T05:49:13.827499+00:00,2026-10-02T05:49:15.922623+00:00,2095.106,200,True,True,Ownership transferred successfully
1208,TX0001208,DRUG000403,2,DIST_13,WH_03,WH_03,TransferOwnership,2026-10-02T05:49:15.922813+00:00,2026-10-02T05:49:18.049813+00:00,2126.980,200,True,True,Ownership transferred successfully
1209,TX0001209,DRUG000403,3,WH_03,RET_003,RET_003,TransferOwnership,2026-10-02T05:49:18.049999+00:00,2026-10-02T05:49:20.190323+00:00,2140.298,200,True,True,Ownership transferred successfully
1210,TX0001210,DRUG000404,1,MFG_04,DIST_14,DIST_14,TransferOwnership,2026-10-02T05:49:20.190546+00:00,2026-10-02T05:49:22.350227+00:00,2159.665,200,True,True,Ownership transferred successfully
1211,TX0001211,DRUG000404,2,DIST_14,WH_04,WH_04,TransferOwnership,2026-10-02T05:49:22.350447+00:00,2026-10-02T05:49:24.500502+00:00,2150.037,200,True,True,Ownership transferred successfully
1212,TX0001212,DRUG000404,3,WH_04,RET_004,RET_004,TransferOwnership,2026-10-02T05:49:24.500683+00:00,2026-10-02T05:49:26.639194+00:00,2138.495,200,True,True,Ownership transferred successfully
1213,TX0001213,DRUG000405,1,MFG_05,DIST_15,DIST_15,TransferOwnership,2026-10-02T05:49:26.639359+00:00,2026-10-02T05:49:28.794035+00:00,2154.657,200,True,True,Ownership transferred successfully
1214,TX0001214,DRUG000405,2,DIST_15,WH_05,WH_05,TransferOwnership,2026-10-02T05:49:28.794211+00:00,2026-10-02T05:49:30.937570+00:00,2143.338,200,True,True,Ownership transferred successfully
1215,TX0001215,DRUG000405,3,WH_05,RET_005,RET_005,TransferOwnership,2026-10-02T05:49:30.937846+00:00,2026-10-02T05:49:33.078438+00:00,2140.571,200,True,True,Ownership transferred successfully
1216,TX0001216,DRUG000406,1,MFG_06,DIST_01,DIST_01,TransferOwnership,2026-10-02T05:49:33.078604+00:00,2026-10-02T05:49:35.222815+00:00,2144.194,200,True,True,Ownership transferred successfully
1217,TX0001217,DRUG000406,2,DIST_01,WH_06,WH_06,TransferOwnership,2026-10-02T05:49:35.223207+00:00,2026-10-02T05:49:37.346504+00:00,2123.275,200,True,True,Ownership transferred successfully
1218,TX0001218,DRUG000406,3,WH_06,RET_006,RET_006,TransferOwnership,2026-10-02T05:49:37.346715+00:00,2026-10-02T05:49:39.457929+00:00,2111.197,200,True,True,Ownership transferred successfully
1219,TX0001219,DRUG000407,1,MFG_07,DIST_02,DIST_02,TransferOwnership,2026-10-02T05:49:39.458083+00:00,2026-10-02T05:49:41.617670+00:00,2136.274,200,True,True,Ownership transferred successfully
1220,TX0001220,DRUG000407,2,DIST_02,WH_07,WH_07,TransferOwnership,2026-10-02T05:49:41.617856+00:00,2026-10-02T05:49:43.743356+00:00,2125.481,200,True,True,Ownership transferred successfully
1221,TX0001221,DRUG000407,3,WH_07,RET_007,RET_007,TransferOwnership,2026-10-02T05:49:43.743508+00:00,2026-10-02T05:49:45.880074+00:00,2136.553,200,True,True,Ownership transferred successfully
1222,TX0001222,DRUG000408,1,MFG_08,DIST_03,DIST_03,TransferOwnership,2026-10-02T05:49:45.880274+00:00,2026-10-02T05:49:47.998167+00:00,2117.873,200,True,True,Ownership transferred successfully
1223,TX0001223,DRUG000408,2,DIST_03,WH_08,WH_08,TransferOwnership,2026-10-02T05:49:47.998338+00:00,2026-10-02T05:49:50.100780+00:00,2102.427,200,True,True,Ownership transferred successfully
1224,TX0001224,DRUG000408,3,WH_08,RET_008,RET_008,TransferOwnership,2026-10-02T05:49:50.101024+00:00,2026-10-02T05:49:52.229162+00:00,2128.119,200,True,True,Ownership transferred successfully
1225,TX0001225,DRUG000409,1,MFG_09,DIST_04,DIST_04,TransferOwnership,2026-10-02T05:49:52.229314+00:00,2026-10-02T05:49:54.380146+00:00,2150.817,200,True,True,Ownership transferred successfully
1226,TX0001226,DRUG000409,2,DIST_04,WH_09,WH_09,TransferOwnership,2026-10-02T05:49:54.380379+00:00,2026-10-02T05:49:56.531540+00:00,2151.139,200,True,True,Ownership transferred successfully
1227,TX0001227,DRUG000409,3,WH_09,RET_009,RET_009,TransferOwnership,2026-10-02T05:49:56.531728+00:00,2026-10-02T05:49:58.632522+00:00,2100.782,200,True,True,Ownership transferred successfully
1228,TX0001228,DRUG000410,1,MFG_10,DIST_05,DIST_05,TransferOwnership,2026-10-02T05:49:58.632698+00:00,2026-10-02T05:50:00.780211+00:00,2147.498,200,True,True,Ownership transferred successfully
1229,TX0001229,DRUG000410,2,DIST_05,WH_10,WH_10,TransferOwnership,2026-10-02T05:50:00.781507+00:00,2026-10-02T05:50:02.918562+00:00,2137.024,200,True,True,Ownership transferred successfully
1230,TX0001230,DRUG000410,3,WH_10,RET_010,RET_010,TransferOwnership,2026-10-02T05:50:02.918830+00:00,2026-10-02T05:50:05.055390+00:00,2136.538,200,True,True,Ownership transferred successfully
1231,TX0001231,DRUG000411,1,MFG_01,DIST_06,DIST_06,TransferOwnership,2026-10-02T05:50:05.055607+00:00,2026-10-02T05:50:07.201232+00:00,2145.609,200,True,True,Ownership transferred successfully
1232,TX0001232,DRUG000411,2,DIST_06,WH_11,WH_11,TransferOwnership,2026-10-02T05:50:07.201763+00:00,2026-10-02T05:50:09.332950+00:00,2131.155,200,True,True,Ownership transferred successfully
1233,TX0001233,DRUG000411,3,WH_11,RET_011,RET_011,TransferOwnership,2026-10-02T05:50:09.333102+00:00,2026-10-02T05:50:11.454571+00:00,2121.459,200,True,True,Ownership transferred successfully
1234,TX0001234,DRUG000412,1,MFG_02,DIST_07,DIST_07,TransferOwnership,2026-10-02T05:50:11.454823+00:00,2026-10-02T05:50:13.630098+00:00,2152.997,200,True,True,Ownership transferred successfully
1235,TX0001235,DRUG000412,2,DIST_07,WH_12,WH_12,TransferOwnership,2026-10-02T05:50:13.630225+00:00,2026-10-02T05:50:15.742036+00:00,2111.798,200,True,True,Ownership transferred successfully
1236,TX0001236,DRUG000412,3,WH_12,RET_012,RET_012,TransferOwnership,2026-10-02T05:50:15.742188+00:00,2026-10-02T05:50:17.887852+00:00,2145.648,200,True,True,Ownership transferred successfully
1237,TX0001237,DRUG000413,1,MFG_03,DIST_08,DIST_08,TransferOwnership,2026-10-02T05:50:17.888097+00:00,2026-10-02T05:50:20.025395+00:00,2137.272,200,True,True,Ownership transferred successfully
1238,TX0001238,DRUG000413,2,DIST_08,WH_13,WH_13,TransferOwnership,2026-10-02T05:50:20.025635+00:00,2026-10-02T05:50:22.161112+00:00,2135.461,200,True,True,Ownership transferred successfully
1239,TX0001239,DRUG000413,3,WH_13,RET_013,RET_013,TransferOwnership,2026-10-02T05:50:22.161290+00:00,2026-10-02T05:50:24.289028+00:00,2127.725,200,True,True,Ownership transferred successfully
1240,TX0001240,DRUG000414,1,MFG_04,DIST_09,DIST_09,TransferOwnership,2026-10-02T05:50:24.289323+00:00,2026-10-02T05:50:26.435943+00:00,2146.599,200,True,True,Ownership transferred successfully
1241,TX0001241,DRUG000414,2,DIST_09,WH_14,WH_14,TransferOwnership,2026-10-02T05:50:26.436184+00:00,2026-10-02T05:50:28.551758+00:00,2115.555,200,True,True,Ownership transferred successfully
1242,TX0001242,DRUG000414,3,WH_14,RET_014,RET_014,TransferOwnership,2026-10-02T05:50:28.551915+00:00,2026-10-02T05:50:30.670771+00:00,2118.841,200,True,True,Ownership transferred successfully
1243,TX0001243,DRUG000415,1,MFG_05,DIST_10,DIST_10,TransferOwnership,2026-10-02T05:50:30.671029+00:00,2026-10-02T05:50:32.803299+00:00,2132.246,200,True,True,Ownership transferred successfully
1244,TX0001244,DRUG000415,2,DIST_10,WH_15,WH_15,TransferOwnership,2026-10-02T05:50:32.803447+00:00,2026-10-02T05:50:34.932597+00:00,2129.136,200,True,True,Ownership transferred successfully
1245,TX0001245,DRUG000415,3,WH_15,RET_015,RET_015,TransferOwnership,2026-10-02T05:50:34.932812+00:00,2026-10-02T05:50:37.055854+00:00,2123.027,200,True,True,Ownership transferred successfully
1246,TX0001246,DRUG000416,1,MFG_06,DIST_11,DIST_11,TransferOwnership,2026-10-02T05:50:37.056047+00:00,2026-10-02T05:50:39.163424+00:00,2107.352,200,True,True,Ownership transferred successfully
1247,TX0001247,DRUG000416,2,DIST_11,WH_16,WH_16,TransferOwnership,2026-10-02T05:50:39.163661+00:00,2026-10-02T05:50:41.293406+00:00,2129.719,200,True,True,Ownership transferred successfully
1248,TX0001248,DRUG000416,3,WH_16,RET_016,RET_016,TransferOwnership,2026-10-02T05:50:41.293677+00:00,2026-10-02T05:50:43.474091+00:00,2120.138,200,True,True,Ownership transferred successfully
1249,TX0001249,DRUG000417,1,MFG_07,DIST_12,DIST_12,TransferOwnership,2026-10-02T05:50:43.474259+00:00,2026-10-02T05:50:45.625972+00:00,2151.700,200,True,True,Ownership transferred successfully
1250,TX0001250,DRUG000417,2,DIST_12,WH_17,WH_17,TransferOwnership,2026-10-02T05:50:45.626166+00:00,2026-10-02T05:50:47.781019+00:00,2154.837,200,True,True,Ownership transferred successfully
1251,TX0001251,DRUG000417,3,WH_17,RET_017,RET_017,TransferOwnership,2026-10-02T05:50:47.781207+00:00,2026-10-02T05:50:49.911965+00:00,2130.741,200,True,True,Ownership transferred successfully
1252,TX0001252,DRUG000418,1,MFG_08,DIST_13,DIST_13,TransferOwnership,2026-10-02T05:50:49.912951+00:00,2026-10-02T05:50:52.062648+00:00,2149.673,200,True,True,Ownership transferred successfully
1253,TX0001253,DRUG000418,2,DIST_13,WH_18,WH_18,TransferOwnership,2026-10-02T05:50:52.063563+00:00,2026-10-02T05:50:54.197147+00:00,2133.559,200,True,True,Ownership transferred successfully
1254,TX0001254,DRUG000418,3,WH_18,RET_018,RET_018,TransferOwnership,2026-10-02T05:50:54.197317+00:00,2026-10-02T05:50:56.340254+00:00,2142.923,200,True,True,Ownership transferred successfully
1255,TX0001255,DRUG000419,1,MFG_09,DIST_14,DIST_14,TransferOwnership,2026-10-02T05:50:56.340518+00:00,2026-10-02T05:50:58.455248+00:00,2114.707,200,True,True,Ownership transferred successfully
1256,TX0001256,DRUG000419,2,DIST_14,WH_19,WH_19,TransferOwnership,2026-10-02T05:50:58.455451+00:00,2026-10-02T05:51:00.557611+00:00,2102.141,200,True,True,Ownership transferred successfully
1257,TX0001257,DRUG000419,3,WH_19,RET_019,RET_019,TransferOwnership,2026-10-02T05:51:00.557834+00:00,2026-10-02T05:51:02.679325+00:00,2121.453,200,True,True,Ownership transferred successfully
1258,TX0001258,DRUG000420,1,MFG_10,DIST_15,DIST_15,TransferOwnership,2026-10-02T05:51:02.679492+00:00,2026-10-02T05:51:04.818365+00:00,2138.861,200,True,True,Ownership transferred successfully
1259,TX0001259,DRUG000420,2,DIST_15,WH_20,WH_20,TransferOwnership,2026-10-02T05:51:04.818523+00:00,2026-10-02T05:51:06.941293+00:00,2122.754,200,True,True,Ownership transferred successfully
1260,TX0001260,DRUG000420,3,WH_20,RET_020,RET_020,TransferOwnership,2026-10-02T05:51:06.941480+00:00,2026-10-02T05:51:09.079067+00:00,2137.572,200,True,True,Ownership transferred successfully
1261,TX0001261,DRUG000421,1,MFG_01,DIST_01,DIST_01,TransferOwnership,2026-10-02T05:51:09.079346+00:00,2026-10-02T05:51:11.194003+00:00,2114.637,200,True,True,Ownership transferred successfully
1262,TX0001262,DRUG000421,2,DIST_01,WH_01,WH_01,TransferOwnership,2026-10-02T05:51:11.194175+00:00,2026-10-02T05:51:13.343322+00:00,2129.849,200,True,True,Ownership transferred successfully
1263,TX0001263,DRUG000421,3,WH_01,RET_021,RET_021,TransferOwnership,2026-10-02T05:51:13.343469+00:00,2026-10-02T05:51:15.481119+00:00,2137.638,200,True,True,Ownership transferred successfully
1264,TX0001264,DRUG000422,1,MFG_02,DIST_02,DIST_02,TransferOwnership,2026-10-02T05:51:15.482369+00:00,2026-10-02T05:51:17.624275+00:00,2141.879,200,True,True,Ownership transferred successfully
1265,TX0001265,DRUG000422,2,DIST_02,WH_02,WH_02,TransferOwnership,2026-10-02T05:51:17.624430+00:00,2026-10-02T05:51:19.763963+00:00,2139.516,200,True,True,Ownership transferred successfully
1266,TX0001266,DRUG000422,3,WH_02,RET_022,RET_022,TransferOwnership,2026-10-02T05:51:19.764143+00:00,2026-10-02T05:51:21.904084+00:00,2139.928,200,True,True,Ownership transferred successfully
1267,TX0001267,DRUG000423,1,MFG_03,DIST_03,DIST_03,TransferOwnership,2026-10-02T05:51:21.904294+00:00,2026-10-02T05:51:24.058871+00:00,2154.558,200,True,True,Ownership transferred successfully
1268,TX0001268,DRUG000423,2,DIST_03,WH_03,WH_03,TransferOwnership,2026-10-02T05:51:24.059045+00:00,2026-10-02T05:51:26.187030+00:00,2127.970,200,True,True,Ownership transferred successfully
1269,TX0001269,DRUG000423,3,WH_03,RET_023,RET_023,TransferOwnership,2026-10-02T05:51:26.187190+00:00,2026-10-02T05:51:28.281263+00:00,2094.052,200,True,True,Ownership transferred successfully
1270,TX0001270,DRUG000424,1,MFG_04,DIST_04,DIST_04,TransferOwnership,2026-10-02T05:51:28.281500+00:00,2026-10-02T05:51:30.405983+00:00,2124.467,200,True,True,Ownership transferred successfully
1271,TX0001271,DRUG000424,2,DIST_04,WH_04,WH_04,TransferOwnership,2026-10-02T05:51:30.406774+00:00,2026-10-02T05:51:32.560479+00:00,2153.619,200,True,True,Ownership transferred successfully
1272,TX0001272,DRUG000424,3,WH_04,RET_024,RET_024,TransferOwnership,2026-10-02T05:51:32.560656+00:00,2026-10-02T05:51:34.703656+00:00,2142.986,200,True,True,Ownership transferred successfully
1273,TX0001273,DRUG000425,1,MFG_05,DIST_05,DIST_05,TransferOwnership,2026-10-02T05:51:34.703823+00:00,2026-10-02T05:51:36.850906+00:00,2147.066,200,True,True,Ownership transferred successfully
1274,TX0001274,DRUG000425,2,DIST_05,WH_05,WH_05,TransferOwnership,2026-10-02T05:51:36.851200+00:00,2026-10-02T05:51:38.992363+00:00,2141.130,200,True,True,Ownership transferred successfully
1275,TX0001275,DRUG000425,3,WH_05,RET_025,RET_025,TransferOwnership,2026-10-02T05:51:38.993555+00:00,2026-10-02T05:51:41.155090+00:00,2161.506,200,True,True,Ownership transferred successfully
1276,TX0001276,DRUG000426,1,MFG_06,DIST_06,DIST_06,TransferOwnership,2026-10-02T05:51:41.155284+00:00,2026-10-02T05:51:43.372437+00:00,2152.249,200,True,True,Ownership transferred successfully
1277,TX0001277,DRUG000426,2,DIST_06,WH_06,WH_06,TransferOwnership,2026-10-02T05:51:43.372691+00:00,2026-10-02T05:51:45.526137+00:00,2153.425,200,True,True,Ownership transferred successfully
1278,TX0001278,DRUG000426,3,WH_06,RET_026,RET_026,TransferOwnership,2026-10-02T05:51:45.526319+00:00,2026-10-02T05:51:47.684249+00:00,2157.910,200,True,True,Ownership transferred successfully
1279,TX0001279,DRUG000427,1,MFG_07,DIST_07,DIST_07,TransferOwnership,2026-10-02T05:51:47.684447+00:00,2026-10-02T05:51:49.838084+00:00,2153.620,200,True,True,Ownership transferred successfully
1280,TX0001280,DRUG000427,2,DIST_07,WH_07,WH_07,TransferOwnership,2026-10-02T05:51:49.838317+00:00,2026-10-02T05:51:51.976262+00:00,2137.923,200,True,True,Ownership transferred successfully
1281,TX0001281,DRUG000427,3,WH_07,RET_027,RET_027,TransferOwnership,2026-10-02T05:51:51.976457+00:00,2026-10-02T05:51:54.133716+00:00,2157.245,200,True,True,Ownership transferred successfully
1282,TX0001282,DRUG000428,1,MFG_08,DIST_08,DIST_08,TransferOwnership,2026-10-02T05:51:54.133974+00:00,2026-10-02T05:51:56.275991+00:00,2141.999,200,True,True,Ownership transferred successfully
1283,TX0001283,DRUG000428,2,DIST_08,WH_08,WH_08,TransferOwnership,2026-10-02T05:51:56.276129+00:00,2026-10-02T05:51:58.381895+00:00,2105.756,200,True,True,Ownership transferred successfully
1284,TX0001284,DRUG000428,3,WH_08,RET_028,RET_028,TransferOwnership,2026-10-02T05:51:58.382108+00:00,2026-10-02T05:52:00.485848+00:00,2103.720,200,True,True,Ownership transferred successfully
1285,TX0001285,DRUG000429,1,MFG_09,DIST_09,DIST_09,TransferOwnership,2026-10-02T05:52:00.486014+00:00,2026-10-02T05:52:02.630538+00:00,2144.506,200,True,True,Ownership transferred successfully
1286,TX0001286,DRUG000429,2,DIST_09,WH_09,WH_09,TransferOwnership,2026-10-02T05:52:02.630700+00:00,2026-10-02T05:52:04.740921+00:00,2110.209,200,True,True,Ownership transferred successfully
1287,TX0001287,DRUG000429,3,WH_09,RET_029,RET_029,TransferOwnership,2026-10-02T05:52:04.741722+00:00,2026-10-02T05:52:06.888213+00:00,2146.439,200,True,True,Ownership transferred successfully
1288,TX0001288,DRUG000430,1,MFG_10,DIST_10,DIST_10,TransferOwnership,2026-10-02T05:52:06.888418+00:00,2026-10-02T05:52:09.033956+00:00,2145.520,200,True,True,Ownership transferred successfully
1289,TX0001289,DRUG000430,2,DIST_10,WH_10,WH_10,TransferOwnership,2026-10-02T05:52:09.034148+00:00,2026-10-02T05:52:11.161477+00:00,2127.314,200,True,True,Ownership transferred successfully
1290,TX0001290,DRUG000430,3,WH_10,RET_030,RET_030,TransferOwnership,2026-10-02T05:52:11.161617+00:00,2026-10-02T05:52:13.339167+00:00,2132.503,200,True,True,Ownership transferred successfully
1291,TX0001291,DRUG000431,1,MFG_01,DIST_11,DIST_11,TransferOwnership,2026-10-02T05:52:13.339340+00:00,2026-10-02T05:52:15.489472+00:00,2150.118,200,True,True,Ownership transferred successfully
1292,TX0001292,DRUG000431,2,DIST_11,WH_11,WH_11,TransferOwnership,2026-10-02T05:52:15.489644+00:00,2026-10-02T05:52:17.623610+00:00,2133.953,200,True,True,Ownership transferred successfully
1293,TX0001293,DRUG000431,3,WH_11,RET_031,RET_031,TransferOwnership,2026-10-02T05:52:17.623825+00:00,2026-10-02T05:52:19.757996+00:00,2134.152,200,True,True,Ownership transferred successfully
1294,TX0001294,DRUG000432,1,MFG_02,DIST_12,DIST_12,TransferOwnership,2026-10-02T05:52:19.758175+00:00,2026-10-02T05:52:21.912044+00:00,2153.850,200,True,True,Ownership transferred successfully
1295,TX0001295,DRUG000432,2,DIST_12,WH_12,WH_12,TransferOwnership,2026-10-02T05:52:21.912273+00:00,2026-10-02T05:52:24.045928+00:00,2133.637,200,True,True,Ownership transferred successfully
1296,TX0001296,DRUG000432,3,WH_12,RET_032,RET_032,TransferOwnership,2026-10-02T05:52:24.046068+00:00,2026-10-02T05:52:26.186604+00:00,2140.524,200,True,True,Ownership transferred successfully
1297,TX0001297,DRUG000433,1,MFG_03,DIST_13,DIST_13,TransferOwnership,2026-10-02T05:52:26.186813+00:00,2026-10-02T05:52:28.304593+00:00,2117.759,200,True,True,Ownership transferred successfully
1298,TX0001298,DRUG000433,2,DIST_13,WH_13,WH_13,TransferOwnership,2026-10-02T05:52:28.305022+00:00,2026-10-02T05:52:30.429908+00:00,2124.838,200,True,True,Ownership transferred successfully
1299,TX0001299,DRUG000433,3,WH_13,RET_033,RET_033,TransferOwnership,2026-10-02T05:52:30.430103+00:00,2026-10-02T05:52:32.571689+00:00,2141.564,200,True,True,Ownership transferred successfully
1300,TX0001300,DRUG000434,1,MFG_04,DIST_14,DIST_14,TransferOwnership,2026-10-02T05:52:32.571901+00:00,2026-10-02T05:52:34.720396+00:00,2148.475,200,True,True,Ownership transferred successfully
1301,TX0001301,DRUG000434,2,DIST_14,WH_14,WH_14,TransferOwnership,2026-10-02T05:52:34.720560+00:00,2026-10-02T05:52:36.857768+00:00,2137.192,200,True,True,Ownership transferred successfully
1302,TX0001302,DRUG000434,3,WH_14,RET_034,RET_034,TransferOwnership,2026-10-02T05:52:36.857955+00:00,2026-10-02T05:52:38.990351+00:00,2132.379,200,True,True,Ownership transferred successfully
1303,TX0001303,DRUG000435,1,MFG_05,DIST_15,DIST_15,TransferOwnership,2026-10-02T05:52:38.990514+00:00,2026-10-02T05:52:41.131871+00:00,2141.346,200,True,True,Ownership transferred successfully
1304,TX0001304,DRUG000435,2,DIST_15,WH_15,WH_15,TransferOwnership,2026-10-02T05:52:41.132036+00:00,2026-10-02T05:52:43.334938+00:00,2144.601,200,True,True,Ownership transferred successfully
1305,TX0001305,DRUG000435,3,WH_15,RET_035,RET_035,TransferOwnership,2026-10-02T05:52:43.335113+00:00,2026-10-02T05:52:45.467246+00:00,2132.118,200,True,True,Ownership transferred successfully
1306,TX0001306,DRUG000436,1,MFG_06,DIST_01,DIST_01,TransferOwnership,2026-10-02T05:52:45.467428+00:00,2026-10-02T05:52:47.608907+00:00,2141.466,200,True,True,Ownership transferred successfully
1307,TX0001307,DRUG000436,2,DIST_01,WH_16,WH_16,TransferOwnership,2026-10-02T05:52:47.609118+00:00,2026-10-02T05:52:49.748792+00:00,2139.654,200,True,True,Ownership transferred successfully
1308,TX0001308,DRUG000436,3,WH_16,RET_036,RET_036,TransferOwnership,2026-10-02T05:52:49.748983+00:00,2026-10-02T05:52:51.883769+00:00,2134.766,200,True,True,Ownership transferred successfully
1309,TX0001309,DRUG000437,1,MFG_07,DIST_02,DIST_02,TransferOwnership,2026-10-02T05:52:51.883957+00:00,2026-10-02T05:52:54.034926+00:00,2150.956,200,True,True,Ownership transferred successfully
1310,TX0001310,DRUG000437,2,DIST_02,WH_17,WH_17,TransferOwnership,2026-10-02T05:52:54.036267+00:00,2026-10-02T05:52:56.155518+00:00,2119.225,200,True,True,Ownership transferred successfully
1311,TX0001311,DRUG000437,3,WH_17,RET_037,RET_037,TransferOwnership,2026-10-02T05:52:56.155695+00:00,2026-10-02T05:52:58.264930+00:00,2109.221,200,True,True,Ownership transferred successfully
1312,TX0001312,DRUG000438,1,MFG_08,DIST_03,DIST_03,TransferOwnership,2026-10-02T05:52:58.265093+00:00,2026-10-02T05:53:00.411131+00:00,2146.021,200,True,True,Ownership transferred successfully
1313,TX0001313,DRUG000438,2,DIST_03,WH_18,WH_18,TransferOwnership,2026-10-02T05:53:00.411286+00:00,2026-10-02T05:53:02.543821+00:00,2132.525,200,True,True,Ownership transferred successfully
1314,TX0001314,DRUG000438,3,WH_18,RET_038,RET_038,TransferOwnership,2026-10-02T05:53:02.543986+00:00,2026-10-02T05:53:04.686810+00:00,2142.806,200,True,True,Ownership transferred successfully
1315,TX0001315,DRUG000439,1,MFG_09,DIST_04,DIST_04,TransferOwnership,2026-10-02T05:53:04.687024+00:00,2026-10-02T05:53:06.802915+00:00,2115.632,200,True,True,Ownership transferred successfully
1316,TX0001316,DRUG000439,2,DIST_04,WH_19,WH_19,TransferOwnership,2026-10-02T05:53:06.803055+00:00,2026-10-02T05:53:08.938060+00:00,2134.992,200,True,True,Ownership transferred successfully
1317,TX0001317,DRUG000439,3,WH_19,RET_039,RET_039,TransferOwnership,2026-10-02T05:53:08.938247+00:00,2026-10-02T05:53:11.087050+00:00,2148.785,200,True,True,Ownership transferred successfully
1318,TX0001318,DRUG000440,1,MFG_10,DIST_05,DIST_05,TransferOwnership,2026-10-02T05:53:11.087301+00:00,2026-10-02T05:53:13.264962+00:00,2149.245,200,True,True,Ownership transferred successfully
1319,TX0001319,DRUG000440,2,DIST_05,WH_20,WH_20,TransferOwnership,2026-10-02T05:53:13.265141+00:00,2026-10-02T05:53:15.394007+00:00,2128.849,200,True,True,Ownership transferred successfully
1320,TX0001320,DRUG000440,3,WH_20,RET_040,RET_040,TransferOwnership,2026-10-02T05:53:15.394179+00:00,2026-10-02T05:53:17.530245+00:00,2136.054,200,True,True,Ownership transferred successfully
1321,TX0001321,DRUG000441,1,MFG_01,DIST_06,DIST_06,TransferOwnership,2026-10-02T05:53:17.530435+00:00,2026-10-02T05:53:19.675721+00:00,2145.275,200,True,True,Ownership transferred successfully
1322,TX0001322,DRUG000441,2,DIST_06,WH_01,WH_01,TransferOwnership,2026-10-02T05:53:19.676682+00:00,2026-10-02T05:53:21.807554+00:00,2130.848,200,True,True,Ownership transferred successfully
1323,TX0001323,DRUG000441,3,WH_01,RET_041,RET_041,TransferOwnership,2026-10-02T05:53:21.807722+00:00,2026-10-02T05:53:23.922113+00:00,2114.373,200,True,True,Ownership transferred successfully
1324,TX0001324,DRUG000442,1,MFG_02,DIST_07,DIST_07,TransferOwnership,2026-10-02T05:53:23.922311+00:00,2026-10-02T05:53:26.030016+00:00,2107.687,200,True,True,Ownership transferred successfully
1325,TX0001325,DRUG000442,2,DIST_07,WH_02,WH_02,TransferOwnership,2026-10-02T05:53:26.030192+00:00,2026-10-02T05:53:28.146483+00:00,2116.273,200,True,True,Ownership transferred successfully
1326,TX0001326,DRUG000442,3,WH_02,RET_042,RET_042,TransferOwnership,2026-10-02T05:53:28.146678+00:00,2026-10-02T05:53:30.286099+00:00,2139.400,200,True,True,Ownership transferred successfully
1327,TX0001327,DRUG000443,1,MFG_03,DIST_08,DIST_08,TransferOwnership,2026-10-02T05:53:30.286303+00:00,2026-10-02T05:53:32.440034+00:00,2153.713,200,True,True,Ownership transferred successfully
1328,TX0001328,DRUG000443,2,DIST_08,WH_03,WH_03,TransferOwnership,2026-10-02T05:53:32.440185+00:00,2026-10-02T05:53:34.576611+00:00,2136.413,200,True,True,Ownership transferred successfully
1329,TX0001329,DRUG000443,3,WH_03,RET_043,RET_043,TransferOwnership,2026-10-02T05:53:34.576935+00:00,2026-10-02T05:53:36.716457+00:00,2139.501,200,True,True,Ownership transferred successfully
1330,TX0001330,DRUG000444,1,MFG_04,DIST_09,DIST_09,TransferOwnership,2026-10-02T05:53:36.717470+00:00,2026-10-02T05:53:38.864113+00:00,2146.612,200,True,True,Ownership transferred successfully
1331,TX0001331,DRUG000444,2,DIST_09,WH_04,WH_04,TransferOwnership,2026-10-02T05:53:38.864264+00:00,2026-10-02T05:53:41.007228+00:00,2142.948,200,True,True,Ownership transferred successfully
1332,TX0001332,DRUG000444,3,WH_04,RET_044,RET_044,TransferOwnership,2026-10-02T05:53:41.007403+00:00,2026-10-02T05:53:43.189313+00:00,2115.384,200,True,True,Ownership transferred successfully
1333,TX0001333,DRUG000445,1,MFG_05,DIST_10,DIST_10,TransferOwnership,2026-10-02T05:53:43.189592+00:00,2026-10-02T05:53:45.327391+00:00,2137.784,200,True,True,Ownership transferred successfully
1334,TX0001334,DRUG000445,2,DIST_10,WH_05,WH_05,TransferOwnership,2026-10-02T05:53:45.327565+00:00,2026-10-02T05:53:47.453607+00:00,2126.026,200,True,True,Ownership transferred successfully
1335,TX0001335,DRUG000445,3,WH_05,RET_045,RET_045,TransferOwnership,2026-10-02T05:53:47.453755+00:00,2026-10-02T05:53:49.591856+00:00,2138.089,200,True,True,Ownership transferred successfully
1336,TX0001336,DRUG000446,1,MFG_06,DIST_11,DIST_11,TransferOwnership,2026-10-02T05:53:49.592040+00:00,2026-10-02T05:53:51.717816+00:00,2125.759,200,True,True,Ownership transferred successfully
1337,TX0001337,DRUG000446,2,DIST_11,WH_06,WH_06,TransferOwnership,2026-10-02T05:53:51.717991+00:00,2026-10-02T05:53:53.842885+00:00,2124.875,200,True,True,Ownership transferred successfully
1338,TX0001338,DRUG000446,3,WH_06,RET_046,RET_046,TransferOwnership,2026-10-02T05:53:53.843072+00:00,2026-10-02T05:53:55.942271+00:00,2099.181,200,True,True,Ownership transferred successfully
1339,TX0001339,DRUG000447,1,MFG_07,DIST_12,DIST_12,TransferOwnership,2026-10-02T05:53:55.942466+00:00,2026-10-02T05:53:58.108495+00:00,2166.011,200,True,True,Ownership transferred successfully
1340,TX0001340,DRUG000447,2,DIST_12,WH_07,WH_07,TransferOwnership,2026-10-02T05:53:58.108663+00:00,2026-10-02T05:54:00.243244+00:00,2134.565,200,True,True,Ownership transferred successfully
1341,TX0001341,DRUG000447,3,WH_07,RET_047,RET_047,TransferOwnership,2026-10-02T05:54:00.243410+00:00,2026-10-02T05:54:02.367512+00:00,2124.088,200,True,True,Ownership transferred successfully
1342,TX0001342,DRUG000448,1,MFG_08,DIST_13,DIST_13,TransferOwnership,2026-10-02T05:54:02.367675+00:00,2026-10-02T05:54:04.511914+00:00,2144.223,200,True,True,Ownership transferred successfully
1343,TX0001343,DRUG000448,2,DIST_13,WH_08,WH_08,TransferOwnership,2026-10-02T05:54:04.512092+00:00,2026-10-02T05:54:06.645236+00:00,2133.127,200,True,True,Ownership transferred successfully
1344,TX0001344,DRUG000448,3,WH_08,RET_048,RET_048,TransferOwnership,2026-10-02T05:54:06.645411+00:00,2026-10-02T05:54:08.774423+00:00,2128.996,200,True,True,Ownership transferred successfully
1345,TX0001345,DRUG000449,1,MFG_09,DIST_14,DIST_14,TransferOwnership,2026-10-02T05:54:08.774678+00:00,2026-10-02T05:54:10.920989+00:00,2146.291,200,True,True,Ownership transferred successfully
1346,TX0001346,DRUG000449,2,DIST_14,WH_09,WH_09,TransferOwnership,2026-10-02T05:54:10.921165+00:00,2026-10-02T05:54:13.095017+00:00,2142.547,200,True,True,Ownership transferred successfully
1347,TX0001347,DRUG000449,3,WH_09,RET_049,RET_049,TransferOwnership,2026-10-02T05:54:13.095208+00:00,2026-10-02T05:54:15.228498+00:00,2133.271,200,True,True,Ownership transferred successfully
1348,TX0001348,DRUG000450,1,MFG_10,DIST_15,DIST_15,TransferOwnership,2026-10-02T05:54:15.228656+00:00,2026-10-02T05:54:17.387389+00:00,2158.720,200,True,True,Ownership transferred successfully
1349,TX0001349,DRUG000450,2,DIST_15,WH_10,WH_10,TransferOwnership,2026-10-02T05:54:17.388198+00:00,2026-10-02T05:54:19.519580+00:00,2131.359,200,True,True,Ownership transferred successfully
1350,TX0001350,DRUG000450,3,WH_10,RET_050,RET_050,TransferOwnership,2026-10-02T05:54:19.519732+00:00,2026-10-02T05:54:21.646952+00:00,2127.208,200,True,True,Ownership transferred successfully
1351,TX0001351,DRUG000451,1,MFG_01,DIST_01,DIST_01,TransferOwnership,2026-10-02T05:54:21.647097+00:00,2026-10-02T05:54:23.785645+00:00,2138.538,200,True,True,Ownership transferred successfully
1352,TX0001352,DRUG000451,2,DIST_01,WH_11,WH_11,TransferOwnership,2026-10-02T05:54:23.785812+00:00,2026-10-02T05:54:25.899177+00:00,2113.347,200,True,True,Ownership transferred successfully
1353,TX0001353,DRUG000451,3,WH_11,RET_001,RET_001,TransferOwnership,2026-10-02T05:54:25.899396+00:00,2026-10-02T05:54:28.035330+00:00,2135.903,200,True,True,Ownership transferred successfully
1354,TX0001354,DRUG000452,1,MFG_02,DIST_02,DIST_02,TransferOwnership,2026-10-02T05:54:28.035474+00:00,2026-10-02T05:54:30.198484+00:00,2162.998,200,True,True,Ownership transferred successfully
1355,TX0001355,DRUG000452,2,DIST_02,WH_12,WH_12,TransferOwnership,2026-10-02T05:54:30.198646+00:00,2026-10-02T05:54:32.316860+00:00,2118.200,200,True,True,Ownership transferred successfully
1356,TX0001356,DRUG000452,3,WH_12,RET_002,RET_002,TransferOwnership,2026-10-02T05:54:32.317010+00:00,2026-10-02T05:54:34.432499+00:00,2115.478,200,True,True,Ownership transferred successfully
1357,TX0001357,DRUG000453,1,MFG_03,DIST_03,DIST_03,TransferOwnership,2026-10-02T05:54:34.433346+00:00,2026-10-02T05:54:36.576680+00:00,2143.311,200,True,True,Ownership transferred successfully
1358,TX0001358,DRUG000453,2,DIST_03,WH_13,WH_13,TransferOwnership,2026-10-02T05:54:36.576881+00:00,2026-10-02T05:54:38.674819+00:00,2097.920,200,True,True,Ownership transferred successfully
1359,TX0001359,DRUG000453,3,WH_13,RET_003,RET_003,TransferOwnership,2026-10-02T05:54:38.674970+00:00,2026-10-02T05:54:40.784824+00:00,2109.842,200,True,True,Ownership transferred successfully
1360,TX0001360,DRUG000454,1,MFG_04,DIST_04,DIST_04,TransferOwnership,2026-10-02T05:54:40.785022+00:00,2026-10-02T05:54:42.996447+00:00,2147.656,200,True,True,Ownership transferred successfully
1361,TX0001361,DRUG000454,2,DIST_04,WH_14,WH_14,TransferOwnership,2026-10-02T05:54:42.996633+00:00,2026-10-02T05:54:45.142935+00:00,2146.283,200,True,True,Ownership transferred successfully
1362,TX0001362,DRUG000454,3,WH_14,RET_004,RET_004,TransferOwnership,2026-10-02T05:54:45.143113+00:00,2026-10-02T05:54:47.291913+00:00,2148.784,200,True,True,Ownership transferred successfully
1363,TX0001363,DRUG000455,1,MFG_05,DIST_05,DIST_05,TransferOwnership,2026-10-02T05:54:47.292109+00:00,2026-10-02T05:54:49.440758+00:00,2148.636,200,True,True,Ownership transferred successfully
1364,TX0001364,DRUG000455,2,DIST_05,WH_15,WH_15,TransferOwnership,2026-10-02T05:54:49.440929+00:00,2026-10-02T05:54:51.577675+00:00,2136.729,200,True,True,Ownership transferred successfully
1365,TX0001365,DRUG000455,3,WH_15,RET_005,RET_005,TransferOwnership,2026-10-02T05:54:51.577854+00:00,2026-10-02T05:54:53.712380+00:00,2134.505,200,True,True,Ownership transferred successfully
1366,TX0001366,DRUG000456,1,MFG_06,DIST_06,DIST_06,TransferOwnership,2026-10-02T05:54:53.712581+00:00,2026-10-02T05:54:55.852509+00:00,2139.908,200,True,True,Ownership transferred successfully
1367,TX0001367,DRUG000456,2,DIST_06,WH_16,WH_16,TransferOwnership,2026-10-02T05:54:55.852779+00:00,2026-10-02T05:54:57.987263+00:00,2134.456,200,True,True,Ownership transferred successfully
1368,TX0001368,DRUG000456,3,WH_16,RET_006,RET_006,TransferOwnership,2026-10-02T05:54:57.987620+00:00,2026-10-02T05:55:00.104482+00:00,2116.831,200,True,True,Ownership transferred successfully
1369,TX0001369,DRUG000457,1,MFG_07,DIST_07,DIST_07,TransferOwnership,2026-10-02T05:55:00.104677+00:00,2026-10-02T05:55:02.247030+00:00,2142.333,200,True,True,Ownership transferred successfully
1370,TX0001370,DRUG000457,2,DIST_07,WH_17,WH_17,TransferOwnership,2026-10-02T05:55:02.247242+00:00,2026-10-02T05:55:04.382962+00:00,2135.704,200,True,True,Ownership transferred successfully
1371,TX0001371,DRUG000457,3,WH_17,RET_007,RET_007,TransferOwnership,2026-10-02T05:55:04.383208+00:00,2026-10-02T05:55:06.504135+00:00,2120.908,200,True,True,Ownership transferred successfully
1372,TX0001372,DRUG000458,1,MFG_08,DIST_08,DIST_08,TransferOwnership,2026-10-02T05:55:06.504343+00:00,2026-10-02T05:55:08.621781+00:00,2117.421,200,True,True,Ownership transferred successfully
1373,TX0001373,DRUG000458,2,DIST_08,WH_18,WH_18,TransferOwnership,2026-10-02T05:55:08.621966+00:00,2026-10-02T05:55:10.720411+00:00,2098.427,200,True,True,Ownership transferred successfully
1374,TX0001374,DRUG000458,3,WH_18,RET_008,RET_008,TransferOwnership,2026-10-02T05:55:10.720585+00:00,2026-10-02T05:55:12.886323+00:00,2130.700,200,True,True,Ownership transferred successfully
1375,TX0001375,DRUG000459,1,MFG_09,DIST_09,DIST_09,TransferOwnership,2026-10-02T05:55:12.886571+00:00,2026-10-02T05:55:15.039526+00:00,2152.933,200,True,True,Ownership transferred successfully
1376,TX0001376,DRUG000459,2,DIST_09,WH_19,WH_19,TransferOwnership,2026-10-02T05:55:15.039787+00:00,2026-10-02T05:55:17.219047+00:00,2179.240,200,True,True,Ownership transferred successfully
1377,TX0001377,DRUG000459,3,WH_19,RET_009,RET_009,TransferOwnership,2026-10-02T05:55:17.219225+00:00,2026-10-02T05:55:19.344282+00:00,2125.042,200,True,True,Ownership transferred successfully
1378,TX0001378,DRUG000460,1,MFG_10,DIST_10,DIST_10,TransferOwnership,2026-10-02T05:55:19.344555+00:00,2026-10-02T05:55:21.482130+00:00,2137.555,200,True,True,Ownership transferred successfully
1379,TX0001379,DRUG000460,2,DIST_10,WH_20,WH_20,TransferOwnership,2026-10-02T05:55:21.482405+00:00,2026-10-02T05:55:23.619961+00:00,2137.532,200,True,True,Ownership transferred successfully
1380,TX0001380,DRUG000460,3,WH_20,RET_010,RET_010,TransferOwnership,2026-10-02T05:55:23.621113+00:00,2026-10-02T05:55:25.778769+00:00,2157.625,200,True,True,Ownership transferred successfully
1381,TX0001381,DRUG000461,1,MFG_01,DIST_11,DIST_11,TransferOwnership,2026-10-02T05:55:25.778913+00:00,2026-10-02T05:55:27.926995+00:00,2148.067,200,True,True,Ownership transferred successfully
1382,TX0001382,DRUG000461,2,DIST_11,WH_01,WH_01,TransferOwnership,2026-10-02T05:55:27.927237+00:00,2026-10-02T05:55:30.065894+00:00,2138.635,200,True,True,Ownership transferred successfully
1383,TX0001383,DRUG000461,3,WH_01,RET_011,RET_011,TransferOwnership,2026-10-02T05:55:30.066023+00:00,2026-10-02T05:55:32.157569+00:00,2091.535,200,True,True,Ownership transferred successfully
1384,TX0001384,DRUG000462,1,MFG_02,DIST_12,DIST_12,TransferOwnership,2026-10-02T05:55:32.157744+00:00,2026-10-02T05:55:34.278144+00:00,2120.382,200,True,True,Ownership transferred successfully
1385,TX0001385,DRUG000462,2,DIST_12,WH_02,WH_02,TransferOwnership,2026-10-02T05:55:34.278301+00:00,2026-10-02T05:55:36.411409+00:00,2133.096,200,True,True,Ownership transferred successfully
1386,TX0001386,DRUG000462,3,WH_02,RET_012,RET_012,TransferOwnership,2026-10-02T05:55:36.411649+00:00,2026-10-02T05:55:38.537076+00:00,2125.410,200,True,True,Ownership transferred successfully
1387,TX0001387,DRUG000463,1,MFG_03,DIST_13,DIST_13,TransferOwnership,2026-10-02T05:55:38.537269+00:00,2026-10-02T05:55:40.672371+00:00,2135.082,200,True,True,Ownership transferred successfully
1388,TX0001388,DRUG000463,2,DIST_13,WH_03,WH_03,TransferOwnership,2026-10-02T05:55:40.675063+00:00,2026-10-02T05:55:42.858974+00:00,2121.947,200,True,True,Ownership transferred successfully
1389,TX0001389,DRUG000463,3,WH_03,RET_013,RET_013,TransferOwnership,2026-10-02T05:55:42.859149+00:00,2026-10-02T05:55:44.983081+00:00,2123.917,200,True,True,Ownership transferred successfully
1390,TX0001390,DRUG000464,1,MFG_04,DIST_14,DIST_14,TransferOwnership,2026-10-02T05:55:44.983333+00:00,2026-10-02T05:55:47.123002+00:00,2139.597,200,True,True,Ownership transferred successfully
1391,TX0001391,DRUG000464,2,DIST_14,WH_04,WH_04,TransferOwnership,2026-10-02T05:55:47.123835+00:00,2026-10-02T05:55:49.270104+00:00,2146.243,200,True,True,Ownership transferred successfully
1392,TX0001392,DRUG000464,3,WH_04,RET_014,RET_014,TransferOwnership,2026-10-02T05:55:49.270363+00:00,2026-10-02T05:55:51.406808+00:00,2136.424,200,True,True,Ownership transferred successfully
1393,TX0001393,DRUG000465,1,MFG_05,DIST_15,DIST_15,TransferOwnership,2026-10-02T05:55:51.407042+00:00,2026-10-02T05:55:53.557673+00:00,2150.607,200,True,True,Ownership transferred successfully
1394,TX0001394,DRUG000465,2,DIST_15,WH_05,WH_05,TransferOwnership,2026-10-02T05:55:53.557909+00:00,2026-10-02T05:55:55.758323+00:00,2200.391,200,True,True,Ownership transferred successfully
1395,TX0001395,DRUG000465,3,WH_05,RET_015,RET_015,TransferOwnership,2026-10-02T05:55:55.758630+00:00,2026-10-02T05:55:57.904266+00:00,2145.612,200,True,True,Ownership transferred successfully
1396,TX0001396,DRUG000466,1,MFG_06,DIST_01,DIST_01,TransferOwnership,2026-10-02T05:55:57.904444+00:00,2026-10-02T05:56:00.064507+00:00,2160.052,200,True,True,Ownership transferred successfully
1397,TX0001397,DRUG000466,2,DIST_01,WH_06,WH_06,TransferOwnership,2026-10-02T05:56:00.064651+00:00,2026-10-02T05:56:02.198750+00:00,2134.087,200,True,True,Ownership transferred successfully
1398,TX0001398,DRUG000466,3,WH_06,RET_016,RET_016,TransferOwnership,2026-10-02T05:56:02.198946+00:00,2026-10-02T05:56:04.302091+00:00,2103.121,200,True,True,Ownership transferred successfully
1399,TX0001399,DRUG000467,1,MFG_07,DIST_02,DIST_02,TransferOwnership,2026-10-02T05:56:04.302256+00:00,2026-10-02T05:56:06.451942+00:00,2149.673,200,True,True,Ownership transferred successfully
1400,TX0001400,DRUG000467,2,DIST_02,WH_07,WH_07,TransferOwnership,2026-10-02T05:56:06.452133+00:00,2026-10-02T05:56:08.577902+00:00,2125.751,200,True,True,Ownership transferred successfully
1401,TX0001401,DRUG000467,3,WH_07,RET_017,RET_017,TransferOwnership,2026-10-02T05:56:08.578092+00:00,2026-10-02T05:56:10.714770+00:00,2136.657,200,True,True,Ownership transferred successfully
1402,TX0001402,DRUG000468,1,MFG_08,DIST_03,DIST_03,TransferOwnership,2026-10-02T05:56:10.714957+00:00,2026-10-02T05:56:12.885614+00:00,2140.276,200,True,True,Ownership transferred successfully
1403,TX0001403,DRUG000468,2,DIST_03,WH_08,WH_08,TransferOwnership,2026-10-02T05:56:12.886108+00:00,2026-10-02T05:56:15.024274+00:00,2138.130,200,True,True,Ownership transferred successfully
1404,TX0001404,DRUG000468,3,WH_08,RET_018,RET_018,TransferOwnership,2026-10-02T05:56:15.024473+00:00,2026-10-02T05:56:17.160780+00:00,2136.288,200,True,True,Ownership transferred successfully
1405,TX0001405,DRUG000469,1,MFG_09,DIST_04,DIST_04,TransferOwnership,2026-10-02T05:56:17.160973+00:00,2026-10-02T05:56:19.320398+00:00,2159.408,200,True,True,Ownership transferred successfully
1406,TX0001406,DRUG000469,2,DIST_04,WH_09,WH_09,TransferOwnership,2026-10-02T05:56:19.320677+00:00,2026-10-02T05:56:21.465037+00:00,2144.337,200,True,True,Ownership transferred successfully
1407,TX0001407,DRUG000469,3,WH_09,RET_019,RET_019,TransferOwnership,2026-10-02T05:56:21.465253+00:00,2026-10-02T05:56:23.596849+00:00,2131.577,200,True,True,Ownership transferred successfully
1408,TX0001408,DRUG000470,1,MFG_10,DIST_05,DIST_05,TransferOwnership,2026-10-02T05:56:23.597821+00:00,2026-10-02T05:56:25.768387+00:00,2170.531,200,True,True,Ownership transferred successfully
1409,TX0001409,DRUG000470,2,DIST_05,WH_10,WH_10,TransferOwnership,2026-10-02T05:56:25.768723+00:00,2026-10-02T05:56:27.906376+00:00,2137.615,200,True,True,Ownership transferred successfully
1410,TX0001410,DRUG000470,3,WH_10,RET_020,RET_020,TransferOwnership,2026-10-02T05:56:27.906572+00:00,2026-10-02T05:56:30.042154+00:00,2135.567,200,True,True,Ownership transferred successfully
1411,TX0001411,DRUG000471,1,MFG_01,DIST_06,DIST_06,TransferOwnership,2026-10-02T05:56:30.042300+00:00,2026-10-02T05:56:32.189353+00:00,2147.041,200,True,True,Ownership transferred successfully
1412,TX0001412,DRUG000471,2,DIST_06,WH_11,WH_11,TransferOwnership,2026-10-02T05:56:32.189544+00:00,2026-10-02T05:56:34.333966+00:00,2144.406,200,True,True,Ownership transferred successfully
1413,TX0001413,DRUG000471,3,WH_11,RET_021,RET_021,TransferOwnership,2026-10-02T05:56:34.334300+00:00,2026-10-02T05:56:36.470145+00:00,2135.832,200,True,True,Ownership transferred successfully
1414,TX0001414,DRUG000472,1,MFG_02,DIST_07,DIST_07,TransferOwnership,2026-10-02T05:56:36.470306+00:00,2026-10-02T05:56:38.580325+00:00,2110.008,200,True,True,Ownership transferred successfully
1415,TX0001415,DRUG000472,2,DIST_07,WH_12,WH_12,TransferOwnership,2026-10-02T05:56:38.580749+00:00,2026-10-02T05:56:40.728579+00:00,2147.801,200,True,True,Ownership transferred successfully
1416,TX0001416,DRUG000472,3,WH_12,RET_022,RET_022,TransferOwnership,2026-10-02T05:56:40.728779+00:00,2026-10-02T05:56:42.908120+00:00,2114.948,200,True,True,Ownership transferred successfully
1417,TX0001417,DRUG000473,1,MFG_03,DIST_08,DIST_08,TransferOwnership,2026-10-02T05:56:42.908288+00:00,2026-10-02T05:56:45.043479+00:00,2135.174,200,True,True,Ownership transferred successfully
1418,TX0001418,DRUG000473,2,DIST_08,WH_13,WH_13,TransferOwnership,2026-10-02T05:56:45.043731+00:00,2026-10-02T05:56:47.169754+00:00,2125.998,200,True,True,Ownership transferred successfully
1419,TX0001419,DRUG000473,3,WH_13,RET_023,RET_023,TransferOwnership,2026-10-02T05:56:47.169957+00:00,2026-10-02T05:56:49.295464+00:00,2125.487,200,True,True,Ownership transferred successfully
1420,TX0001420,DRUG000474,1,MFG_04,DIST_09,DIST_09,TransferOwnership,2026-10-02T05:56:49.295638+00:00,2026-10-02T05:56:51.442626+00:00,2146.971,200,True,True,Ownership transferred successfully
1421,TX0001421,DRUG000474,2,DIST_09,WH_14,WH_14,TransferOwnership,2026-10-02T05:56:51.442821+00:00,2026-10-02T05:56:53.586799+00:00,2143.959,200,True,True,Ownership transferred successfully
1422,TX0001422,DRUG000474,3,WH_14,RET_024,RET_024,TransferOwnership,2026-10-02T05:56:53.587003+00:00,2026-10-02T05:56:55.732528+00:00,2145.507,200,True,True,Ownership transferred successfully
1423,TX0001423,DRUG000475,1,MFG_05,DIST_10,DIST_10,TransferOwnership,2026-10-02T05:56:55.732731+00:00,2026-10-02T05:56:57.880597+00:00,2147.852,200,True,True,Ownership transferred successfully
1424,TX0001424,DRUG000475,2,DIST_10,WH_15,WH_15,TransferOwnership,2026-10-02T05:56:57.880743+00:00,2026-10-02T05:57:00.018276+00:00,2137.521,200,True,True,Ownership transferred successfully
1425,TX0001425,DRUG000475,3,WH_15,RET_025,RET_025,TransferOwnership,2026-10-02T05:57:00.018461+00:00,2026-10-02T05:57:02.147893+00:00,2129.412,200,True,True,Ownership transferred successfully
1426,TX0001426,DRUG000476,1,MFG_06,DIST_11,DIST_11,TransferOwnership,2026-10-02T05:57:02.148782+00:00,2026-10-02T05:57:04.286924+00:00,2138.119,200,True,True,Ownership transferred successfully
1427,TX0001427,DRUG000476,2,DIST_11,WH_16,WH_16,TransferOwnership,2026-10-02T05:57:04.287959+00:00,2026-10-02T05:57:06.415962+00:00,2127.975,200,True,True,Ownership transferred successfully
1428,TX0001428,DRUG000476,3,WH_16,RET_026,RET_026,TransferOwnership,2026-10-02T05:57:06.416136+00:00,2026-10-02T05:57:08.519672+00:00,2103.515,200,True,True,Ownership transferred successfully
1429,TX0001429,DRUG000477,1,MFG_07,DIST_12,DIST_12,TransferOwnership,2026-10-02T05:57:08.519843+00:00,2026-10-02T05:57:10.654115+00:00,2134.253,200,True,True,Ownership transferred successfully
1430,TX0001430,DRUG000477,2,DIST_12,WH_17,WH_17,TransferOwnership,2026-10-02T05:57:10.654318+00:00,2026-10-02T05:57:12.800136+00:00,2117.460,200,True,True,Ownership transferred successfully
1431,TX0001431,DRUG000477,3,WH_17,RET_027,RET_027,TransferOwnership,2026-10-02T05:57:12.800339+00:00,2026-10-02T05:57:14.909794+00:00,2109.438,200,True,True,Ownership transferred successfully
1432,TX0001432,DRUG000478,1,MFG_08,DIST_13,DIST_13,TransferOwnership,2026-10-02T05:57:14.909956+00:00,2026-10-02T05:57:17.082333+00:00,2172.309,200,True,True,Ownership transferred successfully
1433,TX0001433,DRUG000478,2,DIST_13,WH_18,WH_18,TransferOwnership,2026-10-02T05:57:17.082660+00:00,2026-10-02T05:57:19.209610+00:00,2126.929,200,True,True,Ownership transferred successfully
1434,TX0001434,DRUG000478,3,WH_18,RET_028,RET_028,TransferOwnership,2026-10-02T05:57:19.209809+00:00,2026-10-02T05:57:21.355615+00:00,2145.785,200,True,True,Ownership transferred successfully
1435,TX0001435,DRUG000479,1,MFG_09,DIST_14,DIST_14,TransferOwnership,2026-10-02T05:57:21.355832+00:00,2026-10-02T05:57:23.518100+00:00,2162.250,200,True,True,Ownership transferred successfully
1436,TX0001436,DRUG000479,2,DIST_14,WH_19,WH_19,TransferOwnership,2026-10-02T05:57:23.518487+00:00,2026-10-02T05:57:25.762832+00:00,2244.323,200,True,True,Ownership transferred successfully
1437,TX0001437,DRUG000479,3,WH_19,RET_029,RET_029,TransferOwnership,2026-10-02T05:57:25.763034+00:00,2026-10-02T05:57:28.046702+00:00,2283.656,200,True,True,Ownership transferred successfully
1438,TX0001438,DRUG000480,1,MFG_10,DIST_15,DIST_15,TransferOwnership,2026-10-02T05:57:28.048109+00:00,2026-10-02T05:57:30.188805+00:00,2140.663,200,True,True,Ownership transferred successfully
1439,TX0001439,DRUG000480,2,DIST_15,WH_20,WH_20,TransferOwnership,2026-10-02T05:57:30.188954+00:00,2026-10-02T05:57:32.352473+00:00,2163.504,200,True,True,Ownership transferred successfully
1440,TX0001440,DRUG000480,3,WH_20,RET_030,RET_030,TransferOwnership,2026-10-02T05:57:32.352723+00:00,2026-10-02T05:57:34.501073+00:00,2148.330,200,True,True,Ownership transferred successfully
1441,TX0001441,DRUG000481,1,MFG_01,DIST_01,DIST_01,TransferOwnership,2026-10-02T05:57:34.501261+00:00,2026-10-02T05:57:36.685143+00:00,2183.867,200,True,True,Ownership transferred successfully
1442,TX0001442,DRUG000481,2,DIST_01,WH_01,WH_01,TransferOwnership,2026-10-02T05:57:36.685363+00:00,2026-10-02T05:57:38.805604+00:00,2120.221,200,True,True,Ownership transferred successfully
1443,TX0001443,DRUG000481,3,WH_01,RET_031,RET_031,TransferOwnership,2026-10-02T05:57:38.805769+00:00,2026-10-02T05:57:40.946934+00:00,2141.153,200,True,True,Ownership transferred successfully
1444,TX0001444,DRUG000482,1,MFG_02,DIST_02,DIST_02,TransferOwnership,2026-10-02T05:57:40.947087+00:00,2026-10-02T05:57:43.151108+00:00,2143.106,200,True,True,Ownership transferred successfully
1445,TX0001445,DRUG000482,2,DIST_02,WH_02,WH_02,TransferOwnership,2026-10-02T05:57:43.151277+00:00,2026-10-02T05:57:45.285895+00:00,2134.607,200,True,True,Ownership transferred successfully
1446,TX0001446,DRUG000482,3,WH_02,RET_032,RET_032,TransferOwnership,2026-10-02T05:57:45.286098+00:00,2026-10-02T05:57:47.411437+00:00,2125.321,200,True,True,Ownership transferred successfully
1447,TX0001447,DRUG000483,1,MFG_03,DIST_03,DIST_03,TransferOwnership,2026-10-02T05:57:47.411617+00:00,2026-10-02T05:57:49.556022+00:00,2144.386,200,True,True,Ownership transferred successfully
1448,TX0001448,DRUG000483,2,DIST_03,WH_03,WH_03,TransferOwnership,2026-10-02T05:57:49.556198+00:00,2026-10-02T05:57:51.652392+00:00,2096.182,200,True,True,Ownership transferred successfully
1449,TX0001449,DRUG000483,3,WH_03,RET_033,RET_033,TransferOwnership,2026-10-02T05:57:51.653423+00:00,2026-10-02T05:57:53.800688+00:00,2147.234,200,True,True,Ownership transferred successfully
1450,TX0001450,DRUG000484,1,MFG_04,DIST_04,DIST_04,TransferOwnership,2026-10-02T05:57:53.800962+00:00,2026-10-02T05:57:55.939507+00:00,2138.521,200,True,True,Ownership transferred successfully
1451,TX0001451,DRUG000484,2,DIST_04,WH_04,WH_04,TransferOwnership,2026-10-02T05:57:55.939711+00:00,2026-10-02T05:57:58.094470+00:00,2154.742,200,True,True,Ownership transferred successfully
1452,TX0001452,DRUG000484,3,WH_04,RET_034,RET_034,TransferOwnership,2026-10-02T05:57:58.094689+00:00,2026-10-02T05:58:00.240734+00:00,2146.031,200,True,True,Ownership transferred successfully
1453,TX0001453,DRUG000485,1,MFG_05,DIST_05,DIST_05,TransferOwnership,2026-10-02T05:58:00.240913+00:00,2026-10-02T05:58:02.406902+00:00,2165.952,200,True,True,Ownership transferred successfully
1454,TX0001454,DRUG000485,2,DIST_05,WH_05,WH_05,TransferOwnership,2026-10-02T05:58:02.407214+00:00,2026-10-02T05:58:04.551620+00:00,2144.385,200,True,True,Ownership transferred successfully
1455,TX0001455,DRUG000485,3,WH_05,RET_035,RET_035,TransferOwnership,2026-10-02T05:58:04.551743+00:00,2026-10-02T05:58:06.683590+00:00,2131.837,200,True,True,Ownership transferred successfully
1456,TX0001456,DRUG000486,1,MFG_06,DIST_06,DIST_06,TransferOwnership,2026-10-02T05:58:06.683800+00:00,2026-10-02T05:58:08.814952+00:00,2131.131,200,True,True,Ownership transferred successfully
1457,TX0001457,DRUG000486,2,DIST_06,WH_06,WH_06,TransferOwnership,2026-10-02T05:58:08.815104+00:00,2026-10-02T05:58:10.987324+00:00,2172.210,200,True,True,Ownership transferred successfully
1458,TX0001458,DRUG000486,3,WH_06,RET_036,RET_036,TransferOwnership,2026-10-02T05:58:10.987503+00:00,2026-10-02T05:58:13.313411+00:00,2292.930,200,True,True,Ownership transferred successfully
1459,TX0001459,DRUG000487,1,MFG_07,DIST_07,DIST_07,TransferOwnership,2026-10-02T05:58:13.313749+00:00,2026-10-02T05:58:15.482462+00:00,2168.688,200,True,True,Ownership transferred successfully
1460,TX0001460,DRUG000487,2,DIST_07,WH_07,WH_07,TransferOwnership,2026-10-02T05:58:15.482663+00:00,2026-10-02T05:58:17.585279+00:00,2102.596,200,True,True,Ownership transferred successfully
1461,TX0001461,DRUG000487,3,WH_07,RET_037,RET_037,TransferOwnership,2026-10-02T05:58:17.585636+00:00,2026-10-02T05:58:19.733833+00:00,2148.174,200,True,True,Ownership transferred successfully
1462,TX0001462,DRUG000488,1,MFG_08,DIST_08,DIST_08,TransferOwnership,2026-10-02T05:58:19.734053+00:00,2026-10-02T05:58:21.884063+00:00,2149.996,200,True,True,Ownership transferred successfully
1463,TX0001463,DRUG000488,2,DIST_08,WH_08,WH_08,TransferOwnership,2026-10-02T05:58:21.884214+00:00,2026-10-02T05:58:24.089370+00:00,2205.139,200,True,True,Ownership transferred successfully
1464,TX0001464,DRUG000488,3,WH_08,RET_038,RET_038,TransferOwnership,2026-10-02T05:58:24.089642+00:00,2026-10-02T05:58:26.214156+00:00,2124.497,200,True,True,Ownership transferred successfully
1465,TX0001465,DRUG000489,1,MFG_09,DIST_09,DIST_09,TransferOwnership,2026-10-02T05:58:26.214353+00:00,2026-10-02T05:58:28.371453+00:00,2157.080,200,True,True,Ownership transferred successfully
1466,TX0001466,DRUG000489,2,DIST_09,WH_09,WH_09,TransferOwnership,2026-10-02T05:58:28.371815+00:00,2026-10-02T05:58:30.507210+00:00,2135.368,200,True,True,Ownership transferred successfully
1467,TX0001467,DRUG000489,3,WH_09,RET_039,RET_039,TransferOwnership,2026-10-02T05:58:30.507440+00:00,2026-10-02T05:58:32.680729+00:00,2173.267,200,True,True,Ownership transferred successfully
1468,TX0001468,DRUG000490,1,MFG_10,DIST_10,DIST_10,TransferOwnership,2026-10-02T05:58:32.680969+00:00,2026-10-02T05:58:34.822325+00:00,2141.327,200,True,True,Ownership transferred successfully
1469,TX0001469,DRUG000490,2,DIST_10,WH_10,WH_10,TransferOwnership,2026-10-02T05:58:34.822594+00:00,2026-10-02T05:58:36.975748+00:00,2153.133,200,True,True,Ownership transferred successfully
1470,TX0001470,DRUG000490,3,WH_10,RET_040,RET_040,TransferOwnership,2026-10-02T05:58:36.975965+00:00,2026-10-02T05:58:39.116218+00:00,2140.234,200,True,True,Ownership transferred successfully
1471,TX0001471,DRUG000491,1,MFG_01,DIST_11,DIST_11,TransferOwnership,2026-10-02T05:58:39.116366+00:00,2026-10-02T05:58:41.269373+00:00,2152.994,200,True,True,Ownership transferred successfully
1472,TX0001472,DRUG000491,2,DIST_11,WH_11,WH_11,TransferOwnership,2026-10-02T05:58:41.269527+00:00,2026-10-02T05:58:43.428433+00:00,2139.658,200,True,True,Ownership transferred successfully
1473,TX0001473,DRUG000491,3,WH_11,RET_041,RET_041,TransferOwnership,2026-10-02T05:58:43.429630+00:00,2026-10-02T05:58:45.577542+00:00,2147.828,200,True,True,Ownership transferred successfully
1474,TX0001474,DRUG000492,1,MFG_02,DIST_12,DIST_12,TransferOwnership,2026-10-02T05:58:45.577824+00:00,2026-10-02T05:58:47.744744+00:00,2166.907,200,True,True,Ownership transferred successfully
1475,TX0001475,DRUG000492,2,DIST_12,WH_12,WH_12,TransferOwnership,2026-10-02T05:58:47.744915+00:00,2026-10-02T05:58:49.872824+00:00,2127.896,200,True,True,Ownership transferred successfully
1476,TX0001476,DRUG000492,3,WH_12,RET_042,RET_042,TransferOwnership,2026-10-02T05:58:49.873020+00:00,2026-10-02T05:58:52.006737+00:00,2133.697,200,True,True,Ownership transferred successfully
1477,TX0001477,DRUG000493,1,MFG_03,DIST_13,DIST_13,TransferOwnership,2026-10-02T05:58:52.006902+00:00,2026-10-02T05:58:54.152328+00:00,2145.412,200,True,True,Ownership transferred successfully
1478,TX0001478,DRUG000493,2,DIST_13,WH_13,WH_13,TransferOwnership,2026-10-02T05:58:54.152463+00:00,2026-10-02T05:58:56.277622+00:00,2125.150,200,True,True,Ownership transferred successfully
1479,TX0001479,DRUG000493,3,WH_13,RET_043,RET_043,TransferOwnership,2026-10-02T05:58:56.277826+00:00,2026-10-02T05:58:58.366335+00:00,2088.484,200,True,True,Ownership transferred successfully
1480,TX0001480,DRUG000494,1,MFG_04,DIST_14,DIST_14,TransferOwnership,2026-10-02T05:58:58.366575+00:00,2026-10-02T05:59:00.497491+00:00,2130.891,200,True,True,Ownership transferred successfully
1481,TX0001481,DRUG000494,2,DIST_14,WH_14,WH_14,TransferOwnership,2026-10-02T05:59:00.497647+00:00,2026-10-02T05:59:02.635825+00:00,2138.167,200,True,True,Ownership transferred successfully
1482,TX0001482,DRUG000494,3,WH_14,RET_044,RET_044,TransferOwnership,2026-10-02T05:59:02.636006+00:00,2026-10-02T05:59:04.779738+00:00,2143.715,200,True,True,Ownership transferred successfully
1483,TX0001483,DRUG000495,1,MFG_05,DIST_15,DIST_15,TransferOwnership,2026-10-02T05:59:04.779926+00:00,2026-10-02T05:59:07.033063+00:00,2253.121,200,True,True,Ownership transferred successfully
1484,TX0001484,DRUG000495,2,DIST_15,WH_15,WH_15,TransferOwnership,2026-10-02T05:59:07.033831+00:00,2026-10-02T05:59:09.174317+00:00,2140.453,200,True,True,Ownership transferred successfully
1485,TX0001485,DRUG000495,3,WH_15,RET_045,RET_045,TransferOwnership,2026-10-02T05:59:09.174588+00:00,2026-10-02T05:59:11.322853+00:00,2148.243,200,True,True,Ownership transferred successfully
1486,TX0001486,DRUG000496,1,MFG_06,DIST_01,DIST_01,TransferOwnership,2026-10-02T05:59:11.323217+00:00,2026-10-02T05:59:13.529204+00:00,2150.279,200,True,True,Ownership transferred successfully
1487,TX0001487,DRUG000496,2,DIST_01,WH_16,WH_16,TransferOwnership,2026-10-02T05:59:13.529434+00:00,2026-10-02T05:59:15.671503+00:00,2142.050,200,True,True,Ownership transferred successfully
1488,TX0001488,DRUG000496,3,WH_16,RET_046,RET_046,TransferOwnership,2026-10-02T05:59:15.671700+00:00,2026-10-02T05:59:17.822169+00:00,2150.448,200,True,True,Ownership transferred successfully
1489,TX0001489,DRUG000497,1,MFG_07,DIST_02,DIST_02,TransferOwnership,2026-10-02T05:59:17.822339+00:00,2026-10-02T05:59:19.978179+00:00,2155.830,200,True,True,Ownership transferred successfully
1490,TX0001490,DRUG000497,2,DIST_02,WH_17,WH_17,TransferOwnership,2026-10-02T05:59:19.978362+00:00,2026-10-02T05:59:22.121285+00:00,2142.911,200,True,True,Ownership transferred successfully
1491,TX0001491,DRUG000497,3,WH_17,RET_047,RET_047,TransferOwnership,2026-10-02T05:59:22.121435+00:00,2026-10-02T05:59:24.278332+00:00,2156.886,200,True,True,Ownership transferred successfully
1492,TX0001492,DRUG000498,1,MFG_08,DIST_03,DIST_03,TransferOwnership,2026-10-02T05:59:24.278533+00:00,2026-10-02T05:59:26.377218+00:00,2098.668,200,True,True,Ownership transferred successfully
1493,TX0001493,DRUG000498,2,DIST_03,WH_18,WH_18,TransferOwnership,2026-10-02T05:59:26.377373+00:00,2026-10-02T05:59:28.488329+00:00,2110.937,200,True,True,Ownership transferred successfully
1494,TX0001494,DRUG000498,3,WH_18,RET_048,RET_048,TransferOwnership,2026-10-02T05:59:28.488580+00:00,2026-10-02T05:59:30.629108+00:00,2140.506,200,True,True,Ownership transferred successfully
1495,TX0001495,DRUG000499,1,MFG_09,DIST_04,DIST_04,TransferOwnership,2026-10-02T05:59:30.629354+00:00,2026-10-02T05:59:32.781979+00:00,2152.601,200,True,True,Ownership transferred successfully
1496,TX0001496,DRUG000499,2,DIST_04,WH_19,WH_19,TransferOwnership,2026-10-02T05:59:32.783257+00:00,2026-10-02T05:59:34.921373+00:00,2138.090,200,True,True,Ownership transferred successfully
1497,TX0001497,DRUG000499,3,WH_19,RET_049,RET_049,TransferOwnership,2026-10-02T05:59:34.921553+00:00,2026-10-02T05:59:37.037360+00:00,2115.786,200,True,True,Ownership transferred successfully
1498,TX0001498,DRUG000500,1,MFG_10,DIST_05,DIST_05,TransferOwnership,2026-10-02T05:59:37.037497+00:00,2026-10-02T05:59:39.177535+00:00,2140.027,200,True,True,Ownership transferred successfully
1499,TX0001499,DRUG000500,2,DIST_05,WH_20,WH_20,TransferOwnership,2026-10-02T05:59:39.177688+00:00,2026-10-02T05:59:41.320496+00:00,2142.797,200,True,True,Ownership transferred successfully
1500,TX0001500,DRUG000500,3,WH_20,RET_050,RET_050,TransferOwnership,2026-10-02T05:59:41.320668+00:00,2026-10-02T05:59:43.527686+00:00,2160.900,200,True,True,Ownership transferred successfully
1501,TX0001501,DRUG000501,1,MFG_01,DIST_06,DIST_06,TransferOwnership,2026-10-02T05:59:43.527908+00:00,2026-10-02T05:59:45.675514+00:00,2147.584,200,True,True,Ownership transferred successfully
1502,TX0001502,DRUG000501,2,DIST_06,WH_01,WH_01,TransferOwnership,2026-10-02T05:59:45.675723+00:00,2026-10-02T05:59:47.815582+00:00,2139.838,200,True,True,Ownership transferred successfully
1503,TX0001503,DRUG000501,3,WH_01,RET_001,RET_001,TransferOwnership,2026-10-02T05:59:47.815762+00:00,2026-10-02T05:59:49.959753+00:00,2143.973,200,True,True,Ownership transferred successfully
1504,TX0001504,DRUG000502,1,MFG_02,DIST_07,DIST_07,TransferOwnership,2026-10-02T05:59:49.959921+00:00,2026-10-02T05:59:52.109744+00:00,2149.805,200,True,True,Ownership transferred successfully
1505,TX0001505,DRUG000502,2,DIST_07,WH_02,WH_02,TransferOwnership,2026-10-02T05:59:52.110094+00:00,2026-10-02T05:59:54.241738+00:00,2131.627,200,True,True,Ownership transferred successfully
1506,TX0001506,DRUG000502,3,WH_02,RET_002,RET_002,TransferOwnership,2026-10-02T05:59:54.241939+00:00,2026-10-02T05:59:56.341843+00:00,2099.884,200,True,True,Ownership transferred successfully
1507,TX0001507,DRUG000503,1,MFG_03,DIST_08,DIST_08,TransferOwnership,2026-10-02T05:59:56.342620+00:00,2026-10-02T05:59:58.465003+00:00,2122.344,200,True,True,Ownership transferred successfully
1508,TX0001508,DRUG000503,2,DIST_08,WH_03,WH_03,TransferOwnership,2026-10-02T05:59:58.465206+00:00,2026-10-02T06:00:00.604236+00:00,2139.008,200,True,True,Ownership transferred successfully
1509,TX0001509,DRUG000503,3,WH_03,RET_003,RET_003,TransferOwnership,2026-10-02T06:00:00.604399+00:00,2026-10-02T06:00:02.741906+00:00,2137.490,200,True,True,Ownership transferred successfully
1510,TX0001510,DRUG000504,1,MFG_04,DIST_09,DIST_09,TransferOwnership,2026-10-02T06:00:02.742139+00:00,2026-10-02T06:00:04.888399+00:00,2146.238,200,True,True,Ownership transferred successfully
1511,TX0001511,DRUG000504,2,DIST_09,WH_04,WH_04,TransferOwnership,2026-10-02T06:00:04.888602+00:00,2026-10-02T06:00:07.012439+00:00,2123.817,200,True,True,Ownership transferred successfully
1512,TX0001512,DRUG000504,3,WH_04,RET_004,RET_004,TransferOwnership,2026-10-02T06:00:07.012581+00:00,2026-10-02T06:00:09.145808+00:00,2133.214,200,True,True,Ownership transferred successfully
1513,TX0001513,DRUG000505,1,MFG_05,DIST_10,DIST_10,TransferOwnership,2026-10-02T06:00:09.145988+00:00,2026-10-02T06:00:11.287653+00:00,2141.650,200,True,True,Ownership transferred successfully
1514,TX0001514,DRUG000505,2,DIST_10,WH_05,WH_05,TransferOwnership,2026-10-02T06:00:11.287824+00:00,2026-10-02T06:00:13.468692+00:00,2123.504,200,True,True,Ownership transferred successfully
1515,TX0001515,DRUG000505,3,WH_05,RET_005,RET_005,TransferOwnership,2026-10-02T06:00:13.468899+00:00,2026-10-02T06:00:15.612425+00:00,2143.503,200,True,True,Ownership transferred successfully
1516,TX0001516,DRUG000506,1,MFG_06,DIST_11,DIST_11,TransferOwnership,2026-10-02T06:00:15.612644+00:00,2026-10-02T06:00:17.768744+00:00,2156.080,200,True,True,Ownership transferred successfully
1517,TX0001517,DRUG000506,2,DIST_11,WH_06,WH_06,TransferOwnership,2026-10-02T06:00:17.768964+00:00,2026-10-02T06:00:19.912195+00:00,2143.218,200,True,True,Ownership transferred successfully
1518,TX0001518,DRUG000506,3,WH_06,RET_006,RET_006,TransferOwnership,2026-10-02T06:00:19.912363+00:00,2026-10-02T06:00:22.026106+00:00,2113.732,200,True,True,Ownership transferred successfully
1519,TX0001519,DRUG000507,1,MFG_07,DIST_12,DIST_12,TransferOwnership,2026-10-02T06:00:22.027440+00:00,2026-10-02T06:00:24.142827+00:00,2115.358,200,True,True,Ownership transferred successfully
1520,TX0001520,DRUG000507,2,DIST_12,WH_07,WH_07,TransferOwnership,2026-10-02T06:00:24.143003+00:00,2026-10-02T06:00:26.243619+00:00,2100.600,200,True,True,Ownership transferred successfully
1521,TX0001521,DRUG000507,3,WH_07,RET_007,RET_007,TransferOwnership,2026-10-02T06:00:26.243813+00:00,2026-10-02T06:00:28.382451+00:00,2138.621,200,True,True,Ownership transferred successfully
1522,TX0001522,DRUG000508,1,MFG_08,DIST_13,DIST_13,TransferOwnership,2026-10-02T06:00:28.382632+00:00,2026-10-02T06:00:30.532827+00:00,2150.181,200,True,True,Ownership transferred successfully
1523,TX0001523,DRUG000508,2,DIST_13,WH_08,WH_08,TransferOwnership,2026-10-02T06:00:30.533093+00:00,2026-10-02T06:00:32.669989+00:00,2136.874,200,True,True,Ownership transferred successfully
1524,TX0001524,DRUG000508,3,WH_08,RET_008,RET_008,TransferOwnership,2026-10-02T06:00:32.670167+00:00,2026-10-02T06:00:34.799018+00:00,2128.833,200,True,True,Ownership transferred successfully
1525,TX0001525,DRUG000509,1,MFG_09,DIST_14,DIST_14,TransferOwnership,2026-10-02T06:00:34.799209+00:00,2026-10-02T06:00:36.945313+00:00,2146.087,200,True,True,Ownership transferred successfully
1526,TX0001526,DRUG000509,2,DIST_14,WH_09,WH_09,TransferOwnership,2026-10-02T06:00:36.945537+00:00,2026-10-02T06:00:39.045745+00:00,2100.190,200,True,True,Ownership transferred successfully
1527,TX0001527,DRUG000509,3,WH_09,RET_009,RET_009,TransferOwnership,2026-10-02T06:00:39.045955+00:00,2026-10-02T06:00:41.158732+00:00,2112.758,200,True,True,Ownership transferred successfully
1528,TX0001528,DRUG000510,1,MFG_10,DIST_15,DIST_15,TransferOwnership,2026-10-02T06:00:41.158894+00:00,2026-10-02T06:00:43.310916+00:00,2127.475,200,True,True,Ownership transferred successfully
1529,TX0001529,DRUG000510,2,DIST_15,WH_10,WH_10,TransferOwnership,2026-10-02T06:00:43.311141+00:00,2026-10-02T06:00:45.452072+00:00,2140.911,200,True,True,Ownership transferred successfully
1530,TX0001530,DRUG000510,3,WH_10,RET_010,RET_010,TransferOwnership,2026-10-02T06:00:45.452413+00:00,2026-10-02T06:00:47.596027+00:00,2143.593,200,True,True,Ownership transferred successfully
1531,TX0001531,DRUG000511,1,MFG_01,DIST_01,DIST_01,TransferOwnership,2026-10-02T06:00:47.596921+00:00,2026-10-02T06:00:49.736456+00:00,2139.497,200,True,True,Ownership transferred successfully
1532,TX0001532,DRUG000511,2,DIST_01,WH_11,WH_11,TransferOwnership,2026-10-02T06:00:49.736587+00:00,2026-10-02T06:00:51.890519+00:00,2153.921,200,True,True,Ownership transferred successfully
1533,TX0001533,DRUG000511,3,WH_11,RET_011,RET_011,TransferOwnership,2026-10-02T06:00:51.890715+00:00,2026-10-02T06:00:54.027638+00:00,2136.909,200,True,True,Ownership transferred successfully
1534,TX0001534,DRUG000512,1,MFG_02,DIST_02,DIST_02,TransferOwnership,2026-10-02T06:00:54.027792+00:00,2026-10-02T06:00:56.166997+00:00,2139.192,200,True,True,Ownership transferred successfully
1535,TX0001535,DRUG000512,2,DIST_02,WH_12,WH_12,TransferOwnership,2026-10-02T06:00:56.167193+00:00,2026-10-02T06:00:58.298515+00:00,2131.302,200,True,True,Ownership transferred successfully
1536,TX0001536,DRUG000512,3,WH_12,RET_012,RET_012,TransferOwnership,2026-10-02T06:00:58.298720+00:00,2026-10-02T06:01:00.475750+00:00,2177.007,200,True,True,Ownership transferred successfully
1537,TX0001537,DRUG000513,1,MFG_03,DIST_03,DIST_03,TransferOwnership,2026-10-02T06:01:00.476484+00:00,2026-10-02T06:01:02.625342+00:00,2148.829,200,True,True,Ownership transferred successfully
1538,TX0001538,DRUG000513,2,DIST_03,WH_13,WH_13,TransferOwnership,2026-10-02T06:01:02.625557+00:00,2026-10-02T06:01:04.835189+00:00,2209.612,200,True,True,Ownership transferred successfully
1539,TX0001539,DRUG000513,3,WH_13,RET_013,RET_013,TransferOwnership,2026-10-02T06:01:04.835407+00:00,2026-10-02T06:01:06.972965+00:00,2137.538,200,True,True,Ownership transferred successfully
1540,TX0001540,DRUG000514,1,MFG_04,DIST_04,DIST_04,TransferOwnership,2026-10-02T06:01:06.973164+00:00,2026-10-02T06:01:09.123385+00:00,2150.203,200,True,True,Ownership transferred successfully
1541,TX0001541,DRUG000514,2,DIST_04,WH_14,WH_14,TransferOwnership,2026-10-02T06:01:09.123597+00:00,2026-10-02T06:01:11.272396+00:00,2148.784,200,True,True,Ownership transferred successfully
1542,TX0001542,DRUG000514,3,WH_14,RET_014,RET_014,TransferOwnership,2026-10-02T06:01:11.273328+00:00,2026-10-02T06:01:13.468675+00:00,2137.561,200,True,True,Ownership transferred successfully
1543,TX0001543,DRUG000515,1,MFG_05,DIST_05,DIST_05,TransferOwnership,2026-10-02T06:01:13.468829+00:00,2026-10-02T06:01:15.603731+00:00,2134.890,200,True,True,Ownership transferred successfully
1544,TX0001544,DRUG000515,2,DIST_05,WH_15,WH_15,TransferOwnership,2026-10-02T06:01:15.604443+00:00,2026-10-02T06:01:17.717476+00:00,2113.001,200,True,True,Ownership transferred successfully
1545,TX0001545,DRUG000515,3,WH_15,RET_015,RET_015,TransferOwnership,2026-10-02T06:01:17.717669+00:00,2026-10-02T06:01:19.843917+00:00,2126.230,200,True,True,Ownership transferred successfully
1546,TX0001546,DRUG000516,1,MFG_06,DIST_06,DIST_06,TransferOwnership,2026-10-02T06:01:19.844106+00:00,2026-10-02T06:01:21.981628+00:00,2137.508,200,True,True,Ownership transferred successfully
1547,TX0001547,DRUG000516,2,DIST_06,WH_16,WH_16,TransferOwnership,2026-10-02T06:01:21.981797+00:00,2026-10-02T06:01:24.115402+00:00,2133.588,200,True,True,Ownership transferred successfully
1548,TX0001548,DRUG000516,3,WH_16,RET_016,RET_016,TransferOwnership,2026-10-02T06:01:24.115566+00:00,2026-10-02T06:01:26.253063+00:00,2137.485,200,True,True,Ownership transferred successfully
1549,TX0001549,DRUG000517,1,MFG_07,DIST_07,DIST_07,TransferOwnership,2026-10-02T06:01:26.253374+00:00,2026-10-02T06:01:28.396629+00:00,2143.232,200,True,True,Ownership transferred successfully
1550,TX0001550,DRUG000517,2,DIST_07,WH_17,WH_17,TransferOwnership,2026-10-02T06:01:28.396872+00:00,2026-10-02T06:01:30.544641+00:00,2147.748,200,True,True,Ownership transferred successfully
1551,TX0001551,DRUG000517,3,WH_17,RET_017,RET_017,TransferOwnership,2026-10-02T06:01:30.544814+00:00,2026-10-02T06:01:32.686714+00:00,2141.882,200,True,True,Ownership transferred successfully
1552,TX0001552,DRUG000518,1,MFG_08,DIST_08,DIST_08,TransferOwnership,2026-10-02T06:01:32.686886+00:00,2026-10-02T06:01:34.828666+00:00,2141.766,200,True,True,Ownership transferred successfully
1553,TX0001553,DRUG000518,2,DIST_08,WH_18,WH_18,TransferOwnership,2026-10-02T06:01:34.828817+00:00,2026-10-02T06:01:36.973064+00:00,2144.233,200,True,True,Ownership transferred successfully
1554,TX0001554,DRUG000518,3,WH_18,RET_018,RET_018,TransferOwnership,2026-10-02T06:01:36.974340+00:00,2026-10-02T06:01:39.087457+00:00,2113.087,200,True,True,Ownership transferred successfully
1555,TX0001555,DRUG000519,1,MFG_09,DIST_09,DIST_09,TransferOwnership,2026-10-02T06:01:39.087632+00:00,2026-10-02T06:01:41.246089+00:00,2158.441,200,True,True,Ownership transferred successfully
1556,TX0001556,DRUG000519,2,DIST_09,WH_19,WH_19,TransferOwnership,2026-10-02T06:01:41.246307+00:00,2026-10-02T06:01:43.430304+00:00,2148.790,200,True,True,Ownership transferred successfully
1557,TX0001557,DRUG000519,3,WH_19,RET_019,RET_019,TransferOwnership,2026-10-02T06:01:43.430474+00:00,2026-10-02T06:01:45.573458+00:00,2142.969,200,True,True,Ownership transferred successfully
1558,TX0001558,DRUG000520,1,MFG_10,DIST_10,DIST_10,TransferOwnership,2026-10-02T06:01:45.573784+00:00,2026-10-02T06:01:47.715848+00:00,2142.042,200,True,True,Ownership transferred successfully
1559,TX0001559,DRUG000520,2,DIST_10,WH_20,WH_20,TransferOwnership,2026-10-02T06:01:47.716045+00:00,2026-10-02T06:01:49.843905+00:00,2127.843,200,True,True,Ownership transferred successfully
1560,TX0001560,DRUG000520,3,WH_20,RET_020,RET_020,TransferOwnership,2026-10-02T06:01:49.844056+00:00,2026-10-02T06:01:51.969825+00:00,2125.755,200,True,True,Ownership transferred successfully
1561,TX0001561,DRUG000521,1,MFG_01,DIST_11,DIST_11,TransferOwnership,2026-10-02T06:01:51.969983+00:00,2026-10-02T06:01:54.102341+00:00,2132.343,200,True,True,Ownership transferred successfully
1562,TX0001562,DRUG000521,2,DIST_11,WH_01,WH_01,TransferOwnership,2026-10-02T06:01:54.102492+00:00,2026-10-02T06:01:56.209069+00:00,2106.560,200,True,True,Ownership transferred successfully
1563,TX0001563,DRUG000521,3,WH_01,RET_021,RET_021,TransferOwnership,2026-10-02T06:01:56.209228+00:00,2026-10-02T06:01:58.344072+00:00,2134.828,200,True,True,Ownership transferred successfully
1564,TX0001564,DRUG000522,1,MFG_02,DIST_12,DIST_12,TransferOwnership,2026-10-02T06:01:58.345419+00:00,2026-10-02T06:02:00.495082+00:00,2149.635,200,True,True,Ownership transferred successfully
1565,TX0001565,DRUG000522,2,DIST_12,WH_02,WH_02,TransferOwnership,2026-10-02T06:02:00.495993+00:00,2026-10-02T06:02:02.637528+00:00,2141.507,200,True,True,Ownership transferred successfully
1566,TX0001566,DRUG000522,3,WH_02,RET_022,RET_022,TransferOwnership,2026-10-02T06:02:02.637690+00:00,2026-10-02T06:02:04.757305+00:00,2119.604,200,True,True,Ownership transferred successfully
1567,TX0001567,DRUG000523,1,MFG_03,DIST_13,DIST_13,TransferOwnership,2026-10-02T06:02:04.757460+00:00,2026-10-02T06:02:06.903049+00:00,2145.574,200,True,True,Ownership transferred successfully
1568,TX0001568,DRUG000523,2,DIST_13,WH_03,WH_03,TransferOwnership,2026-10-02T06:02:06.903238+00:00,2026-10-02T06:02:09.019831+00:00,2116.581,200,True,True,Ownership transferred successfully
1569,TX0001569,DRUG000523,3,WH_03,RET_023,RET_023,TransferOwnership,2026-10-02T06:02:09.019999+00:00,2026-10-02T06:02:11.148569+00:00,2128.554,200,True,True,Ownership transferred successfully
1570,TX0001570,DRUG000524,1,MFG_04,DIST_14,DIST_14,TransferOwnership,2026-10-02T06:02:11.148724+00:00,2026-10-02T06:02:13.365953+00:00,2151.896,200,True,True,Ownership transferred successfully
1571,TX0001571,DRUG000524,2,DIST_14,WH_04,WH_04,TransferOwnership,2026-10-02T06:02:13.366119+00:00,2026-10-02T06:02:15.493074+00:00,2126.941,200,True,True,Ownership transferred successfully
1572,TX0001572,DRUG000524,3,WH_04,RET_024,RET_024,TransferOwnership,2026-10-02T06:02:15.493265+00:00,2026-10-02T06:02:17.608399+00:00,2115.102,200,True,True,Ownership transferred successfully
1573,TX0001573,DRUG000525,1,MFG_05,DIST_15,DIST_15,TransferOwnership,2026-10-02T06:02:17.608617+00:00,2026-10-02T06:02:19.768361+00:00,2159.721,200,True,True,Ownership transferred successfully
1574,TX0001574,DRUG000525,2,DIST_15,WH_05,WH_05,TransferOwnership,2026-10-02T06:02:19.768548+00:00,2026-10-02T06:02:21.903966+00:00,2135.404,200,True,True,Ownership transferred successfully
1575,TX0001575,DRUG000525,3,WH_05,RET_025,RET_025,TransferOwnership,2026-10-02T06:02:21.904197+00:00,2026-10-02T06:02:24.044025+00:00,2139.806,200,True,True,Ownership transferred successfully
1576,TX0001576,DRUG000526,1,MFG_06,DIST_01,DIST_01,TransferOwnership,2026-10-02T06:02:24.044209+00:00,2026-10-02T06:02:26.194756+00:00,2150.526,200,True,True,Ownership transferred successfully
1577,TX0001577,DRUG000526,2,DIST_01,WH_06,WH_06,TransferOwnership,2026-10-02T06:02:26.196038+00:00,2026-10-02T06:02:28.346702+00:00,2150.631,200,True,True,Ownership transferred successfully
1578,TX0001578,DRUG000526,3,WH_06,RET_026,RET_026,TransferOwnership,2026-10-02T06:02:28.346906+00:00,2026-10-02T06:02:30.550178+00:00,2203.249,200,True,True,Ownership transferred successfully
1579,TX0001579,DRUG000527,1,MFG_07,DIST_02,DIST_02,TransferOwnership,2026-10-02T06:02:30.550393+00:00,2026-10-02T06:02:32.737453+00:00,2187.039,200,True,True,Ownership transferred successfully
1580,TX0001580,DRUG000527,2,DIST_02,WH_07,WH_07,TransferOwnership,2026-10-02T06:02:32.737679+00:00,2026-10-02T06:02:34.869875+00:00,2132.178,200,True,True,Ownership transferred successfully
1581,TX0001581,DRUG000527,3,WH_07,RET_027,RET_027,TransferOwnership,2026-10-02T06:02:34.870083+00:00,2026-10-02T06:02:36.972292+00:00,2102.190,200,True,True,Ownership transferred successfully
1582,TX0001582,DRUG000528,1,MFG_08,DIST_03,DIST_03,TransferOwnership,2026-10-02T06:02:36.972482+00:00,2026-10-02T06:02:39.145553+00:00,2173.052,200,True,True,Ownership transferred successfully
1583,TX0001583,DRUG000528,2,DIST_03,WH_08,WH_08,TransferOwnership,2026-10-02T06:02:39.146846+00:00,2026-10-02T06:02:41.316322+00:00,2169.421,200,True,True,Ownership transferred successfully
1584,TX0001584,DRUG000528,3,WH_08,RET_028,RET_028,TransferOwnership,2026-10-02T06:02:41.316663+00:00,2026-10-02T06:02:43.538028+00:00,2190.887,200,True,True,Ownership transferred successfully
1585,TX0001585,DRUG000529,1,MFG_09,DIST_04,DIST_04,TransferOwnership,2026-10-02T06:02:43.538251+00:00,2026-10-02T06:02:45.691200+00:00,2152.932,200,True,True,Ownership transferred successfully
1586,TX0001586,DRUG000529,2,DIST_04,WH_09,WH_09,TransferOwnership,2026-10-02T06:02:45.691374+00:00,2026-10-02T06:02:47.842361+00:00,2150.971,200,True,True,Ownership transferred successfully
1587,TX0001587,DRUG000529,3,WH_09,RET_029,RET_029,TransferOwnership,2026-10-02T06:02:47.842519+00:00,2026-10-02T06:02:50.007821+00:00,2165.285,200,True,True,Ownership transferred successfully
1588,TX0001588,DRUG000530,1,MFG_10,DIST_05,DIST_05,TransferOwnership,2026-10-02T06:02:50.008025+00:00,2026-10-02T06:02:52.169137+00:00,2161.093,200,True,True,Ownership transferred successfully
1589,TX0001589,DRUG000530,2,DIST_05,WH_10,WH_10,TransferOwnership,2026-10-02T06:02:52.170213+00:00,2026-10-02T06:02:54.316820+00:00,2146.514,200,True,True,Ownership transferred successfully
1590,TX0001590,DRUG000530,3,WH_10,RET_030,RET_030,TransferOwnership,2026-10-02T06:02:54.317009+00:00,2026-10-02T06:02:56.432580+00:00,2115.552,200,True,True,Ownership transferred successfully
1591,TX0001591,DRUG000531,1,MFG_01,DIST_06,DIST_06,TransferOwnership,2026-10-02T06:02:56.432797+00:00,2026-10-02T06:02:58.592547+00:00,2159.729,200,True,True,Ownership transferred successfully
1592,TX0001592,DRUG000531,2,DIST_06,WH_11,WH_11,TransferOwnership,2026-10-02T06:02:58.592733+00:00,2026-10-02T06:03:00.733726+00:00,2140.976,200,True,True,Ownership transferred successfully
1593,TX0001593,DRUG000531,3,WH_11,RET_031,RET_031,TransferOwnership,2026-10-02T06:03:00.733884+00:00,2026-10-02T06:03:02.864995+00:00,2131.099,200,True,True,Ownership transferred successfully
1594,TX0001594,DRUG000532,1,MFG_02,DIST_07,DIST_07,TransferOwnership,2026-10-02T06:03:02.865170+00:00,2026-10-02T06:03:05.024063+00:00,2158.876,200,True,True,Ownership transferred successfully
1595,TX0001595,DRUG000532,2,DIST_07,WH_12,WH_12,TransferOwnership,2026-10-02T06:03:05.024265+00:00,2026-10-02T06:03:07.224859+00:00,2200.578,200,True,True,Ownership transferred successfully
1596,TX0001596,DRUG000532,3,WH_12,RET_032,RET_032,TransferOwnership,2026-10-02T06:03:07.225122+00:00,2026-10-02T06:03:09.466730+00:00,2241.587,200,True,True,Ownership transferred successfully
1597,TX0001597,DRUG000533,1,MFG_03,DIST_08,DIST_08,TransferOwnership,2026-10-02T06:03:09.466938+00:00,2026-10-02T06:03:11.630710+00:00,2163.755,200,True,True,Ownership transferred successfully
1598,TX0001598,DRUG000533,2,DIST_08,WH_13,WH_13,TransferOwnership,2026-10-02T06:03:11.630936+00:00,2026-10-02T06:03:13.799061+00:00,2155.593,200,True,True,Ownership transferred successfully
1599,TX0001599,DRUG000533,3,WH_13,RET_033,RET_033,TransferOwnership,2026-10-02T06:03:13.799285+00:00,2026-10-02T06:03:15.939724+00:00,2140.423,200,True,True,Ownership transferred successfully
1600,TX0001600,DRUG000534,1,MFG_04,DIST_09,DIST_09,TransferOwnership,2026-10-02T06:03:15.940661+00:00,2026-10-02T06:03:18.145889+00:00,2205.198,200,True,True,Ownership transferred successfully
1601,TX0001601,DRUG000534,2,DIST_09,WH_14,WH_14,TransferOwnership,2026-10-02T06:03:18.146052+00:00,2026-10-02T06:03:20.269466+00:00,2123.399,200,True,True,Ownership transferred successfully
1602,TX0001602,DRUG000534,3,WH_14,RET_034,RET_034,TransferOwnership,2026-10-02T06:03:20.269691+00:00,2026-10-02T06:03:22.482961+00:00,2213.249,200,True,True,Ownership transferred successfully
1603,TX0001603,DRUG000535,1,MFG_05,DIST_10,DIST_10,TransferOwnership,2026-10-02T06:03:22.483114+00:00,2026-10-02T06:03:24.638209+00:00,2155.085,200,True,True,Ownership transferred successfully
1604,TX0001604,DRUG000535,2,DIST_10,WH_15,WH_15,TransferOwnership,2026-10-02T06:03:24.638390+00:00,2026-10-02T06:03:26.764060+00:00,2125.653,200,True,True,Ownership transferred successfully
1605,TX0001605,DRUG000535,3,WH_15,RET_035,RET_035,TransferOwnership,2026-10-02T06:03:26.764246+00:00,2026-10-02T06:03:28.883969+00:00,2119.706,200,True,True,Ownership transferred successfully
1606,TX0001606,DRUG000536,1,MFG_06,DIST_11,DIST_11,TransferOwnership,2026-10-02T06:03:28.884139+00:00,2026-10-02T06:03:31.019894+00:00,2135.733,200,True,True,Ownership transferred successfully
1607,TX0001607,DRUG000536,2,DIST_11,WH_16,WH_16,TransferOwnership,2026-10-02T06:03:31.020103+00:00,2026-10-02T06:03:33.211591+00:00,2191.467,200,True,True,Ownership transferred successfully
1608,TX0001608,DRUG000536,3,WH_16,RET_036,RET_036,TransferOwnership,2026-10-02T06:03:33.211790+00:00,2026-10-02T06:03:35.372491+00:00,2160.679,200,True,True,Ownership transferred successfully
1609,TX0001609,DRUG000537,1,MFG_07,DIST_12,DIST_12,TransferOwnership,2026-10-02T06:03:35.372745+00:00,2026-10-02T06:03:37.513537+00:00,2140.773,200,True,True,Ownership transferred successfully
1610,TX0001610,DRUG000537,2,DIST_12,WH_17,WH_17,TransferOwnership,2026-10-02T06:03:37.513791+00:00,2026-10-02T06:03:39.667142+00:00,2153.332,200,True,True,Ownership transferred successfully
1611,TX0001611,DRUG000537,3,WH_17,RET_037,RET_037,TransferOwnership,2026-10-02T06:03:39.667349+00:00,2026-10-02T06:03:41.818975+00:00,2151.608,200,True,True,Ownership transferred successfully
1612,TX0001612,DRUG000538,1,MFG_08,DIST_13,DIST_13,TransferOwnership,2026-10-02T06:03:41.819772+00:00,2026-10-02T06:03:44.040836+00:00,2158.370,200,True,True,Ownership transferred successfully
1613,TX0001613,DRUG000538,2,DIST_13,WH_18,WH_18,TransferOwnership,2026-10-02T06:03:44.041009+00:00,2026-10-02T06:03:46.173923+00:00,2132.902,200,True,True,Ownership transferred successfully
1614,TX0001614,DRUG000538,3,WH_18,RET_038,RET_038,TransferOwnership,2026-10-02T06:03:46.174107+00:00,2026-10-02T06:03:48.319913+00:00,2145.786,200,True,True,Ownership transferred successfully
1615,TX0001615,DRUG000539,1,MFG_09,DIST_14,DIST_14,TransferOwnership,2026-10-02T06:03:48.320158+00:00,2026-10-02T06:03:50.472287+00:00,2152.104,200,True,True,Ownership transferred successfully
1616,TX0001616,DRUG000539,2,DIST_14,WH_19,WH_19,TransferOwnership,2026-10-02T06:03:50.472475+00:00,2026-10-02T06:03:52.604702+00:00,2132.211,200,True,True,Ownership transferred successfully
1617,TX0001617,DRUG000539,3,WH_19,RET_039,RET_039,TransferOwnership,2026-10-02T06:03:52.604878+00:00,2026-10-02T06:03:54.740273+00:00,2135.383,200,True,True,Ownership transferred successfully
1618,TX0001618,DRUG000540,1,MFG_10,DIST_15,DIST_15,TransferOwnership,2026-10-02T06:03:54.740436+00:00,2026-10-02T06:03:56.869217+00:00,2128.770,200,True,True,Ownership transferred successfully
1619,TX0001619,DRUG000540,2,DIST_15,WH_20,WH_20,TransferOwnership,2026-10-02T06:03:56.869464+00:00,2026-10-02T06:03:58.973046+00:00,2103.555,200,True,True,Ownership transferred successfully
1620,TX0001620,DRUG000540,3,WH_20,RET_040,RET_040,TransferOwnership,2026-10-02T06:03:58.973221+00:00,2026-10-02T06:04:01.099606+00:00,2126.370,200,True,True,Ownership transferred successfully
1621,TX0001621,DRUG000541,1,MFG_01,DIST_01,DIST_01,TransferOwnership,2026-10-02T06:04:01.099821+00:00,2026-10-02T06:04:03.211812+00:00,2111.972,200,True,True,Ownership transferred successfully
1622,TX0001622,DRUG000541,2,DIST_01,WH_01,WH_01,TransferOwnership,2026-10-02T06:04:03.212576+00:00,2026-10-02T06:04:05.352541+00:00,2139.939,200,True,True,Ownership transferred successfully
1623,TX0001623,DRUG000541,3,WH_01,RET_041,RET_041,TransferOwnership,2026-10-02T06:04:05.353053+00:00,2026-10-02T06:04:07.493932+00:00,2140.814,200,True,True,Ownership transferred successfully
1624,TX0001624,DRUG000542,1,MFG_02,DIST_02,DIST_02,TransferOwnership,2026-10-02T06:04:07.494131+00:00,2026-10-02T06:04:09.652347+00:00,2158.191,200,True,True,Ownership transferred successfully
1625,TX0001625,DRUG000542,2,DIST_02,WH_02,WH_02,TransferOwnership,2026-10-02T06:04:09.652599+00:00,2026-10-02T06:04:11.795093+00:00,2142.470,200,True,True,Ownership transferred successfully
1626,TX0001626,DRUG000542,3,WH_02,RET_042,RET_042,TransferOwnership,2026-10-02T06:04:11.795382+00:00,2026-10-02T06:04:13.965590+00:00,2138.485,200,True,True,Ownership transferred successfully
1627,TX0001627,DRUG000543,1,MFG_03,DIST_03,DIST_03,TransferOwnership,2026-10-02T06:04:13.965823+00:00,2026-10-02T06:04:16.128023+00:00,2162.177,200,True,True,Ownership transferred successfully
1628,TX0001628,DRUG000543,2,DIST_03,WH_03,WH_03,TransferOwnership,2026-10-02T06:04:16.128294+00:00,2026-10-02T06:04:18.286712+00:00,2158.399,200,True,True,Ownership transferred successfully
1629,TX0001629,DRUG000543,3,WH_03,RET_043,RET_043,TransferOwnership,2026-10-02T06:04:18.287002+00:00,2026-10-02T06:04:20.426129+00:00,2139.105,200,True,True,Ownership transferred successfully
1630,TX0001630,DRUG000544,1,MFG_04,DIST_04,DIST_04,TransferOwnership,2026-10-02T06:04:20.426302+00:00,2026-10-02T06:04:22.584640+00:00,2158.324,200,True,True,Ownership transferred successfully
1631,TX0001631,DRUG000544,2,DIST_04,WH_04,WH_04,TransferOwnership,2026-10-02T06:04:22.584861+00:00,2026-10-02T06:04:24.724363+00:00,2139.482,200,True,True,Ownership transferred successfully
1632,TX0001632,DRUG000544,3,WH_04,RET_044,RET_044,TransferOwnership,2026-10-02T06:04:24.724511+00:00,2026-10-02T06:04:26.866258+00:00,2141.735,200,True,True,Ownership transferred successfully
1633,TX0001633,DRUG000545,1,MFG_05,DIST_05,DIST_05,TransferOwnership,2026-10-02T06:04:26.866573+00:00,2026-10-02T06:04:28.992798+00:00,2126.204,200,True,True,Ownership transferred successfully
1634,TX0001634,DRUG000545,2,DIST_05,WH_05,WH_05,TransferOwnership,2026-10-02T06:04:28.992955+00:00,2026-10-02T06:04:31.107370+00:00,2114.403,200,True,True,Ownership transferred successfully
1635,TX0001635,DRUG000545,3,WH_05,RET_045,RET_045,TransferOwnership,2026-10-02T06:04:31.107679+00:00,2026-10-02T06:04:33.206833+00:00,2099.126,200,True,True,Ownership transferred successfully
1636,TX0001636,DRUG000546,1,MFG_06,DIST_06,DIST_06,TransferOwnership,2026-10-02T06:04:33.207013+00:00,2026-10-02T06:04:35.328530+00:00,2121.499,200,True,True,Ownership transferred successfully
1637,TX0001637,DRUG000546,2,DIST_06,WH_06,WH_06,TransferOwnership,2026-10-02T06:04:35.328740+00:00,2026-10-02T06:04:37.436174+00:00,2107.423,200,True,True,Ownership transferred successfully
1638,TX0001638,DRUG000546,3,WH_06,RET_046,RET_046,TransferOwnership,2026-10-02T06:04:37.436334+00:00,2026-10-02T06:04:39.573786+00:00,2137.437,200,True,True,Ownership transferred successfully
1639,TX0001639,DRUG000547,1,MFG_07,DIST_07,DIST_07,TransferOwnership,2026-10-02T06:04:39.574017+00:00,2026-10-02T06:04:41.726608+00:00,2152.576,200,True,True,Ownership transferred successfully
1640,TX0001640,DRUG000547,2,DIST_07,WH_07,WH_07,TransferOwnership,2026-10-02T06:04:41.726872+00:00,2026-10-02T06:04:43.894691+00:00,2106.395,200,True,True,Ownership transferred successfully
1641,TX0001641,DRUG000547,3,WH_07,RET_047,RET_047,TransferOwnership,2026-10-02T06:04:43.894844+00:00,2026-10-02T06:04:46.034059+00:00,2139.202,200,True,True,Ownership transferred successfully
1642,TX0001642,DRUG000548,1,MFG_08,DIST_08,DIST_08,TransferOwnership,2026-10-02T06:04:46.035613+00:00,2026-10-02T06:04:48.182185+00:00,2146.539,200,True,True,Ownership transferred successfully
1643,TX0001643,DRUG000548,2,DIST_08,WH_08,WH_08,TransferOwnership,2026-10-02T06:04:48.182366+00:00,2026-10-02T06:04:50.323758+00:00,2141.375,200,True,True,Ownership transferred successfully
1644,TX0001644,DRUG000548,3,WH_08,RET_048,RET_048,TransferOwnership,2026-10-02T06:04:50.323997+00:00,2026-10-02T06:04:52.469780+00:00,2145.763,200,True,True,Ownership transferred successfully
1645,TX0001645,DRUG000549,1,MFG_09,DIST_09,DIST_09,TransferOwnership,2026-10-02T06:04:52.469959+00:00,2026-10-02T06:04:54.614831+00:00,2144.855,200,True,True,Ownership transferred successfully
1646,TX0001646,DRUG000549,2,DIST_09,WH_09,WH_09,TransferOwnership,2026-10-02T06:04:54.615041+00:00,2026-10-02T06:04:56.869629+00:00,2254.560,200,True,True,Ownership transferred successfully
1647,TX0001647,DRUG000549,3,WH_09,RET_049,RET_049,TransferOwnership,2026-10-02T06:04:56.871348+00:00,2026-10-02T06:04:59.036141+00:00,2164.755,200,True,True,Ownership transferred successfully
1648,TX0001648,DRUG000550,1,MFG_10,DIST_10,DIST_10,TransferOwnership,2026-10-02T06:04:59.036440+00:00,2026-10-02T06:05:01.196098+00:00,2159.637,200,True,True,Ownership transferred successfully
1649,TX0001649,DRUG000550,2,DIST_10,WH_10,WH_10,TransferOwnership,2026-10-02T06:05:01.196241+00:00,2026-10-02T06:05:03.313700+00:00,2117.444,200,True,True,Ownership transferred successfully
1650,TX0001650,DRUG000550,3,WH_10,RET_050,RET_050,TransferOwnership,2026-10-02T06:05:03.313942+00:00,2026-10-02T06:05:05.442974+00:00,2129.012,200,True,True,Ownership transferred successfully
1651,TX0001651,DRUG000551,1,MFG_01,DIST_11,DIST_11,TransferOwnership,2026-10-02T06:05:05.443116+00:00,2026-10-02T06:05:07.584350+00:00,2141.223,200,True,True,Ownership transferred successfully
1652,TX0001652,DRUG000551,2,DIST_11,WH_11,WH_11,TransferOwnership,2026-10-02T06:05:07.584575+00:00,2026-10-02T06:05:09.733110+00:00,2148.474,200,True,True,Ownership transferred successfully
1653,TX0001653,DRUG000551,3,WH_11,RET_001,RET_001,TransferOwnership,2026-10-02T06:05:09.733245+00:00,2026-10-02T06:05:11.886614+00:00,2153.359,200,True,True,Ownership transferred successfully
1654,TX0001654,DRUG000552,1,MFG_02,DIST_12,DIST_12,TransferOwnership,2026-10-02T06:05:11.886777+00:00,2026-10-02T06:05:14.053312+00:00,2144.926,200,True,True,Ownership transferred successfully
1655,TX0001655,DRUG000552,2,DIST_12,WH_12,WH_12,TransferOwnership,2026-10-02T06:05:14.053510+00:00,2026-10-02T06:05:16.190280+00:00,2136.757,200,True,True,Ownership transferred successfully
1656,TX0001656,DRUG000552,3,WH_12,RET_002,RET_002,TransferOwnership,2026-10-02T06:05:16.190419+00:00,2026-10-02T06:05:18.325713+00:00,2135.281,200,True,True,Ownership transferred successfully
1657,TX0001657,DRUG000553,1,MFG_03,DIST_13,DIST_13,TransferOwnership,2026-10-02T06:05:18.325971+00:00,2026-10-02T06:05:20.496063+00:00,2170.070,200,True,True,Ownership transferred successfully
1658,TX0001658,DRUG000553,2,DIST_13,WH_13,WH_13,TransferOwnership,2026-10-02T06:05:20.496972+00:00,2026-10-02T06:05:22.629558+00:00,2132.545,200,True,True,Ownership transferred successfully
1659,TX0001659,DRUG000553,3,WH_13,RET_003,RET_003,TransferOwnership,2026-10-02T06:05:22.629796+00:00,2026-10-02T06:05:24.786156+00:00,2156.338,200,True,True,Ownership transferred successfully
1660,TX0001660,DRUG000554,1,MFG_04,DIST_14,DIST_14,TransferOwnership,2026-10-02T06:05:24.786371+00:00,2026-10-02T06:05:26.926944+00:00,2140.555,200,True,True,Ownership transferred successfully
1661,TX0001661,DRUG000554,2,DIST_14,WH_14,WH_14,TransferOwnership,2026-10-02T06:05:26.927333+00:00,2026-10-02T06:05:29.032400+00:00,2105.029,200,True,True,Ownership transferred successfully
1662,TX0001662,DRUG000554,3,WH_14,RET_004,RET_004,TransferOwnership,2026-10-02T06:05:29.032566+00:00,2026-10-02T06:05:31.141244+00:00,2108.655,200,True,True,Ownership transferred successfully
1663,TX0001663,DRUG000555,1,MFG_05,DIST_15,DIST_15,TransferOwnership,2026-10-02T06:05:31.141524+00:00,2026-10-02T06:05:33.286589+00:00,2145.036,200,True,True,Ownership transferred successfully
1664,TX0001664,DRUG000555,2,DIST_15,WH_15,WH_15,TransferOwnership,2026-10-02T06:05:33.286745+00:00,2026-10-02T06:05:35.424836+00:00,2138.079,200,True,True,Ownership transferred successfully
1665,TX0001665,DRUG000555,3,WH_15,RET_005,RET_005,TransferOwnership,2026-10-02T06:05:35.425075+00:00,2026-10-02T06:05:37.556104+00:00,2131.008,200,True,True,Ownership transferred successfully
1666,TX0001666,DRUG000556,1,MFG_06,DIST_01,DIST_01,TransferOwnership,2026-10-02T06:05:37.556267+00:00,2026-10-02T06:05:39.770793+00:00,2214.510,200,True,True,Ownership transferred successfully
1667,TX0001667,DRUG000556,2,DIST_01,WH_16,WH_16,TransferOwnership,2026-10-02T06:05:39.770964+00:00,2026-10-02T06:05:41.938546+00:00,2167.562,200,True,True,Ownership transferred successfully
1668,TX0001668,DRUG000556,3,WH_16,RET_006,RET_006,TransferOwnership,2026-10-02T06:05:41.938768+00:00,2026-10-02T06:05:44.270089+00:00,2301.810,200,True,True,Ownership transferred successfully
1669,TX0001669,DRUG000557,1,MFG_07,DIST_02,DIST_02,TransferOwnership,2026-10-02T06:05:44.270305+00:00,2026-10-02T06:05:46.510219+00:00,2239.898,200,True,True,Ownership transferred successfully
1670,TX0001670,DRUG000557,2,DIST_02,WH_17,WH_17,TransferOwnership,2026-10-02T06:05:46.511446+00:00,2026-10-02T06:05:48.676332+00:00,2164.857,200,True,True,Ownership transferred successfully
1671,TX0001671,DRUG000557,3,WH_17,RET_007,RET_007,TransferOwnership,2026-10-02T06:05:48.676685+00:00,2026-10-02T06:05:50.816530+00:00,2139.823,200,True,True,Ownership transferred successfully
1672,TX0001672,DRUG000558,1,MFG_08,DIST_03,DIST_03,TransferOwnership,2026-10-02T06:05:50.816773+00:00,2026-10-02T06:05:53.040793+00:00,2223.999,200,True,True,Ownership transferred successfully
1673,TX0001673,DRUG000558,2,DIST_03,WH_18,WH_18,TransferOwnership,2026-10-02T06:05:53.041002+00:00,2026-10-02T06:05:55.188102+00:00,2147.084,200,True,True,Ownership transferred successfully
1674,TX0001674,DRUG000558,3,WH_18,RET_008,RET_008,TransferOwnership,2026-10-02T06:05:55.188311+00:00,2026-10-02T06:05:57.337076+00:00,2148.745,200,True,True,Ownership transferred successfully
1675,TX0001675,DRUG000559,1,MFG_09,DIST_04,DIST_04,TransferOwnership,2026-10-02T06:05:57.337347+00:00,2026-10-02T06:05:59.502549+00:00,2165.180,200,True,True,Ownership transferred successfully
1676,TX0001676,DRUG000559,2,DIST_04,WH_19,WH_19,TransferOwnership,2026-10-02T06:05:59.502700+00:00,2026-10-02T06:06:01.626515+00:00,2123.804,200,True,True,Ownership transferred successfully
1677,TX0001677,DRUG000559,3,WH_19,RET_009,RET_009,TransferOwnership,2026-10-02T06:06:01.626832+00:00,2026-10-02T06:06:03.749049+00:00,2122.197,200,True,True,Ownership transferred successfully
1678,TX0001678,DRUG000560,1,MFG_10,DIST_05,DIST_05,TransferOwnership,2026-10-02T06:06:03.749233+00:00,2026-10-02T06:06:05.910975+00:00,2161.719,200,True,True,Ownership transferred successfully
1679,TX0001679,DRUG000560,2,DIST_05,WH_20,WH_20,TransferOwnership,2026-10-02T06:06:05.911196+00:00,2026-10-02T06:06:08.069114+00:00,2157.903,200,True,True,Ownership transferred successfully
1680,TX0001680,DRUG000560,3,WH_20,RET_010,RET_010,TransferOwnership,2026-10-02T06:06:08.069292+00:00,2026-10-02T06:06:10.213401+00:00,2144.092,200,True,True,Ownership transferred successfully
1681,TX0001681,DRUG000561,1,MFG_01,DIST_06,DIST_06,TransferOwnership,2026-10-02T06:06:10.214302+00:00,2026-10-02T06:06:12.366238+00:00,2151.910,200,True,True,Ownership transferred successfully
1682,TX0001682,DRUG000561,2,DIST_06,WH_01,WH_01,TransferOwnership,2026-10-02T06:06:12.366414+00:00,2026-10-02T06:06:14.578995+00:00,2155.048,200,True,True,Ownership transferred successfully
1683,TX0001683,DRUG000561,3,WH_01,RET_011,RET_011,TransferOwnership,2026-10-02T06:06:14.579198+00:00,2026-10-02T06:06:16.668957+00:00,2089.742,200,True,True,Ownership transferred successfully
1684,TX0001684,DRUG000562,1,MFG_02,DIST_07,DIST_07,TransferOwnership,2026-10-02T06:06:16.669187+00:00,2026-10-02T06:06:18.798776+00:00,2129.561,200,True,True,Ownership transferred successfully
1685,TX0001685,DRUG000562,2,DIST_07,WH_02,WH_02,TransferOwnership,2026-10-02T06:06:18.798927+00:00,2026-10-02T06:06:20.934690+00:00,2135.747,200,True,True,Ownership transferred successfully
1686,TX0001686,DRUG000562,3,WH_02,RET_012,RET_012,TransferOwnership,2026-10-02T06:06:20.934882+00:00,2026-10-02T06:06:23.083143+00:00,2148.243,200,True,True,Ownership transferred successfully
1687,TX0001687,DRUG000563,1,MFG_03,DIST_08,DIST_08,TransferOwnership,2026-10-02T06:06:23.083322+00:00,2026-10-02T06:06:25.299928+00:00,2216.588,200,True,True,Ownership transferred successfully
1688,TX0001688,DRUG000563,2,DIST_08,WH_03,WH_03,TransferOwnership,2026-10-02T06:06:25.300272+00:00,2026-10-02T06:06:27.447362+00:00,2147.065,200,True,True,Ownership transferred successfully
1689,TX0001689,DRUG000563,3,WH_03,RET_013,RET_013,TransferOwnership,2026-10-02T06:06:27.447599+00:00,2026-10-02T06:06:29.611880+00:00,2164.258,200,True,True,Ownership transferred successfully
1690,TX0001690,DRUG000564,1,MFG_04,DIST_09,DIST_09,TransferOwnership,2026-10-02T06:06:29.612076+00:00,2026-10-02T06:06:31.768164+00:00,2156.072,200,True,True,Ownership transferred successfully
1691,TX0001691,DRUG000564,2,DIST_09,WH_04,WH_04,TransferOwnership,2026-10-02T06:06:31.768326+00:00,2026-10-02T06:06:33.911667+00:00,2143.322,200,True,True,Ownership transferred successfully
1692,TX0001692,DRUG000564,3,WH_04,RET_014,RET_014,TransferOwnership,2026-10-02T06:06:33.911905+00:00,2026-10-02T06:06:36.059685+00:00,2147.724,200,True,True,Ownership transferred successfully
1693,TX0001693,DRUG000565,1,MFG_05,DIST_10,DIST_10,TransferOwnership,2026-10-02T06:06:36.061010+00:00,2026-10-02T06:06:38.220751+00:00,2159.710,200,True,True,Ownership transferred successfully
1694,TX0001694,DRUG000565,2,DIST_10,WH_05,WH_05,TransferOwnership,2026-10-02T06:06:38.220934+00:00,2026-10-02T06:06:40.364348+00:00,2143.393,200,True,True,Ownership transferred successfully
1695,TX0001695,DRUG000565,3,WH_05,RET_015,RET_015,TransferOwnership,2026-10-02T06:06:40.364549+00:00,2026-10-02T06:06:42.514872+00:00,2150.303,200,True,True,Ownership transferred successfully
1696,TX0001696,DRUG000566,1,MFG_06,DIST_11,DIST_11,TransferOwnership,2026-10-02T06:06:42.515026+00:00,2026-10-02T06:06:44.688433+00:00,2151.383,200,True,True,Ownership transferred successfully
1697,TX0001697,DRUG000566,2,DIST_11,WH_06,WH_06,TransferOwnership,2026-10-02T06:06:44.688596+00:00,2026-10-02T06:06:46.833641+00:00,2145.030,200,True,True,Ownership transferred successfully
1698,TX0001698,DRUG000566,3,WH_06,RET_016,RET_016,TransferOwnership,2026-10-02T06:06:46.833842+00:00,2026-10-02T06:06:48.942258+00:00,2108.394,200,True,True,Ownership transferred successfully
1699,TX0001699,DRUG000567,1,MFG_07,DIST_12,DIST_12,TransferOwnership,2026-10-02T06:06:48.942537+00:00,2026-10-02T06:06:51.086745+00:00,2144.184,200,True,True,Ownership transferred successfully
1700,TX0001700,DRUG000567,2,DIST_12,WH_07,WH_07,TransferOwnership,2026-10-02T06:06:51.087076+00:00,2026-10-02T06:06:53.219652+00:00,2132.541,200,True,True,Ownership transferred successfully
1701,TX0001701,DRUG000567,3,WH_07,RET_017,RET_017,TransferOwnership,2026-10-02T06:06:53.219820+00:00,2026-10-02T06:06:55.359395+00:00,2139.563,200,True,True,Ownership transferred successfully
1702,TX0001702,DRUG000568,1,MFG_08,DIST_13,DIST_13,TransferOwnership,2026-10-02T06:06:55.359575+00:00,2026-10-02T06:06:57.531752+00:00,2172.157,200,True,True,Ownership transferred successfully
1703,TX0001703,DRUG000568,2,DIST_13,WH_08,WH_08,TransferOwnership,2026-10-02T06:06:57.532065+00:00,2026-10-02T06:06:59.687586+00:00,2155.498,200,True,True,Ownership transferred successfully
1704,TX0001704,DRUG000568,3,WH_08,RET_018,RET_018,TransferOwnership,2026-10-02T06:06:59.687792+00:00,2026-10-02T06:07:01.789433+00:00,2101.623,200,True,True,Ownership transferred successfully
1705,TX0001705,DRUG000569,1,MFG_09,DIST_14,DIST_14,TransferOwnership,2026-10-02T06:07:01.790106+00:00,2026-10-02T06:07:03.941772+00:00,2151.640,200,True,True,Ownership transferred successfully
1706,TX0001706,DRUG000569,2,DIST_14,WH_09,WH_09,TransferOwnership,2026-10-02T06:07:03.941938+00:00,2026-10-02T06:07:06.080721+00:00,2138.770,200,True,True,Ownership transferred successfully
1707,TX0001707,DRUG000569,3,WH_09,RET_019,RET_019,TransferOwnership,2026-10-02T06:07:06.080908+00:00,2026-10-02T06:07:08.227202+00:00,2146.277,200,True,True,Ownership transferred successfully
1708,TX0001708,DRUG000570,1,MFG_10,DIST_15,DIST_15,TransferOwnership,2026-10-02T06:07:08.227344+00:00,2026-10-02T06:07:10.388454+00:00,2161.097,200,True,True,Ownership transferred successfully
1709,TX0001709,DRUG000570,2,DIST_15,WH_10,WH_10,TransferOwnership,2026-10-02T06:07:10.388620+00:00,2026-10-02T06:07:12.530516+00:00,2141.880,200,True,True,Ownership transferred successfully
1710,TX0001710,DRUG000570,3,WH_10,RET_020,RET_020,TransferOwnership,2026-10-02T06:07:12.530676+00:00,2026-10-02T06:07:14.704949+00:00,2146.897,200,True,True,Ownership transferred successfully
1711,TX0001711,DRUG000571,1,MFG_01,DIST_01,DIST_01,TransferOwnership,2026-10-02T06:07:14.705103+00:00,2026-10-02T06:07:16.852644+00:00,2147.530,200,True,True,Ownership transferred successfully
1712,TX0001712,DRUG000571,2,DIST_01,WH_11,WH_11,TransferOwnership,2026-10-02T06:07:16.852855+00:00,2026-10-02T06:07:18.982784+00:00,2129.915,200,True,True,Ownership transferred successfully
1713,TX0001713,DRUG000571,3,WH_11,RET_021,RET_021,TransferOwnership,2026-10-02T06:07:18.982937+00:00,2026-10-02T06:07:21.129768+00:00,2146.817,200,True,True,Ownership transferred successfully
1714,TX0001714,DRUG000572,1,MFG_02,DIST_02,DIST_02,TransferOwnership,2026-10-02T06:07:21.129983+00:00,2026-10-02T06:07:23.279791+00:00,2149.786,200,True,True,Ownership transferred successfully
1715,TX0001715,DRUG000572,2,DIST_02,WH_12,WH_12,TransferOwnership,2026-10-02T06:07:23.279999+00:00,2026-10-02T06:07:25.427713+00:00,2147.695,200,True,True,Ownership transferred successfully
1716,TX0001716,DRUG000572,3,WH_12,RET_022,RET_022,TransferOwnership,2026-10-02T06:07:25.428745+00:00,2026-10-02T06:07:27.571494+00:00,2142.720,200,True,True,Ownership transferred successfully
1717,TX0001717,DRUG000573,1,MFG_03,DIST_03,DIST_03,TransferOwnership,2026-10-02T06:07:27.571673+00:00,2026-10-02T06:07:29.745947+00:00,2174.254,200,True,True,Ownership transferred successfully
1718,TX0001718,DRUG000573,2,DIST_03,WH_13,WH_13,TransferOwnership,2026-10-02T06:07:29.746120+00:00,2026-10-02T06:07:31.905977+00:00,2159.839,200,True,True,Ownership transferred successfully
1719,TX0001719,DRUG000573,3,WH_13,RET_023,RET_023,TransferOwnership,2026-10-02T06:07:31.906260+00:00,2026-10-02T06:07:34.064719+00:00,2158.434,200,True,True,Ownership transferred successfully
1720,TX0001720,DRUG000574,1,MFG_04,DIST_04,DIST_04,TransferOwnership,2026-10-02T06:07:34.065634+00:00,2026-10-02T06:07:36.240573+00:00,2174.907,200,True,True,Ownership transferred successfully
1721,TX0001721,DRUG000574,2,DIST_04,WH_14,WH_14,TransferOwnership,2026-10-02T06:07:36.240885+00:00,2026-10-02T06:07:38.407115+00:00,2166.206,200,True,True,Ownership transferred successfully
1722,TX0001722,DRUG000574,3,WH_14,RET_024,RET_024,TransferOwnership,2026-10-02T06:07:38.407369+00:00,2026-10-02T06:07:40.561578+00:00,2154.183,200,True,True,Ownership transferred successfully
1723,TX0001723,DRUG000575,1,MFG_05,DIST_05,DIST_05,TransferOwnership,2026-10-02T06:07:40.561796+00:00,2026-10-02T06:07:42.720536+00:00,2158.720,200,True,True,Ownership transferred successfully
1724,TX0001724,DRUG000575,2,DIST_05,WH_15,WH_15,TransferOwnership,2026-10-02T06:07:42.720696+00:00,2026-10-02T06:07:44.939475+00:00,2152.827,200,True,True,Ownership transferred successfully
1725,TX0001725,DRUG000575,3,WH_15,RET_025,RET_025,TransferOwnership,2026-10-02T06:07:44.939699+00:00,2026-10-02T06:07:47.092622+00:00,2152.903,200,True,True,Ownership transferred successfully
1726,TX0001726,DRUG000576,1,MFG_06,DIST_06,DIST_06,TransferOwnership,2026-10-02T06:07:47.092896+00:00,2026-10-02T06:07:49.236907+00:00,2143.996,200,True,True,Ownership transferred successfully
1727,TX0001727,DRUG000576,2,DIST_06,WH_16,WH_16,TransferOwnership,2026-10-02T06:07:49.237831+00:00,2026-10-02T06:07:51.357899+00:00,2120.044,200,True,True,Ownership transferred successfully
1728,TX0001728,DRUG000576,3,WH_16,RET_026,RET_026,TransferOwnership,2026-10-02T06:07:51.358093+00:00,2026-10-02T06:07:53.489505+00:00,2131.394,200,True,True,Ownership transferred successfully
1729,TX0001729,DRUG000577,1,MFG_07,DIST_07,DIST_07,TransferOwnership,2026-10-02T06:07:53.489683+00:00,2026-10-02T06:07:55.639282+00:00,2149.586,200,True,True,Ownership transferred successfully
1730,TX0001730,DRUG000577,2,DIST_07,WH_17,WH_17,TransferOwnership,2026-10-02T06:07:55.639480+00:00,2026-10-02T06:07:57.850862+00:00,2211.362,200,True,True,Ownership transferred successfully
1731,TX0001731,DRUG000577,3,WH_17,RET_027,RET_027,TransferOwnership,2026-10-02T06:07:57.851094+00:00,2026-10-02T06:08:00.041937+00:00,2190.823,200,True,True,Ownership transferred successfully
1732,TX0001732,DRUG000578,1,MFG_08,DIST_08,DIST_08,TransferOwnership,2026-10-02T06:08:00.042096+00:00,2026-10-02T06:08:02.198520+00:00,2156.406,200,True,True,Ownership transferred successfully
1733,TX0001733,DRUG000578,2,DIST_08,WH_18,WH_18,TransferOwnership,2026-10-02T06:08:02.198697+00:00,2026-10-02T06:08:04.336189+00:00,2137.481,200,True,True,Ownership transferred successfully
1734,TX0001734,DRUG000578,3,WH_18,RET_028,RET_028,TransferOwnership,2026-10-02T06:08:04.336346+00:00,2026-10-02T06:08:06.458035+00:00,2121.674,200,True,True,Ownership transferred successfully
1735,TX0001735,DRUG000579,1,MFG_09,DIST_09,DIST_09,TransferOwnership,2026-10-02T06:08:06.458189+00:00,2026-10-02T06:08:08.619866+00:00,2161.661,200,True,True,Ownership transferred successfully
1736,TX0001736,DRUG000579,2,DIST_09,WH_19,WH_19,TransferOwnership,2026-10-02T06:08:08.620065+00:00,2026-10-02T06:08:10.778564+00:00,2158.477,200,True,True,Ownership transferred successfully
1737,TX0001737,DRUG000579,3,WH_19,RET_029,RET_029,TransferOwnership,2026-10-02T06:08:10.779240+00:00,2026-10-02T06:08:12.943454+00:00,2164.194,200,True,True,Ownership transferred successfully
1738,TX0001738,DRUG000580,1,MFG_10,DIST_10,DIST_10,TransferOwnership,2026-10-02T06:08:12.943718+00:00,2026-10-02T06:08:15.153712+00:00,2156.839,200,True,True,Ownership transferred successfully
1739,TX0001739,DRUG000580,2,DIST_10,WH_20,WH_20,TransferOwnership,2026-10-02T06:08:15.155389+00:00,2026-10-02T06:08:17.285189+00:00,2129.775,200,True,True,Ownership transferred successfully
1740,TX0001740,DRUG000580,3,WH_20,RET_030,RET_030,TransferOwnership,2026-10-02T06:08:17.285367+00:00,2026-10-02T06:08:19.400377+00:00,2114.982,200,True,True,Ownership transferred successfully
1741,TX0001741,DRUG000581,1,MFG_01,DIST_11,DIST_11,TransferOwnership,2026-10-02T06:08:19.400781+00:00,2026-10-02T06:08:21.550548+00:00,2149.738,200,True,True,Ownership transferred successfully
1742,TX0001742,DRUG000581,2,DIST_11,WH_01,WH_01,TransferOwnership,2026-10-02T06:08:21.550786+00:00,2026-10-02T06:08:23.705534+00:00,2154.725,200,True,True,Ownership transferred successfully
1743,TX0001743,DRUG000581,3,WH_01,RET_031,RET_031,TransferOwnership,2026-10-02T06:08:23.705759+00:00,2026-10-02T06:08:25.841373+00:00,2135.593,200,True,True,Ownership transferred successfully
1744,TX0001744,DRUG000582,1,MFG_02,DIST_12,DIST_12,TransferOwnership,2026-10-02T06:08:25.841581+00:00,2026-10-02T06:08:27.998766+00:00,2157.166,200,True,True,Ownership transferred successfully
1745,TX0001745,DRUG000582,2,DIST_12,WH_02,WH_02,TransferOwnership,2026-10-02T06:08:27.998933+00:00,2026-10-02T06:08:30.124686+00:00,2125.739,200,True,True,Ownership transferred successfully
1746,TX0001746,DRUG000582,3,WH_02,RET_032,RET_032,TransferOwnership,2026-10-02T06:08:30.124920+00:00,2026-10-02T06:08:32.271268+00:00,2146.326,200,True,True,Ownership transferred successfully
1747,TX0001747,DRUG000583,1,MFG_03,DIST_13,DIST_13,TransferOwnership,2026-10-02T06:08:32.271450+00:00,2026-10-02T06:08:34.427347+00:00,2155.878,200,True,True,Ownership transferred successfully
1748,TX0001748,DRUG000583,2,DIST_13,WH_03,WH_03,TransferOwnership,2026-10-02T06:08:34.427583+00:00,2026-10-02T06:08:36.566453+00:00,2138.849,200,True,True,Ownership transferred successfully
1749,TX0001749,DRUG000583,3,WH_03,RET_033,RET_033,TransferOwnership,2026-10-02T06:08:36.566706+00:00,2026-10-02T06:08:38.716543+00:00,2149.810,200,True,True,Ownership transferred successfully
1750,TX0001750,DRUG000584,1,MFG_04,DIST_14,DIST_14,TransferOwnership,2026-10-02T06:08:38.717858+00:00,2026-10-02T06:08:40.865885+00:00,2147.998,200,True,True,Ownership transferred successfully
1751,TX0001751,DRUG000584,2,DIST_14,WH_04,WH_04,TransferOwnership,2026-10-02T06:08:40.866040+00:00,2026-10-02T06:08:43.016108+00:00,2150.053,200,True,True,Ownership transferred successfully
1752,TX0001752,DRUG000584,3,WH_04,RET_034,RET_034,TransferOwnership,2026-10-02T06:08:43.016372+00:00,2026-10-02T06:08:45.195288+00:00,2148.611,200,True,True,Ownership transferred successfully
1753,TX0001753,DRUG000585,1,MFG_05,DIST_15,DIST_15,TransferOwnership,2026-10-02T06:08:45.195539+00:00,2026-10-02T06:08:47.333363+00:00,2137.801,200,True,True,Ownership transferred successfully
1754,TX0001754,DRUG000585,2,DIST_15,WH_05,WH_05,TransferOwnership,2026-10-02T06:08:47.333539+00:00,2026-10-02T06:08:49.449215+00:00,2115.642,200,True,True,Ownership transferred successfully
1755,TX0001755,DRUG000585,3,WH_05,RET_035,RET_035,TransferOwnership,2026-10-02T06:08:49.449643+00:00,2026-10-02T06:08:51.590575+00:00,2140.900,200,True,True,Ownership transferred successfully
1756,TX0001756,DRUG000586,1,MFG_06,DIST_01,DIST_01,TransferOwnership,2026-10-02T06:08:51.590747+00:00,2026-10-02T06:08:53.741358+00:00,2150.599,200,True,True,Ownership transferred successfully
1757,TX0001757,DRUG000586,2,DIST_01,WH_06,WH_06,TransferOwnership,2026-10-02T06:08:53.741525+00:00,2026-10-02T06:08:55.888480+00:00,2146.941,200,True,True,Ownership transferred successfully
1758,TX0001758,DRUG000586,3,WH_06,RET_036,RET_036,TransferOwnership,2026-10-02T06:08:55.888660+00:00,2026-10-02T06:08:58.048776+00:00,2160.095,200,True,True,Ownership transferred successfully
1759,TX0001759,DRUG000587,1,MFG_07,DIST_02,DIST_02,TransferOwnership,2026-10-02T06:08:58.048963+00:00,2026-10-02T06:09:00.163916+00:00,2114.938,200,True,True,Ownership transferred successfully
1760,TX0001760,DRUG000587,2,DIST_02,WH_07,WH_07,TransferOwnership,2026-10-02T06:09:00.164074+00:00,2026-10-02T06:09:02.303619+00:00,2139.529,200,True,True,Ownership transferred successfully
1761,TX0001761,DRUG000587,3,WH_07,RET_037,RET_037,TransferOwnership,2026-10-02T06:09:02.303773+00:00,2026-10-02T06:09:04.439854+00:00,2136.070,200,True,True,Ownership transferred successfully
1762,TX0001762,DRUG000588,1,MFG_08,DIST_03,DIST_03,TransferOwnership,2026-10-02T06:09:04.440060+00:00,2026-10-02T06:09:06.573400+00:00,2133.321,200,True,True,Ownership transferred successfully
1763,TX0001763,DRUG000588,2,DIST_03,WH_08,WH_08,TransferOwnership,2026-10-02T06:09:06.574436+00:00,2026-10-02T06:09:08.705676+00:00,2131.209,200,True,True,Ownership transferred successfully
1764,TX0001764,DRUG000588,3,WH_08,RET_038,RET_038,TransferOwnership,2026-10-02T06:09:08.705891+00:00,2026-10-02T06:09:10.851157+00:00,2145.249,200,True,True,Ownership transferred successfully
1765,TX0001765,DRUG000589,1,MFG_09,DIST_04,DIST_04,TransferOwnership,2026-10-02T06:09:10.851371+00:00,2026-10-02T06:09:13.008127+00:00,2156.737,200,True,True,Ownership transferred successfully
1766,TX0001766,DRUG000589,2,DIST_04,WH_09,WH_09,TransferOwnership,2026-10-02T06:09:13.008408+00:00,2026-10-02T06:09:15.187554+00:00,2146.378,200,True,True,Ownership transferred successfully
1767,TX0001767,DRUG000589,3,WH_09,RET_039,RET_039,TransferOwnership,2026-10-02T06:09:15.187818+00:00,2026-10-02T06:09:17.339747+00:00,2151.903,200,True,True,Ownership transferred successfully
1768,TX0001768,DRUG000590,1,MFG_10,DIST_05,DIST_05,TransferOwnership,2026-10-02T06:09:17.340004+00:00,2026-10-02T06:09:19.465410+00:00,2125.384,200,True,True,Ownership transferred successfully
1769,TX0001769,DRUG000590,2,DIST_05,WH_10,WH_10,TransferOwnership,2026-10-02T06:09:19.465563+00:00,2026-10-02T06:09:21.597164+00:00,2131.589,200,True,True,Ownership transferred successfully
1770,TX0001770,DRUG000590,3,WH_10,RET_040,RET_040,TransferOwnership,2026-10-02T06:09:21.597349+00:00,2026-10-02T06:09:23.753351+00:00,2155.987,200,True,True,Ownership transferred successfully
1771,TX0001771,DRUG000591,1,MFG_01,DIST_06,DIST_06,TransferOwnership,2026-10-02T06:09:23.753693+00:00,2026-10-02T06:09:25.902030+00:00,2148.314,200,True,True,Ownership transferred successfully
1772,TX0001772,DRUG000591,2,DIST_06,WH_11,WH_11,TransferOwnership,2026-10-02T06:09:25.902248+00:00,2026-10-02T06:09:28.044499+00:00,2142.234,200,True,True,Ownership transferred successfully
1773,TX0001773,DRUG000591,3,WH_11,RET_041,RET_041,TransferOwnership,2026-10-02T06:09:28.044713+00:00,2026-10-02T06:09:30.183969+00:00,2139.238,200,True,True,Ownership transferred successfully
1774,TX0001774,DRUG000592,1,MFG_02,DIST_07,DIST_07,TransferOwnership,2026-10-02T06:09:30.184871+00:00,2026-10-02T06:09:32.367003+00:00,2182.103,200,True,True,Ownership transferred successfully
1775,TX0001775,DRUG000592,2,DIST_07,WH_12,WH_12,TransferOwnership,2026-10-02T06:09:32.367327+00:00,2026-10-02T06:09:34.545578+00:00,2178.226,200,True,True,Ownership transferred successfully
1776,TX0001776,DRUG000592,3,WH_12,RET_042,RET_042,TransferOwnership,2026-10-02T06:09:34.545793+00:00,2026-10-02T06:09:36.652283+00:00,2106.470,200,True,True,Ownership transferred successfully
1777,TX0001777,DRUG000593,1,MFG_03,DIST_08,DIST_08,TransferOwnership,2026-10-02T06:09:36.652487+00:00,2026-10-02T06:09:38.814278+00:00,2161.771,200,True,True,Ownership transferred successfully
1778,TX0001778,DRUG000593,2,DIST_08,WH_13,WH_13,TransferOwnership,2026-10-02T06:09:38.815081+00:00,2026-10-02T06:09:40.959814+00:00,2144.709,200,True,True,Ownership transferred successfully
1779,TX0001779,DRUG000593,3,WH_13,RET_043,RET_043,TransferOwnership,2026-10-02T06:09:40.960021+00:00,2026-10-02T06:09:43.101170+00:00,2141.127,200,True,True,Ownership transferred successfully
1780,TX0001780,DRUG000594,1,MFG_04,DIST_09,DIST_09,TransferOwnership,2026-10-02T06:09:43.101438+00:00,2026-10-02T06:09:45.297193+00:00,2136.038,200,True,True,Ownership transferred successfully
1781,TX0001781,DRUG000594,2,DIST_09,WH_14,WH_14,TransferOwnership,2026-10-02T06:09:45.297352+00:00,2026-10-02T06:09:47.422127+00:00,2124.757,200,True,True,Ownership transferred successfully
1782,TX0001782,DRUG000594,3,WH_14,RET_044,RET_044,TransferOwnership,2026-10-02T06:09:47.422285+00:00,2026-10-02T06:09:49.531289+00:00,2108.989,200,True,True,Ownership transferred successfully
1783,TX0001783,DRUG000595,1,MFG_05,DIST_10,DIST_10,TransferOwnership,2026-10-02T06:09:49.531468+00:00,2026-10-02T06:09:51.672597+00:00,2141.113,200,True,True,Ownership transferred successfully
1784,TX0001784,DRUG000595,2,DIST_10,WH_15,WH_15,TransferOwnership,2026-10-02T06:09:51.672843+00:00,2026-10-02T06:09:53.800733+00:00,2127.872,200,True,True,Ownership transferred successfully
1785,TX0001785,DRUG000595,3,WH_15,RET_045,RET_045,TransferOwnership,2026-10-02T06:09:53.801678+00:00,2026-10-02T06:09:55.933677+00:00,2131.973,200,True,True,Ownership transferred successfully
1786,TX0001786,DRUG000596,1,MFG_06,DIST_11,DIST_11,TransferOwnership,2026-10-02T06:09:55.933906+00:00,2026-10-02T06:09:58.089531+00:00,2155.605,200,True,True,Ownership transferred successfully
1787,TX0001787,DRUG000596,2,DIST_11,WH_16,WH_16,TransferOwnership,2026-10-02T06:09:58.089833+00:00,2026-10-02T06:10:00.234052+00:00,2144.194,200,True,True,Ownership transferred successfully
1788,TX0001788,DRUG000596,3,WH_16,RET_046,RET_046,TransferOwnership,2026-10-02T06:10:00.234273+00:00,2026-10-02T06:10:02.379723+00:00,2145.433,200,True,True,Ownership transferred successfully
1789,TX0001789,DRUG000597,1,MFG_07,DIST_12,DIST_12,TransferOwnership,2026-10-02T06:10:02.379891+00:00,2026-10-02T06:10:04.532121+00:00,2152.218,200,True,True,Ownership transferred successfully
1790,TX0001790,DRUG000597,2,DIST_12,WH_17,WH_17,TransferOwnership,2026-10-02T06:10:04.532304+00:00,2026-10-02T06:10:06.653225+00:00,2120.902,200,True,True,Ownership transferred successfully
1791,TX0001791,DRUG000597,3,WH_17,RET_047,RET_047,TransferOwnership,2026-10-02T06:10:06.653431+00:00,2026-10-02T06:10:08.788357+00:00,2134.895,200,True,True,Ownership transferred successfully
1792,TX0001792,DRUG000598,1,MFG_08,DIST_13,DIST_13,TransferOwnership,2026-10-02T06:10:08.788558+00:00,2026-10-02T06:10:10.976529+00:00,2187.953,200,True,True,Ownership transferred successfully
1793,TX0001793,DRUG000598,2,DIST_13,WH_18,WH_18,TransferOwnership,2026-10-02T06:10:10.976720+00:00,2026-10-02T06:10:13.114571+00:00,2137.835,200,True,True,Ownership transferred successfully
1794,TX0001794,DRUG000598,3,WH_18,RET_048,RET_048,TransferOwnership,2026-10-02T06:10:13.114751+00:00,2026-10-02T06:10:15.268905+00:00,2127.623,200,True,True,Ownership transferred successfully
1795,TX0001795,DRUG000599,1,MFG_09,DIST_14,DIST_14,TransferOwnership,2026-10-02T06:10:15.269100+00:00,2026-10-02T06:10:17.385653+00:00,2116.535,200,True,True,Ownership transferred successfully
1796,TX0001796,DRUG000599,2,DIST_14,WH_19,WH_19,TransferOwnership,2026-10-02T06:10:17.385832+00:00,2026-10-02T06:10:19.489314+00:00,2103.465,200,True,True,Ownership transferred successfully
1797,TX0001797,DRUG000599,3,WH_19,RET_049,RET_049,TransferOwnership,2026-10-02T06:10:19.490359+00:00,2026-10-02T06:10:21.605184+00:00,2114.804,200,True,True,Ownership transferred successfully
1798,TX0001798,DRUG000600,1,MFG_10,DIST_15,DIST_15,TransferOwnership,2026-10-02T06:10:21.606035+00:00,2026-10-02T06:10:23.756305+00:00,2150.243,200,True,True,Ownership transferred successfully
1799,TX0001799,DRUG000600,2,DIST_15,WH_20,WH_20,TransferOwnership,2026-10-02T06:10:23.756603+00:00,2026-10-02T06:10:25.904641+00:00,2148.012,200,True,True,Ownership transferred successfully
1800,TX0001800,DRUG000600,3,WH_20,RET_050,RET_050,TransferOwnership,2026-10-02T06:10:25.904920+00:00,2026-10-02T06:10:28.042834+00:00,2137.893,200,True,True,Ownership transferred successfully
1801,TX0001801,DRUG000601,1,MFG_01,DIST_01,DIST_01,TransferOwnership,2026-10-02T06:10:28.042984+00:00,2026-10-02T06:10:30.188799+00:00,2145.802,200,True,True,Ownership transferred successfully
1802,TX0001802,DRUG000601,2,DIST_01,WH_01,WH_01,TransferOwnership,2026-10-02T06:10:30.189045+00:00,2026-10-02T06:10:32.334533+00:00,2145.467,200,True,True,Ownership transferred successfully
1803,TX0001803,DRUG000601,3,WH_01,RET_001,RET_001,TransferOwnership,2026-10-02T06:10:32.334829+00:00,2026-10-02T06:10:34.467033+00:00,2132.183,200,True,True,Ownership transferred successfully
1804,TX0001804,DRUG000602,1,MFG_02,DIST_02,DIST_02,TransferOwnership,2026-10-02T06:10:34.467193+00:00,2026-10-02T06:10:36.597260+00:00,2130.054,200,True,True,Ownership transferred successfully
1805,TX0001805,DRUG000602,2,DIST_02,WH_02,WH_02,TransferOwnership,2026-10-02T06:10:36.597436+00:00,2026-10-02T06:10:38.731375+00:00,2133.922,200,True,True,Ownership transferred successfully
1806,TX0001806,DRUG000602,3,WH_02,RET_002,RET_002,TransferOwnership,2026-10-02T06:10:38.731590+00:00,2026-10-02T06:10:40.876508+00:00,2144.896,200,True,True,Ownership transferred successfully
1807,TX0001807,DRUG000603,1,MFG_03,DIST_03,DIST_03,TransferOwnership,2026-10-02T06:10:40.876920+00:00,2026-10-02T06:10:43.021047+00:00,2144.104,200,True,True,Ownership transferred successfully
1808,TX0001808,DRUG000603,2,DIST_03,WH_03,WH_03,TransferOwnership,2026-10-02T06:10:43.022042+00:00,2026-10-02T06:10:45.226941+00:00,2143.815,200,True,True,Ownership transferred successfully
1809,TX0001809,DRUG000603,3,WH_03,RET_003,RET_003,TransferOwnership,2026-10-02T06:10:45.227133+00:00,2026-10-02T06:10:47.367666+00:00,2140.515,200,True,True,Ownership transferred successfully
1810,TX0001810,DRUG000604,1,MFG_04,DIST_04,DIST_04,TransferOwnership,2026-10-02T06:10:47.367853+00:00,2026-10-02T06:10:49.492001+00:00,2124.126,200,True,True,Ownership transferred successfully
1811,TX0001811,DRUG000604,2,DIST_04,WH_04,WH_04,TransferOwnership,2026-10-02T06:10:49.492393+00:00,2026-10-02T06:10:51.632918+00:00,2140.480,200,True,True,Ownership transferred successfully
1812,TX0001812,DRUG000604,3,WH_04,RET_004,RET_004,TransferOwnership,2026-10-02T06:10:51.633109+00:00,2026-10-02T06:10:53.775197+00:00,2142.068,200,True,True,Ownership transferred successfully
1813,TX0001813,DRUG000605,1,MFG_05,DIST_05,DIST_05,TransferOwnership,2026-10-02T06:10:53.775430+00:00,2026-10-02T06:10:55.930906+00:00,2155.455,200,True,True,Ownership transferred successfully
1814,TX0001814,DRUG000605,2,DIST_05,WH_05,WH_05,TransferOwnership,2026-10-02T06:10:55.931154+00:00,2026-10-02T06:10:58.062648+00:00,2131.473,200,True,True,Ownership transferred successfully
1815,TX0001815,DRUG000605,3,WH_05,RET_005,RET_005,TransferOwnership,2026-10-02T06:10:58.062842+00:00,2026-10-02T06:11:00.176668+00:00,2113.811,200,True,True,Ownership transferred successfully
1816,TX0001816,DRUG000606,1,MFG_06,DIST_06,DIST_06,TransferOwnership,2026-10-02T06:11:00.176836+00:00,2026-10-02T06:11:02.320288+00:00,2143.436,200,True,True,Ownership transferred successfully
1817,TX0001817,DRUG000606,2,DIST_06,WH_06,WH_06,TransferOwnership,2026-10-02T06:11:02.321098+00:00,2026-10-02T06:11:04.447838+00:00,2126.713,200,True,True,Ownership transferred successfully
1818,TX0001818,DRUG000606,3,WH_06,RET_006,RET_006,TransferOwnership,2026-10-02T06:11:04.448029+00:00,2026-10-02T06:11:06.567939+00:00,2119.890,200,True,True,Ownership transferred successfully
1819,TX0001819,DRUG000607,1,MFG_07,DIST_07,DIST_07,TransferOwnership,2026-10-02T06:11:06.568103+00:00,2026-10-02T06:11:08.728435+00:00,2160.314,200,True,True,Ownership transferred successfully
1820,TX0001820,DRUG000607,2,DIST_07,WH_07,WH_07,TransferOwnership,2026-10-02T06:11:08.728734+00:00,2026-10-02T06:11:10.876655+00:00,2147.897,200,True,True,Ownership transferred successfully
1821,TX0001821,DRUG000607,3,WH_07,RET_007,RET_007,TransferOwnership,2026-10-02T06:11:10.876966+00:00,2026-10-02T06:11:13.022559+00:00,2145.570,200,True,True,Ownership transferred successfully
1822,TX0001822,DRUG000608,1,MFG_08,DIST_08,DIST_08,TransferOwnership,2026-10-02T06:11:13.022744+00:00,2026-10-02T06:11:15.217167+00:00,2159.865,200,True,True,Ownership transferred successfully
1823,TX0001823,DRUG000608,2,DIST_08,WH_08,WH_08,TransferOwnership,2026-10-02T06:11:15.217345+00:00,2026-10-02T06:11:17.373809+00:00,2156.445,200,True,True,Ownership transferred successfully
1824,TX0001824,DRUG000608,3,WH_08,RET_008,RET_008,TransferOwnership,2026-10-02T06:11:17.374007+00:00,2026-10-02T06:11:19.500363+00:00,2126.341,200,True,True,Ownership transferred successfully
1825,TX0001825,DRUG000609,1,MFG_09,DIST_09,DIST_09,TransferOwnership,2026-10-02T06:11:19.500543+00:00,2026-10-02T06:11:21.638610+00:00,2138.051,200,True,True,Ownership transferred successfully
1826,TX0001826,DRUG000609,2,DIST_09,WH_09,WH_09,TransferOwnership,2026-10-02T06:11:21.638777+00:00,2026-10-02T06:11:23.772746+00:00,2133.953,200,True,True,Ownership transferred successfully
1827,TX0001827,DRUG000609,3,WH_09,RET_009,RET_009,TransferOwnership,2026-10-02T06:11:23.772931+00:00,2026-10-02T06:11:25.919259+00:00,2146.308,200,True,True,Ownership transferred successfully
1828,TX0001828,DRUG000610,1,MFG_10,DIST_10,DIST_10,TransferOwnership,2026-10-02T06:11:25.919453+00:00,2026-10-02T06:11:28.086626+00:00,2167.155,200,True,True,Ownership transferred successfully
1829,TX0001829,DRUG000610,2,DIST_10,WH_10,WH_10,TransferOwnership,2026-10-02T06:11:28.086832+00:00,2026-10-02T06:11:30.225146+00:00,2138.292,200,True,True,Ownership transferred successfully
1830,TX0001830,DRUG000610,3,WH_10,RET_010,RET_010,TransferOwnership,2026-10-02T06:11:30.225371+00:00,2026-10-02T06:11:32.387314+00:00,2161.923,200,True,True,Ownership transferred successfully
1831,TX0001831,DRUG000611,1,MFG_01,DIST_11,DIST_11,TransferOwnership,2026-10-02T06:11:32.387511+00:00,2026-10-02T06:11:34.536747+00:00,2149.222,200,True,True,Ownership transferred successfully
1832,TX0001832,DRUG000611,2,DIST_11,WH_11,WH_11,TransferOwnership,2026-10-02T06:11:34.537686+00:00,2026-10-02T06:11:36.672827+00:00,2135.111,200,True,True,Ownership transferred successfully
1833,TX0001833,DRUG000611,3,WH_11,RET_011,RET_011,TransferOwnership,2026-10-02T06:11:36.673054+00:00,2026-10-02T06:11:38.822565+00:00,2149.486,200,True,True,Ownership transferred successfully
1834,TX0001834,DRUG000612,1,MFG_02,DIST_12,DIST_12,TransferOwnership,2026-10-02T06:11:38.822795+00:00,2026-10-02T06:11:40.984068+00:00,2161.253,200,True,True,Ownership transferred successfully
1835,TX0001835,DRUG000612,2,DIST_12,WH_12,WH_12,TransferOwnership,2026-10-02T06:11:40.984261+00:00,2026-10-02T06:11:43.122359+00:00,2138.084,200,True,True,Ownership transferred successfully
1836,TX0001836,DRUG000612,3,WH_12,RET_012,RET_012,TransferOwnership,2026-10-02T06:11:43.122513+00:00,2026-10-02T06:11:45.314363+00:00,2128.232,200,True,True,Ownership transferred successfully
1837,TX0001837,DRUG000613,1,MFG_03,DIST_13,DIST_13,TransferOwnership,2026-10-02T06:11:45.314563+00:00,2026-10-02T06:11:47.447878+00:00,2133.296,200,True,True,Ownership transferred successfully
1838,TX0001838,DRUG000613,2,DIST_13,WH_13,WH_13,TransferOwnership,2026-10-02T06:11:47.448066+00:00,2026-10-02T06:11:49.570878+00:00,2122.785,200,True,True,Ownership transferred successfully
1839,TX0001839,DRUG000613,3,WH_13,RET_013,RET_013,TransferOwnership,2026-10-02T06:11:49.571190+00:00,2026-10-02T06:11:51.711082+00:00,2139.853,200,True,True,Ownership transferred successfully
1840,TX0001840,DRUG000614,1,MFG_04,DIST_14,DIST_14,TransferOwnership,2026-10-02T06:11:51.711455+00:00,2026-10-02T06:11:53.853842+00:00,2142.363,200,True,True,Ownership transferred successfully
1841,TX0001841,DRUG000614,2,DIST_14,WH_14,WH_14,TransferOwnership,2026-10-02T06:11:53.854197+00:00,2026-10-02T06:11:55.991924+00:00,2137.704,200,True,True,Ownership transferred successfully
1842,TX0001842,DRUG000614,3,WH_14,RET_014,RET_014,TransferOwnership,2026-10-02T06:11:55.992182+00:00,2026-10-02T06:11:58.140435+00:00,2148.235,200,True,True,Ownership transferred successfully
1843,TX0001843,DRUG000615,1,MFG_05,DIST_15,DIST_15,TransferOwnership,2026-10-02T06:11:58.141940+00:00,2026-10-02T06:12:00.283514+00:00,2141.543,200,True,True,Ownership transferred successfully
1844,TX0001844,DRUG000615,2,DIST_15,WH_15,WH_15,TransferOwnership,2026-10-02T06:12:00.283713+00:00,2026-10-02T06:12:02.428917+00:00,2145.181,200,True,True,Ownership transferred successfully
1845,TX0001845,DRUG000615,3,WH_15,RET_015,RET_015,TransferOwnership,2026-10-02T06:12:02.429079+00:00,2026-10-02T06:12:04.604316+00:00,2175.223,200,True,True,Ownership transferred successfully
1846,TX0001846,DRUG000616,1,MFG_06,DIST_01,DIST_01,TransferOwnership,2026-10-02T06:12:04.604562+00:00,2026-10-02T06:12:06.742098+00:00,2137.511,200,True,True,Ownership transferred successfully
1847,TX0001847,DRUG000616,2,DIST_01,WH_16,WH_16,TransferOwnership,2026-10-02T06:12:06.742365+00:00,2026-10-02T06:12:08.897981+00:00,2155.588,200,True,True,Ownership transferred successfully
1848,TX0001848,DRUG000616,3,WH_16,RET_016,RET_016,TransferOwnership,2026-10-02T06:12:08.898179+00:00,2026-10-02T06:12:11.085217+00:00,2187.017,200,True,True,Ownership transferred successfully
1849,TX0001849,DRUG000617,1,MFG_07,DIST_02,DIST_02,TransferOwnership,2026-10-02T06:12:11.085462+00:00,2026-10-02T06:12:13.240164+00:00,2154.682,200,True,True,Ownership transferred successfully
1850,TX0001850,DRUG000617,2,DIST_02,WH_17,WH_17,TransferOwnership,2026-10-02T06:12:13.240379+00:00,2026-10-02T06:12:15.410590+00:00,2141.877,200,True,True,Ownership transferred successfully
1851,TX0001851,DRUG000617,3,WH_17,RET_017,RET_017,TransferOwnership,2026-10-02T06:12:15.410742+00:00,2026-10-02T06:12:17.547312+00:00,2136.559,200,True,True,Ownership transferred successfully
1852,TX0001852,DRUG000618,1,MFG_08,DIST_03,DIST_03,TransferOwnership,2026-10-02T06:12:17.547512+00:00,2026-10-02T06:12:19.686636+00:00,2139.109,200,True,True,Ownership transferred successfully
1853,TX0001853,DRUG000618,2,DIST_03,WH_18,WH_18,TransferOwnership,2026-10-02T06:12:19.686883+00:00,2026-10-02T06:12:21.834257+00:00,2147.354,200,True,True,Ownership transferred successfully
1854,TX0001854,DRUG000618,3,WH_18,RET_018,RET_018,TransferOwnership,2026-10-02T06:12:21.834466+00:00,2026-10-02T06:12:23.963940+00:00,2129.455,200,True,True,Ownership transferred successfully
1855,TX0001855,DRUG000619,1,MFG_09,DIST_04,DIST_04,TransferOwnership,2026-10-02T06:12:23.964863+00:00,2026-10-02T06:12:26.100302+00:00,2135.410,200,True,True,Ownership transferred successfully
1856,TX0001856,DRUG000619,2,DIST_04,WH_19,WH_19,TransferOwnership,2026-10-02T06:12:26.101587+00:00,2026-10-02T06:12:28.211615+00:00,2109.999,200,True,True,Ownership transferred successfully
1857,TX0001857,DRUG000619,3,WH_19,RET_019,RET_019,TransferOwnership,2026-10-02T06:12:28.211780+00:00,2026-10-02T06:12:30.339813+00:00,2128.020,200,True,True,Ownership transferred successfully
1858,TX0001858,DRUG000620,1,MFG_10,DIST_05,DIST_05,TransferOwnership,2026-10-02T06:12:30.340004+00:00,2026-10-02T06:12:32.516775+00:00,2176.750,200,True,True,Ownership transferred successfully
1859,TX0001859,DRUG000620,2,DIST_05,WH_20,WH_20,TransferOwnership,2026-10-02T06:12:32.516930+00:00,2026-10-02T06:12:34.668652+00:00,2151.708,200,True,True,Ownership transferred successfully
1860,TX0001860,DRUG000620,3,WH_20,RET_020,RET_020,TransferOwnership,2026-10-02T06:12:34.668835+00:00,2026-10-02T06:12:36.783646+00:00,2114.796,200,True,True,Ownership transferred successfully
1861,TX0001861,DRUG000621,1,MFG_01,DIST_06,DIST_06,TransferOwnership,2026-10-02T06:12:36.783829+00:00,2026-10-02T06:12:38.955757+00:00,2171.911,200,True,True,Ownership transferred successfully
1862,TX0001862,DRUG000621,2,DIST_06,WH_01,WH_01,TransferOwnership,2026-10-02T06:12:38.955935+00:00,2026-10-02T06:12:41.081651+00:00,2125.701,200,True,True,Ownership transferred successfully
1863,TX0001863,DRUG000621,3,WH_01,RET_021,RET_021,TransferOwnership,2026-10-02T06:12:41.081799+00:00,2026-10-02T06:12:43.231342+00:00,2149.533,200,True,True,Ownership transferred successfully
1864,TX0001864,DRUG000622,1,MFG_02,DIST_07,DIST_07,TransferOwnership,2026-10-02T06:12:43.231657+00:00,2026-10-02T06:12:45.441952+00:00,2145.113,200,True,True,Ownership transferred successfully
1865,TX0001865,DRUG000622,2,DIST_07,WH_02,WH_02,TransferOwnership,2026-10-02T06:12:45.442115+00:00,2026-10-02T06:12:47.587084+00:00,2144.956,200,True,True,Ownership transferred successfully
1866,TX0001866,DRUG000622,3,WH_02,RET_022,RET_022,TransferOwnership,2026-10-02T06:12:47.587245+00:00,2026-10-02T06:12:49.698875+00:00,2111.609,200,True,True,Ownership transferred successfully
1867,TX0001867,DRUG000623,1,MFG_03,DIST_08,DIST_08,TransferOwnership,2026-10-02T06:12:49.699758+00:00,2026-10-02T06:12:51.840414+00:00,2140.626,200,True,True,Ownership transferred successfully
1868,TX0001868,DRUG000623,2,DIST_08,WH_03,WH_03,TransferOwnership,2026-10-02T06:12:51.840573+00:00,2026-10-02T06:12:53.975327+00:00,2134.740,200,True,True,Ownership transferred successfully
1869,TX0001869,DRUG000623,3,WH_03,RET_023,RET_023,TransferOwnership,2026-10-02T06:12:53.975510+00:00,2026-10-02T06:12:56.115341+00:00,2139.814,200,True,True,Ownership transferred successfully
1870,TX0001870,DRUG000624,1,MFG_04,DIST_09,DIST_09,TransferOwnership,2026-10-02T06:12:56.115516+00:00,2026-10-02T06:12:58.271658+00:00,2156.126,200,True,True,Ownership transferred successfully
1871,TX0001871,DRUG000624,2,DIST_09,WH_04,WH_04,TransferOwnership,2026-10-02T06:12:58.271882+00:00,2026-10-02T06:13:00.418971+00:00,2147.068,200,True,True,Ownership transferred successfully
1872,TX0001872,DRUG000624,3,WH_04,RET_024,RET_024,TransferOwnership,2026-10-02T06:13:00.419142+00:00,2026-10-02T06:13:02.565617+00:00,2146.458,200,True,True,Ownership transferred successfully
1873,TX0001873,DRUG000625,1,MFG_05,DIST_10,DIST_10,TransferOwnership,2026-10-02T06:13:02.565775+00:00,2026-10-02T06:13:04.719226+00:00,2153.422,200,True,True,Ownership transferred successfully
1874,TX0001874,DRUG000625,2,DIST_10,WH_05,WH_05,TransferOwnership,2026-10-02T06:13:04.719448+00:00,2026-10-02T06:13:06.838920+00:00,2119.452,200,True,True,Ownership transferred successfully
1875,TX0001875,DRUG000625,3,WH_05,RET_025,RET_025,TransferOwnership,2026-10-02T06:13:06.839157+00:00,2026-10-02T06:13:08.995070+00:00,2155.896,200,True,True,Ownership transferred successfully
1876,TX0001876,DRUG000626,1,MFG_06,DIST_11,DIST_11,TransferOwnership,2026-10-02T06:13:08.995925+00:00,2026-10-02T06:13:11.136503+00:00,2140.552,200,True,True,Ownership transferred successfully
1877,TX0001877,DRUG000626,2,DIST_11,WH_06,WH_06,TransferOwnership,2026-10-02T06:13:11.136672+00:00,2026-10-02T06:13:13.274765+00:00,2138.081,200,True,True,Ownership transferred successfully
1878,TX0001878,DRUG000626,3,WH_06,RET_026,RET_026,TransferOwnership,2026-10-02T06:13:13.275667+00:00,2026-10-02T06:13:15.433331+00:00,2124.701,200,True,True,Ownership transferred successfully
1879,TX0001879,DRUG000627,1,MFG_07,DIST_12,DIST_12,TransferOwnership,2026-10-02T06:13:15.433504+00:00,2026-10-02T06:13:17.583032+00:00,2149.508,200,True,True,Ownership transferred successfully
1880,TX0001880,DRUG000627,2,DIST_12,WH_07,WH_07,TransferOwnership,2026-10-02T06:13:17.583237+00:00,2026-10-02T06:13:19.725438+00:00,2142.188,200,True,True,Ownership transferred successfully
1881,TX0001881,DRUG000627,3,WH_07,RET_027,RET_027,TransferOwnership,2026-10-02T06:13:19.725607+00:00,2026-10-02T06:13:21.868906+00:00,2143.283,200,True,True,Ownership transferred successfully
1882,TX0001882,DRUG000628,1,MFG_08,DIST_13,DIST_13,TransferOwnership,2026-10-02T06:13:21.869063+00:00,2026-10-02T06:13:24.025609+00:00,2156.534,200,True,True,Ownership transferred successfully
1883,TX0001883,DRUG000628,2,DIST_13,WH_08,WH_08,TransferOwnership,2026-10-02T06:13:24.025827+00:00,2026-10-02T06:13:26.165461+00:00,2139.616,200,True,True,Ownership transferred successfully
1884,TX0001884,DRUG000628,3,WH_08,RET_028,RET_028,TransferOwnership,2026-10-02T06:13:26.165626+00:00,2026-10-02T06:13:28.312570+00:00,2146.917,200,True,True,Ownership transferred successfully
1885,TX0001885,DRUG000629,1,MFG_09,DIST_14,DIST_14,TransferOwnership,2026-10-02T06:13:28.312876+00:00,2026-10-02T06:13:30.466245+00:00,2153.352,200,True,True,Ownership transferred successfully
1886,TX0001886,DRUG000629,2,DIST_14,WH_09,WH_09,TransferOwnership,2026-10-02T06:13:30.466423+00:00,2026-10-02T06:13:32.600176+00:00,2133.739,200,True,True,Ownership transferred successfully
1887,TX0001887,DRUG000629,3,WH_09,RET_029,RET_029,TransferOwnership,2026-10-02T06:13:32.600479+00:00,2026-10-02T06:13:34.736132+00:00,2135.626,200,True,True,Ownership transferred successfully
1888,TX0001888,DRUG000630,1,MFG_10,DIST_15,DIST_15,TransferOwnership,2026-10-02T06:13:34.736540+00:00,2026-10-02T06:13:36.907468+00:00,2170.903,200,True,True,Ownership transferred successfully
1889,TX0001889,DRUG000630,2,DIST_15,WH_10,WH_10,TransferOwnership,2026-10-02T06:13:36.907708+00:00,2026-10-02T06:13:39.038686+00:00,2130.961,200,True,True,Ownership transferred successfully
1890,TX0001890,DRUG000630,3,WH_10,RET_030,RET_030,TransferOwnership,2026-10-02T06:13:39.039308+00:00,2026-10-02T06:13:41.184282+00:00,2144.947,200,True,True,Ownership transferred successfully
1891,TX0001891,DRUG000631,1,MFG_01,DIST_01,DIST_01,TransferOwnership,2026-10-02T06:13:41.184515+00:00,2026-10-02T06:13:43.326639+00:00,2142.104,200,True,True,Ownership transferred successfully
1892,TX0001892,DRUG000631,2,DIST_01,WH_11,WH_11,TransferOwnership,2026-10-02T06:13:43.326813+00:00,2026-10-02T06:13:45.542655+00:00,2150.426,200,True,True,Ownership transferred successfully
1893,TX0001893,DRUG000631,3,WH_11,RET_031,RET_031,TransferOwnership,2026-10-02T06:13:45.542855+00:00,2026-10-02T06:13:47.702112+00:00,2159.239,200,True,True,Ownership transferred successfully
1894,TX0001894,DRUG000632,1,MFG_02,DIST_02,DIST_02,TransferOwnership,2026-10-02T06:13:47.702303+00:00,2026-10-02T06:13:49.854583+00:00,2152.256,200,True,True,Ownership transferred successfully
1895,TX0001895,DRUG000632,2,DIST_02,WH_12,WH_12,TransferOwnership,2026-10-02T06:13:49.855239+00:00,2026-10-02T06:13:52.009657+00:00,2154.388,200,True,True,Ownership transferred successfully
1896,TX0001896,DRUG000632,3,WH_12,RET_032,RET_032,TransferOwnership,2026-10-02T06:13:52.009894+00:00,2026-10-02T06:13:54.162425+00:00,2152.510,200,True,True,Ownership transferred successfully
1897,TX0001897,DRUG000633,1,MFG_03,DIST_03,DIST_03,TransferOwnership,2026-10-02T06:13:54.162613+00:00,2026-10-02T06:13:56.314868+00:00,2152.238,200,True,True,Ownership transferred successfully
1898,TX0001898,DRUG000633,2,DIST_03,WH_13,WH_13,TransferOwnership,2026-10-02T06:13:56.315036+00:00,2026-10-02T06:13:58.431780+00:00,2116.731,200,True,True,Ownership transferred successfully
1899,TX0001899,DRUG000633,3,WH_13,RET_033,RET_033,TransferOwnership,2026-10-02T06:13:58.431948+00:00,2026-10-02T06:14:00.607331+00:00,2175.370,200,True,True,Ownership transferred successfully
1900,TX0001900,DRUG000634,1,MFG_04,DIST_04,DIST_04,TransferOwnership,2026-10-02T06:14:00.607725+00:00,2026-10-02T06:14:02.766254+00:00,2158.482,200,True,True,Ownership transferred successfully
1901,TX0001901,DRUG000634,2,DIST_04,WH_14,WH_14,TransferOwnership,2026-10-02T06:14:02.767043+00:00,2026-10-02T06:14:04.911880+00:00,2144.808,200,True,True,Ownership transferred successfully
1902,TX0001902,DRUG000634,3,WH_14,RET_034,RET_034,TransferOwnership,2026-10-02T06:14:04.912140+00:00,2026-10-02T06:14:07.021346+00:00,2109.182,200,True,True,Ownership transferred successfully
1903,TX0001903,DRUG000635,1,MFG_05,DIST_05,DIST_05,TransferOwnership,2026-10-02T06:14:07.021570+00:00,2026-10-02T06:14:09.140706+00:00,2119.122,200,True,True,Ownership transferred successfully
1904,TX0001904,DRUG000635,2,DIST_05,WH_15,WH_15,TransferOwnership,2026-10-02T06:14:09.140866+00:00,2026-10-02T06:14:11.295391+00:00,2154.514,200,True,True,Ownership transferred successfully
1905,TX0001905,DRUG000635,3,WH_15,RET_035,RET_035,TransferOwnership,2026-10-02T06:14:11.295598+00:00,2026-10-02T06:14:13.436917+00:00,2141.299,200,True,True,Ownership transferred successfully
1906,TX0001906,DRUG000636,1,MFG_06,DIST_06,DIST_06,TransferOwnership,2026-10-02T06:14:13.437110+00:00,2026-10-02T06:14:15.612095+00:00,2160.282,200,True,True,Ownership transferred successfully
1907,TX0001907,DRUG000636,2,DIST_06,WH_16,WH_16,TransferOwnership,2026-10-02T06:14:15.612278+00:00,2026-10-02T06:14:17.753899+00:00,2141.607,200,True,True,Ownership transferred successfully
1908,TX0001908,DRUG000636,3,WH_16,RET_036,RET_036,TransferOwnership,2026-10-02T06:14:17.754103+00:00,2026-10-02T06:14:19.894319+00:00,2140.196,200,True,True,Ownership transferred successfully
1909,TX0001909,DRUG000637,1,MFG_07,DIST_07,DIST_07,TransferOwnership,2026-10-02T06:14:19.894510+00:00,2026-10-02T06:14:22.043412+00:00,2148.889,200,True,True,Ownership transferred successfully
1910,TX0001910,DRUG000637,2,DIST_07,WH_17,WH_17,TransferOwnership,2026-10-02T06:14:22.043603+00:00,2026-10-02T06:14:24.190599+00:00,2146.984,200,True,True,Ownership transferred successfully
1911,TX0001911,DRUG000637,3,WH_17,RET_037,RET_037,TransferOwnership,2026-10-02T06:14:24.190763+00:00,2026-10-02T06:14:26.332145+00:00,2141.366,200,True,True,Ownership transferred successfully
1912,TX0001912,DRUG000638,1,MFG_08,DIST_08,DIST_08,TransferOwnership,2026-10-02T06:14:26.332455+00:00,2026-10-02T06:14:28.497934+00:00,2165.455,200,True,True,Ownership transferred successfully
1913,TX0001913,DRUG000638,2,DIST_08,WH_18,WH_18,TransferOwnership,2026-10-02T06:14:28.498740+00:00,2026-10-02T06:14:30.641992+00:00,2143.225,200,True,True,Ownership transferred successfully
1914,TX0001914,DRUG000638,3,WH_18,RET_038,RET_038,TransferOwnership,2026-10-02T06:14:30.642335+00:00,2026-10-02T06:14:32.797249+00:00,2154.893,200,True,True,Ownership transferred successfully
1915,TX0001915,DRUG000639,1,MFG_09,DIST_09,DIST_09,TransferOwnership,2026-10-02T06:14:32.797447+00:00,2026-10-02T06:14:34.946304+00:00,2148.838,200,True,True,Ownership transferred successfully
1916,TX0001916,DRUG000639,2,DIST_09,WH_19,WH_19,TransferOwnership,2026-10-02T06:14:34.946542+00:00,2026-10-02T06:14:37.046305+00:00,2099.743,200,True,True,Ownership transferred successfully
1917,TX0001917,DRUG000639,3,WH_19,RET_039,RET_039,TransferOwnership,2026-10-02T06:14:37.046473+00:00,2026-10-02T06:14:39.153827+00:00,2107.332,200,True,True,Ownership transferred successfully
1918,TX0001918,DRUG000640,1,MFG_10,DIST_10,DIST_10,TransferOwnership,2026-10-02T06:14:39.153994+00:00,2026-10-02T06:14:41.287565+00:00,2133.556,200,True,True,Ownership transferred successfully
1919,TX0001919,DRUG000640,2,DIST_10,WH_20,WH_20,TransferOwnership,2026-10-02T06:14:41.287733+00:00,2026-10-02T06:14:43.403175+00:00,2115.427,200,True,True,Ownership transferred successfully
1920,TX0001920,DRUG000640,3,WH_20,RET_040,RET_040,TransferOwnership,2026-10-02T06:14:43.403318+00:00,2026-10-02T06:14:45.585614+00:00,2152.135,200,True,True,Ownership transferred successfully
1921,TX0001921,DRUG000641,1,MFG_01,DIST_11,DIST_11,TransferOwnership,2026-10-02T06:14:45.585785+00:00,2026-10-02T06:14:47.753875+00:00,2168.078,200,True,True,Ownership transferred successfully
1922,TX0001922,DRUG000641,2,DIST_11,WH_01,WH_01,TransferOwnership,2026-10-02T06:14:47.754066+00:00,2026-10-02T06:14:49.883860+00:00,2129.778,200,True,True,Ownership transferred successfully
1923,TX0001923,DRUG000641,3,WH_01,RET_041,RET_041,TransferOwnership,2026-10-02T06:14:49.884001+00:00,2026-10-02T06:14:52.038998+00:00,2154.985,200,True,True,Ownership transferred successfully
1924,TX0001924,DRUG000642,1,MFG_02,DIST_12,DIST_12,TransferOwnership,2026-10-02T06:14:52.039175+00:00,2026-10-02T06:14:54.191242+00:00,2152.049,200,True,True,Ownership transferred successfully
1925,TX0001925,DRUG000642,2,DIST_12,WH_02,WH_02,TransferOwnership,2026-10-02T06:14:54.192660+00:00,2026-10-02T06:14:56.400799+00:00,2207.978,200,True,True,Ownership transferred successfully
1926,TX0001926,DRUG000642,3,WH_02,RET_042,RET_042,TransferOwnership,2026-10-02T06:14:56.401022+00:00,2026-10-02T06:14:58.593966+00:00,2192.927,200,True,True,Ownership transferred successfully
1927,TX0001927,DRUG000643,1,MFG_03,DIST_13,DIST_13,TransferOwnership,2026-10-02T06:14:58.594190+00:00,2026-10-02T06:15:00.775840+00:00,2181.629,200,True,True,Ownership transferred successfully
1928,TX0001928,DRUG000643,2,DIST_13,WH_03,WH_03,TransferOwnership,2026-10-02T06:15:00.776149+00:00,2026-10-02T06:15:02.949166+00:00,2172.960,200,True,True,Ownership transferred successfully
1929,TX0001929,DRUG000643,3,WH_03,RET_043,RET_043,TransferOwnership,2026-10-02T06:15:02.949405+00:00,2026-10-02T06:15:05.148361+00:00,2198.942,200,True,True,Ownership transferred successfully
1930,TX0001930,DRUG000644,1,MFG_04,DIST_14,DIST_14,TransferOwnership,2026-10-02T06:15:05.148510+00:00,2026-10-02T06:15:07.331749+00:00,2183.225,200,True,True,Ownership transferred successfully
1931,TX0001931,DRUG000644,2,DIST_14,WH_04,WH_04,TransferOwnership,2026-10-02T06:15:07.332140+00:00,2026-10-02T06:15:09.477895+00:00,2145.731,200,True,True,Ownership transferred successfully
1932,TX0001932,DRUG000644,3,WH_04,RET_044,RET_044,TransferOwnership,2026-10-02T06:15:09.478067+00:00,2026-10-02T06:15:11.607074+00:00,2128.990,200,True,True,Ownership transferred successfully
1933,TX0001933,DRUG000645,1,MFG_05,DIST_15,DIST_15,TransferOwnership,2026-10-02T06:15:11.607293+00:00,2026-10-02T06:15:13.765555+00:00,2158.244,200,True,True,Ownership transferred successfully
1934,TX0001934,DRUG000645,2,DIST_15,WH_05,WH_05,TransferOwnership,2026-10-02T06:15:13.767979+00:00,2026-10-02T06:15:16.011622+00:00,2204.642,200,True,True,Ownership transferred successfully
1935,TX0001935,DRUG000645,3,WH_05,RET_045,RET_045,TransferOwnership,2026-10-02T06:15:16.011915+00:00,2026-10-02T06:15:18.206254+00:00,2194.316,200,True,True,Ownership transferred successfully
1936,TX0001936,DRUG000646,1,MFG_06,DIST_01,DIST_01,TransferOwnership,2026-10-02T06:15:18.206888+00:00,2026-10-02T06:15:20.389932+00:00,2183.005,200,True,True,Ownership transferred successfully
1937,TX0001937,DRUG000646,2,DIST_01,WH_06,WH_06,TransferOwnership,2026-10-02T06:15:20.390162+00:00,2026-10-02T06:15:22.601070+00:00,2210.890,200,True,True,Ownership transferred successfully
1938,TX0001938,DRUG000646,3,WH_06,RET_046,RET_046,TransferOwnership,2026-10-02T06:15:22.601341+00:00,2026-10-02T06:15:24.788947+00:00,2187.579,200,True,True,Ownership transferred successfully
1939,TX0001939,DRUG000647,1,MFG_07,DIST_02,DIST_02,TransferOwnership,2026-10-02T06:15:24.789208+00:00,2026-10-02T06:15:26.927563+00:00,2138.334,200,True,True,Ownership transferred successfully
1940,TX0001940,DRUG000647,2,DIST_02,WH_07,WH_07,TransferOwnership,2026-10-02T06:15:26.927748+00:00,2026-10-02T06:15:29.139533+00:00,2211.764,200,True,True,Ownership transferred successfully
1941,TX0001941,DRUG000647,3,WH_07,RET_047,RET_047,TransferOwnership,2026-10-02T06:15:29.139733+00:00,2026-10-02T06:15:31.326087+00:00,2186.338,200,True,True,Ownership transferred successfully
1942,TX0001942,DRUG000648,1,MFG_08,DIST_03,DIST_03,TransferOwnership,2026-10-02T06:15:31.326311+00:00,2026-10-02T06:15:33.558318+00:00,2231.992,200,True,True,Ownership transferred successfully
1943,TX0001943,DRUG000648,2,DIST_03,WH_08,WH_08,TransferOwnership,2026-10-02T06:15:33.558502+00:00,2026-10-02T06:15:35.721845+00:00,2163.329,200,True,True,Ownership transferred successfully
1944,TX0001944,DRUG000648,3,WH_08,RET_048,RET_048,TransferOwnership,2026-10-02T06:15:35.722102+00:00,2026-10-02T06:15:37.934769+00:00,2212.643,200,True,True,Ownership transferred successfully
1945,TX0001945,DRUG000649,1,MFG_09,DIST_04,DIST_04,TransferOwnership,2026-10-02T06:15:37.935103+00:00,2026-10-02T06:15:40.157812+00:00,2222.682,200,True,True,Ownership transferred successfully
1946,TX0001946,DRUG000649,2,DIST_04,WH_09,WH_09,TransferOwnership,2026-10-02T06:15:40.158064+00:00,2026-10-02T06:15:42.404362+00:00,2246.278,200,True,True,Ownership transferred successfully
1947,TX0001947,DRUG000649,3,WH_09,RET_049,RET_049,TransferOwnership,2026-10-02T06:15:42.404578+00:00,2026-10-02T06:15:44.673260+00:00,2200.342,200,True,True,Ownership transferred successfully
1948,TX0001948,DRUG000650,1,MFG_10,DIST_05,DIST_05,TransferOwnership,2026-10-02T06:15:44.674432+00:00,2026-10-02T06:15:46.859541+00:00,2185.076,200,True,True,Ownership transferred successfully
1949,TX0001949,DRUG000650,2,DIST_05,WH_10,WH_10,TransferOwnership,2026-10-02T06:15:46.859709+00:00,2026-10-02T06:15:49.004318+00:00,2144.591,200,True,True,Ownership transferred successfully
1950,TX0001950,DRUG000650,3,WH_10,RET_050,RET_050,TransferOwnership,2026-10-02T06:15:49.004505+00:00,2026-10-02T06:15:51.148893+00:00,2144.370,200,True,True,Ownership transferred successfully
1951,TX0001951,DRUG000651,1,MFG_01,DIST_06,DIST_06,TransferOwnership,2026-10-02T06:15:51.149100+00:00,2026-10-02T06:15:53.303825+00:00,2154.708,200,True,True,Ownership transferred successfully
1952,TX0001952,DRUG000651,2,DIST_06,WH_11,WH_11,TransferOwnership,2026-10-02T06:15:53.304010+00:00,2026-10-02T06:15:55.439103+00:00,2135.076,200,True,True,Ownership transferred successfully
1953,TX0001953,DRUG000651,3,WH_11,RET_001,RET_001,TransferOwnership,2026-10-02T06:15:55.439280+00:00,2026-10-02T06:15:57.583601+00:00,2144.307,200,True,True,Ownership transferred successfully
1954,TX0001954,DRUG000652,1,MFG_02,DIST_07,DIST_07,TransferOwnership,2026-10-02T06:15:57.584955+00:00,2026-10-02T06:15:59.707867+00:00,2122.880,200,True,True,Ownership transferred successfully
1955,TX0001955,DRUG000652,2,DIST_07,WH_12,WH_12,TransferOwnership,2026-10-02T06:15:59.708050+00:00,2026-10-02T06:16:01.796772+00:00,2088.709,200,True,True,Ownership transferred successfully
1956,TX0001956,DRUG000652,3,WH_12,RET_002,RET_002,TransferOwnership,2026-10-02T06:16:01.796956+00:00,2026-10-02T06:16:03.938575+00:00,2141.602,200,True,True,Ownership transferred successfully
1957,TX0001957,DRUG000653,1,MFG_03,DIST_08,DIST_08,TransferOwnership,2026-10-02T06:16:03.938831+00:00,2026-10-02T06:16:06.095836+00:00,2156.979,200,True,True,Ownership transferred successfully
1958,TX0001958,DRUG000653,2,DIST_08,WH_13,WH_13,TransferOwnership,2026-10-02T06:16:06.096009+00:00,2026-10-02T06:16:08.242879+00:00,2146.854,200,True,True,Ownership transferred successfully
1959,TX0001959,DRUG000653,3,WH_13,RET_003,RET_003,TransferOwnership,2026-10-02T06:16:08.244364+00:00,2026-10-02T06:16:10.392178+00:00,2147.782,200,True,True,Ownership transferred successfully
1960,TX0001960,DRUG000654,1,MFG_04,DIST_09,DIST_09,TransferOwnership,2026-10-02T06:16:10.392426+00:00,2026-10-02T06:16:12.520517+00:00,2128.068,200,True,True,Ownership transferred successfully
1961,TX0001961,DRUG000654,2,DIST_09,WH_14,WH_14,TransferOwnership,2026-10-02T06:16:12.520756+00:00,2026-10-02T06:16:14.700202+00:00,2148.821,200,True,True,Ownership transferred successfully
1962,TX0001962,DRUG000654,3,WH_14,RET_004,RET_004,TransferOwnership,2026-10-02T06:16:14.700428+00:00,2026-10-02T06:16:16.839235+00:00,2138.791,200,True,True,Ownership transferred successfully
1963,TX0001963,DRUG000655,1,MFG_05,DIST_10,DIST_10,TransferOwnership,2026-10-02T06:16:16.839393+00:00,2026-10-02T06:16:18.998901+00:00,2159.492,200,True,True,Ownership transferred successfully
1964,TX0001964,DRUG000655,2,DIST_10,WH_15,WH_15,TransferOwnership,2026-10-02T06:16:18.999117+00:00,2026-10-02T06:16:21.141678+00:00,2142.544,200,True,True,Ownership transferred successfully
1965,TX0001965,DRUG000655,3,WH_15,RET_005,RET_005,TransferOwnership,2026-10-02T06:16:21.141890+00:00,2026-10-02T06:16:23.287394+00:00,2145.489,200,True,True,Ownership transferred successfully
1966,TX0001966,DRUG000656,1,MFG_06,DIST_11,DIST_11,TransferOwnership,2026-10-02T06:16:23.287664+00:00,2026-10-02T06:16:25.447981+00:00,2160.295,200,True,True,Ownership transferred successfully
1967,TX0001967,DRUG000656,2,DIST_11,WH_16,WH_16,TransferOwnership,2026-10-02T06:16:25.448153+00:00,2026-10-02T06:16:27.594566+00:00,2146.399,200,True,True,Ownership transferred successfully
1968,TX0001968,DRUG000656,3,WH_16,RET_006,RET_006,TransferOwnership,2026-10-02T06:16:27.594782+00:00,2026-10-02T06:16:29.712515+00:00,2117.716,200,True,True,Ownership transferred successfully
1969,TX0001969,DRUG000657,1,MFG_07,DIST_12,DIST_12,TransferOwnership,2026-10-02T06:16:29.712711+00:00,2026-10-02T06:16:31.826042+00:00,2113.313,200,True,True,Ownership transferred successfully
1970,TX0001970,DRUG000657,2,DIST_12,WH_17,WH_17,TransferOwnership,2026-10-02T06:16:31.826224+00:00,2026-10-02T06:16:33.957090+00:00,2130.823,200,True,True,Ownership transferred successfully
1971,TX0001971,DRUG000657,3,WH_17,RET_007,RET_007,TransferOwnership,2026-10-02T06:16:33.958255+00:00,2026-10-02T06:16:36.112810+00:00,2154.524,200,True,True,Ownership transferred successfully
1972,TX0001972,DRUG000658,1,MFG_08,DIST_13,DIST_13,TransferOwnership,2026-10-02T06:16:36.113053+00:00,2026-10-02T06:16:38.282556+00:00,2169.481,200,True,True,Ownership transferred successfully
1973,TX0001973,DRUG000658,2,DIST_13,WH_18,WH_18,TransferOwnership,2026-10-02T06:16:38.283971+00:00,2026-10-02T06:16:40.423235+00:00,2139.233,200,True,True,Ownership transferred successfully
1974,TX0001974,DRUG000658,3,WH_18,RET_008,RET_008,TransferOwnership,2026-10-02T06:16:40.423391+00:00,2026-10-02T06:16:42.546972+00:00,2123.567,200,True,True,Ownership transferred successfully
1975,TX0001975,DRUG000659,1,MFG_09,DIST_14,DIST_14,TransferOwnership,2026-10-02T06:16:42.547128+00:00,2026-10-02T06:16:44.755778+00:00,2147.879,200,True,True,Ownership transferred successfully
1976,TX0001976,DRUG000659,2,DIST_14,WH_19,WH_19,TransferOwnership,2026-10-02T06:16:44.755990+00:00,2026-10-02T06:16:46.888895+00:00,2132.880,200,True,True,Ownership transferred successfully
1977,TX0001977,DRUG000659,3,WH_19,RET_009,RET_009,TransferOwnership,2026-10-02T06:16:46.889149+00:00,2026-10-02T06:16:49.028423+00:00,2139.258,200,True,True,Ownership transferred successfully
1978,TX0001978,DRUG000660,1,MFG_10,DIST_15,DIST_15,TransferOwnership,2026-10-02T06:16:49.028667+00:00,2026-10-02T06:16:51.178200+00:00,2149.521,200,True,True,Ownership transferred successfully
1979,TX0001979,DRUG000660,2,DIST_15,WH_20,WH_20,TransferOwnership,2026-10-02T06:16:51.178354+00:00,2026-10-02T06:16:53.327161+00:00,2148.796,200,True,True,Ownership transferred successfully
1980,TX0001980,DRUG000660,3,WH_20,RET_010,RET_010,TransferOwnership,2026-10-02T06:16:53.327502+00:00,2026-10-02T06:16:55.483502+00:00,2155.973,200,True,True,Ownership transferred successfully
1981,TX0001981,DRUG000661,1,MFG_01,DIST_01,DIST_01,TransferOwnership,2026-10-02T06:16:55.483728+00:00,2026-10-02T06:16:57.638158+00:00,2154.409,200,True,True,Ownership transferred successfully
1982,TX0001982,DRUG000661,2,DIST_01,WH_01,WH_01,TransferOwnership,2026-10-02T06:16:57.638393+00:00,2026-10-02T06:16:59.765420+00:00,2126.999,200,True,True,Ownership transferred successfully
1983,TX0001983,DRUG000661,3,WH_01,RET_011,RET_011,TransferOwnership,2026-10-02T06:16:59.766285+00:00,2026-10-02T06:17:01.857005+00:00,2090.691,200,True,True,Ownership transferred successfully
1984,TX0001984,DRUG000662,1,MFG_02,DIST_02,DIST_02,TransferOwnership,2026-10-02T06:17:01.857200+00:00,2026-10-02T06:17:04.005413+00:00,2148.194,200,True,True,Ownership transferred successfully
1985,TX0001985,DRUG000662,2,DIST_02,WH_02,WH_02,TransferOwnership,2026-10-02T06:17:04.005582+00:00,2026-10-02T06:17:06.155695+00:00,2150.100,200,True,True,Ownership transferred successfully
1986,TX0001986,DRUG000662,3,WH_02,RET_012,RET_012,TransferOwnership,2026-10-02T06:17:06.155904+00:00,2026-10-02T06:17:08.304252+00:00,2148.327,200,True,True,Ownership transferred successfully
1987,TX0001987,DRUG000663,1,MFG_03,DIST_03,DIST_03,TransferOwnership,2026-10-02T06:17:08.304435+00:00,2026-10-02T06:17:10.452971+00:00,2148.521,200,True,True,Ownership transferred successfully
1988,TX0001988,DRUG000663,2,DIST_03,WH_03,WH_03,TransferOwnership,2026-10-02T06:17:10.453222+00:00,2026-10-02T06:17:12.579875+00:00,2126.629,200,True,True,Ownership transferred successfully
1989,TX0001989,DRUG000663,3,WH_03,RET_013,RET_013,TransferOwnership,2026-10-02T06:17:12.580044+00:00,2026-10-02T06:17:14.786235+00:00,2128.272,200,True,True,Ownership transferred successfully
1990,TX0001990,DRUG000664,1,MFG_04,DIST_04,DIST_04,TransferOwnership,2026-10-02T06:17:14.786408+00:00,2026-10-02T06:17:17.028206+00:00,2241.772,200,True,True,Ownership transferred successfully
1991,TX0001991,DRUG000664,2,DIST_04,WH_04,WH_04,TransferOwnership,2026-10-02T06:17:17.028676+00:00,2026-10-02T06:17:19.203666+00:00,2174.949,200,True,True,Ownership transferred successfully
1992,TX0001992,DRUG000664,3,WH_04,RET_014,RET_014,TransferOwnership,2026-10-02T06:17:19.204090+00:00,2026-10-02T06:17:21.313853+00:00,2109.727,200,True,True,Ownership transferred successfully
1993,TX0001993,DRUG000665,1,MFG_05,DIST_05,DIST_05,TransferOwnership,2026-10-02T06:17:21.314102+00:00,2026-10-02T06:17:23.403947+00:00,2089.827,200,True,True,Ownership transferred successfully
1994,TX0001994,DRUG000665,2,DIST_05,WH_05,WH_05,TransferOwnership,2026-10-02T06:17:23.404432+00:00,2026-10-02T06:17:25.492372+00:00,2087.915,200,True,True,Ownership transferred successfully
1995,TX0001995,DRUG000665,3,WH_05,RET_015,RET_015,TransferOwnership,2026-10-02T06:17:25.492658+00:00,2026-10-02T06:17:27.594017+00:00,2101.345,200,True,True,Ownership transferred successfully
1996,TX0001996,DRUG000666,1,MFG_06,DIST_06,DIST_06,TransferOwnership,2026-10-02T06:17:27.594189+00:00,2026-10-02T06:17:29.687229+00:00,2093.030,200,True,True,Ownership transferred successfully
1997,TX0001997,DRUG000666,2,DIST_06,WH_06,WH_06,TransferOwnership,2026-10-02T06:17:29.687396+00:00,2026-10-02T06:17:31.790274+00:00,2102.846,200,True,True,Ownership transferred successfully
1998,TX0001998,DRUG000666,3,WH_06,RET_016,RET_016,TransferOwnership,2026-10-02T06:17:31.790383+00:00,2026-10-02T06:17:33.906397+00:00,2116.000,200,True,True,Ownership transferred successfully
1999,TX0001999,DRUG000667,1,MFG_07,DIST_07,DIST_07,TransferOwnership,2026-10-02T06:17:33.906557+00:00,2026-10-02T06:17:35.997424+00:00,2090.859,200,True,True,Ownership transferred successfully
2000,TX0002000,DRUG000667,2,DIST_07,WH_07,WH_07,TransferOwnership,2026-10-02T06:17:35.997510+00:00,2026-10-02T06:17:38.082681+00:00,2085.161,200,True,True,Ownership transferred successfully
2001,TX0002001,DRUG000667,3,WH_07,RET_017,RET_017,TransferOwnership,2026-10-02T06:17:38.082871+00:00,2026-10-02T06:17:40.167086+00:00,2084.188,200,True,True,Ownership transferred successfully
2002,TX0002002,DRUG000668,1,MFG_08,DIST_08,DIST_08,TransferOwnership,2026-10-02T06:17:40.167181+00:00,2026-10-02T06:17:42.260800+00:00,2093.607,200,True,True,Ownership transferred successfully
2003,TX0002003,DRUG000668,2,DIST_08,WH_08,WH_08,TransferOwnership,2026-10-02T06:17:42.261153+00:00,2026-10-02T06:17:44.438607+00:00,2117.501,200,True,True,Ownership transferred successfully
2004,TX0002004,DRUG000668,3,WH_08,RET_018,RET_018,TransferOwnership,2026-10-02T06:17:44.438702+00:00,2026-10-02T06:17:46.535060+00:00,2096.350,200,True,True,Ownership transferred successfully
2005,TX0002005,DRUG000669,1,MFG_09,DIST_09,DIST_09,TransferOwnership,2026-10-02T06:17:46.535368+00:00,2026-10-02T06:17:48.637791+00:00,2102.411,200,True,True,Ownership transferred successfully
2006,TX0002006,DRUG000669,2,DIST_09,WH_09,WH_09,TransferOwnership,2026-10-02T06:17:48.638561+00:00,2026-10-02T06:17:50.723752+00:00,2085.174,200,True,True,Ownership transferred successfully
2007,TX0002007,DRUG000669,3,WH_09,RET_019,RET_019,TransferOwnership,2026-10-02T06:17:50.723925+00:00,2026-10-02T06:17:52.806705+00:00,2082.769,200,True,True,Ownership transferred successfully
2008,TX0002008,DRUG000670,1,MFG_10,DIST_10,DIST_10,TransferOwnership,2026-10-02T06:17:52.806880+00:00,2026-10-02T06:17:54.920251+00:00,2113.359,200,True,True,Ownership transferred successfully
2009,TX0002009,DRUG000670,2,DIST_10,WH_10,WH_10,TransferOwnership,2026-10-02T06:17:54.920404+00:00,2026-10-02T06:17:57.049421+00:00,2129.004,200,True,True,Ownership transferred successfully
2010,TX0002010,DRUG000670,3,WH_10,RET_020,RET_020,TransferOwnership,2026-10-02T06:17:57.050148+00:00,2026-10-02T06:17:59.160638+00:00,2110.460,200,True,True,Ownership transferred successfully
2011,TX0002011,DRUG000671,1,MFG_01,DIST_11,DIST_11,TransferOwnership,2026-10-02T06:17:59.160734+00:00,2026-10-02T06:18:01.258818+00:00,2098.076,200,True,True,Ownership transferred successfully
2012,TX0002012,DRUG000671,2,DIST_11,WH_11,WH_11,TransferOwnership,2026-10-02T06:18:01.259452+00:00,2026-10-02T06:18:03.361740+00:00,2102.272,200,True,True,Ownership transferred successfully
2013,TX0002013,DRUG000671,3,WH_11,RET_021,RET_021,TransferOwnership,2026-10-02T06:18:03.361860+00:00,2026-10-02T06:18:05.450215+00:00,2088.348,200,True,True,Ownership transferred successfully
2014,TX0002014,DRUG000672,1,MFG_02,DIST_12,DIST_12,TransferOwnership,2026-10-02T06:18:05.450315+00:00,2026-10-02T06:18:07.539926+00:00,2089.604,200,True,True,Ownership transferred successfully
2015,TX0002015,DRUG000672,2,DIST_12,WH_12,WH_12,TransferOwnership,2026-10-02T06:18:07.540014+00:00,2026-10-02T06:18:09.619288+00:00,2079.264,200,True,True,Ownership transferred successfully
2016,TX0002016,DRUG000672,3,WH_12,RET_022,RET_022,TransferOwnership,2026-10-02T06:18:09.619417+00:00,2026-10-02T06:18:11.707799+00:00,2088.368,200,True,True,Ownership transferred successfully
2017,TX0002017,DRUG000673,1,MFG_03,DIST_13,DIST_13,TransferOwnership,2026-10-02T06:18:11.709778+00:00,2026-10-02T06:18:13.815522+00:00,2105.675,200,True,True,Ownership transferred successfully
2018,TX0002018,DRUG000673,2,DIST_13,WH_13,WH_13,TransferOwnership,2026-10-02T06:18:13.815611+00:00,2026-10-02T06:18:15.926536+00:00,2080.118,200,True,True,Ownership transferred successfully
2019,TX0002019,DRUG000673,3,WH_13,RET_023,RET_023,TransferOwnership,2026-10-02T06:18:15.926621+00:00,2026-10-02T06:18:18.011260+00:00,2084.631,200,True,True,Ownership transferred successfully
2020,TX0002020,DRUG000674,1,MFG_04,DIST_14,DIST_14,TransferOwnership,2026-10-02T06:18:18.011422+00:00,2026-10-02T06:18:20.170792+00:00,2159.356,200,True,True,Ownership transferred successfully
2021,TX0002021,DRUG000674,2,DIST_14,WH_14,WH_14,TransferOwnership,2026-10-02T06:18:20.170889+00:00,2026-10-02T06:18:22.252509+00:00,2081.613,200,True,True,Ownership transferred successfully
2022,TX0002022,DRUG000674,3,WH_14,RET_024,RET_024,TransferOwnership,2026-10-02T06:18:22.252597+00:00,2026-10-02T06:18:24.324717+00:00,2072.112,200,True,True,Ownership transferred successfully
2023,TX0002023,DRUG000675,1,MFG_05,DIST_15,DIST_15,TransferOwnership,2026-10-02T06:18:24.324827+00:00,2026-10-02T06:18:26.444696+00:00,2119.860,200,True,True,Ownership transferred successfully
2024,TX0002024,DRUG000675,2,DIST_15,WH_15,WH_15,TransferOwnership,2026-10-02T06:18:26.444862+00:00,2026-10-02T06:18:28.534478+00:00,2089.600,200,True,True,Ownership transferred successfully
2025,TX0002025,DRUG000675,3,WH_15,RET_025,RET_025,TransferOwnership,2026-10-02T06:18:28.534567+00:00,2026-10-02T06:18:30.618589+00:00,2084.016,200,True,True,Ownership transferred successfully
2026,TX0002026,DRUG000676,1,MFG_06,DIST_01,DIST_01,TransferOwnership,2026-10-02T06:18:30.618676+00:00,2026-10-02T06:18:32.709308+00:00,2090.624,200,True,True,Ownership transferred successfully
2027,TX0002027,DRUG000676,2,DIST_01,WH_16,WH_16,TransferOwnership,2026-10-02T06:18:32.709394+00:00,2026-10-02T06:18:34.794063+00:00,2084.663,200,True,True,Ownership transferred successfully
2028,TX0002028,DRUG000676,3,WH_16,RET_026,RET_026,TransferOwnership,2026-10-02T06:18:34.794157+00:00,2026-10-02T06:18:36.891825+00:00,2097.658,200,True,True,Ownership transferred successfully
2029,TX0002029,DRUG000677,1,MFG_07,DIST_02,DIST_02,TransferOwnership,2026-10-02T06:18:36.892486+00:00,2026-10-02T06:18:39.002927+00:00,2110.415,200,True,True,Ownership transferred successfully
2030,TX0002030,DRUG000677,2,DIST_02,WH_17,WH_17,TransferOwnership,2026-10-02T06:18:39.003044+00:00,2026-10-02T06:18:41.122595+00:00,2119.543,200,True,True,Ownership transferred successfully
2031,TX0002031,DRUG000677,3,WH_17,RET_027,RET_027,TransferOwnership,2026-10-02T06:18:41.122684+00:00,2026-10-02T06:18:43.201759+00:00,2079.068,200,True,True,Ownership transferred successfully
2032,TX0002032,DRUG000678,1,MFG_08,DIST_03,DIST_03,TransferOwnership,2026-10-02T06:18:43.202235+00:00,2026-10-02T06:18:45.370472+00:00,2100.094,200,True,True,Ownership transferred successfully
2033,TX0002033,DRUG000678,2,DIST_03,WH_18,WH_18,TransferOwnership,2026-10-02T06:18:45.370631+00:00,2026-10-02T06:18:47.455570+00:00,2084.923,200,True,True,Ownership transferred successfully
2034,TX0002034,DRUG000678,3,WH_18,RET_028,RET_028,TransferOwnership,2026-10-02T06:18:47.455664+00:00,2026-10-02T06:18:49.532795+00:00,2077.123,200,True,True,Ownership transferred successfully
2035,TX0002035,DRUG000679,1,MFG_09,DIST_04,DIST_04,TransferOwnership,2026-10-02T06:18:49.532898+00:00,2026-10-02T06:18:51.629760+00:00,2096.855,200,True,True,Ownership transferred successfully
2036,TX0002036,DRUG000679,2,DIST_04,WH_19,WH_19,TransferOwnership,2026-10-02T06:18:51.629849+00:00,2026-10-02T06:18:53.721052+00:00,2091.195,200,True,True,Ownership transferred successfully
2037,TX0002037,DRUG000679,3,WH_19,RET_029,RET_029,TransferOwnership,2026-10-02T06:18:53.721141+00:00,2026-10-02T06:18:55.799429+00:00,2078.280,200,True,True,Ownership transferred successfully
2038,TX0002038,DRUG000680,1,MFG_10,DIST_05,DIST_05,TransferOwnership,2026-10-02T06:18:55.799521+00:00,2026-10-02T06:18:57.885834+00:00,2086.307,200,True,True,Ownership transferred successfully
2039,TX0002039,DRUG000680,2,DIST_05,WH_20,WH_20,TransferOwnership,2026-10-02T06:18:57.885950+00:00,2026-10-02T06:18:59.968206+00:00,2082.247,200,True,True,Ownership transferred successfully
2040,TX0002040,DRUG000680,3,WH_20,RET_030,RET_030,TransferOwnership,2026-10-02T06:18:59.968314+00:00,2026-10-02T06:19:02.040063+00:00,2071.741,200,True,True,Ownership transferred successfully
2041,TX0002041,DRUG000681,1,MFG_01,DIST_06,DIST_06,TransferOwnership,2026-10-02T06:19:02.040655+00:00,2026-10-02T06:19:04.124905+00:00,2084.234,200,True,True,Ownership transferred successfully
2042,TX0002042,DRUG000681,2,DIST_06,WH_01,WH_01,TransferOwnership,2026-10-02T06:19:04.124992+00:00,2026-10-02T06:19:06.209567+00:00,2084.569,200,True,True,Ownership transferred successfully
2043,TX0002043,DRUG000681,3,WH_01,RET_031,RET_031,TransferOwnership,2026-10-02T06:19:06.209655+00:00,2026-10-02T06:19:08.292428+00:00,2082.766,200,True,True,Ownership transferred successfully
2044,TX0002044,DRUG000682,1,MFG_02,DIST_07,DIST_07,TransferOwnership,2026-10-02T06:19:08.292513+00:00,2026-10-02T06:19:10.376451+00:00,2083.931,200,True,True,Ownership transferred successfully
2045,TX0002045,DRUG000682,2,DIST_07,WH_02,WH_02,TransferOwnership,2026-10-02T06:19:10.376540+00:00,2026-10-02T06:19:12.460311+00:00,2083.764,200,True,True,Ownership transferred successfully
2046,TX0002046,DRUG000682,3,WH_02,RET_032,RET_032,TransferOwnership,2026-10-02T06:19:12.460403+00:00,2026-10-02T06:19:14.615536+00:00,2083.908,200,True,True,Ownership transferred successfully
2047,TX0002047,DRUG000683,1,MFG_03,DIST_08,DIST_08,TransferOwnership,2026-10-02T06:19:14.615627+00:00,2026-10-02T06:19:16.703104+00:00,2087.471,200,True,True,Ownership transferred successfully
2048,TX0002048,DRUG000683,2,DIST_08,WH_03,WH_03,TransferOwnership,2026-10-02T06:19:16.703192+00:00,2026-10-02T06:19:18.781456+00:00,2078.257,200,True,True,Ownership transferred successfully
2049,TX0002049,DRUG000683,3,WH_03,RET_033,RET_033,TransferOwnership,2026-10-02T06:19:18.781548+00:00,2026-10-02T06:19:20.865394+00:00,2083.839,200,True,True,Ownership transferred successfully
2050,TX0002050,DRUG000684,1,MFG_04,DIST_09,DIST_09,TransferOwnership,2026-10-02T06:19:20.865479+00:00,2026-10-02T06:19:22.960582+00:00,2095.096,200,True,True,Ownership transferred successfully
2051,TX0002051,DRUG000684,2,DIST_09,WH_04,WH_04,TransferOwnership,2026-10-02T06:19:22.961217+00:00,2026-10-02T06:19:25.044119+00:00,2082.886,200,True,True,Ownership transferred successfully
2052,TX0002052,DRUG000684,3,WH_04,RET_034,RET_034,TransferOwnership,2026-10-02T06:19:25.044971+00:00,2026-10-02T06:19:27.135843+00:00,2090.844,200,True,True,Ownership transferred successfully
2053,TX0002053,DRUG000685,1,MFG_05,DIST_10,DIST_10,TransferOwnership,2026-10-02T06:19:27.136071+00:00,2026-10-02T06:19:29.237282+00:00,2101.204,200,True,True,Ownership transferred successfully
2054,TX0002054,DRUG000685,2,DIST_10,WH_05,WH_05,TransferOwnership,2026-10-02T06:19:29.237369+00:00,2026-10-02T06:19:31.332076+00:00,2094.694,200,True,True,Ownership transferred successfully
2055,TX0002055,DRUG000685,3,WH_05,RET_035,RET_035,TransferOwnership,2026-10-02T06:19:31.332274+00:00,2026-10-02T06:19:33.415773+00:00,2083.490,200,True,True,Ownership transferred successfully
2056,TX0002056,DRUG000686,1,MFG_06,DIST_11,DIST_11,TransferOwnership,2026-10-02T06:19:33.415858+00:00,2026-10-02T06:19:35.492390+00:00,2076.526,200,True,True,Ownership transferred successfully
2057,TX0002057,DRUG000686,2,DIST_11,WH_06,WH_06,TransferOwnership,2026-10-02T06:19:35.492471+00:00,2026-10-02T06:19:37.580944+00:00,2088.460,200,True,True,Ownership transferred successfully
2058,TX0002058,DRUG000686,3,WH_06,RET_036,RET_036,TransferOwnership,2026-10-02T06:19:37.581089+00:00,2026-10-02T06:19:39.656572+00:00,2075.474,200,True,True,Ownership transferred successfully
2059,TX0002059,DRUG000687,1,MFG_07,DIST_12,DIST_12,TransferOwnership,2026-10-02T06:19:39.656725+00:00,2026-10-02T06:19:41.764645+00:00,2107.913,200,True,True,Ownership transferred successfully
2060,TX0002060,DRUG000687,2,DIST_12,WH_07,WH_07,TransferOwnership,2026-10-02T06:19:41.764762+00:00,2026-10-02T06:19:43.862060+00:00,2097.289,200,True,True,Ownership transferred successfully
2061,TX0002061,DRUG000687,3,WH_07,RET_037,RET_037,TransferOwnership,2026-10-02T06:19:43.862154+00:00,2026-10-02T06:19:46.006246+00:00,2085.456,200,True,True,Ownership transferred successfully
2062,TX0002062,DRUG000688,1,MFG_08,DIST_13,DIST_13,TransferOwnership,2026-10-02T06:19:46.006329+00:00,2026-10-02T06:19:48.101700+00:00,2095.364,200,True,True,Ownership transferred successfully
2063,TX0002063,DRUG000688,2,DIST_13,WH_08,WH_08,TransferOwnership,2026-10-02T06:19:48.101784+00:00,2026-10-02T06:19:50.168941+00:00,2067.150,200,True,True,Ownership transferred successfully
2064,TX0002064,DRUG000688,3,WH_08,RET_038,RET_038,TransferOwnership,2026-10-02T06:19:50.169539+00:00,2026-10-02T06:19:52.243360+00:00,2073.805,200,True,True,Ownership transferred successfully
2065,TX0002065,DRUG000689,1,MFG_09,DIST_14,DIST_14,TransferOwnership,2026-10-02T06:19:52.243452+00:00,2026-10-02T06:19:54.333832+00:00,2090.373,200,True,True,Ownership transferred successfully
2066,TX0002066,DRUG000689,2,DIST_14,WH_09,WH_09,TransferOwnership,2026-10-02T06:19:54.333924+00:00,2026-10-02T06:19:56.412463+00:00,2078.532,200,True,True,Ownership transferred successfully
2067,TX0002067,DRUG000689,3,WH_09,RET_039,RET_039,TransferOwnership,2026-10-02T06:19:56.412551+00:00,2026-10-02T06:19:58.496065+00:00,2083.501,200,True,True,Ownership transferred successfully
2068,TX0002068,DRUG000690,1,MFG_10,DIST_15,DIST_15,TransferOwnership,2026-10-02T06:19:58.496198+00:00,2026-10-02T06:20:00.584362+00:00,2088.153,200,True,True,Ownership transferred successfully
2069,TX0002069,DRUG000690,2,DIST_15,WH_10,WH_10,TransferOwnership,2026-10-02T06:20:00.584502+00:00,2026-10-02T06:20:02.655420+00:00,2070.909,200,True,True,Ownership transferred successfully
2070,TX0002070,DRUG000690,3,WH_10,RET_040,RET_040,TransferOwnership,2026-10-02T06:20:02.655528+00:00,2026-10-02T06:20:04.744643+00:00,2089.105,200,True,True,Ownership transferred successfully
2071,TX0002071,DRUG000691,1,MFG_01,DIST_01,DIST_01,TransferOwnership,2026-10-02T06:20:04.744762+00:00,2026-10-02T06:20:06.828768+00:00,2083.998,200,True,True,Ownership transferred successfully
2072,TX0002072,DRUG000691,2,DIST_01,WH_11,WH_11,TransferOwnership,2026-10-02T06:20:06.828870+00:00,2026-10-02T06:20:08.981047+00:00,2152.170,200,True,True,Ownership transferred successfully
2073,TX0002073,DRUG000691,3,WH_11,RET_041,RET_041,TransferOwnership,2026-10-02T06:20:08.981143+00:00,2026-10-02T06:20:11.065279+00:00,2084.127,200,True,True,Ownership transferred successfully
2074,TX0002074,DRUG000692,1,MFG_02,DIST_02,DIST_02,TransferOwnership,2026-10-02T06:20:11.065392+00:00,2026-10-02T06:20:13.138915+00:00,2073.513,200,True,True,Ownership transferred successfully
2075,TX0002075,DRUG000692,2,DIST_02,WH_12,WH_12,TransferOwnership,2026-10-02T06:20:13.139225+00:00,2026-10-02T06:20:15.257766+00:00,2069.037,200,True,True,Ownership transferred successfully
2076,TX0002076,DRUG000692,3,WH_12,RET_042,RET_042,TransferOwnership,2026-10-02T06:20:15.257854+00:00,2026-10-02T06:20:17.335377+00:00,2077.515,200,True,True,Ownership transferred successfully
2077,TX0002077,DRUG000693,1,MFG_03,DIST_03,DIST_03,TransferOwnership,2026-10-02T06:20:17.335499+00:00,2026-10-02T06:20:19.411505+00:00,2075.999,200,True,True,Ownership transferred successfully
2078,TX0002078,DRUG000693,2,DIST_03,WH_13,WH_13,TransferOwnership,2026-10-02T06:20:19.411604+00:00,2026-10-02T06:20:21.500645+00:00,2089.033,200,True,True,Ownership transferred successfully
2079,TX0002079,DRUG000693,3,WH_13,RET_043,RET_043,TransferOwnership,2026-10-02T06:20:21.500725+00:00,2026-10-02T06:20:23.573110+00:00,2072.379,200,True,True,Ownership transferred successfully
2080,TX0002080,DRUG000694,1,MFG_04,DIST_04,DIST_04,TransferOwnership,2026-10-02T06:20:23.573191+00:00,2026-10-02T06:20:25.644503+00:00,2071.306,200,True,True,Ownership transferred successfully
2081,TX0002081,DRUG000694,2,DIST_04,WH_14,WH_14,TransferOwnership,2026-10-02T06:20:25.644593+00:00,2026-10-02T06:20:27.725933+00:00,2081.333,200,True,True,Ownership transferred successfully
2082,TX0002082,DRUG000694,3,WH_14,RET_044,RET_044,TransferOwnership,2026-10-02T06:20:27.726026+00:00,2026-10-02T06:20:29.800943+00:00,2074.907,200,True,True,Ownership transferred successfully
2083,TX0002083,DRUG000695,1,MFG_05,DIST_05,DIST_05,TransferOwnership,2026-10-02T06:20:29.801060+00:00,2026-10-02T06:20:31.883688+00:00,2082.618,200,True,True,Ownership transferred successfully
2084,TX0002084,DRUG000695,2,DIST_05,WH_15,WH_15,TransferOwnership,2026-10-02T06:20:31.883840+00:00,2026-10-02T06:20:33.966492+00:00,2082.643,200,True,True,Ownership transferred successfully
2085,TX0002085,DRUG000695,3,WH_15,RET_045,RET_045,TransferOwnership,2026-10-02T06:20:33.966577+00:00,2026-10-02T06:20:36.034969+00:00,2068.385,200,True,True,Ownership transferred successfully
2086,TX0002086,DRUG000696,1,MFG_06,DIST_06,DIST_06,TransferOwnership,2026-10-02T06:20:36.035062+00:00,2026-10-02T06:20:38.116049+00:00,2080.979,200,True,True,Ownership transferred successfully
2087,TX0002087,DRUG000696,2,DIST_06,WH_16,WH_16,TransferOwnership,2026-10-02T06:20:38.116653+00:00,2026-10-02T06:20:40.182804+00:00,2066.134,200,True,True,Ownership transferred successfully
2088,TX0002088,DRUG000696,3,WH_16,RET_046,RET_046,TransferOwnership,2026-10-02T06:20:40.182953+00:00,2026-10-02T06:20:42.251398+00:00,2068.436,200,True,True,Ownership transferred successfully
2089,TX0002089,DRUG000697,1,MFG_07,DIST_07,DIST_07,TransferOwnership,2026-10-02T06:20:42.251556+00:00,2026-10-02T06:20:44.348651+00:00,2097.080,200,True,True,Ownership transferred successfully
2090,TX0002090,DRUG000697,2,DIST_07,WH_17,WH_17,TransferOwnership,2026-10-02T06:20:44.349366+00:00,2026-10-02T06:20:46.500652+00:00,2090.762,200,True,True,Ownership transferred successfully
2091,TX0002091,DRUG000697,3,WH_17,RET_047,RET_047,TransferOwnership,2026-10-02T06:20:46.500774+00:00,2026-10-02T06:20:48.581347+00:00,2080.564,200,True,True,Ownership transferred successfully
2092,TX0002092,DRUG000698,1,MFG_08,DIST_08,DIST_08,TransferOwnership,2026-10-02T06:20:48.581438+00:00,2026-10-02T06:20:50.666608+00:00,2085.163,200,True,True,Ownership transferred successfully
2093,TX0002093,DRUG000698,2,DIST_08,WH_18,WH_18,TransferOwnership,2026-10-02T06:20:50.666703+00:00,2026-10-02T06:20:52.744050+00:00,2077.341,200,True,True,Ownership transferred successfully
2094,TX0002094,DRUG000698,3,WH_18,RET_048,RET_048,TransferOwnership,2026-10-02T06:20:52.744136+00:00,2026-10-02T06:20:54.834789+00:00,2090.646,200,True,True,Ownership transferred successfully
2095,TX0002095,DRUG000699,1,MFG_09,DIST_09,DIST_09,TransferOwnership,2026-10-02T06:20:54.834902+00:00,2026-10-02T06:20:56.912517+00:00,2077.607,200,True,True,Ownership transferred successfully
2096,TX0002096,DRUG000699,2,DIST_09,WH_19,WH_19,TransferOwnership,2026-10-02T06:20:56.912624+00:00,2026-10-02T06:20:58.999472+00:00,2086.840,200,True,True,Ownership transferred successfully
2097,TX0002097,DRUG000699,3,WH_19,RET_049,RET_049,TransferOwnership,2026-10-02T06:20:58.999568+00:00,2026-10-02T06:21:01.076404+00:00,2076.827,200,True,True,Ownership transferred successfully
2098,TX0002098,DRUG000700,1,MFG_10,DIST_10,DIST_10,TransferOwnership,2026-10-02T06:21:01.076495+00:00,2026-10-02T06:21:03.156310+00:00,2079.807,200,True,True,Ownership transferred successfully
2099,TX0002099,DRUG000700,2,DIST_10,WH_20,WH_20,TransferOwnership,2026-10-02T06:21:03.156649+00:00,2026-10-02T06:21:05.237886+00:00,2081.216,200,True,True,Ownership transferred successfully
2100,TX0002100,DRUG000700,3,WH_20,RET_050,RET_050,TransferOwnership,2026-10-02T06:21:05.237970+00:00,2026-10-02T06:21:07.312041+00:00,2074.065,200,True,True,Ownership transferred successfully
2101,TX0002101,DRUG000701,1,MFG_01,DIST_11,DIST_11,TransferOwnership,2026-10-02T06:21:07.312125+00:00,2026-10-02T06:21:09.393815+00:00,2081.682,200,True,True,Ownership transferred successfully
2102,TX0002102,DRUG000701,2,DIST_11,WH_01,WH_01,TransferOwnership,2026-10-02T06:21:09.393942+00:00,2026-10-02T06:21:11.480717+00:00,2086.766,200,True,True,Ownership transferred successfully
2103,TX0002103,DRUG000701,3,WH_01,RET_001,RET_001,TransferOwnership,2026-10-02T06:21:11.480802+00:00,2026-10-02T06:21:13.554509+00:00,2073.701,200,True,True,Ownership transferred successfully
2104,TX0002104,DRUG000702,1,MFG_02,DIST_12,DIST_12,TransferOwnership,2026-10-02T06:21:13.554612+00:00,2026-10-02T06:21:15.697408+00:00,2078.432,200,True,True,Ownership transferred successfully
2105,TX0002105,DRUG000702,2,DIST_12,WH_02,WH_02,TransferOwnership,2026-10-02T06:21:15.697497+00:00,2026-10-02T06:21:17.778121+00:00,2080.617,200,True,True,Ownership transferred successfully
2106,TX0002106,DRUG000702,3,WH_02,RET_002,RET_002,TransferOwnership,2026-10-02T06:21:17.778211+00:00,2026-10-02T06:21:19.854256+00:00,2076.039,200,True,True,Ownership transferred successfully
2107,TX0002107,DRUG000703,1,MFG_03,DIST_13,DIST_13,TransferOwnership,2026-10-02T06:21:19.854370+00:00,2026-10-02T06:21:21.937757+00:00,2083.379,200,True,True,Ownership transferred successfully
2108,TX0002108,DRUG000703,2,DIST_13,WH_03,WH_03,TransferOwnership,2026-10-02T06:21:21.937857+00:00,2026-10-02T06:21:24.008177+00:00,2070.313,200,True,True,Ownership transferred successfully
2109,TX0002109,DRUG000703,3,WH_03,RET_003,RET_003,TransferOwnership,2026-10-02T06:21:24.008269+00:00,2026-10-02T06:21:26.082670+00:00,2074.392,200,True,True,Ownership transferred successfully
2110,TX0002110,DRUG000704,1,MFG_04,DIST_14,DIST_14,TransferOwnership,2026-10-02T06:21:26.084180+00:00,2026-10-02T06:21:28.187452+00:00,2103.249,200,True,True,Ownership transferred successfully
2111,TX0002111,DRUG000704,2,DIST_14,WH_04,WH_04,TransferOwnership,2026-10-02T06:21:28.187554+00:00,2026-10-02T06:21:30.322202+00:00,2134.639,200,True,True,Ownership transferred successfully
2112,TX0002112,DRUG000704,3,WH_04,RET_004,RET_004,TransferOwnership,2026-10-02T06:21:30.322295+00:00,2026-10-02T06:21:32.387590+00:00,2065.288,200,True,True,Ownership transferred successfully
2113,TX0002113,DRUG000705,1,MFG_05,DIST_15,DIST_15,TransferOwnership,2026-10-02T06:21:32.387695+00:00,2026-10-02T06:21:34.484546+00:00,2096.842,200,True,True,Ownership transferred successfully
2114,TX0002114,DRUG000705,2,DIST_15,WH_05,WH_05,TransferOwnership,2026-10-02T06:21:34.484637+00:00,2026-10-02T06:21:36.558869+00:00,2074.224,200,True,True,Ownership transferred successfully
2115,TX0002115,DRUG000705,3,WH_05,RET_005,RET_005,TransferOwnership,2026-10-02T06:21:36.558959+00:00,2026-10-02T06:21:38.637595+00:00,2078.628,200,True,True,Ownership transferred successfully
2116,TX0002116,DRUG000706,1,MFG_06,DIST_01,DIST_01,TransferOwnership,2026-10-02T06:21:38.637926+00:00,2026-10-02T06:21:40.730278+00:00,2092.334,200,True,True,Ownership transferred successfully
2117,TX0002117,DRUG000706,2,DIST_01,WH_06,WH_06,TransferOwnership,2026-10-02T06:21:40.730450+00:00,2026-10-02T06:21:42.816094+00:00,2085.634,200,True,True,Ownership transferred successfully
2118,TX0002118,DRUG000706,3,WH_06,RET_006,RET_006,TransferOwnership,2026-10-02T06:21:42.816190+00:00,2026-10-02T06:21:44.966357+00:00,2083.859,200,True,True,Ownership transferred successfully
2119,TX0002119,DRUG000707,1,MFG_07,DIST_02,DIST_02,TransferOwnership,2026-10-02T06:21:44.966531+00:00,2026-10-02T06:21:47.076624+00:00,2110.082,200,True,True,Ownership transferred successfully
2120,TX0002120,DRUG000707,2,DIST_02,WH_07,WH_07,TransferOwnership,2026-10-02T06:21:47.076751+00:00,2026-10-02T06:21:49.167603+00:00,2090.835,200,True,True,Ownership transferred successfully
2121,TX0002121,DRUG000707,3,WH_07,RET_007,RET_007,TransferOwnership,2026-10-02T06:21:49.167978+00:00,2026-10-02T06:21:51.257189+00:00,2089.185,200,True,True,Ownership transferred successfully
2122,TX0002122,DRUG000708,1,MFG_08,DIST_03,DIST_03,TransferOwnership,2026-10-02T06:21:51.257921+00:00,2026-10-02T06:21:53.354356+00:00,2096.418,200,True,True,Ownership transferred successfully
2123,TX0002123,DRUG000708,2,DIST_03,WH_08,WH_08,TransferOwnership,2026-10-02T06:21:53.354498+00:00,2026-10-02T06:21:55.438141+00:00,2083.635,200,True,True,Ownership transferred successfully
2124,TX0002124,DRUG000708,3,WH_08,RET_008,RET_008,TransferOwnership,2026-10-02T06:21:55.438233+00:00,2026-10-02T06:21:57.507221+00:00,2068.981,200,True,True,Ownership transferred successfully
2125,TX0002125,DRUG000709,1,MFG_09,DIST_04,DIST_04,TransferOwnership,2026-10-02T06:21:57.507309+00:00,2026-10-02T06:21:59.605894+00:00,2098.577,200,True,True,Ownership transferred successfully
2126,TX0002126,DRUG000709,2,DIST_04,WH_09,WH_09,TransferOwnership,2026-10-02T06:21:59.605998+00:00,2026-10-02T06:22:01.739343+00:00,2133.337,200,True,True,Ownership transferred successfully
2127,TX0002127,DRUG000709,3,WH_09,RET_009,RET_009,TransferOwnership,2026-10-02T06:22:01.739434+00:00,2026-10-02T06:22:03.861830+00:00,2122.388,200,True,True,Ownership transferred successfully
2128,TX0002128,DRUG000710,1,MFG_10,DIST_05,DIST_05,TransferOwnership,2026-10-02T06:22:03.861977+00:00,2026-10-02T06:22:05.978467+00:00,2116.480,200,True,True,Ownership transferred successfully
2129,TX0002129,DRUG000710,2,DIST_05,WH_10,WH_10,TransferOwnership,2026-10-02T06:22:05.979299+00:00,2026-10-02T06:22:08.040622+00:00,2061.305,200,True,True,Ownership transferred successfully
2130,TX0002130,DRUG000710,3,WH_10,RET_010,RET_010,TransferOwnership,2026-10-02T06:22:08.040717+00:00,2026-10-02T06:22:10.119420+00:00,2078.694,200,True,True,Ownership transferred successfully
2131,TX0002131,DRUG000711,1,MFG_01,DIST_06,DIST_06,TransferOwnership,2026-10-02T06:22:10.119517+00:00,2026-10-02T06:22:12.193136+00:00,2073.612,200,True,True,Ownership transferred successfully
2132,TX0002132,DRUG000711,2,DIST_06,WH_11,WH_11,TransferOwnership,2026-10-02T06:22:12.193234+00:00,2026-10-02T06:22:14.266031+00:00,2072.790,200,True,True,Ownership transferred successfully
2133,TX0002133,DRUG000711,3,WH_11,RET_011,RET_011,TransferOwnership,2026-10-02T06:22:14.266691+00:00,2026-10-02T06:22:16.409775+00:00,2090.684,200,True,True,Ownership transferred successfully
2134,TX0002134,DRUG000712,1,MFG_02,DIST_07,DIST_07,TransferOwnership,2026-10-02T06:22:16.409898+00:00,2026-10-02T06:22:18.548268+00:00,2138.354,200,True,True,Ownership transferred successfully
2135,TX0002135,DRUG000712,2,DIST_07,WH_12,WH_12,TransferOwnership,2026-10-02T06:22:18.548485+00:00,2026-10-02T06:22:20.641768+00:00,2093.266,200,True,True,Ownership transferred successfully
2136,TX0002136,DRUG000712,3,WH_12,RET_012,RET_012,TransferOwnership,2026-10-02T06:22:20.641871+00:00,2026-10-02T06:22:22.721232+00:00,2079.353,200,True,True,Ownership transferred successfully
2137,TX0002137,DRUG000713,1,MFG_03,DIST_08,DIST_08,TransferOwnership,2026-10-02T06:22:22.721332+00:00,2026-10-02T06:22:24.828428+00:00,2107.088,200,True,True,Ownership transferred successfully
2138,TX0002138,DRUG000713,2,DIST_08,WH_13,WH_13,TransferOwnership,2026-10-02T06:22:24.828546+00:00,2026-10-02T06:22:26.965067+00:00,2136.511,200,True,True,Ownership transferred successfully
2139,TX0002139,DRUG000713,3,WH_13,RET_013,RET_013,TransferOwnership,2026-10-02T06:22:26.965203+00:00,2026-10-02T06:22:29.066359+00:00,2101.137,200,True,True,Ownership transferred successfully
2140,TX0002140,DRUG000714,1,MFG_04,DIST_09,DIST_09,TransferOwnership,2026-10-02T06:22:29.066640+00:00,2026-10-02T06:22:31.142085+00:00,2075.436,200,True,True,Ownership transferred successfully
2141,TX0002141,DRUG000714,2,DIST_09,WH_14,WH_14,TransferOwnership,2026-10-02T06:22:31.142176+00:00,2026-10-02T06:22:33.319727+00:00,2177.541,200,True,True,Ownership transferred successfully
2142,TX0002142,DRUG000714,3,WH_14,RET_014,RET_014,TransferOwnership,2026-10-02T06:22:33.319857+00:00,2026-10-02T06:22:35.386683+00:00,2066.813,200,True,True,Ownership transferred successfully
2143,TX0002143,DRUG000715,1,MFG_05,DIST_10,DIST_10,TransferOwnership,2026-10-02T06:22:35.386785+00:00,2026-10-02T06:22:37.498819+00:00,2112.027,200,True,True,Ownership transferred successfully
2144,TX0002144,DRUG000715,2,DIST_10,WH_15,WH_15,TransferOwnership,2026-10-02T06:22:37.498918+00:00,2026-10-02T06:22:39.572129+00:00,2073.202,200,True,True,Ownership transferred successfully
2145,TX0002145,DRUG000715,3,WH_15,RET_015,RET_015,TransferOwnership,2026-10-02T06:22:39.572669+00:00,2026-10-02T06:22:41.657986+00:00,2085.303,200,True,True,Ownership transferred successfully
2146,TX0002146,DRUG000716,1,MFG_06,DIST_11,DIST_11,TransferOwnership,2026-10-02T06:22:41.658087+00:00,2026-10-02T06:22:43.752590+00:00,2094.493,200,True,True,Ownership transferred successfully
2147,TX0002147,DRUG000716,2,DIST_11,WH_16,WH_16,TransferOwnership,2026-10-02T06:22:43.752718+00:00,2026-10-02T06:22:45.885592+00:00,2075.867,200,True,True,Ownership transferred successfully
2148,TX0002148,DRUG000716,3,WH_16,RET_016,RET_016,TransferOwnership,2026-10-02T06:22:45.885697+00:00,2026-10-02T06:22:47.959506+00:00,2073.799,200,True,True,Ownership transferred successfully
2149,TX0002149,DRUG000717,1,MFG_07,DIST_12,DIST_12,TransferOwnership,2026-10-02T06:22:47.959601+00:00,2026-10-02T06:22:50.040099+00:00,2080.489,200,True,True,Ownership transferred successfully
2150,TX0002150,DRUG000717,2,DIST_12,WH_17,WH_17,TransferOwnership,2026-10-02T06:22:50.040255+00:00,2026-10-02T06:22:52.119541+00:00,2079.276,200,True,True,Ownership transferred successfully
2151,TX0002151,DRUG000717,3,WH_17,RET_017,RET_017,TransferOwnership,2026-10-02T06:22:52.119658+00:00,2026-10-02T06:22:54.195158+00:00,2075.493,200,True,True,Ownership transferred successfully
2152,TX0002152,DRUG000718,1,MFG_08,DIST_13,DIST_13,TransferOwnership,2026-10-02T06:22:54.195252+00:00,2026-10-02T06:22:56.283180+00:00,2087.921,200,True,True,Ownership transferred successfully
2153,TX0002153,DRUG000718,2,DIST_13,WH_18,WH_18,TransferOwnership,2026-10-02T06:22:56.283263+00:00,2026-10-02T06:22:58.365206+00:00,2081.934,200,True,True,Ownership transferred successfully
2154,TX0002154,DRUG000718,3,WH_18,RET_018,RET_018,TransferOwnership,2026-10-02T06:22:58.365317+00:00,2026-10-02T06:23:00.468886+00:00,2103.561,200,True,True,Ownership transferred successfully
2155,TX0002155,DRUG000719,1,MFG_09,DIST_14,DIST_14,TransferOwnership,2026-10-02T06:23:00.468990+00:00,2026-10-02T06:23:02.552320+00:00,2083.322,200,True,True,Ownership transferred successfully
2156,TX0002156,DRUG000719,2,DIST_14,WH_19,WH_19,TransferOwnership,2026-10-02T06:23:02.552410+00:00,2026-10-02T06:23:04.634601+00:00,2082.181,200,True,True,Ownership transferred successfully
2157,TX0002157,DRUG000719,3,WH_19,RET_019,RET_019,TransferOwnership,2026-10-02T06:23:04.635343+00:00,2026-10-02T06:23:06.720763+00:00,2085.401,200,True,True,Ownership transferred successfully
2158,TX0002158,DRUG000720,1,MFG_10,DIST_15,DIST_15,TransferOwnership,2026-10-02T06:23:06.720871+00:00,2026-10-02T06:23:08.817171+00:00,2096.293,200,True,True,Ownership transferred successfully
2159,TX0002159,DRUG000720,2,DIST_15,WH_20,WH_20,TransferOwnership,2026-10-02T06:23:08.817265+00:00,2026-10-02T06:23:10.904643+00:00,2087.370,200,True,True,Ownership transferred successfully
2160,TX0002160,DRUG000720,3,WH_20,RET_020,RET_020,TransferOwnership,2026-10-02T06:23:10.904748+00:00,2026-10-02T06:23:12.988648+00:00,2083.892,200,True,True,Ownership transferred successfully
2161,TX0002161,DRUG000721,1,MFG_01,DIST_01,DIST_01,TransferOwnership,2026-10-02T06:23:12.988731+00:00,2026-10-02T06:23:15.127144+00:00,2079.896,200,True,True,Ownership transferred successfully
2162,TX0002162,DRUG000721,2,DIST_01,WH_01,WH_01,TransferOwnership,2026-10-02T06:23:15.127245+00:00,2026-10-02T06:23:17.246752+00:00,2119.498,200,True,True,Ownership transferred successfully
2163,TX0002163,DRUG000721,3,WH_01,RET_021,RET_021,TransferOwnership,2026-10-02T06:23:17.246935+00:00,2026-10-02T06:23:19.335067+00:00,2088.119,200,True,True,Ownership transferred successfully
2164,TX0002164,DRUG000722,1,MFG_02,DIST_02,DIST_02,TransferOwnership,2026-10-02T06:23:19.335167+00:00,2026-10-02T06:23:21.423049+00:00,2087.875,200,True,True,Ownership transferred successfully
2165,TX0002165,DRUG000722,2,DIST_02,WH_02,WH_02,TransferOwnership,2026-10-02T06:23:21.423140+00:00,2026-10-02T06:23:23.497560+00:00,2074.413,200,True,True,Ownership transferred successfully
2166,TX0002166,DRUG000722,3,WH_02,RET_022,RET_022,TransferOwnership,2026-10-02T06:23:23.497653+00:00,2026-10-02T06:23:25.575326+00:00,2077.666,200,True,True,Ownership transferred successfully
2167,TX0002167,DRUG000723,1,MFG_03,DIST_03,DIST_03,TransferOwnership,2026-10-02T06:23:25.575410+00:00,2026-10-02T06:23:27.679649+00:00,2104.230,200,True,True,Ownership transferred successfully
2168,TX0002168,DRUG000723,2,DIST_03,WH_03,WH_03,TransferOwnership,2026-10-02T06:23:27.681168+00:00,2026-10-02T06:23:29.765470+00:00,2084.281,200,True,True,Ownership transferred successfully
2169,TX0002169,DRUG000723,3,WH_03,RET_023,RET_023,TransferOwnership,2026-10-02T06:23:29.765574+00:00,2026-10-02T06:23:31.861343+00:00,2095.759,200,True,True,Ownership transferred successfully
2170,TX0002170,DRUG000724,1,MFG_04,DIST_04,DIST_04,TransferOwnership,2026-10-02T06:23:31.861467+00:00,2026-10-02T06:23:33.968856+00:00,2107.373,200,True,True,Ownership transferred successfully
2171,TX0002171,DRUG000724,2,DIST_04,WH_04,WH_04,TransferOwnership,2026-10-02T06:23:33.969023+00:00,2026-10-02T06:23:36.047296+00:00,2078.261,200,True,True,Ownership transferred successfully
2172,TX0002172,DRUG000724,3,WH_04,RET_024,RET_024,TransferOwnership,2026-10-02T06:23:36.047388+00:00,2026-10-02T06:23:38.133281+00:00,2085.886,200,True,True,Ownership transferred successfully
2173,TX0002173,DRUG000725,1,MFG_05,DIST_05,DIST_05,TransferOwnership,2026-10-02T06:23:38.133375+00:00,2026-10-02T06:23:40.228785+00:00,2095.403,200,True,True,Ownership transferred successfully
2174,TX0002174,DRUG000725,2,DIST_05,WH_05,WH_05,TransferOwnership,2026-10-02T06:23:40.228889+00:00,2026-10-02T06:23:42.302634+00:00,2073.737,200,True,True,Ownership transferred successfully
2175,TX0002175,DRUG000725,3,WH_05,RET_025,RET_025,TransferOwnership,2026-10-02T06:23:42.302730+00:00,2026-10-02T06:23:44.403674+00:00,2100.937,200,True,True,Ownership transferred successfully
2176,TX0002176,DRUG000726,1,MFG_06,DIST_06,DIST_06,TransferOwnership,2026-10-02T06:23:44.403765+00:00,2026-10-02T06:23:46.566000+00:00,2101.171,200,True,True,Ownership transferred successfully
2177,TX0002177,DRUG000726,2,DIST_06,WH_06,WH_06,TransferOwnership,2026-10-02T06:23:46.566091+00:00,2026-10-02T06:23:48.640260+00:00,2074.162,200,True,True,Ownership transferred successfully
2178,TX0002178,DRUG000726,3,WH_06,RET_026,RET_026,TransferOwnership,2026-10-02T06:23:48.640352+00:00,2026-10-02T06:23:50.716653+00:00,2076.294,200,True,True,Ownership transferred successfully
2179,TX0002179,DRUG000727,1,MFG_07,DIST_07,DIST_07,TransferOwnership,2026-10-02T06:23:50.716744+00:00,2026-10-02T06:23:52.805593+00:00,2088.841,200,True,True,Ownership transferred successfully
2180,TX0002180,DRUG000727,2,DIST_07,WH_07,WH_07,TransferOwnership,2026-10-02T06:23:52.805990+00:00,2026-10-02T06:23:54.882414+00:00,2076.410,200,True,True,Ownership transferred successfully
2181,TX0002181,DRUG000727,3,WH_07,RET_027,RET_027,TransferOwnership,2026-10-02T06:23:54.882507+00:00,2026-10-02T06:23:56.967602+00:00,2085.088,200,True,True,Ownership transferred successfully
2182,TX0002182,DRUG000728,1,MFG_08,DIST_08,DIST_08,TransferOwnership,2026-10-02T06:23:56.967684+00:00,2026-10-02T06:23:59.048395+00:00,2080.704,200,True,True,Ownership transferred successfully
2183,TX0002183,DRUG000728,2,DIST_08,WH_08,WH_08,TransferOwnership,2026-10-02T06:23:59.048483+00:00,2026-10-02T06:24:01.116637+00:00,2068.147,200,True,True,Ownership transferred successfully
2184,TX0002184,DRUG000728,3,WH_08,RET_028,RET_028,TransferOwnership,2026-10-02T06:24:01.116734+00:00,2026-10-02T06:24:03.213205+00:00,2096.463,200,True,True,Ownership transferred successfully
2185,TX0002185,DRUG000729,1,MFG_09,DIST_09,DIST_09,TransferOwnership,2026-10-02T06:24:03.213291+00:00,2026-10-02T06:24:05.284910+00:00,2071.612,200,True,True,Ownership transferred successfully
2186,TX0002186,DRUG000729,2,DIST_09,WH_09,WH_09,TransferOwnership,2026-10-02T06:24:05.285002+00:00,2026-10-02T06:24:07.363490+00:00,2078.480,200,True,True,Ownership transferred successfully
2187,TX0002187,DRUG000729,3,WH_09,RET_029,RET_029,TransferOwnership,2026-10-02T06:24:07.363591+00:00,2026-10-02T06:24:09.437680+00:00,2074.081,200,True,True,Ownership transferred successfully
2188,TX0002188,DRUG000730,1,MFG_10,DIST_10,DIST_10,TransferOwnership,2026-10-02T06:24:09.438160+00:00,2026-10-02T06:24:11.521405+00:00,2083.231,200,True,True,Ownership transferred successfully
2189,TX0002189,DRUG000730,2,DIST_10,WH_10,WH_10,TransferOwnership,2026-10-02T06:24:11.521495+00:00,2026-10-02T06:24:13.593576+00:00,2072.073,200,True,True,Ownership transferred successfully
2190,TX0002190,DRUG000730,3,WH_10,RET_030,RET_030,TransferOwnership,2026-10-02T06:24:13.593665+00:00,2026-10-02T06:24:15.723109+00:00,2069.759,200,True,True,Ownership transferred successfully
2191,TX0002191,DRUG000731,1,MFG_01,DIST_11,DIST_11,TransferOwnership,2026-10-02T06:24:15.723735+00:00,2026-10-02T06:24:17.806705+00:00,2082.951,200,True,True,Ownership transferred successfully
2192,TX0002192,DRUG000731,2,DIST_11,WH_11,WH_11,TransferOwnership,2026-10-02T06:24:17.806803+00:00,2026-10-02T06:24:19.878374+00:00,2071.557,200,True,True,Ownership transferred successfully
2193,TX0002193,DRUG000731,3,WH_11,RET_031,RET_031,TransferOwnership,2026-10-02T06:24:19.878562+00:00,2026-10-02T06:24:21.974244+00:00,2095.672,200,True,True,Ownership transferred successfully
2194,TX0002194,DRUG000732,1,MFG_02,DIST_12,DIST_12,TransferOwnership,2026-10-02T06:24:21.974356+00:00,2026-10-02T06:24:24.053180+00:00,2078.816,200,True,True,Ownership transferred successfully
2195,TX0002195,DRUG000732,2,DIST_12,WH_12,WH_12,TransferOwnership,2026-10-02T06:24:24.053302+00:00,2026-10-02T06:24:26.135009+00:00,2081.699,200,True,True,Ownership transferred successfully
2196,TX0002196,DRUG000732,3,WH_12,RET_032,RET_032,TransferOwnership,2026-10-02T06:24:26.135111+00:00,2026-10-02T06:24:28.205984+00:00,2070.865,200,True,True,Ownership transferred successfully
2197,TX0002197,DRUG000733,1,MFG_03,DIST_13,DIST_13,TransferOwnership,2026-10-02T06:24:28.206072+00:00,2026-10-02T06:24:30.282799+00:00,2076.720,200,True,True,Ownership transferred successfully
2198,TX0002198,DRUG000733,2,DIST_13,WH_13,WH_13,TransferOwnership,2026-10-02T06:24:30.282908+00:00,2026-10-02T06:24:32.358375+00:00,2075.460,200,True,True,Ownership transferred successfully
2199,TX0002199,DRUG000733,3,WH_13,RET_033,RET_033,TransferOwnership,2026-10-02T06:24:32.358473+00:00,2026-10-02T06:24:34.427186+00:00,2068.706,200,True,True,Ownership transferred successfully
2200,TX0002200,DRUG000734,1,MFG_04,DIST_14,DIST_14,TransferOwnership,2026-10-02T06:24:34.427272+00:00,2026-10-02T06:24:36.504203+00:00,2076.924,200,True,True,Ownership transferred successfully
2201,TX0002201,DRUG000734,2,DIST_14,WH_14,WH_14,TransferOwnership,2026-10-02T06:24:36.504297+00:00,2026-10-02T06:24:38.581399+00:00,2077.095,200,True,True,Ownership transferred successfully
2202,TX0002202,DRUG000734,3,WH_14,RET_034,RET_034,TransferOwnership,2026-10-02T06:24:38.581488+00:00,2026-10-02T06:24:40.656314+00:00,2074.817,200,True,True,Ownership transferred successfully
2203,TX0002203,DRUG000735,1,MFG_05,DIST_15,DIST_15,TransferOwnership,2026-10-02T06:24:40.657793+00:00,2026-10-02T06:24:42.738184+00:00,2080.375,200,True,True,Ownership transferred successfully
2204,TX0002204,DRUG000735,2,DIST_15,WH_15,WH_15,TransferOwnership,2026-10-02T06:24:42.738269+00:00,2026-10-02T06:24:44.809981+00:00,2071.704,200,True,True,Ownership transferred successfully
2205,TX0002205,DRUG000735,3,WH_15,RET_035,RET_035,TransferOwnership,2026-10-02T06:24:44.810085+00:00,2026-10-02T06:24:46.938333+00:00,2070.977,200,True,True,Ownership transferred successfully
2206,TX0002206,DRUG000736,1,MFG_06,DIST_01,DIST_01,TransferOwnership,2026-10-02T06:24:46.938470+00:00,2026-10-02T06:24:49.019776+00:00,2081.297,200,True,True,Ownership transferred successfully
2207,TX0002207,DRUG000736,2,DIST_01,WH_16,WH_16,TransferOwnership,2026-10-02T06:24:49.020404+00:00,2026-10-02T06:24:51.095301+00:00,2074.879,200,True,True,Ownership transferred successfully
2208,TX0002208,DRUG000736,3,WH_16,RET_036,RET_036,TransferOwnership,2026-10-02T06:24:51.095463+00:00,2026-10-02T06:24:53.165963+00:00,2070.486,200,True,True,Ownership transferred successfully
2209,TX0002209,DRUG000737,1,MFG_07,DIST_02,DIST_02,TransferOwnership,2026-10-02T06:24:53.166044+00:00,2026-10-02T06:24:55.241466+00:00,2075.416,200,True,True,Ownership transferred successfully
2210,TX0002210,DRUG000737,2,DIST_02,WH_17,WH_17,TransferOwnership,2026-10-02T06:24:55.241554+00:00,2026-10-02T06:24:57.326195+00:00,2084.631,200,True,True,Ownership transferred successfully
2211,TX0002211,DRUG000737,3,WH_17,RET_037,RET_037,TransferOwnership,2026-10-02T06:24:57.326317+00:00,2026-10-02T06:24:59.402068+00:00,2075.741,200,True,True,Ownership transferred successfully
2212,TX0002212,DRUG000738,1,MFG_08,DIST_03,DIST_03,TransferOwnership,2026-10-02T06:24:59.402173+00:00,2026-10-02T06:25:01.477715+00:00,2075.533,200,True,True,Ownership transferred successfully
2213,TX0002213,DRUG000738,2,DIST_03,WH_18,WH_18,TransferOwnership,2026-10-02T06:25:01.477823+00:00,2026-10-02T06:25:03.550298+00:00,2072.466,200,True,True,Ownership transferred successfully
2214,TX0002214,DRUG000738,3,WH_18,RET_038,RET_038,TransferOwnership,2026-10-02T06:25:03.550387+00:00,2026-10-02T06:25:05.617202+00:00,2066.808,200,True,True,Ownership transferred successfully
2215,TX0002215,DRUG000739,1,MFG_09,DIST_04,DIST_04,TransferOwnership,2026-10-02T06:25:05.618140+00:00,2026-10-02T06:25:07.685706+00:00,2067.551,200,True,True,Ownership transferred successfully
2216,TX0002216,DRUG000739,2,DIST_04,WH_19,WH_19,TransferOwnership,2026-10-02T06:25:07.685794+00:00,2026-10-02T06:25:09.756307+00:00,2070.505,200,True,True,Ownership transferred successfully
2217,TX0002217,DRUG000739,3,WH_19,RET_039,RET_039,TransferOwnership,2026-10-02T06:25:09.756430+00:00,2026-10-02T06:25:11.834763+00:00,2078.322,200,True,True,Ownership transferred successfully
2218,TX0002218,DRUG000740,1,MFG_10,DIST_05,DIST_05,TransferOwnership,2026-10-02T06:25:11.834895+00:00,2026-10-02T06:25:13.907157+00:00,2072.254,200,True,True,Ownership transferred successfully
2219,TX0002219,DRUG000740,2,DIST_05,WH_20,WH_20,TransferOwnership,2026-10-02T06:25:13.907242+00:00,2026-10-02T06:25:16.030304+00:00,2061.472,200,True,True,Ownership transferred successfully
2220,TX0002220,DRUG000740,3,WH_20,RET_040,RET_040,TransferOwnership,2026-10-02T06:25:16.030393+00:00,2026-10-02T06:25:18.099034+00:00,2068.634,200,True,True,Ownership transferred successfully
2221,TX0002221,DRUG000741,1,MFG_01,DIST_06,DIST_06,TransferOwnership,2026-10-02T06:25:18.099130+00:00,2026-10-02T06:25:20.166949+00:00,2067.811,200,True,True,Ownership transferred successfully
2222,TX0002222,DRUG000741,2,DIST_06,WH_01,WH_01,TransferOwnership,2026-10-02T06:25:20.167044+00:00,2026-10-02T06:25:22.228688+00:00,2061.636,200,True,True,Ownership transferred successfully
2223,TX0002223,DRUG000741,3,WH_01,RET_041,RET_041,TransferOwnership,2026-10-02T06:25:22.228800+00:00,2026-10-02T06:25:24.296889+00:00,2068.079,200,True,True,Ownership transferred successfully
2224,TX0002224,DRUG000742,1,MFG_02,DIST_07,DIST_07,TransferOwnership,2026-10-02T06:25:24.296986+00:00,2026-10-02T06:25:26.369046+00:00,2072.053,200,True,True,Ownership transferred successfully
2225,TX0002225,DRUG000742,2,DIST_07,WH_02,WH_02,TransferOwnership,2026-10-02T06:25:26.369129+00:00,2026-10-02T06:25:28.440618+00:00,2071.483,200,True,True,Ownership transferred successfully
2226,TX0002226,DRUG000742,3,WH_02,RET_042,RET_042,TransferOwnership,2026-10-02T06:25:28.440863+00:00,2026-10-02T06:25:30.507328+00:00,2066.446,200,True,True,Ownership transferred successfully
2227,TX0002227,DRUG000743,1,MFG_03,DIST_08,DIST_08,TransferOwnership,2026-10-02T06:25:30.507421+00:00,2026-10-02T06:25:32.572792+00:00,2065.363,200,True,True,Ownership transferred successfully
2228,TX0002228,DRUG000743,2,DIST_08,WH_03,WH_03,TransferOwnership,2026-10-02T06:25:32.572882+00:00,2026-10-02T06:25:34.646933+00:00,2074.044,200,True,True,Ownership transferred successfully
2229,TX0002229,DRUG000743,3,WH_03,RET_043,RET_043,TransferOwnership,2026-10-02T06:25:34.647016+00:00,2026-10-02T06:25:36.712000+00:00,2064.977,200,True,True,Ownership transferred successfully
2230,TX0002230,DRUG000744,1,MFG_04,DIST_09,DIST_09,TransferOwnership,2026-10-02T06:25:36.712119+00:00,2026-10-02T06:25:38.787196+00:00,2075.069,200,True,True,Ownership transferred successfully
2231,TX0002231,DRUG000744,2,DIST_09,WH_04,WH_04,TransferOwnership,2026-10-02T06:25:38.787286+00:00,2026-10-02T06:25:40.852294+00:00,2065.001,200,True,True,Ownership transferred successfully
2232,TX0002232,DRUG000744,3,WH_04,RET_044,RET_044,TransferOwnership,2026-10-02T06:25:40.852377+00:00,2026-10-02T06:25:42.940578+00:00,2088.194,200,True,True,Ownership transferred successfully
2233,TX0002233,DRUG000745,1,MFG_05,DIST_10,DIST_10,TransferOwnership,2026-10-02T06:25:42.940701+00:00,2026-10-02T06:25:45.021870+00:00,2081.162,200,True,True,Ownership transferred successfully
2234,TX0002234,DRUG000745,2,DIST_10,WH_05,WH_05,TransferOwnership,2026-10-02T06:25:45.021959+00:00,2026-10-02T06:25:47.158309+00:00,2073.671,200,True,True,Ownership transferred successfully
2235,TX0002235,DRUG000745,3,WH_05,RET_045,RET_045,TransferOwnership,2026-10-02T06:25:47.158472+00:00,2026-10-02T06:25:49.236751+00:00,2078.270,200,True,True,Ownership transferred successfully
2236,TX0002236,DRUG000746,1,MFG_06,DIST_11,DIST_11,TransferOwnership,2026-10-02T06:25:49.236837+00:00,2026-10-02T06:25:51.312347+00:00,2075.503,200,True,True,Ownership transferred successfully
2237,TX0002237,DRUG000746,2,DIST_11,WH_06,WH_06,TransferOwnership,2026-10-02T06:25:51.313105+00:00,2026-10-02T06:25:53.395705+00:00,2082.587,200,True,True,Ownership transferred successfully
2238,TX0002238,DRUG000746,3,WH_06,RET_046,RET_046,TransferOwnership,2026-10-02T06:25:53.395787+00:00,2026-10-02T06:25:55.467032+00:00,2071.238,200,True,True,Ownership transferred successfully
2239,TX0002239,DRUG000747,1,MFG_07,DIST_12,DIST_12,TransferOwnership,2026-10-02T06:25:55.467127+00:00,2026-10-02T06:25:57.540554+00:00,2073.419,200,True,True,Ownership transferred successfully
2240,TX0002240,DRUG000747,2,DIST_12,WH_07,WH_07,TransferOwnership,2026-10-02T06:25:57.540642+00:00,2026-10-02T06:25:59.600989+00:00,2060.340,200,True,True,Ownership transferred successfully
2241,TX0002241,DRUG000747,3,WH_07,RET_047,RET_047,TransferOwnership,2026-10-02T06:25:59.601091+00:00,2026-10-02T06:26:01.673075+00:00,2071.978,200,True,True,Ownership transferred successfully
2242,TX0002242,DRUG000748,1,MFG_08,DIST_13,DIST_13,TransferOwnership,2026-10-02T06:26:01.673160+00:00,2026-10-02T06:26:03.749382+00:00,2076.216,200,True,True,Ownership transferred successfully
2243,TX0002243,DRUG000748,2,DIST_13,WH_08,WH_08,TransferOwnership,2026-10-02T06:26:03.749461+00:00,2026-10-02T06:26:05.818409+00:00,2068.942,200,True,True,Ownership transferred successfully
2244,TX0002244,DRUG000748,3,WH_08,RET_048,RET_048,TransferOwnership,2026-10-02T06:26:05.818494+00:00,2026-10-02T06:26:07.892585+00:00,2074.084,200,True,True,Ownership transferred successfully
2245,TX0002245,DRUG000749,1,MFG_09,DIST_14,DIST_14,TransferOwnership,2026-10-02T06:26:07.892681+00:00,2026-10-02T06:26:09.965714+00:00,2073.027,200,True,True,Ownership transferred successfully
2246,TX0002246,DRUG000749,2,DIST_14,WH_09,WH_09,TransferOwnership,2026-10-02T06:26:09.965963+00:00,2026-10-02T06:26:12.037238+00:00,2071.251,200,True,True,Ownership transferred successfully
2247,TX0002247,DRUG000749,3,WH_09,RET_049,RET_049,TransferOwnership,2026-10-02T06:26:12.037335+00:00,2026-10-02T06:26:14.106447+00:00,2069.104,200,True,True,Ownership transferred successfully
2248,TX0002248,DRUG000750,1,MFG_10,DIST_15,DIST_15,TransferOwnership,2026-10-02T06:26:14.106549+00:00,2026-10-02T06:26:16.242919+00:00,2077.646,200,True,True,Ownership transferred successfully
2249,TX0002249,DRUG000750,2,DIST_15,WH_10,WH_10,TransferOwnership,2026-10-02T06:26:16.243532+00:00,2026-10-02T06:26:18.301531+00:00,2057.984,200,True,True,Ownership transferred successfully
2250,TX0002250,DRUG000750,3,WH_10,RET_050,RET_050,TransferOwnership,2026-10-02T06:26:18.301618+00:00,2026-10-02T06:26:20.369913+00:00,2068.287,200,True,True,Ownership transferred successfully
2251,TX0002251,DRUG000751,1,MFG_01,DIST_01,DIST_01,TransferOwnership,2026-10-02T06:26:20.370000+00:00,2026-10-02T06:26:22.435280+00:00,2065.273,200,True,True,Ownership transferred successfully
2252,TX0002252,DRUG000751,2,DIST_01,WH_11,WH_11,TransferOwnership,2026-10-02T06:26:22.435363+00:00,2026-10-02T06:26:24.499330+00:00,2063.959,200,True,True,Ownership transferred successfully
2253,TX0002253,DRUG000751,3,WH_11,RET_001,RET_001,TransferOwnership,2026-10-02T06:26:24.499455+00:00,2026-10-02T06:26:26.565113+00:00,2065.649,200,True,True,Ownership transferred successfully
2254,TX0002254,DRUG000752,1,MFG_02,DIST_02,DIST_02,TransferOwnership,2026-10-02T06:26:26.565256+00:00,2026-10-02T06:26:28.635331+00:00,2070.067,200,True,True,Ownership transferred successfully
2255,TX0002255,DRUG000752,2,DIST_02,WH_12,WH_12,TransferOwnership,2026-10-02T06:26:28.635414+00:00,2026-10-02T06:26:30.706509+00:00,2071.088,200,True,True,Ownership transferred successfully
2256,TX0002256,DRUG000752,3,WH_12,RET_002,RET_002,TransferOwnership,2026-10-02T06:26:30.706598+00:00,2026-10-02T06:26:32.773404+00:00,2066.800,200,True,True,Ownership transferred successfully
2257,TX0002257,DRUG000753,1,MFG_03,DIST_03,DIST_03,TransferOwnership,2026-10-02T06:26:32.773504+00:00,2026-10-02T06:26:34.851015+00:00,2077.503,200,True,True,Ownership transferred successfully
2258,TX0002258,DRUG000753,2,DIST_03,WH_13,WH_13,TransferOwnership,2026-10-02T06:26:34.851125+00:00,2026-10-02T06:26:36.929217+00:00,2078.085,200,True,True,Ownership transferred successfully
2259,TX0002259,DRUG000753,3,WH_13,RET_003,RET_003,TransferOwnership,2026-10-02T06:26:36.929316+00:00,2026-10-02T06:26:38.995092+00:00,2065.768,200,True,True,Ownership transferred successfully
2260,TX0002260,DRUG000754,1,MFG_04,DIST_04,DIST_04,TransferOwnership,2026-10-02T06:26:38.995622+00:00,2026-10-02T06:26:41.062139+00:00,2066.502,200,True,True,Ownership transferred successfully
2261,TX0002261,DRUG000754,2,DIST_04,WH_14,WH_14,TransferOwnership,2026-10-02T06:26:41.062226+00:00,2026-10-02T06:26:43.130342+00:00,2068.109,200,True,True,Ownership transferred successfully
2262,TX0002262,DRUG000754,3,WH_14,RET_004,RET_004,TransferOwnership,2026-10-02T06:26:43.130428+00:00,2026-10-02T06:26:45.194946+00:00,2064.511,200,True,True,Ownership transferred successfully
2263,TX0002263,DRUG000755,1,MFG_05,DIST_05,DIST_05,TransferOwnership,2026-10-02T06:26:45.195040+00:00,2026-10-02T06:26:47.353642+00:00,2107.210,200,True,True,Ownership transferred successfully
2264,TX0002264,DRUG000755,2,DIST_05,WH_15,WH_15,TransferOwnership,2026-10-02T06:26:47.353762+00:00,2026-10-02T06:26:49.420947+00:00,2067.174,200,True,True,Ownership transferred successfully
2265,TX0002265,DRUG000755,3,WH_15,RET_005,RET_005,TransferOwnership,2026-10-02T06:26:49.421072+00:00,2026-10-02T06:26:51.486061+00:00,2064.981,200,True,True,Ownership transferred successfully
2266,TX0002266,DRUG000756,1,MFG_06,DIST_06,DIST_06,TransferOwnership,2026-10-02T06:26:51.487398+00:00,2026-10-02T06:26:53.564969+00:00,2077.551,200,True,True,Ownership transferred successfully
2267,TX0002267,DRUG000756,2,DIST_06,WH_16,WH_16,TransferOwnership,2026-10-02T06:26:53.565060+00:00,2026-10-02T06:26:55.633339+00:00,2068.271,200,True,True,Ownership transferred successfully
2268,TX0002268,DRUG000756,3,WH_16,RET_006,RET_006,TransferOwnership,2026-10-02T06:26:55.633429+00:00,2026-10-02T06:26:57.705787+00:00,2072.351,200,True,True,Ownership transferred successfully
2269,TX0002269,DRUG000757,1,MFG_07,DIST_07,DIST_07,TransferOwnership,2026-10-02T06:26:57.705866+00:00,2026-10-02T06:26:59.773476+00:00,2067.603,200,True,True,Ownership transferred successfully
2270,TX0002270,DRUG000757,2,DIST_07,WH_17,WH_17,TransferOwnership,2026-10-02T06:26:59.773568+00:00,2026-10-02T06:27:01.843521+00:00,2069.943,200,True,True,Ownership transferred successfully
2271,TX0002271,DRUG000757,3,WH_17,RET_007,RET_007,TransferOwnership,2026-10-02T06:27:01.843629+00:00,2026-10-02T06:27:03.908468+00:00,2064.831,200,True,True,Ownership transferred successfully
2272,TX0002272,DRUG000758,1,MFG_08,DIST_08,DIST_08,TransferOwnership,2026-10-02T06:27:03.908556+00:00,2026-10-02T06:27:05.979685+00:00,2071.121,200,True,True,Ownership transferred successfully
2273,TX0002273,DRUG000758,2,DIST_08,WH_18,WH_18,TransferOwnership,2026-10-02T06:27:05.980101+00:00,2026-10-02T06:27:08.041776+00:00,2061.660,200,True,True,Ownership transferred successfully
2274,TX0002274,DRUG000758,3,WH_18,RET_008,RET_008,TransferOwnership,2026-10-02T06:27:08.041864+00:00,2026-10-02T06:27:10.111325+00:00,2069.450,200,True,True,Ownership transferred successfully
2275,TX0002275,DRUG000759,1,MFG_09,DIST_09,DIST_09,TransferOwnership,2026-10-02T06:27:10.111432+00:00,2026-10-02T06:27:12.183374+00:00,2071.933,200,True,True,Ownership transferred successfully
2276,TX0002276,DRUG000759,2,DIST_09,WH_19,WH_19,TransferOwnership,2026-10-02T06:27:12.183462+00:00,2026-10-02T06:27:14.254583+00:00,2071.115,200,True,True,Ownership transferred successfully
2277,TX0002277,DRUG000759,3,WH_19,RET_009,RET_009,TransferOwnership,2026-10-02T06:27:14.254671+00:00,2026-10-02T06:27:16.376988+00:00,2065.328,200,True,True,Ownership transferred successfully
2278,TX0002278,DRUG000760,1,MFG_10,DIST_10,DIST_10,TransferOwnership,2026-10-02T06:27:16.377091+00:00,2026-10-02T06:27:18.450063+00:00,2072.964,200,True,True,Ownership transferred successfully
2279,TX0002279,DRUG000760,2,DIST_10,WH_20,WH_20,TransferOwnership,2026-10-02T06:27:18.450152+00:00,2026-10-02T06:27:20.518609+00:00,2068.449,200,True,True,Ownership transferred successfully
2280,TX0002280,DRUG000760,3,WH_20,RET_010,RET_010,TransferOwnership,2026-10-02T06:27:20.518702+00:00,2026-10-02T06:27:22.584383+00:00,2065.674,200,True,True,Ownership transferred successfully
2281,TX0002281,DRUG000761,1,MFG_01,DIST_11,DIST_11,TransferOwnership,2026-10-02T06:27:22.584474+00:00,2026-10-02T06:27:24.656978+00:00,2072.497,200,True,True,Ownership transferred successfully
2282,TX0002282,DRUG000761,2,DIST_11,WH_01,WH_01,TransferOwnership,2026-10-02T06:27:24.657059+00:00,2026-10-02T06:27:26.723946+00:00,2066.881,200,True,True,Ownership transferred successfully
2283,TX0002283,DRUG000761,3,WH_01,RET_011,RET_011,TransferOwnership,2026-10-02T06:27:26.724031+00:00,2026-10-02T06:27:28.781731+00:00,2057.693,200,True,True,Ownership transferred successfully
2284,TX0002284,DRUG000762,1,MFG_02,DIST_12,DIST_12,TransferOwnership,2026-10-02T06:27:28.782461+00:00,2026-10-02T06:27:30.851219+00:00,2068.740,200,True,True,Ownership transferred successfully
2285,TX0002285,DRUG000762,2,DIST_12,WH_02,WH_02,TransferOwnership,2026-10-02T06:27:30.852226+00:00,2026-10-02T06:27:32.925900+00:00,2073.654,200,True,True,Ownership transferred successfully
2286,TX0002286,DRUG000762,3,WH_02,RET_012,RET_012,TransferOwnership,2026-10-02T06:27:32.925981+00:00,2026-10-02T06:27:34.998183+00:00,2072.196,200,True,True,Ownership transferred successfully
2287,TX0002287,DRUG000763,1,MFG_03,DIST_13,DIST_13,TransferOwnership,2026-10-02T06:27:34.998265+00:00,2026-10-02T06:27:37.078453+00:00,2080.182,200,True,True,Ownership transferred successfully
2288,TX0002288,DRUG000763,2,DIST_13,WH_03,WH_03,TransferOwnership,2026-10-02T06:27:37.078535+00:00,2026-10-02T06:27:39.152980+00:00,2074.439,200,True,True,Ownership transferred successfully
2289,TX0002289,DRUG000763,3,WH_03,RET_013,RET_013,TransferOwnership,2026-10-02T06:27:39.153071+00:00,2026-10-02T06:27:41.219211+00:00,2066.133,200,True,True,Ownership transferred successfully
2290,TX0002290,DRUG000764,1,MFG_04,DIST_14,DIST_14,TransferOwnership,2026-10-02T06:27:41.219301+00:00,2026-10-02T06:27:43.298690+00:00,2079.382,200,True,True,Ownership transferred successfully
2291,TX0002291,DRUG000764,2,DIST_14,WH_04,WH_04,TransferOwnership,2026-10-02T06:27:43.298778+00:00,2026-10-02T06:27:45.379442+00:00,2080.656,200,True,True,Ownership transferred successfully
2292,TX0002292,DRUG000764,3,WH_04,RET_014,RET_014,TransferOwnership,2026-10-02T06:27:45.379527+00:00,2026-10-02T06:27:47.501952+00:00,2066.191,200,True,True,Ownership transferred successfully
2293,TX0002293,DRUG000765,1,MFG_05,DIST_15,DIST_15,TransferOwnership,2026-10-02T06:27:47.502044+00:00,2026-10-02T06:27:49.576572+00:00,2074.521,200,True,True,Ownership transferred successfully
2294,TX0002294,DRUG000765,2,DIST_15,WH_05,WH_05,TransferOwnership,2026-10-02T06:27:49.576666+00:00,2026-10-02T06:27:51.645277+00:00,2068.603,200,True,True,Ownership transferred successfully
2295,TX0002295,DRUG000765,3,WH_05,RET_015,RET_015,TransferOwnership,2026-10-02T06:27:51.646127+00:00,2026-10-02T06:27:53.710532+00:00,2064.388,200,True,True,Ownership transferred successfully
2296,TX0002296,DRUG000766,1,MFG_06,DIST_01,DIST_01,TransferOwnership,2026-10-02T06:27:53.710616+00:00,2026-10-02T06:27:55.791074+00:00,2080.451,200,True,True,Ownership transferred successfully
2297,TX0002297,DRUG000766,2,DIST_01,WH_06,WH_06,TransferOwnership,2026-10-02T06:27:55.791165+00:00,2026-10-02T06:27:57.859645+00:00,2068.471,200,True,True,Ownership transferred successfully
2298,TX0002298,DRUG000766,3,WH_06,RET_016,RET_016,TransferOwnership,2026-10-02T06:27:57.859747+00:00,2026-10-02T06:27:59.929957+00:00,2070.203,200,True,True,Ownership transferred successfully
2299,TX0002299,DRUG000767,1,MFG_07,DIST_02,DIST_02,TransferOwnership,2026-10-02T06:27:59.930054+00:00,2026-10-02T06:28:02.004146+00:00,2074.085,200,True,True,Ownership transferred successfully
2300,TX0002300,DRUG000767,2,DIST_02,WH_07,WH_07,TransferOwnership,2026-10-02T06:28:02.004237+00:00,2026-10-02T06:28:04.076941+00:00,2072.697,200,True,True,Ownership transferred successfully
2301,TX0002301,DRUG000767,3,WH_07,RET_017,RET_017,TransferOwnership,2026-10-02T06:28:04.077026+00:00,2026-10-02T06:28:06.156792+00:00,2079.758,200,True,True,Ownership transferred successfully
2302,TX0002302,DRUG000768,1,MFG_08,DIST_03,DIST_03,TransferOwnership,2026-10-02T06:28:06.156943+00:00,2026-10-02T06:28:08.225076+00:00,2068.122,200,True,True,Ownership transferred successfully
2303,TX0002303,DRUG000768,2,DIST_03,WH_08,WH_08,TransferOwnership,2026-10-02T06:28:08.225187+00:00,2026-10-02T06:28:10.301975+00:00,2076.781,200,True,True,Ownership transferred successfully
2304,TX0002304,DRUG000768,3,WH_08,RET_018,RET_018,TransferOwnership,2026-10-02T06:28:10.302062+00:00,2026-10-02T06:28:12.366731+00:00,2064.662,200,True,True,Ownership transferred successfully
2305,TX0002305,DRUG000769,1,MFG_09,DIST_04,DIST_04,TransferOwnership,2026-10-02T06:28:12.366822+00:00,2026-10-02T06:28:14.447234+00:00,2080.404,200,True,True,Ownership transferred successfully
2306,TX0002306,DRUG000769,2,DIST_04,WH_09,WH_09,TransferOwnership,2026-10-02T06:28:14.447318+00:00,2026-10-02T06:28:16.572997+00:00,2072.454,200,True,True,Ownership transferred successfully
2307,TX0002307,DRUG000769,3,WH_09,RET_019,RET_019,TransferOwnership,2026-10-02T06:28:16.573813+00:00,2026-10-02T06:28:18.644500+00:00,2070.671,200,True,True,Ownership transferred successfully
2308,TX0002308,DRUG000770,1,MFG_10,DIST_05,DIST_05,TransferOwnership,2026-10-02T06:28:18.644591+00:00,2026-10-02T06:28:20.719258+00:00,2074.660,200,True,True,Ownership transferred successfully
2309,TX0002309,DRUG000770,2,DIST_05,WH_10,WH_10,TransferOwnership,2026-10-02T06:28:20.719355+00:00,2026-10-02T06:28:22.788070+00:00,2068.709,200,True,True,Ownership transferred successfully
2310,TX0002310,DRUG000770,3,WH_10,RET_020,RET_020,TransferOwnership,2026-10-02T06:28:22.788163+00:00,2026-10-02T06:28:24.867430+00:00,2079.259,200,True,True,Ownership transferred successfully
2311,TX0002311,DRUG000771,1,MFG_01,DIST_06,DIST_06,TransferOwnership,2026-10-02T06:28:24.867522+00:00,2026-10-02T06:28:26.941588+00:00,2074.060,200,True,True,Ownership transferred successfully
2312,TX0002312,DRUG000771,2,DIST_06,WH_11,WH_11,TransferOwnership,2026-10-02T06:28:26.941672+00:00,2026-10-02T06:28:29.022408+00:00,2080.730,200,True,True,Ownership transferred successfully
2313,TX0002313,DRUG000771,3,WH_11,RET_021,RET_021,TransferOwnership,2026-10-02T06:28:29.022492+00:00,2026-10-02T06:28:31.099047+00:00,2076.548,200,True,True,Ownership transferred successfully
2314,TX0002314,DRUG000772,1,MFG_02,DIST_07,DIST_07,TransferOwnership,2026-10-02T06:28:31.099127+00:00,2026-10-02T06:28:33.170968+00:00,2071.834,200,True,True,Ownership transferred successfully
2315,TX0002315,DRUG000772,2,DIST_07,WH_12,WH_12,TransferOwnership,2026-10-02T06:28:33.171057+00:00,2026-10-02T06:28:35.239370+00:00,2068.306,200,True,True,Ownership transferred successfully
2316,TX0002316,DRUG000772,3,WH_12,RET_022,RET_022,TransferOwnership,2026-10-02T06:28:35.239456+00:00,2026-10-02T06:28:37.336065+00:00,2096.594,200,True,True,Ownership transferred successfully
2317,TX0002317,DRUG000773,1,MFG_03,DIST_08,DIST_08,TransferOwnership,2026-10-02T06:28:37.336420+00:00,2026-10-02T06:28:39.495093+00:00,2158.636,200,True,True,Ownership transferred successfully
2318,TX0002318,DRUG000773,2,DIST_08,WH_13,WH_13,TransferOwnership,2026-10-02T06:28:39.495718+00:00,2026-10-02T06:28:41.573416+00:00,2077.682,200,True,True,Ownership transferred successfully
2319,TX0002319,DRUG000773,3,WH_13,RET_023,RET_023,TransferOwnership,2026-10-02T06:28:41.573581+00:00,2026-10-02T06:28:43.657043+00:00,2083.452,200,True,True,Ownership transferred successfully
2320,TX0002320,DRUG000774,1,MFG_04,DIST_09,DIST_09,TransferOwnership,2026-10-02T06:28:43.657144+00:00,2026-10-02T06:28:45.798183+00:00,2082.693,200,True,True,Ownership transferred successfully
2321,TX0002321,DRUG000774,2,DIST_09,WH_14,WH_14,TransferOwnership,2026-10-02T06:28:45.798281+00:00,2026-10-02T06:28:47.881171+00:00,2082.883,200,True,True,Ownership transferred successfully
2322,TX0002322,DRUG000774,3,WH_14,RET_024,RET_024,TransferOwnership,2026-10-02T06:28:47.881254+00:00,2026-10-02T06:28:49.953957+00:00,2072.697,200,True,True,Ownership transferred successfully
2323,TX0002323,DRUG000775,1,MFG_05,DIST_10,DIST_10,TransferOwnership,2026-10-02T06:28:49.954064+00:00,2026-10-02T06:28:52.031840+00:00,2077.769,200,True,True,Ownership transferred successfully
2324,TX0002324,DRUG000775,2,DIST_10,WH_15,WH_15,TransferOwnership,2026-10-02T06:28:52.032344+00:00,2026-10-02T06:28:54.103414+00:00,2071.052,200,True,True,Ownership transferred successfully
2325,TX0002325,DRUG000775,3,WH_15,RET_025,RET_025,TransferOwnership,2026-10-02T06:28:54.103503+00:00,2026-10-02T06:28:56.170723+00:00,2067.213,200,True,True,Ownership transferred successfully
2326,TX0002326,DRUG000776,1,MFG_06,DIST_11,DIST_11,TransferOwnership,2026-10-02T06:28:56.170814+00:00,2026-10-02T06:28:58.248159+00:00,2077.338,200,True,True,Ownership transferred successfully
2327,TX0002327,DRUG000776,2,DIST_11,WH_16,WH_16,TransferOwnership,2026-10-02T06:28:58.248245+00:00,2026-10-02T06:29:00.322728+00:00,2074.477,200,True,True,Ownership transferred successfully
2328,TX0002328,DRUG000776,3,WH_16,RET_026,RET_026,TransferOwnership,2026-10-02T06:29:00.322814+00:00,2026-10-02T06:29:02.393139+00:00,2070.317,200,True,True,Ownership transferred successfully
2329,TX0002329,DRUG000777,1,MFG_07,DIST_12,DIST_12,TransferOwnership,2026-10-02T06:29:02.393228+00:00,2026-10-02T06:29:04.465323+00:00,2072.088,200,True,True,Ownership transferred successfully
2330,TX0002330,DRUG000777,2,DIST_12,WH_17,WH_17,TransferOwnership,2026-10-02T06:29:04.465836+00:00,2026-10-02T06:29:06.543023+00:00,2077.173,200,True,True,Ownership transferred successfully
2331,TX0002331,DRUG000777,3,WH_17,RET_027,RET_027,TransferOwnership,2026-10-02T06:29:06.543110+00:00,2026-10-02T06:29:08.606934+00:00,2063.817,200,True,True,Ownership transferred successfully
2332,TX0002332,DRUG000778,1,MFG_08,DIST_13,DIST_13,TransferOwnership,2026-10-02T06:29:08.607026+00:00,2026-10-02T06:29:10.681118+00:00,2074.085,200,True,True,Ownership transferred successfully
2333,TX0002333,DRUG000778,2,DIST_13,WH_18,WH_18,TransferOwnership,2026-10-02T06:29:10.681237+00:00,2026-10-02T06:29:12.742511+00:00,2061.267,200,True,True,Ownership transferred successfully
2334,TX0002334,DRUG000778,3,WH_18,RET_028,RET_028,TransferOwnership,2026-10-02T06:29:12.742604+00:00,2026-10-02T06:29:14.809440+00:00,2066.830,200,True,True,Ownership transferred successfully
2335,TX0002335,DRUG000779,1,MFG_09,DIST_14,DIST_14,TransferOwnership,2026-10-02T06:29:14.809534+00:00,2026-10-02T06:29:16.954564+00:00,2073.758,200,True,True,Ownership transferred successfully
2336,TX0002336,DRUG000779,2,DIST_14,WH_19,WH_19,TransferOwnership,2026-10-02T06:29:16.954657+00:00,2026-10-02T06:29:19.024708+00:00,2070.042,200,True,True,Ownership transferred successfully
2337,TX0002337,DRUG000779,3,WH_19,RET_029,RET_029,TransferOwnership,2026-10-02T06:29:19.024829+00:00,2026-10-02T06:29:21.097262+00:00,2072.425,200,True,True,Ownership transferred successfully
2338,TX0002338,DRUG000780,1,MFG_10,DIST_15,DIST_15,TransferOwnership,2026-10-02T06:29:21.097381+00:00,2026-10-02T06:29:23.177341+00:00,2079.953,200,True,True,Ownership transferred successfully
2339,TX0002339,DRUG000780,2,DIST_15,WH_20,WH_20,TransferOwnership,2026-10-02T06:29:23.177420+00:00,2026-10-02T06:29:25.247964+00:00,2070.537,200,True,True,Ownership transferred successfully
2340,TX0002340,DRUG000780,3,WH_20,RET_030,RET_030,TransferOwnership,2026-10-02T06:29:25.248071+00:00,2026-10-02T06:29:27.319573+00:00,2071.494,200,True,True,Ownership transferred successfully
2341,TX0002341,DRUG000781,1,MFG_01,DIST_01,DIST_01,TransferOwnership,2026-10-02T06:29:27.319674+00:00,2026-10-02T06:29:29.406304+00:00,2086.623,200,True,True,Ownership transferred successfully
2342,TX0002342,DRUG000781,2,DIST_01,WH_01,WH_01,TransferOwnership,2026-10-02T06:29:29.406553+00:00,2026-10-02T06:29:31.518559+00:00,2111.970,200,True,True,Ownership transferred successfully
2343,TX0002343,DRUG000781,3,WH_01,RET_031,RET_031,TransferOwnership,2026-10-02T06:29:31.519039+00:00,2026-10-02T06:29:33.637645+00:00,2118.577,200,True,True,Ownership transferred successfully
2344,TX0002344,DRUG000782,1,MFG_02,DIST_02,DIST_02,TransferOwnership,2026-10-02T06:29:33.638195+00:00,2026-10-02T06:29:35.725656+00:00,2087.446,200,True,True,Ownership transferred successfully
2345,TX0002345,DRUG000782,2,DIST_02,WH_02,WH_02,TransferOwnership,2026-10-02T06:29:35.725758+00:00,2026-10-02T06:29:37.797886+00:00,2072.120,200,True,True,Ownership transferred successfully
2346,TX0002346,DRUG000782,3,WH_02,RET_032,RET_032,TransferOwnership,2026-10-02T06:29:37.797978+00:00,2026-10-02T06:29:39.866196+00:00,2068.211,200,True,True,Ownership transferred successfully
2347,TX0002347,DRUG000783,1,MFG_03,DIST_03,DIST_03,TransferOwnership,2026-10-02T06:29:39.866294+00:00,2026-10-02T06:29:41.943553+00:00,2077.253,200,True,True,Ownership transferred successfully
2348,TX0002348,DRUG000783,2,DIST_03,WH_03,WH_03,TransferOwnership,2026-10-02T06:29:41.943635+00:00,2026-10-02T06:29:44.011120+00:00,2067.478,200,True,True,Ownership transferred successfully
2349,TX0002349,DRUG000783,3,WH_03,RET_033,RET_033,TransferOwnership,2026-10-02T06:29:44.011208+00:00,2026-10-02T06:29:46.138803+00:00,2071.642,200,True,True,Ownership transferred successfully
2350,TX0002350,DRUG000784,1,MFG_04,DIST_04,DIST_04,TransferOwnership,2026-10-02T06:29:46.138893+00:00,2026-10-02T06:29:48.205717+00:00,2066.817,200,True,True,Ownership transferred successfully
2351,TX0002351,DRUG000784,2,DIST_04,WH_04,WH_04,TransferOwnership,2026-10-02T06:29:48.205808+00:00,2026-10-02T06:29:50.276827+00:00,2071.011,200,True,True,Ownership transferred successfully
2352,TX0002352,DRUG000784,3,WH_04,RET_034,RET_034,TransferOwnership,2026-10-02T06:29:50.276948+00:00,2026-10-02T06:29:52.341963+00:00,2065.005,200,True,True,Ownership transferred successfully
2353,TX0002353,DRUG000785,1,MFG_05,DIST_05,DIST_05,TransferOwnership,2026-10-02T06:29:52.342778+00:00,2026-10-02T06:29:54.424933+00:00,2082.135,200,True,True,Ownership transferred successfully
2354,TX0002354,DRUG000785,2,DIST_05,WH_05,WH_05,TransferOwnership,2026-10-02T06:29:54.425021+00:00,2026-10-02T06:29:56.502872+00:00,2077.843,200,True,True,Ownership transferred successfully
2355,TX0002355,DRUG000785,3,WH_05,RET_035,RET_035,TransferOwnership,2026-10-02T06:29:56.502969+00:00,2026-10-02T06:29:58.562463+00:00,2059.487,200,True,True,Ownership transferred successfully
2356,TX0002356,DRUG000786,1,MFG_06,DIST_06,DIST_06,TransferOwnership,2026-10-02T06:29:58.562551+00:00,2026-10-02T06:30:00.641800+00:00,2079.241,200,True,True,Ownership transferred successfully
2357,TX0002357,DRUG000786,2,DIST_06,WH_06,WH_06,TransferOwnership,2026-10-02T06:30:00.641884+00:00,2026-10-02T06:30:02.708457+00:00,2066.567,200,True,True,Ownership transferred successfully
2358,TX0002358,DRUG000786,3,WH_06,RET_036,RET_036,TransferOwnership,2026-10-02T06:30:02.708561+00:00,2026-10-02T06:30:04.771108+00:00,2062.539,200,True,True,Ownership transferred successfully
2359,TX0002359,DRUG000787,1,MFG_07,DIST_07,DIST_07,TransferOwnership,2026-10-02T06:30:04.771191+00:00,2026-10-02T06:30:06.844211+00:00,2073.013,200,True,True,Ownership transferred successfully
2360,TX0002360,DRUG000787,2,DIST_07,WH_07,WH_07,TransferOwnership,2026-10-02T06:30:06.844297+00:00,2026-10-02T06:30:08.918239+00:00,2073.935,200,True,True,Ownership transferred successfully
2361,TX0002361,DRUG000787,3,WH_07,RET_037,RET_037,TransferOwnership,2026-10-02T06:30:08.918332+00:00,2026-10-02T06:30:10.983918+00:00,2065.579,200,True,True,Ownership transferred successfully
2362,TX0002362,DRUG000788,1,MFG_08,DIST_08,DIST_08,TransferOwnership,2026-10-02T06:30:10.984003+00:00,2026-10-02T06:30:13.058920+00:00,2074.908,200,True,True,Ownership transferred successfully
2363,TX0002363,DRUG000788,2,DIST_08,WH_08,WH_08,TransferOwnership,2026-10-02T06:30:13.059448+00:00,2026-10-02T06:30:15.130771+00:00,2071.306,200,True,True,Ownership transferred successfully
2364,TX0002364,DRUG000788,3,WH_08,RET_038,RET_038,TransferOwnership,2026-10-02T06:30:15.130867+00:00,2026-10-02T06:30:17.247815+00:00,2059.873,200,True,True,Ownership transferred successfully
2365,TX0002365,DRUG000789,1,MFG_09,DIST_09,DIST_09,TransferOwnership,2026-10-02T06:30:17.248448+00:00,2026-10-02T06:30:19.322598+00:00,2074.134,200,True,True,Ownership transferred successfully
2366,TX0002366,DRUG000789,2,DIST_09,WH_09,WH_09,TransferOwnership,2026-10-02T06:30:19.322694+00:00,2026-10-02T06:30:21.390171+00:00,2067.470,200,True,True,Ownership transferred successfully
2367,TX0002367,DRUG000789,3,WH_09,RET_039,RET_039,TransferOwnership,2026-10-02T06:30:21.390261+00:00,2026-10-02T06:30:23.464073+00:00,2073.805,200,True,True,Ownership transferred successfully
2368,TX0002368,DRUG000790,1,MFG_10,DIST_10,DIST_10,TransferOwnership,2026-10-02T06:30:23.464164+00:00,2026-10-02T06:30:25.539950+00:00,2075.779,200,True,True,Ownership transferred successfully
2369,TX0002369,DRUG000790,2,DIST_10,WH_10,WH_10,TransferOwnership,2026-10-02T06:30:25.540105+00:00,2026-10-02T06:30:27.624831+00:00,2084.718,200,True,True,Ownership transferred successfully
2370,TX0002370,DRUG000790,3,WH_10,RET_040,RET_040,TransferOwnership,2026-10-02T06:30:27.624924+00:00,2026-10-02T06:30:29.696765+00:00,2071.832,200,True,True,Ownership transferred successfully
2371,TX0002371,DRUG000791,1,MFG_01,DIST_11,DIST_11,TransferOwnership,2026-10-02T06:30:29.696873+00:00,2026-10-02T06:30:31.780067+00:00,2083.186,200,True,True,Ownership transferred successfully
2372,TX0002372,DRUG000791,2,DIST_11,WH_11,WH_11,TransferOwnership,2026-10-02T06:30:31.780155+00:00,2026-10-02T06:30:33.846015+00:00,2065.853,200,True,True,Ownership transferred successfully
2373,TX0002373,DRUG000791,3,WH_11,RET_041,RET_041,TransferOwnership,2026-10-02T06:30:33.846104+00:00,2026-10-02T06:30:35.915953+00:00,2069.842,200,True,True,Ownership transferred successfully
2374,TX0002374,DRUG000792,1,MFG_02,DIST_12,DIST_12,TransferOwnership,2026-10-02T06:30:35.916046+00:00,2026-10-02T06:30:38.001258+00:00,2085.205,200,True,True,Ownership transferred successfully
2375,TX0002375,DRUG000792,2,DIST_12,WH_12,WH_12,TransferOwnership,2026-10-02T06:30:38.001389+00:00,2026-10-02T06:30:40.075228+00:00,2073.827,200,True,True,Ownership transferred successfully
2376,TX0002376,DRUG000792,3,WH_12,RET_042,RET_042,TransferOwnership,2026-10-02T06:30:40.075377+00:00,2026-10-02T06:30:42.164915+00:00,2089.527,200,True,True,Ownership transferred successfully
2377,TX0002377,DRUG000793,1,MFG_03,DIST_13,DIST_13,TransferOwnership,2026-10-02T06:30:42.165440+00:00,2026-10-02T06:30:44.257246+00:00,2091.787,200,True,True,Ownership transferred successfully
2378,TX0002378,DRUG000793,2,DIST_13,WH_13,WH_13,TransferOwnership,2026-10-02T06:30:44.257519+00:00,2026-10-02T06:30:46.407072+00:00,2082.699,200,True,True,Ownership transferred successfully
2379,TX0002379,DRUG000793,3,WH_13,RET_043,RET_043,TransferOwnership,2026-10-02T06:30:46.407175+00:00,2026-10-02T06:30:48.471127+00:00,2063.945,200,True,True,Ownership transferred successfully
2380,TX0002380,DRUG000794,1,MFG_04,DIST_14,DIST_14,TransferOwnership,2026-10-02T06:30:48.471217+00:00,2026-10-02T06:30:50.551592+00:00,2080.367,200,True,True,Ownership transferred successfully
2381,TX0002381,DRUG000794,2,DIST_14,WH_14,WH_14,TransferOwnership,2026-10-02T06:30:50.551677+00:00,2026-10-02T06:30:52.631011+00:00,2079.327,200,True,True,Ownership transferred successfully
2382,TX0002382,DRUG000794,3,WH_14,RET_044,RET_044,TransferOwnership,2026-10-02T06:30:52.631098+00:00,2026-10-02T06:30:54.699929+00:00,2068.824,200,True,True,Ownership transferred successfully
2383,TX0002383,DRUG000795,1,MFG_05,DIST_15,DIST_15,TransferOwnership,2026-10-02T06:30:54.700017+00:00,2026-10-02T06:30:56.778086+00:00,2078.062,200,True,True,Ownership transferred successfully
2384,TX0002384,DRUG000795,2,DIST_15,WH_15,WH_15,TransferOwnership,2026-10-02T06:30:56.778186+00:00,2026-10-02T06:30:58.843940+00:00,2065.747,200,True,True,Ownership transferred successfully
2385,TX0002385,DRUG000795,3,WH_15,RET_045,RET_045,TransferOwnership,2026-10-02T06:30:58.844027+00:00,2026-10-02T06:31:00.909167+00:00,2065.132,200,True,True,Ownership transferred successfully
2386,TX0002386,DRUG000796,1,MFG_06,DIST_01,DIST_01,TransferOwnership,2026-10-02T06:31:00.909258+00:00,2026-10-02T06:31:02.984828+00:00,2075.562,200,True,True,Ownership transferred successfully
2387,TX0002387,DRUG000796,2,DIST_01,WH_16,WH_16,TransferOwnership,2026-10-02T06:31:02.984925+00:00,2026-10-02T06:31:05.049888+00:00,2064.956,200,True,True,Ownership transferred successfully
2388,TX0002388,DRUG000796,3,WH_16,RET_046,RET_046,TransferOwnership,2026-10-02T06:31:05.050396+00:00,2026-10-02T06:31:07.122766+00:00,2072.357,200,True,True,Ownership transferred successfully
2389,TX0002389,DRUG000797,1,MFG_07,DIST_02,DIST_02,TransferOwnership,2026-10-02T06:31:07.122852+00:00,2026-10-02T06:31:09.200076+00:00,2077.218,200,True,True,Ownership transferred successfully
2390,TX0002390,DRUG000797,2,DIST_02,WH_17,WH_17,TransferOwnership,2026-10-02T06:31:09.200173+00:00,2026-10-02T06:31:11.273332+00:00,2073.150,200,True,True,Ownership transferred successfully
2391,TX0002391,DRUG000797,3,WH_17,RET_047,RET_047,TransferOwnership,2026-10-02T06:31:11.273416+00:00,2026-10-02T06:31:13.341993+00:00,2068.570,200,True,True,Ownership transferred successfully
2392,TX0002392,DRUG000798,1,MFG_08,DIST_03,DIST_03,TransferOwnership,2026-10-02T06:31:13.342082+00:00,2026-10-02T06:31:15.416380+00:00,2074.292,200,True,True,Ownership transferred successfully
2393,TX0002393,DRUG000798,2,DIST_03,WH_18,WH_18,TransferOwnership,2026-10-02T06:31:15.416459+00:00,2026-10-02T06:31:17.557121+00:00,2075.615,200,True,True,Ownership transferred successfully
2394,TX0002394,DRUG000798,3,WH_18,RET_048,RET_048,TransferOwnership,2026-10-02T06:31:17.557224+00:00,2026-10-02T06:31:19.628942+00:00,2071.710,200,True,True,Ownership transferred successfully
2395,TX0002395,DRUG000799,1,MFG_09,DIST_04,DIST_04,TransferOwnership,2026-10-02T06:31:19.629060+00:00,2026-10-02T06:31:21.711727+00:00,2082.658,200,True,True,Ownership transferred successfully
2396,TX0002396,DRUG000799,2,DIST_04,WH_19,WH_19,TransferOwnership,2026-10-02T06:31:21.711809+00:00,2026-10-02T06:31:23.793900+00:00,2082.085,200,True,True,Ownership transferred successfully
2397,TX0002397,DRUG000799,3,WH_19,RET_049,RET_049,TransferOwnership,2026-10-02T06:31:23.793993+00:00,2026-10-02T06:31:25.857845+00:00,2063.845,200,True,True,Ownership transferred successfully
2398,TX0002398,DRUG000800,1,MFG_10,DIST_05,DIST_05,TransferOwnership,2026-10-02T06:31:25.857931+00:00,2026-10-02T06:31:27.927543+00:00,2069.605,200,True,True,Ownership transferred successfully
2399,TX0002399,DRUG000800,2,DIST_05,WH_20,WH_20,TransferOwnership,2026-10-02T06:31:27.927653+00:00,2026-10-02T06:31:29.986041+00:00,2058.381,200,True,True,Ownership transferred successfully
2400,TX0002400,DRUG000800,3,WH_20,RET_050,RET_050,TransferOwnership,2026-10-02T06:31:29.986705+00:00,2026-10-02T06:31:32.059536+00:00,2072.805,200,True,True,Ownership transferred successfully
2401,TX0002401,DRUG000801,1,MFG_01,DIST_06,DIST_06,TransferOwnership,2026-10-02T06:31:32.059627+00:00,2026-10-02T06:31:34.140524+00:00,2080.890,200,True,True,Ownership transferred successfully
2402,TX0002402,DRUG000801,2,DIST_06,WH_01,WH_01,TransferOwnership,2026-10-02T06:31:34.141316+00:00,2026-10-02T06:31:36.206432+00:00,2065.101,200,True,True,Ownership transferred successfully
2403,TX0002403,DRUG000801,3,WH_01,RET_001,RET_001,TransferOwnership,2026-10-02T06:31:36.206527+00:00,2026-10-02T06:31:38.286008+00:00,2079.473,200,True,True,Ownership transferred successfully
2404,TX0002404,DRUG000802,1,MFG_02,DIST_07,DIST_07,TransferOwnership,2026-10-02T06:31:38.286118+00:00,2026-10-02T06:31:40.369447+00:00,2083.321,200,True,True,Ownership transferred successfully
2405,TX0002405,DRUG000802,2,DIST_07,WH_02,WH_02,TransferOwnership,2026-10-02T06:31:40.369538+00:00,2026-10-02T06:31:42.437713+00:00,2068.167,200,True,True,Ownership transferred successfully
2406,TX0002406,DRUG000802,3,WH_02,RET_002,RET_002,TransferOwnership,2026-10-02T06:31:42.437804+00:00,2026-10-02T06:31:44.515541+00:00,2077.729,200,True,True,Ownership transferred successfully
2407,TX0002407,DRUG000803,1,MFG_03,DIST_08,DIST_08,TransferOwnership,2026-10-02T06:31:44.515656+00:00,2026-10-02T06:31:46.648595+00:00,2075.498,200,True,True,Ownership transferred successfully
2408,TX0002408,DRUG000803,2,DIST_08,WH_03,WH_03,TransferOwnership,2026-10-02T06:31:46.648682+00:00,2026-10-02T06:31:48.729092+00:00,2080.404,200,True,True,Ownership transferred successfully
2409,TX0002409,DRUG000803,3,WH_03,RET_003,RET_003,TransferOwnership,2026-10-02T06:31:48.729206+00:00,2026-10-02T06:31:50.805378+00:00,2076.165,200,True,True,Ownership transferred successfully
2410,TX0002410,DRUG000804,1,MFG_04,DIST_09,DIST_09,TransferOwnership,2026-10-02T06:31:50.805470+00:00,2026-10-02T06:31:52.898038+00:00,2092.561,200,True,True,Ownership transferred successfully
2411,TX0002411,DRUG000804,2,DIST_09,WH_04,WH_04,TransferOwnership,2026-10-02T06:31:52.898817+00:00,2026-10-02T06:31:54.965200+00:00,2066.367,200,True,True,Ownership transferred successfully
2412,TX0002412,DRUG000804,3,WH_04,RET_004,RET_004,TransferOwnership,2026-10-02T06:31:54.965292+00:00,2026-10-02T06:31:57.038765+00:00,2073.466,200,True,True,Ownership transferred successfully
2413,TX0002413,DRUG000805,1,MFG_05,DIST_10,DIST_10,TransferOwnership,2026-10-02T06:31:57.038865+00:00,2026-10-02T06:31:59.118544+00:00,2079.672,200,True,True,Ownership transferred successfully
2414,TX0002414,DRUG000805,2,DIST_10,WH_05,WH_05,TransferOwnership,2026-10-02T06:31:59.118630+00:00,2026-10-02T06:32:01.191795+00:00,2073.158,200,True,True,Ownership transferred successfully
2415,TX0002415,DRUG000805,3,WH_05,RET_005,RET_005,TransferOwnership,2026-10-02T06:32:01.191878+00:00,2026-10-02T06:32:03.272986+00:00,2081.102,200,True,True,Ownership transferred successfully
2416,TX0002416,DRUG000806,1,MFG_06,DIST_11,DIST_11,TransferOwnership,2026-10-02T06:32:03.273078+00:00,2026-10-02T06:32:05.348843+00:00,2075.759,200,True,True,Ownership transferred successfully
2417,TX0002417,DRUG000806,2,DIST_11,WH_06,WH_06,TransferOwnership,2026-10-02T06:32:05.348924+00:00,2026-10-02T06:32:07.439542+00:00,2090.611,200,True,True,Ownership transferred successfully
2418,TX0002418,DRUG000806,3,WH_06,RET_006,RET_006,TransferOwnership,2026-10-02T06:32:07.439693+00:00,2026-10-02T06:32:09.541603+00:00,2101.893,200,True,True,Ownership transferred successfully
2419,TX0002419,DRUG000807,1,MFG_07,DIST_12,DIST_12,TransferOwnership,2026-10-02T06:32:09.541747+00:00,2026-10-02T06:32:11.636136+00:00,2094.382,200,True,True,Ownership transferred successfully
2420,TX0002420,DRUG000807,2,DIST_12,WH_07,WH_07,TransferOwnership,2026-10-02T06:32:11.636230+00:00,2026-10-02T06:32:13.702114+00:00,2065.877,200,True,True,Ownership transferred successfully
2421,TX0002421,DRUG000807,3,WH_07,RET_007,RET_007,TransferOwnership,2026-10-02T06:32:13.702200+00:00,2026-10-02T06:32:15.772750+00:00,2070.544,200,True,True,Ownership transferred successfully
2422,TX0002422,DRUG000808,1,MFG_08,DIST_13,DIST_13,TransferOwnership,2026-10-02T06:32:15.773210+00:00,2026-10-02T06:32:17.913305+00:00,2079.608,200,True,True,Ownership transferred successfully
2423,TX0002423,DRUG000808,2,DIST_13,WH_08,WH_08,TransferOwnership,2026-10-02T06:32:17.914078+00:00,2026-10-02T06:32:19.981278+00:00,2067.182,200,True,True,Ownership transferred successfully
2424,TX0002424,DRUG000808,3,WH_08,RET_008,RET_008,TransferOwnership,2026-10-02T06:32:19.981386+00:00,2026-10-02T06:32:22.059692+00:00,2078.298,200,True,True,Ownership transferred successfully
2425,TX0002425,DRUG000809,1,MFG_09,DIST_14,DIST_14,TransferOwnership,2026-10-02T06:32:22.059783+00:00,2026-10-02T06:32:24.133526+00:00,2073.736,200,True,True,Ownership transferred successfully
2426,TX0002426,DRUG000809,2,DIST_14,WH_09,WH_09,TransferOwnership,2026-10-02T06:32:24.133625+00:00,2026-10-02T06:32:26.198198+00:00,2064.567,200,True,True,Ownership transferred successfully
2427,TX0002427,DRUG000809,3,WH_09,RET_009,RET_009,TransferOwnership,2026-10-02T06:32:26.198286+00:00,2026-10-02T06:32:28.264029+00:00,2065.736,200,True,True,Ownership transferred successfully
2428,TX0002428,DRUG000810,1,MFG_10,DIST_15,DIST_15,TransferOwnership,2026-10-02T06:32:28.264108+00:00,2026-10-02T06:32:30.350567+00:00,2086.452,200,True,True,Ownership transferred successfully
2429,TX0002429,DRUG000810,2,DIST_15,WH_10,WH_10,TransferOwnership,2026-10-02T06:32:30.350657+00:00,2026-10-02T06:32:32.413115+00:00,2062.448,200,True,True,Ownership transferred successfully
2430,TX0002430,DRUG000810,3,WH_10,RET_010,RET_010,TransferOwnership,2026-10-02T06:32:32.413218+00:00,2026-10-02T06:32:34.473131+00:00,2059.906,200,True,True,Ownership transferred successfully
2431,TX0002431,DRUG000811,1,MFG_01,DIST_01,DIST_01,TransferOwnership,2026-10-02T06:32:34.473217+00:00,2026-10-02T06:32:36.540659+00:00,2067.435,200,True,True,Ownership transferred successfully
2432,TX0002432,DRUG000811,2,DIST_01,WH_11,WH_11,TransferOwnership,2026-10-02T06:32:36.540774+00:00,2026-10-02T06:32:38.605631+00:00,2064.848,200,True,True,Ownership transferred successfully
2433,TX0002433,DRUG000811,3,WH_11,RET_011,RET_011,TransferOwnership,2026-10-02T06:32:38.605722+00:00,2026-10-02T06:32:40.668232+00:00,2062.502,200,True,True,Ownership transferred successfully
2434,TX0002434,DRUG000812,1,MFG_02,DIST_02,DIST_02,TransferOwnership,2026-10-02T06:32:40.668320+00:00,2026-10-02T06:32:42.733603+00:00,2065.276,200,True,True,Ownership transferred successfully
2435,TX0002435,DRUG000812,2,DIST_02,WH_12,WH_12,TransferOwnership,2026-10-02T06:32:42.734311+00:00,2026-10-02T06:32:44.797434+00:00,2063.106,200,True,True,Ownership transferred successfully
2436,TX0002436,DRUG000812,3,WH_12,RET_012,RET_012,TransferOwnership,2026-10-02T06:32:44.797519+00:00,2026-10-02T06:32:46.922240+00:00,2065.962,200,True,True,Ownership transferred successfully
2437,TX0002437,DRUG000813,1,MFG_03,DIST_03,DIST_03,TransferOwnership,2026-10-02T06:32:46.922329+00:00,2026-10-02T06:32:48.996358+00:00,2074.022,200,True,True,Ownership transferred successfully
2438,TX0002438,DRUG000813,2,DIST_03,WH_13,WH_13,TransferOwnership,2026-10-02T06:32:48.996446+00:00,2026-10-02T06:32:51.070767+00:00,2074.313,200,True,True,Ownership transferred successfully
2439,TX0002439,DRUG000813,3,WH_13,RET_013,RET_013,TransferOwnership,2026-10-02T06:32:51.070853+00:00,2026-10-02T06:32:53.143655+00:00,2072.795,200,True,True,Ownership transferred successfully
2440,TX0002440,DRUG000814,1,MFG_04,DIST_04,DIST_04,TransferOwnership,2026-10-02T06:32:53.143754+00:00,2026-10-02T06:32:55.223686+00:00,2079.926,200,True,True,Ownership transferred successfully
2441,TX0002441,DRUG000814,2,DIST_04,WH_14,WH_14,TransferOwnership,2026-10-02T06:32:55.224505+00:00,2026-10-02T06:32:57.287210+00:00,2062.690,200,True,True,Ownership transferred successfully
2442,TX0002442,DRUG000814,3,WH_14,RET_014,RET_014,TransferOwnership,2026-10-02T06:32:57.287299+00:00,2026-10-02T06:32:59.346370+00:00,2059.065,200,True,True,Ownership transferred successfully
2443,TX0002443,DRUG000815,1,MFG_05,DIST_05,DIST_05,TransferOwnership,2026-10-02T06:32:59.346459+00:00,2026-10-02T06:33:01.413242+00:00,2066.776,200,True,True,Ownership transferred successfully
2444,TX0002444,DRUG000815,2,DIST_05,WH_15,WH_15,TransferOwnership,2026-10-02T06:33:01.413382+00:00,2026-10-02T06:33:03.479567+00:00,2066.175,200,True,True,Ownership transferred successfully
2445,TX0002445,DRUG000815,3,WH_15,RET_015,RET_015,TransferOwnership,2026-10-02T06:33:03.479653+00:00,2026-10-02T06:33:05.550938+00:00,2071.279,200,True,True,Ownership transferred successfully
2446,TX0002446,DRUG000816,1,MFG_06,DIST_06,DIST_06,TransferOwnership,2026-10-02T06:33:05.551613+00:00,2026-10-02T06:33:07.645377+00:00,2093.749,200,True,True,Ownership transferred successfully
2447,TX0002447,DRUG000816,2,DIST_06,WH_16,WH_16,TransferOwnership,2026-10-02T06:33:07.645473+00:00,2026-10-02T06:33:09.737636+00:00,2092.155,200,True,True,Ownership transferred successfully
2448,TX0002448,DRUG000816,3,WH_16,RET_016,RET_016,TransferOwnership,2026-10-02T06:33:09.737738+00:00,2026-10-02T06:33:11.823161+00:00,2085.416,200,True,True,Ownership transferred successfully
2449,TX0002449,DRUG000817,1,MFG_07,DIST_07,DIST_07,TransferOwnership,2026-10-02T06:33:11.823241+00:00,2026-10-02T06:33:13.900541+00:00,2077.294,200,True,True,Ownership transferred successfully
2450,TX0002450,DRUG000817,2,DIST_07,WH_17,WH_17,TransferOwnership,2026-10-02T06:33:13.900670+00:00,2026-10-02T06:33:15.986479+00:00,2085.802,200,True,True,Ownership transferred successfully
2451,TX0002451,DRUG000817,3,WH_17,RET_017,RET_017,TransferOwnership,2026-10-02T06:33:15.986583+00:00,2026-10-02T06:33:18.139634+00:00,2077.000,200,True,True,Ownership transferred successfully
2452,TX0002452,DRUG000818,1,MFG_08,DIST_08,DIST_08,TransferOwnership,2026-10-02T06:33:18.139720+00:00,2026-10-02T06:33:20.212196+00:00,2072.469,200,True,True,Ownership transferred successfully
2453,TX0002453,DRUG000818,2,DIST_08,WH_18,WH_18,TransferOwnership,2026-10-02T06:33:20.212285+00:00,2026-10-02T06:33:22.282894+00:00,2070.601,200,True,True,Ownership transferred successfully
2454,TX0002454,DRUG000818,3,WH_18,RET_018,RET_018,TransferOwnership,2026-10-02T06:33:22.283018+00:00,2026-10-02T06:33:24.350983+00:00,2067.958,200,True,True,Ownership transferred successfully
2455,TX0002455,DRUG000819,1,MFG_09,DIST_09,DIST_09,TransferOwnership,2026-10-02T06:33:24.351082+00:00,2026-10-02T06:33:26.433097+00:00,2082.008,200,True,True,Ownership transferred successfully
2456,TX0002456,DRUG000819,2,DIST_09,WH_19,WH_19,TransferOwnership,2026-10-02T06:33:26.433183+00:00,2026-10-02T06:33:28.496449+00:00,2063.258,200,True,True,Ownership transferred successfully
2457,TX0002457,DRUG000819,3,WH_19,RET_019,RET_019,TransferOwnership,2026-10-02T06:33:28.496609+00:00,2026-10-02T06:33:30.578640+00:00,2082.023,200,True,True,Ownership transferred successfully
2458,TX0002458,DRUG000820,1,MFG_10,DIST_10,DIST_10,TransferOwnership,2026-10-02T06:33:30.578723+00:00,2026-10-02T06:33:32.650886+00:00,2072.155,200,True,True,Ownership transferred successfully
2459,TX0002459,DRUG000820,2,DIST_10,WH_20,WH_20,TransferOwnership,2026-10-02T06:33:32.650986+00:00,2026-10-02T06:33:34.712001+00:00,2061.008,200,True,True,Ownership transferred successfully
2460,TX0002460,DRUG000820,3,WH_20,RET_020,RET_020,TransferOwnership,2026-10-02T06:33:34.712107+00:00,2026-10-02T06:33:36.799919+00:00,2087.801,200,True,True,Ownership transferred successfully
2461,TX0002461,DRUG000821,1,MFG_01,DIST_11,DIST_11,TransferOwnership,2026-10-02T06:33:36.800105+00:00,2026-10-02T06:33:38.882696+00:00,2082.574,200,True,True,Ownership transferred successfully
2462,TX0002462,DRUG000821,2,DIST_11,WH_01,WH_01,TransferOwnership,2026-10-02T06:33:38.882794+00:00,2026-10-02T06:33:40.948194+00:00,2065.393,200,True,True,Ownership transferred successfully
2463,TX0002463,DRUG000821,3,WH_01,RET_021,RET_021,TransferOwnership,2026-10-02T06:33:40.948282+00:00,2026-10-02T06:33:43.018333+00:00,2070.043,200,True,True,Ownership transferred successfully
2464,TX0002464,DRUG000822,1,MFG_02,DIST_12,DIST_12,TransferOwnership,2026-10-02T06:33:43.018437+00:00,2026-10-02T06:33:45.100094+00:00,2081.650,200,True,True,Ownership transferred successfully
2465,TX0002465,DRUG000822,2,DIST_12,WH_02,WH_02,TransferOwnership,2026-10-02T06:33:45.100212+00:00,2026-10-02T06:33:47.255829+00:00,2101.070,200,True,True,Ownership transferred successfully
2466,TX0002466,DRUG000822,3,WH_02,RET_022,RET_022,TransferOwnership,2026-10-02T06:33:47.255914+00:00,2026-10-02T06:33:49.330230+00:00,2074.309,200,True,True,Ownership transferred successfully
2467,TX0002467,DRUG000823,1,MFG_03,DIST_13,DIST_13,TransferOwnership,2026-10-02T06:33:49.330325+00:00,2026-10-02T06:33:51.408117+00:00,2077.785,200,True,True,Ownership transferred successfully
2468,TX0002468,DRUG000823,2,DIST_13,WH_03,WH_03,TransferOwnership,2026-10-02T06:33:51.408204+00:00,2026-10-02T06:33:53.479548+00:00,2071.337,200,True,True,Ownership transferred successfully
2469,TX0002469,DRUG000823,3,WH_03,RET_023,RET_023,TransferOwnership,2026-10-02T06:33:53.479641+00:00,2026-10-02T06:33:55.550719+00:00,2071.071,200,True,True,Ownership transferred successfully
2470,TX0002470,DRUG000824,1,MFG_04,DIST_14,DIST_14,TransferOwnership,2026-10-02T06:33:55.550808+00:00,2026-10-02T06:33:57.653023+00:00,2102.202,200,True,True,Ownership transferred successfully
2471,TX0002471,DRUG000824,2,DIST_14,WH_04,WH_04,TransferOwnership,2026-10-02T06:33:57.653378+00:00,2026-10-02T06:33:59.732276+00:00,2078.875,200,True,True,Ownership transferred successfully
2472,TX0002472,DRUG000824,3,WH_04,RET_024,RET_024,TransferOwnership,2026-10-02T06:33:59.732379+00:00,2026-10-02T06:34:01.801979+00:00,2069.593,200,True,True,Ownership transferred successfully
2473,TX0002473,DRUG000825,1,MFG_05,DIST_15,DIST_15,TransferOwnership,2026-10-02T06:34:01.802074+00:00,2026-10-02T06:34:03.873514+00:00,2071.433,200,True,True,Ownership transferred successfully
2474,TX0002474,DRUG000825,2,DIST_15,WH_05,WH_05,TransferOwnership,2026-10-02T06:34:03.873595+00:00,2026-10-02T06:34:05.940596+00:00,2066.995,200,True,True,Ownership transferred successfully
2475,TX0002475,DRUG000825,3,WH_05,RET_025,RET_025,TransferOwnership,2026-10-02T06:34:05.940683+00:00,2026-10-02T06:34:07.997932+00:00,2057.241,200,True,True,Ownership transferred successfully
2476,TX0002476,DRUG000826,1,MFG_06,DIST_01,DIST_01,TransferOwnership,2026-10-02T06:34:07.998017+00:00,2026-10-02T06:34:10.066205+00:00,2068.181,200,True,True,Ownership transferred successfully
2477,TX0002477,DRUG000826,2,DIST_01,WH_06,WH_06,TransferOwnership,2026-10-02T06:34:10.066316+00:00,2026-10-02T06:34:12.133988+00:00,2067.665,200,True,True,Ownership transferred successfully
2478,TX0002478,DRUG000826,3,WH_06,RET_026,RET_026,TransferOwnership,2026-10-02T06:34:12.134074+00:00,2026-10-02T06:34:14.205162+00:00,2071.081,200,True,True,Ownership transferred successfully
2479,TX0002479,DRUG000827,1,MFG_07,DIST_02,DIST_02,TransferOwnership,2026-10-02T06:34:14.205249+00:00,2026-10-02T06:34:16.276005+00:00,2070.749,200,True,True,Ownership transferred successfully
2480,TX0002480,DRUG000827,2,DIST_02,WH_07,WH_07,TransferOwnership,2026-10-02T06:34:16.276088+00:00,2026-10-02T06:34:18.399647+00:00,2062.437,200,True,True,Ownership transferred successfully
2481,TX0002481,DRUG000827,3,WH_07,RET_027,RET_027,TransferOwnership,2026-10-02T06:34:18.399732+00:00,2026-10-02T06:34:20.470689+00:00,2070.951,200,True,True,Ownership transferred successfully
2482,TX0002482,DRUG000828,1,MFG_08,DIST_03,DIST_03,TransferOwnership,2026-10-02T06:34:20.470779+00:00,2026-10-02T06:34:22.574175+00:00,2103.389,200,True,True,Ownership transferred successfully
2483,TX0002483,DRUG000828,2,DIST_03,WH_08,WH_08,TransferOwnership,2026-10-02T06:34:22.574266+00:00,2026-10-02T06:34:25.397449+00:00,2823.176,200,True,True,Ownership transferred successfully
2484,TX0002484,DRUG000828,3,WH_08,RET_028,RET_028,TransferOwnership,2026-10-02T06:34:25.397530+00:00,2026-10-02T06:34:27.501020+00:00,2103.483,200,True,True,Ownership transferred successfully
2485,TX0002485,DRUG000829,1,MFG_09,DIST_04,DIST_04,TransferOwnership,2026-10-02T06:34:27.501102+00:00,2026-10-02T06:34:29.638479+00:00,2137.369,200,True,True,Ownership transferred successfully
2486,TX0002486,DRUG000829,2,DIST_04,WH_09,WH_09,TransferOwnership,2026-10-02T06:34:29.638568+00:00,2026-10-02T06:34:31.765898+00:00,2127.323,200,True,True,Ownership transferred successfully
2487,TX0002487,DRUG000829,3,WH_09,RET_029,RET_029,TransferOwnership,2026-10-02T06:34:31.765978+00:00,2026-10-02T06:34:33.861958+00:00,2095.973,200,True,True,Ownership transferred successfully
2488,TX0002488,DRUG000830,1,MFG_10,DIST_05,DIST_05,TransferOwnership,2026-10-02T06:34:33.862045+00:00,2026-10-02T06:34:36.030035+00:00,2167.983,200,True,True,Ownership transferred successfully
2489,TX0002489,DRUG000830,2,DIST_05,WH_10,WH_10,TransferOwnership,2026-10-02T06:34:36.030128+00:00,2026-10-02T06:34:38.152668+00:00,2122.533,200,True,True,Ownership transferred successfully
2490,TX0002490,DRUG000830,3,WH_10,RET_030,RET_030,TransferOwnership,2026-10-02T06:34:38.152748+00:00,2026-10-02T06:34:40.217542+00:00,2064.783,200,True,True,Ownership transferred successfully
2491,TX0002491,DRUG000831,1,MFG_01,DIST_06,DIST_06,TransferOwnership,2026-10-02T06:34:40.217696+00:00,2026-10-02T06:34:42.342157+00:00,2124.452,200,True,True,Ownership transferred successfully
2492,TX0002492,DRUG000831,2,DIST_06,WH_11,WH_11,TransferOwnership,2026-10-02T06:34:42.342270+00:00,2026-10-02T06:34:44.469408+00:00,2127.131,200,True,True,Ownership transferred successfully
2493,TX0002493,DRUG000831,3,WH_11,RET_031,RET_031,TransferOwnership,2026-10-02T06:34:44.469492+00:00,2026-10-02T06:34:46.647668+00:00,2101.425,200,True,True,Ownership transferred successfully
2494,TX0002494,DRUG000832,1,MFG_02,DIST_07,DIST_07,TransferOwnership,2026-10-02T06:34:46.647778+00:00,2026-10-02T06:34:48.779104+00:00,2131.319,200,True,True,Ownership transferred successfully
2495,TX0002495,DRUG000832,2,DIST_07,WH_12,WH_12,TransferOwnership,2026-10-02T06:34:48.779190+00:00,2026-10-02T06:34:50.888331+00:00,2109.134,200,True,True,Ownership transferred successfully
2496,TX0002496,DRUG000832,3,WH_12,RET_032,RET_032,TransferOwnership,2026-10-02T06:34:50.888413+00:00,2026-10-02T06:34:53.049995+00:00,2161.576,200,True,True,Ownership transferred successfully
2497,TX0002497,DRUG000833,1,MFG_03,DIST_08,DIST_08,TransferOwnership,2026-10-02T06:34:53.050091+00:00,2026-10-02T06:34:55.163710+00:00,2113.599,200,True,True,Ownership transferred successfully
2498,TX0002498,DRUG000833,2,DIST_08,WH_13,WH_13,TransferOwnership,2026-10-02T06:34:55.163808+00:00,2026-10-02T06:34:57.257913+00:00,2094.097,200,True,True,Ownership transferred successfully
2499,TX0002499,DRUG000833,3,WH_13,RET_033,RET_033,TransferOwnership,2026-10-02T06:34:57.257997+00:00,2026-10-02T06:34:59.374665+00:00,2116.661,200,True,True,Ownership transferred successfully
2500,TX0002500,DRUG000834,1,MFG_04,DIST_09,DIST_09,TransferOwnership,2026-10-02T06:34:59.374746+00:00,2026-10-02T06:35:01.496301+00:00,2121.548,200,True,True,Ownership transferred successfully
2501,TX0002501,DRUG000834,2,DIST_09,WH_14,WH_14,TransferOwnership,2026-10-02T06:35:01.496387+00:00,2026-10-02T06:35:03.621981+00:00,2125.589,200,True,True,Ownership transferred successfully
2502,TX0002502,DRUG000834,3,WH_14,RET_034,RET_034,TransferOwnership,2026-10-02T06:35:03.622066+00:00,2026-10-02T06:35:05.722992+00:00,2100.919,200,True,True,Ownership transferred successfully
2503,TX0002503,DRUG000835,1,MFG_05,DIST_10,DIST_10,TransferOwnership,2026-10-02T06:35:05.723082+00:00,2026-10-02T06:35:07.815207+00:00,2092.115,200,True,True,Ownership transferred successfully
2504,TX0002504,DRUG000835,2,DIST_10,WH_15,WH_15,TransferOwnership,2026-10-02T06:35:07.815342+00:00,2026-10-02T06:35:09.919330+00:00,2103.979,200,True,True,Ownership transferred successfully
2505,TX0002505,DRUG000835,3,WH_15,RET_035,RET_035,TransferOwnership,2026-10-02T06:35:09.919456+00:00,2026-10-02T06:35:11.986688+00:00,2067.226,200,True,True,Ownership transferred successfully
2506,TX0002506,DRUG000836,1,MFG_06,DIST_11,DIST_11,TransferOwnership,2026-10-02T06:35:11.986773+00:00,2026-10-02T06:35:14.083782+00:00,2097.002,200,True,True,Ownership transferred successfully
2507,TX0002507,DRUG000836,2,DIST_11,WH_16,WH_16,TransferOwnership,2026-10-02T06:35:14.083870+00:00,2026-10-02T06:35:16.188680+00:00,2104.804,200,True,True,Ownership transferred successfully
2508,TX0002508,DRUG000836,3,WH_16,RET_036,RET_036,TransferOwnership,2026-10-02T06:35:16.188771+00:00,2026-10-02T06:35:18.349910+00:00,2102.520,200,True,True,Ownership transferred successfully
2509,TX0002509,DRUG000837,1,MFG_07,DIST_12,DIST_12,TransferOwnership,2026-10-02T06:35:18.349999+00:00,2026-10-02T06:35:20.490544+00:00,2140.537,200,True,True,Ownership transferred successfully
2510,TX0002510,DRUG000837,2,DIST_12,WH_17,WH_17,TransferOwnership,2026-10-02T06:35:20.490635+00:00,2026-10-02T06:35:22.593883+00:00,2103.241,200,True,True,Ownership transferred successfully
2511,TX0002511,DRUG000837,3,WH_17,RET_037,RET_037,TransferOwnership,2026-10-02T06:35:22.593972+00:00,2026-10-02T06:35:24.706075+00:00,2112.097,200,True,True,Ownership transferred successfully
2512,TX0002512,DRUG000838,1,MFG_08,DIST_13,DIST_13,TransferOwnership,2026-10-02T06:35:24.706167+00:00,2026-10-02T06:35:26.827227+00:00,2121.053,200,True,True,Ownership transferred successfully
2513,TX0002513,DRUG000838,2,DIST_13,WH_18,WH_18,TransferOwnership,2026-10-02T06:35:26.827313+00:00,2026-10-02T06:35:29.030943+00:00,2203.623,200,True,True,Ownership transferred successfully
2514,TX0002514,DRUG000838,3,WH_18,RET_038,RET_038,TransferOwnership,2026-10-02T06:35:29.031034+00:00,2026-10-02T06:35:31.100725+00:00,2069.684,200,True,True,Ownership transferred successfully
2515,TX0002515,DRUG000839,1,MFG_09,DIST_14,DIST_14,TransferOwnership,2026-10-02T06:35:31.100825+00:00,2026-10-02T06:35:33.177018+00:00,2076.186,200,True,True,Ownership transferred successfully
2516,TX0002516,DRUG000839,2,DIST_14,WH_19,WH_19,TransferOwnership,2026-10-02T06:35:33.177109+00:00,2026-10-02T06:35:35.245443+00:00,2068.327,200,True,True,Ownership transferred successfully
2517,TX0002517,DRUG000839,3,WH_19,RET_039,RET_039,TransferOwnership,2026-10-02T06:35:35.245525+00:00,2026-10-02T06:35:37.313937+00:00,2068.406,200,True,True,Ownership transferred successfully
2518,TX0002518,DRUG000840,1,MFG_10,DIST_15,DIST_15,TransferOwnership,2026-10-02T06:35:37.314023+00:00,2026-10-02T06:35:39.393049+00:00,2079.018,200,True,True,Ownership transferred successfully
2519,TX0002519,DRUG000840,2,DIST_15,WH_20,WH_20,TransferOwnership,2026-10-02T06:35:39.393146+00:00,2026-10-02T06:35:41.464097+00:00,2070.944,200,True,True,Ownership transferred successfully
2520,TX0002520,DRUG000840,3,WH_20,RET_040,RET_040,TransferOwnership,2026-10-02T06:35:41.464181+00:00,2026-10-02T06:35:43.535450+00:00,2071.261,200,True,True,Ownership transferred successfully
2521,TX0002521,DRUG000841,1,MFG_01,DIST_01,DIST_01,TransferOwnership,2026-10-02T06:35:43.535534+00:00,2026-10-02T06:35:45.661064+00:00,2125.523,200,True,True,Ownership transferred successfully
2522,TX0002522,DRUG000841,2,DIST_01,WH_01,WH_01,TransferOwnership,2026-10-02T06:35:45.661149+00:00,2026-10-02T06:35:47.790826+00:00,2066.912,200,True,True,Ownership transferred successfully
2523,TX0002523,DRUG000841,3,WH_01,RET_041,RET_041,TransferOwnership,2026-10-02T06:35:47.790958+00:00,2026-10-02T06:35:49.868048+00:00,2077.081,200,True,True,Ownership transferred successfully
2524,TX0002524,DRUG000842,1,MFG_02,DIST_02,DIST_02,TransferOwnership,2026-10-02T06:35:49.868167+00:00,2026-10-02T06:35:51.941663+00:00,2073.489,200,True,True,Ownership transferred successfully
2525,TX0002525,DRUG000842,2,DIST_02,WH_02,WH_02,TransferOwnership,2026-10-02T06:35:51.941751+00:00,2026-10-02T06:35:54.014607+00:00,2072.849,200,True,True,Ownership transferred successfully
2526,TX0002526,DRUG000842,3,WH_02,RET_042,RET_042,TransferOwnership,2026-10-02T06:35:54.014696+00:00,2026-10-02T06:35:56.085013+00:00,2070.311,200,True,True,Ownership transferred successfully
2527,TX0002527,DRUG000843,1,MFG_03,DIST_03,DIST_03,TransferOwnership,2026-10-02T06:35:56.085098+00:00,2026-10-02T06:35:58.155314+00:00,2070.210,200,True,True,Ownership transferred successfully
2528,TX0002528,DRUG000843,2,DIST_03,WH_03,WH_03,TransferOwnership,2026-10-02T06:35:58.155401+00:00,2026-10-02T06:36:00.218157+00:00,2062.750,200,True,True,Ownership transferred successfully
2529,TX0002529,DRUG000843,3,WH_03,RET_043,RET_043,TransferOwnership,2026-10-02T06:36:00.218250+00:00,2026-10-02T06:36:02.289385+00:00,2071.128,200,True,True,Ownership transferred successfully
2530,TX0002530,DRUG000844,1,MFG_04,DIST_04,DIST_04,TransferOwnership,2026-10-02T06:36:02.289466+00:00,2026-10-02T06:36:04.359008+00:00,2069.534,200,True,True,Ownership transferred successfully
2531,TX0002531,DRUG000844,2,DIST_04,WH_04,WH_04,TransferOwnership,2026-10-02T06:36:04.359142+00:00,2026-10-02T06:36:06.419749+00:00,2060.597,200,True,True,Ownership transferred successfully
2532,TX0002532,DRUG000844,3,WH_04,RET_044,RET_044,TransferOwnership,2026-10-02T06:36:06.419831+00:00,2026-10-02T06:36:08.498275+00:00,2078.438,200,True,True,Ownership transferred successfully
2533,TX0002533,DRUG000845,1,MFG_05,DIST_05,DIST_05,TransferOwnership,2026-10-02T06:36:08.498362+00:00,2026-10-02T06:36:10.582410+00:00,2084.041,200,True,True,Ownership transferred successfully
2534,TX0002534,DRUG000845,2,DIST_05,WH_05,WH_05,TransferOwnership,2026-10-02T06:36:10.582497+00:00,2026-10-02T06:36:12.649390+00:00,2066.885,200,True,True,Ownership transferred successfully
2535,TX0002535,DRUG000845,3,WH_05,RET_045,RET_045,TransferOwnership,2026-10-02T06:36:12.649479+00:00,2026-10-02T06:36:14.713817+00:00,2064.331,200,True,True,Ownership transferred successfully
2536,TX0002536,DRUG000846,1,MFG_06,DIST_06,DIST_06,TransferOwnership,2026-10-02T06:36:14.714220+00:00,2026-10-02T06:36:16.868510+00:00,2096.990,200,True,True,Ownership transferred successfully
2537,TX0002537,DRUG000846,2,DIST_06,WH_06,WH_06,TransferOwnership,2026-10-02T06:36:16.868590+00:00,2026-10-02T06:36:18.937207+00:00,2068.609,200,True,True,Ownership transferred successfully
2538,TX0002538,DRUG000846,3,WH_06,RET_046,RET_046,TransferOwnership,2026-10-02T06:36:18.937298+00:00,2026-10-02T06:36:21.010852+00:00,2073.548,200,True,True,Ownership transferred successfully
2539,TX0002539,DRUG000847,1,MFG_07,DIST_07,DIST_07,TransferOwnership,2026-10-02T06:36:21.010941+00:00,2026-10-02T06:36:23.084498+00:00,2073.550,200,True,True,Ownership transferred successfully
2540,TX0002540,DRUG000847,2,DIST_07,WH_07,WH_07,TransferOwnership,2026-10-02T06:36:23.084590+00:00,2026-10-02T06:36:25.152650+00:00,2068.052,200,True,True,Ownership transferred successfully
2541,TX0002541,DRUG000847,3,WH_07,RET_047,RET_047,TransferOwnership,2026-10-02T06:36:25.152745+00:00,2026-10-02T06:36:27.243099+00:00,2090.344,200,True,True,Ownership transferred successfully
2542,TX0002542,DRUG000848,1,MFG_08,DIST_08,DIST_08,TransferOwnership,2026-10-02T06:36:27.243218+00:00,2026-10-02T06:36:29.311300+00:00,2068.074,200,True,True,Ownership transferred successfully
2543,TX0002543,DRUG000848,2,DIST_08,WH_08,WH_08,TransferOwnership,2026-10-02T06:36:29.311398+00:00,2026-10-02T06:36:31.377960+00:00,2066.555,200,True,True,Ownership transferred successfully
2544,TX0002544,DRUG000848,3,WH_08,RET_048,RET_048,TransferOwnership,2026-10-02T06:36:31.378061+00:00,2026-10-02T06:36:33.461705+00:00,2083.637,200,True,True,Ownership transferred successfully
2545,TX0002545,DRUG000849,1,MFG_09,DIST_09,DIST_09,TransferOwnership,2026-10-02T06:36:33.461798+00:00,2026-10-02T06:36:35.545340+00:00,2083.535,200,True,True,Ownership transferred successfully
2546,TX0002546,DRUG000849,2,DIST_09,WH_09,WH_09,TransferOwnership,2026-10-02T06:36:35.545422+00:00,2026-10-02T06:36:37.616173+00:00,2070.743,200,True,True,Ownership transferred successfully
2547,TX0002547,DRUG000849,3,WH_09,RET_049,RET_049,TransferOwnership,2026-10-02T06:36:37.616283+00:00,2026-10-02T06:36:39.698870+00:00,2082.572,200,True,True,Ownership transferred successfully
2548,TX0002548,DRUG000850,1,MFG_10,DIST_10,DIST_10,TransferOwnership,2026-10-02T06:36:39.699030+00:00,2026-10-02T06:36:41.789364+00:00,2090.327,200,True,True,Ownership transferred successfully
2549,TX0002549,DRUG000850,2,DIST_10,WH_10,WH_10,TransferOwnership,2026-10-02T06:36:41.789459+00:00,2026-10-02T06:36:43.855447+00:00,2065.981,200,True,True,Ownership transferred successfully
2550,TX0002550,DRUG000850,3,WH_10,RET_050,RET_050,TransferOwnership,2026-10-02T06:36:43.855544+00:00,2026-10-02T06:36:45.920719+00:00,2065.168,200,True,True,Ownership transferred successfully
2551,TX0002551,DRUG000851,1,MFG_01,DIST_11,DIST_11,TransferOwnership,2026-10-02T06:36:45.920801+00:00,2026-10-02T06:36:48.075767+00:00,2066.744,200,True,True,Ownership transferred successfully
2552,TX0002552,DRUG000851,2,DIST_11,WH_11,WH_11,TransferOwnership,2026-10-02T06:36:48.075853+00:00,2026-10-02T06:36:50.159201+00:00,2083.340,200,True,True,Ownership transferred successfully
2553,TX0002553,DRUG000851,3,WH_11,RET_001,RET_001,TransferOwnership,2026-10-02T06:36:50.159294+00:00,2026-10-02T06:36:52.228172+00:00,2068.871,200,True,True,Ownership transferred successfully
2554,TX0002554,DRUG000852,1,MFG_02,DIST_12,DIST_12,TransferOwnership,2026-10-02T06:36:52.228252+00:00,2026-10-02T06:36:54.299530+00:00,2071.269,200,True,True,Ownership transferred successfully
2555,TX0002555,DRUG000852,2,DIST_12,WH_12,WH_12,TransferOwnership,2026-10-02T06:36:54.299682+00:00,2026-10-02T06:36:56.376746+00:00,2077.048,200,True,True,Ownership transferred successfully
2556,TX0002556,DRUG000852,3,WH_12,RET_002,RET_002,TransferOwnership,2026-10-02T06:36:56.376998+00:00,2026-10-02T06:36:58.448445+00:00,2071.434,200,True,True,Ownership transferred successfully
2557,TX0002557,DRUG000853,1,MFG_03,DIST_13,DIST_13,TransferOwnership,2026-10-02T06:36:58.448556+00:00,2026-10-02T06:37:00.535042+00:00,2086.476,200,True,True,Ownership transferred successfully
2558,TX0002558,DRUG000853,2,DIST_13,WH_13,WH_13,TransferOwnership,2026-10-02T06:37:00.535202+00:00,2026-10-02T06:37:02.601493+00:00,2066.283,200,True,True,Ownership transferred successfully
2559,TX0002559,DRUG000853,3,WH_13,RET_003,RET_003,TransferOwnership,2026-10-02T06:37:02.601591+00:00,2026-10-02T06:37:04.676990+00:00,2075.392,200,True,True,Ownership transferred successfully
2560,TX0002560,DRUG000854,1,MFG_04,DIST_14,DIST_14,TransferOwnership,2026-10-02T06:37:04.677077+00:00,2026-10-02T06:37:06.754168+00:00,2077.084,200,True,True,Ownership transferred successfully
2561,TX0002561,DRUG000854,2,DIST_14,WH_14,WH_14,TransferOwnership,2026-10-02T06:37:06.754336+00:00,2026-10-02T06:37:08.825653+00:00,2071.305,200,True,True,Ownership transferred successfully
2562,TX0002562,DRUG000854,3,WH_14,RET_004,RET_004,TransferOwnership,2026-10-02T06:37:08.825735+00:00,2026-10-02T06:37:10.898081+00:00,2072.340,200,True,True,Ownership transferred successfully
2563,TX0002563,DRUG000855,1,MFG_05,DIST_15,DIST_15,TransferOwnership,2026-10-02T06:37:10.898169+00:00,2026-10-02T06:37:12.978804+00:00,2080.629,200,True,True,Ownership transferred successfully
2564,TX0002564,DRUG000855,2,DIST_15,WH_15,WH_15,TransferOwnership,2026-10-02T06:37:12.978885+00:00,2026-10-02T06:37:15.047234+00:00,2068.342,200,True,True,Ownership transferred successfully
2565,TX0002565,DRUG000855,3,WH_15,RET_005,RET_005,TransferOwnership,2026-10-02T06:37:15.047890+00:00,2026-10-02T06:37:17.191707+00:00,2073.841,200,True,True,Ownership transferred successfully
2566,TX0002566,DRUG000856,1,MFG_06,DIST_01,DIST_01,TransferOwnership,2026-10-02T06:37:17.191805+00:00,2026-10-02T06:37:19.279363+00:00,2087.550,200,True,True,Ownership transferred successfully
2567,TX0002567,DRUG000856,2,DIST_01,WH_16,WH_16,TransferOwnership,2026-10-02T06:37:19.279475+00:00,2026-10-02T06:37:21.348383+00:00,2068.900,200,True,True,Ownership transferred successfully
2568,TX0002568,DRUG000856,3,WH_16,RET_006,RET_006,TransferOwnership,2026-10-02T06:37:21.348477+00:00,2026-10-02T06:37:23.415912+00:00,2067.425,200,True,True,Ownership transferred successfully
2569,TX0002569,DRUG000857,1,MFG_07,DIST_02,DIST_02,TransferOwnership,2026-10-02T06:37:23.416056+00:00,2026-10-02T06:37:25.494708+00:00,2078.645,200,True,True,Ownership transferred successfully
2570,TX0002570,DRUG000857,2,DIST_02,WH_17,WH_17,TransferOwnership,2026-10-02T06:37:25.494791+00:00,2026-10-02T06:37:27.559771+00:00,2064.971,200,True,True,Ownership transferred successfully
2571,TX0002571,DRUG000857,3,WH_17,RET_007,RET_007,TransferOwnership,2026-10-02T06:37:27.559866+00:00,2026-10-02T06:37:29.629097+00:00,2069.224,200,True,True,Ownership transferred successfully
2572,TX0002572,DRUG000858,1,MFG_08,DIST_03,DIST_03,TransferOwnership,2026-10-02T06:37:29.629179+00:00,2026-10-02T06:37:31.702854+00:00,2073.668,200,True,True,Ownership transferred successfully
2573,TX0002573,DRUG000858,2,DIST_03,WH_18,WH_18,TransferOwnership,2026-10-02T06:37:31.702934+00:00,2026-10-02T06:37:33.778554+00:00,2075.614,200,True,True,Ownership transferred successfully
2574,TX0002574,DRUG000858,3,WH_18,RET_008,RET_008,TransferOwnership,2026-10-02T06:37:33.778639+00:00,2026-10-02T06:37:35.851308+00:00,2072.661,200,True,True,Ownership transferred successfully
2575,TX0002575,DRUG000859,1,MFG_09,DIST_04,DIST_04,TransferOwnership,2026-10-02T06:37:35.851393+00:00,2026-10-02T06:37:37.923336+00:00,2071.934,200,True,True,Ownership transferred successfully
2576,TX0002576,DRUG000859,2,DIST_04,WH_19,WH_19,TransferOwnership,2026-10-02T06:37:37.923424+00:00,2026-10-02T06:37:39.988044+00:00,2064.613,200,True,True,Ownership transferred successfully
2577,TX0002577,DRUG000859,3,WH_19,RET_009,RET_009,TransferOwnership,2026-10-02T06:37:39.988139+00:00,2026-10-02T06:37:42.059304+00:00,2071.158,200,True,True,Ownership transferred successfully
2578,TX0002578,DRUG000860,1,MFG_10,DIST_05,DIST_05,TransferOwnership,2026-10-02T06:37:42.059387+00:00,2026-10-02T06:37:44.141715+00:00,2082.323,200,True,True,Ownership transferred successfully
2579,TX0002579,DRUG000860,2,DIST_05,WH_20,WH_20,TransferOwnership,2026-10-02T06:37:44.141810+00:00,2026-10-02T06:37:46.199124+00:00,2057.307,200,True,True,Ownership transferred successfully
2580,TX0002580,DRUG000860,3,WH_20,RET_010,RET_010,TransferOwnership,2026-10-02T06:37:46.199209+00:00,2026-10-02T06:37:48.334083+00:00,2069.379,200,True,True,Ownership transferred successfully
2581,TX0002581,DRUG000861,1,MFG_01,DIST_06,DIST_06,TransferOwnership,2026-10-02T06:37:48.334177+00:00,2026-10-02T06:37:50.411262+00:00,2077.077,200,True,True,Ownership transferred successfully
2582,TX0002582,DRUG000861,2,DIST_06,WH_01,WH_01,TransferOwnership,2026-10-02T06:37:50.411371+00:00,2026-10-02T06:37:52.485909+00:00,2074.529,200,True,True,Ownership transferred successfully
2583,TX0002583,DRUG000861,3,WH_01,RET_011,RET_011,TransferOwnership,2026-10-02T06:37:52.486012+00:00,2026-10-02T06:37:54.576055+00:00,2090.035,200,True,True,Ownership transferred successfully
2584,TX0002584,DRUG000862,1,MFG_02,DIST_07,DIST_07,TransferOwnership,2026-10-02T06:37:54.576166+00:00,2026-10-02T06:37:56.660396+00:00,2084.223,200,True,True,Ownership transferred successfully
2585,TX0002585,DRUG000862,2,DIST_07,WH_02,WH_02,TransferOwnership,2026-10-02T06:37:56.660491+00:00,2026-10-02T06:37:58.726876+00:00,2066.379,200,True,True,Ownership transferred successfully
2586,TX0002586,DRUG000862,3,WH_02,RET_012,RET_012,TransferOwnership,2026-10-02T06:37:58.726965+00:00,2026-10-02T06:38:00.794173+00:00,2067.201,200,True,True,Ownership transferred successfully
2587,TX0002587,DRUG000863,1,MFG_03,DIST_08,DIST_08,TransferOwnership,2026-10-02T06:38:00.794264+00:00,2026-10-02T06:38:02.897295+00:00,2103.023,200,True,True,Ownership transferred successfully
2588,TX0002588,DRUG000863,2,DIST_08,WH_03,WH_03,TransferOwnership,2026-10-02T06:38:02.897386+00:00,2026-10-02T06:38:04.959629+00:00,2062.234,200,True,True,Ownership transferred successfully
2589,TX0002589,DRUG000863,3,WH_03,RET_013,RET_013,TransferOwnership,2026-10-02T06:38:04.959733+00:00,2026-10-02T06:38:07.021124+00:00,2061.384,200,True,True,Ownership transferred successfully
2590,TX0002590,DRUG000864,1,MFG_04,DIST_09,DIST_09,TransferOwnership,2026-10-02T06:38:07.021212+00:00,2026-10-02T06:38:09.106226+00:00,2085.007,200,True,True,Ownership transferred successfully
2591,TX0002591,DRUG000864,2,DIST_09,WH_04,WH_04,TransferOwnership,2026-10-02T06:38:09.106314+00:00,2026-10-02T06:38:11.172748+00:00,2066.427,200,True,True,Ownership transferred successfully
2592,TX0002592,DRUG000864,3,WH_04,RET_014,RET_014,TransferOwnership,2026-10-02T06:38:11.172831+00:00,2026-10-02T06:38:13.255818+00:00,2082.980,200,True,True,Ownership transferred successfully
2593,TX0002593,DRUG000865,1,MFG_05,DIST_10,DIST_10,TransferOwnership,2026-10-02T06:38:13.255905+00:00,2026-10-02T06:38:15.326757+00:00,2070.845,200,True,True,Ownership transferred successfully
2594,TX0002594,DRUG000865,2,DIST_10,WH_05,WH_05,TransferOwnership,2026-10-02T06:38:15.326836+00:00,2026-10-02T06:38:17.452868+00:00,2058.866,200,True,True,Ownership transferred successfully
2595,TX0002595,DRUG000865,3,WH_05,RET_015,RET_015,TransferOwnership,2026-10-02T06:38:17.452974+00:00,2026-10-02T06:38:19.519317+00:00,2066.335,200,True,True,Ownership transferred successfully
2596,TX0002596,DRUG000866,1,MFG_06,DIST_11,DIST_11,TransferOwnership,2026-10-02T06:38:19.519406+00:00,2026-10-02T06:38:21.594352+00:00,2074.938,200,True,True,Ownership transferred successfully
2597,TX0002597,DRUG000866,2,DIST_11,WH_06,WH_06,TransferOwnership,2026-10-02T06:38:21.594449+00:00,2026-10-02T06:38:23.665480+00:00,2071.024,200,True,True,Ownership transferred successfully
2598,TX0002598,DRUG000866,3,WH_06,RET_016,RET_016,TransferOwnership,2026-10-02T06:38:23.665565+00:00,2026-10-02T06:38:25.739646+00:00,2074.075,200,True,True,Ownership transferred successfully
2599,TX0002599,DRUG000867,1,MFG_07,DIST_12,DIST_12,TransferOwnership,2026-10-02T06:38:25.739726+00:00,2026-10-02T06:38:27.822176+00:00,2082.437,200,True,True,Ownership transferred successfully
2600,TX0002600,DRUG000867,2,DIST_12,WH_07,WH_07,TransferOwnership,2026-10-02T06:38:27.822394+00:00,2026-10-02T06:38:29.912818+00:00,2090.414,200,True,True,Ownership transferred successfully
2601,TX0002601,DRUG000867,3,WH_07,RET_017,RET_017,TransferOwnership,2026-10-02T06:38:29.912913+00:00,2026-10-02T06:38:31.975959+00:00,2063.040,200,True,True,Ownership transferred successfully
2602,TX0002602,DRUG000868,1,MFG_08,DIST_13,DIST_13,TransferOwnership,2026-10-02T06:38:31.976047+00:00,2026-10-02T06:38:34.052365+00:00,2076.310,200,True,True,Ownership transferred successfully
2603,TX0002603,DRUG000868,2,DIST_13,WH_08,WH_08,TransferOwnership,2026-10-02T06:38:34.052447+00:00,2026-10-02T06:38:36.147347+00:00,2094.893,200,True,True,Ownership transferred successfully
2604,TX0002604,DRUG000868,3,WH_08,RET_018,RET_018,TransferOwnership,2026-10-02T06:38:36.147452+00:00,2026-10-02T06:38:38.221310+00:00,2073.851,200,True,True,Ownership transferred successfully
2605,TX0002605,DRUG000869,1,MFG_09,DIST_14,DIST_14,TransferOwnership,2026-10-02T06:38:38.221409+00:00,2026-10-02T06:38:40.316569+00:00,2095.152,200,True,True,Ownership transferred successfully
2606,TX0002606,DRUG000869,2,DIST_14,WH_09,WH_09,TransferOwnership,2026-10-02T06:38:40.316765+00:00,2026-10-02T06:38:42.394777+00:00,2078.000,200,True,True,Ownership transferred successfully
2607,TX0002607,DRUG000869,3,WH_09,RET_019,RET_019,TransferOwnership,2026-10-02T06:38:42.394895+00:00,2026-10-02T06:38:44.464130+00:00,2069.226,200,True,True,Ownership transferred successfully
2608,TX0002608,DRUG000870,1,MFG_10,DIST_15,DIST_15,TransferOwnership,2026-10-02T06:38:44.464219+00:00,2026-10-02T06:38:46.535737+00:00,2071.512,200,True,True,Ownership transferred successfully
2609,TX0002609,DRUG000870,2,DIST_15,WH_10,WH_10,TransferOwnership,2026-10-02T06:38:46.535831+00:00,2026-10-02T06:38:48.684375+00:00,2069.931,200,True,True,Ownership transferred successfully
2610,TX0002610,DRUG000870,3,WH_10,RET_020,RET_020,TransferOwnership,2026-10-02T06:38:48.684473+00:00,2026-10-02T06:38:50.757149+00:00,2072.668,200,True,True,Ownership transferred successfully
2611,TX0002611,DRUG000871,1,MFG_01,DIST_01,DIST_01,TransferOwnership,2026-10-02T06:38:50.757236+00:00,2026-10-02T06:38:52.827289+00:00,2070.044,200,True,True,Ownership transferred successfully
2612,TX0002612,DRUG000871,2,DIST_01,WH_11,WH_11,TransferOwnership,2026-10-02T06:38:52.827420+00:00,2026-10-02T06:38:54.890872+00:00,2063.443,200,True,True,Ownership transferred successfully
2613,TX0002613,DRUG000871,3,WH_11,RET_021,RET_021,TransferOwnership,2026-10-02T06:38:54.890959+00:00,2026-10-02T06:38:56.959355+00:00,2068.389,200,True,True,Ownership transferred successfully
2614,TX0002614,DRUG000872,1,MFG_02,DIST_02,DIST_02,TransferOwnership,2026-10-02T06:38:56.959449+00:00,2026-10-02T06:38:59.031982+00:00,2072.526,200,True,True,Ownership transferred successfully
2615,TX0002615,DRUG000872,2,DIST_02,WH_12,WH_12,TransferOwnership,2026-10-02T06:38:59.032093+00:00,2026-10-02T06:39:01.108068+00:00,2075.968,200,True,True,Ownership transferred successfully
2616,TX0002616,DRUG000872,3,WH_12,RET_022,RET_022,TransferOwnership,2026-10-02T06:39:01.108152+00:00,2026-10-02T06:39:03.181523+00:00,2073.365,200,True,True,Ownership transferred successfully
2617,TX0002617,DRUG000873,1,MFG_03,DIST_03,DIST_03,TransferOwnership,2026-10-02T06:39:03.181625+00:00,2026-10-02T06:39:05.256257+00:00,2074.625,200,True,True,Ownership transferred successfully
2618,TX0002618,DRUG000873,2,DIST_03,WH_13,WH_13,TransferOwnership,2026-10-02T06:39:05.256347+00:00,2026-10-02T06:39:07.321074+00:00,2064.719,200,True,True,Ownership transferred successfully
2619,TX0002619,DRUG000873,3,WH_13,RET_023,RET_023,TransferOwnership,2026-10-02T06:39:07.321163+00:00,2026-10-02T06:39:09.386724+00:00,2065.553,200,True,True,Ownership transferred successfully
2620,TX0002620,DRUG000874,1,MFG_04,DIST_04,DIST_04,TransferOwnership,2026-10-02T06:39:09.386814+00:00,2026-10-02T06:39:11.475476+00:00,2088.656,200,True,True,Ownership transferred successfully
2621,TX0002621,DRUG000874,2,DIST_04,WH_14,WH_14,TransferOwnership,2026-10-02T06:39:11.475575+00:00,2026-10-02T06:39:13.542980+00:00,2067.398,200,True,True,Ownership transferred successfully
2622,TX0002622,DRUG000874,3,WH_14,RET_024,RET_024,TransferOwnership,2026-10-02T06:39:13.543066+00:00,2026-10-02T06:39:15.611519+00:00,2068.446,200,True,True,Ownership transferred successfully
2623,TX0002623,DRUG000875,1,MFG_05,DIST_05,DIST_05,TransferOwnership,2026-10-02T06:39:15.611607+00:00,2026-10-02T06:39:17.787967+00:00,2094.001,200,True,True,Ownership transferred successfully
2624,TX0002624,DRUG000875,2,DIST_05,WH_15,WH_15,TransferOwnership,2026-10-02T06:39:17.788069+00:00,2026-10-02T06:39:19.873709+00:00,2085.632,200,True,True,Ownership transferred successfully
2625,TX0002625,DRUG000875,3,WH_15,RET_025,RET_025,TransferOwnership,2026-10-02T06:39:19.873843+00:00,2026-10-02T06:39:21.956900+00:00,2083.050,200,True,True,Ownership transferred successfully
2626,TX0002626,DRUG000876,1,MFG_06,DIST_06,DIST_06,TransferOwnership,2026-10-02T06:39:21.956983+00:00,2026-10-02T06:39:24.037914+00:00,2080.925,200,True,True,Ownership transferred successfully
2627,TX0002627,DRUG000876,2,DIST_06,WH_16,WH_16,TransferOwnership,2026-10-02T06:39:24.038001+00:00,2026-10-02T06:39:26.111341+00:00,2073.332,200,True,True,Ownership transferred successfully
2628,TX0002628,DRUG000876,3,WH_16,RET_026,RET_026,TransferOwnership,2026-10-02T06:39:26.111426+00:00,2026-10-02T06:39:28.177459+00:00,2066.026,200,True,True,Ownership transferred successfully
2629,TX0002629,DRUG000877,1,MFG_07,DIST_07,DIST_07,TransferOwnership,2026-10-02T06:39:28.177540+00:00,2026-10-02T06:39:30.244065+00:00,2066.518,200,True,True,Ownership transferred successfully
2630,TX0002630,DRUG000877,2,DIST_07,WH_17,WH_17,TransferOwnership,2026-10-02T06:39:30.244180+00:00,2026-10-02T06:39:32.321036+00:00,2076.850,200,True,True,Ownership transferred successfully
2631,TX0002631,DRUG000877,3,WH_17,RET_027,RET_027,TransferOwnership,2026-10-02T06:39:32.321113+00:00,2026-10-02T06:39:34.382788+00:00,2061.668,200,True,True,Ownership transferred successfully
2632,TX0002632,DRUG000878,1,MFG_08,DIST_08,DIST_08,TransferOwnership,2026-10-02T06:39:34.382873+00:00,2026-10-02T06:39:36.454786+00:00,2071.906,200,True,True,Ownership transferred successfully
2633,TX0002633,DRUG000878,2,DIST_08,WH_18,WH_18,TransferOwnership,2026-10-02T06:39:36.454873+00:00,2026-10-02T06:39:38.521986+00:00,2067.107,200,True,True,Ownership transferred successfully
2634,TX0002634,DRUG000878,3,WH_18,RET_028,RET_028,TransferOwnership,2026-10-02T06:39:38.522075+00:00,2026-10-02T06:39:40.599079+00:00,2076.998,200,True,True,Ownership transferred successfully
2635,TX0002635,DRUG000879,1,MFG_09,DIST_09,DIST_09,TransferOwnership,2026-10-02T06:39:40.599170+00:00,2026-10-02T06:39:42.672825+00:00,2073.647,200,True,True,Ownership transferred successfully
2636,TX0002636,DRUG000879,2,DIST_09,WH_19,WH_19,TransferOwnership,2026-10-02T06:39:42.672912+00:00,2026-10-02T06:39:44.744810+00:00,2071.888,200,True,True,Ownership transferred successfully
2637,TX0002637,DRUG000879,3,WH_19,RET_029,RET_029,TransferOwnership,2026-10-02T06:39:44.744906+00:00,2026-10-02T06:39:46.818735+00:00,2073.822,200,True,True,Ownership transferred successfully
2638,TX0002638,DRUG000880,1,MFG_10,DIST_10,DIST_10,TransferOwnership,2026-10-02T06:39:46.818820+00:00,2026-10-02T06:39:48.965310+00:00,2073.600,200,True,True,Ownership transferred successfully
2639,TX0002639,DRUG000880,2,DIST_10,WH_20,WH_20,TransferOwnership,2026-10-02T06:39:48.965397+00:00,2026-10-02T06:39:51.025891+00:00,2060.486,200,True,True,Ownership transferred successfully
2640,TX0002640,DRUG000880,3,WH_20,RET_030,RET_030,TransferOwnership,2026-10-02T06:39:51.026010+00:00,2026-10-02T06:39:53.100080+00:00,2074.063,200,True,True,Ownership transferred successfully
2641,TX0002641,DRUG000881,1,MFG_01,DIST_11,DIST_11,TransferOwnership,2026-10-02T06:39:53.100169+00:00,2026-10-02T06:39:55.178812+00:00,2078.636,200,True,True,Ownership transferred successfully
2642,TX0002642,DRUG000881,2,DIST_11,WH_01,WH_01,TransferOwnership,2026-10-02T06:39:55.178907+00:00,2026-10-02T06:39:57.247457+00:00,2068.544,200,True,True,Ownership transferred successfully
2643,TX0002643,DRUG000881,3,WH_01,RET_031,RET_031,TransferOwnership,2026-10-02T06:39:57.247550+00:00,2026-10-02T06:39:59.312703+00:00,2065.146,200,True,True,Ownership transferred successfully
2644,TX0002644,DRUG000882,1,MFG_02,DIST_12,DIST_12,TransferOwnership,2026-10-02T06:39:59.312790+00:00,2026-10-02T06:40:01.377494+00:00,2064.698,200,True,True,Ownership transferred successfully
2645,TX0002645,DRUG000882,2,DIST_12,WH_02,WH_02,TransferOwnership,2026-10-02T06:40:01.377580+00:00,2026-10-02T06:40:03.453319+00:00,2075.733,200,True,True,Ownership transferred successfully
2646,TX0002646,DRUG000882,3,WH_02,RET_032,RET_032,TransferOwnership,2026-10-02T06:40:03.453405+00:00,2026-10-02T06:40:05.519835+00:00,2066.423,200,True,True,Ownership transferred successfully
2647,TX0002647,DRUG000883,1,MFG_03,DIST_13,DIST_13,TransferOwnership,2026-10-02T06:40:05.519929+00:00,2026-10-02T06:40:07.608789+00:00,2088.852,200,True,True,Ownership transferred successfully
2648,TX0002648,DRUG000883,2,DIST_13,WH_03,WH_03,TransferOwnership,2026-10-02T06:40:07.608886+00:00,2026-10-02T06:40:09.667726+00:00,2058.832,200,True,True,Ownership transferred successfully
2649,TX0002649,DRUG000883,3,WH_03,RET_033,RET_033,TransferOwnership,2026-10-02T06:40:09.667832+00:00,2026-10-02T06:40:11.752941+00:00,2085.102,200,True,True,Ownership transferred successfully
2650,TX0002650,DRUG000884,1,MFG_04,DIST_14,DIST_14,TransferOwnership,2026-10-02T06:40:11.753039+00:00,2026-10-02T06:40:13.820503+00:00,2067.457,200,True,True,Ownership transferred successfully
2651,TX0002651,DRUG000884,2,DIST_14,WH_04,WH_04,TransferOwnership,2026-10-02T06:40:13.820599+00:00,2026-10-02T06:40:15.891754+00:00,2071.148,200,True,True,Ownership transferred successfully
2652,TX0002652,DRUG000884,3,WH_04,RET_034,RET_034,TransferOwnership,2026-10-02T06:40:15.891827+00:00,2026-10-02T06:40:18.026993+00:00,2061.344,200,True,True,Ownership transferred successfully
2653,TX0002653,DRUG000885,1,MFG_05,DIST_15,DIST_15,TransferOwnership,2026-10-02T06:40:18.027083+00:00,2026-10-02T06:40:20.102446+00:00,2075.356,200,True,True,Ownership transferred successfully
2654,TX0002654,DRUG000885,2,DIST_15,WH_05,WH_05,TransferOwnership,2026-10-02T06:40:20.102558+00:00,2026-10-02T06:40:22.180053+00:00,2077.488,200,True,True,Ownership transferred successfully
2655,TX0002655,DRUG000885,3,WH_05,RET_035,RET_035,TransferOwnership,2026-10-02T06:40:22.180143+00:00,2026-10-02T06:40:24.246388+00:00,2066.239,200,True,True,Ownership transferred successfully
2656,TX0002656,DRUG000886,1,MFG_06,DIST_01,DIST_01,TransferOwnership,2026-10-02T06:40:24.246477+00:00,2026-10-02T06:40:26.319543+00:00,2073.058,200,True,True,Ownership transferred successfully
2657,TX0002657,DRUG000886,2,DIST_01,WH_06,WH_06,TransferOwnership,2026-10-02T06:40:26.319633+00:00,2026-10-02T06:40:28.383159+00:00,2063.519,200,True,True,Ownership transferred successfully
2658,TX0002658,DRUG000886,3,WH_06,RET_036,RET_036,TransferOwnership,2026-10-02T06:40:28.383248+00:00,2026-10-02T06:40:30.448570+00:00,2065.315,200,True,True,Ownership transferred successfully
2659,TX0002659,DRUG000887,1,MFG_07,DIST_02,DIST_02,TransferOwnership,2026-10-02T06:40:30.448667+00:00,2026-10-02T06:40:32.524879+00:00,2076.205,200,True,True,Ownership transferred successfully
2660,TX0002660,DRUG000887,2,DIST_02,WH_07,WH_07,TransferOwnership,2026-10-02T06:40:32.524964+00:00,2026-10-02T06:40:34.587775+00:00,2062.804,200,True,True,Ownership transferred successfully
2661,TX0002661,DRUG000887,3,WH_07,RET_037,RET_037,TransferOwnership,2026-10-02T06:40:34.587857+00:00,2026-10-02T06:40:36.655621+00:00,2067.757,200,True,True,Ownership transferred successfully
2662,TX0002662,DRUG000888,1,MFG_08,DIST_03,DIST_03,TransferOwnership,2026-10-02T06:40:36.655710+00:00,2026-10-02T06:40:38.729366+00:00,2073.648,200,True,True,Ownership transferred successfully
2663,TX0002663,DRUG000888,2,DIST_03,WH_08,WH_08,TransferOwnership,2026-10-02T06:40:38.729493+00:00,2026-10-02T06:40:40.828909+00:00,2099.406,200,True,True,Ownership transferred successfully
2664,TX0002664,DRUG000888,3,WH_08,RET_038,RET_038,TransferOwnership,2026-10-02T06:40:40.829049+00:00,2026-10-02T06:40:42.906450+00:00,2077.392,200,True,True,Ownership transferred successfully
2665,TX0002665,DRUG000889,1,MFG_09,DIST_04,DIST_04,TransferOwnership,2026-10-02T06:40:42.906567+00:00,2026-10-02T06:40:44.996000+00:00,2089.423,200,True,True,Ownership transferred successfully
2666,TX0002666,DRUG000889,2,DIST_04,WH_09,WH_09,TransferOwnership,2026-10-02T06:40:44.996138+00:00,2026-10-02T06:40:47.075768+00:00,2079.622,200,True,True,Ownership transferred successfully
2667,TX0002667,DRUG000889,3,WH_09,RET_039,RET_039,TransferOwnership,2026-10-02T06:40:47.075861+00:00,2026-10-02T06:40:49.255373+00:00,2102.603,200,True,True,Ownership transferred successfully
2668,TX0002668,DRUG000890,1,MFG_10,DIST_05,DIST_05,TransferOwnership,2026-10-02T06:40:49.255470+00:00,2026-10-02T06:40:51.317779+00:00,2062.302,200,True,True,Ownership transferred successfully
2669,TX0002669,DRUG000890,2,DIST_05,WH_10,WH_10,TransferOwnership,2026-10-02T06:40:51.317867+00:00,2026-10-02T06:40:53.390857+00:00,2072.983,200,True,True,Ownership transferred successfully
2670,TX0002670,DRUG000890,3,WH_10,RET_040,RET_040,TransferOwnership,2026-10-02T06:40:53.390951+00:00,2026-10-02T06:40:55.451865+00:00,2060.906,200,True,True,Ownership transferred successfully
2671,TX0002671,DRUG000891,1,MFG_01,DIST_06,DIST_06,TransferOwnership,2026-10-02T06:40:55.451946+00:00,2026-10-02T06:40:57.520686+00:00,2068.732,200,True,True,Ownership transferred successfully
2672,TX0002672,DRUG000891,2,DIST_06,WH_11,WH_11,TransferOwnership,2026-10-02T06:40:57.520773+00:00,2026-10-02T06:40:59.589580+00:00,2068.800,200,True,True,Ownership transferred successfully
2673,TX0002673,DRUG000891,3,WH_11,RET_041,RET_041,TransferOwnership,2026-10-02T06:40:59.589668+00:00,2026-10-02T06:41:01.656116+00:00,2066.442,200,True,True,Ownership transferred successfully
2674,TX0002674,DRUG000892,1,MFG_02,DIST_07,DIST_07,TransferOwnership,2026-10-02T06:41:01.656255+00:00,2026-10-02T06:41:03.752921+00:00,2096.660,200,True,True,Ownership transferred successfully
2675,TX0002675,DRUG000892,2,DIST_07,WH_12,WH_12,TransferOwnership,2026-10-02T06:41:03.753015+00:00,2026-10-02T06:41:05.815918+00:00,2062.896,200,True,True,Ownership transferred successfully
2676,TX0002676,DRUG000892,3,WH_12,RET_042,RET_042,TransferOwnership,2026-10-02T06:41:05.815999+00:00,2026-10-02T06:41:07.886962+00:00,2070.956,200,True,True,Ownership transferred successfully
2677,TX0002677,DRUG000893,1,MFG_03,DIST_08,DIST_08,TransferOwnership,2026-10-02T06:41:07.887109+00:00,2026-10-02T06:41:09.975319+00:00,2088.202,200,True,True,Ownership transferred successfully
2678,TX0002678,DRUG000893,2,DIST_08,WH_13,WH_13,TransferOwnership,2026-10-02T06:41:09.975419+00:00,2026-10-02T06:41:12.044189+00:00,2068.763,200,True,True,Ownership transferred successfully
2679,TX0002679,DRUG000893,3,WH_13,RET_043,RET_043,TransferOwnership,2026-10-02T06:41:12.044277+00:00,2026-10-02T06:41:14.106413+00:00,2062.129,200,True,True,Ownership transferred successfully
2680,TX0002680,DRUG000894,1,MFG_04,DIST_09,DIST_09,TransferOwnership,2026-10-02T06:41:14.106497+00:00,2026-10-02T06:41:16.171902+00:00,2065.398,200,True,True,Ownership transferred successfully
2681,TX0002681,DRUG000894,2,DIST_09,WH_14,WH_14,TransferOwnership,2026-10-02T06:41:16.171984+00:00,2026-10-02T06:41:18.334620+00:00,2070.837,200,True,True,Ownership transferred successfully
2682,TX0002682,DRUG000894,3,WH_14,RET_044,RET_044,TransferOwnership,2026-10-02T06:41:18.334713+00:00,2026-10-02T06:41:20.419326+00:00,2084.606,200,True,True,Ownership transferred successfully
2683,TX0002683,DRUG000895,1,MFG_05,DIST_10,DIST_10,TransferOwnership,2026-10-02T06:41:20.419414+00:00,2026-10-02T06:41:22.497967+00:00,2078.546,200,True,True,Ownership transferred successfully
2684,TX0002684,DRUG000895,2,DIST_10,WH_15,WH_15,TransferOwnership,2026-10-02T06:41:22.498053+00:00,2026-10-02T06:41:24.569813+00:00,2071.753,200,True,True,Ownership transferred successfully
2685,TX0002685,DRUG000895,3,WH_15,RET_045,RET_045,TransferOwnership,2026-10-02T06:41:24.569913+00:00,2026-10-02T06:41:26.647559+00:00,2077.640,200,True,True,Ownership transferred successfully
2686,TX0002686,DRUG000896,1,MFG_06,DIST_11,DIST_11,TransferOwnership,2026-10-02T06:41:26.647648+00:00,2026-10-02T06:41:28.722790+00:00,2075.135,200,True,True,Ownership transferred successfully
2687,TX0002687,DRUG000896,2,DIST_11,WH_16,WH_16,TransferOwnership,2026-10-02T06:41:28.722880+00:00,2026-10-02T06:41:30.788313+00:00,2065.426,200,True,True,Ownership transferred successfully
2688,TX0002688,DRUG000896,3,WH_16,RET_046,RET_046,TransferOwnership,2026-10-02T06:41:30.788399+00:00,2026-10-02T06:41:32.869057+00:00,2080.648,200,True,True,Ownership transferred successfully
2689,TX0002689,DRUG000897,1,MFG_07,DIST_12,DIST_12,TransferOwnership,2026-10-02T06:41:32.869223+00:00,2026-10-02T06:41:34.953283+00:00,2084.049,200,True,True,Ownership transferred successfully
2690,TX0002690,DRUG000897,2,DIST_12,WH_17,WH_17,TransferOwnership,2026-10-02T06:41:34.953373+00:00,2026-10-02T06:41:37.018951+00:00,2065.572,200,True,True,Ownership transferred successfully
2691,TX0002691,DRUG000897,3,WH_17,RET_047,RET_047,TransferOwnership,2026-10-02T06:41:37.019031+00:00,2026-10-02T06:41:39.115144+00:00,2096.107,200,True,True,Ownership transferred successfully
2692,TX0002692,DRUG000898,1,MFG_08,DIST_13,DIST_13,TransferOwnership,2026-10-02T06:41:39.115239+00:00,2026-10-02T06:41:41.184072+00:00,2068.826,200,True,True,Ownership transferred successfully
2693,TX0002693,DRUG000898,2,DIST_13,WH_18,WH_18,TransferOwnership,2026-10-02T06:41:41.184149+00:00,2026-10-02T06:41:43.261210+00:00,2077.054,200,True,True,Ownership transferred successfully
2694,TX0002694,DRUG000898,3,WH_18,RET_048,RET_048,TransferOwnership,2026-10-02T06:41:43.261300+00:00,2026-10-02T06:41:45.321223+00:00,2059.917,200,True,True,Ownership transferred successfully
2695,TX0002695,DRUG000899,1,MFG_09,DIST_14,DIST_14,TransferOwnership,2026-10-02T06:41:45.321310+00:00,2026-10-02T06:41:47.412810+00:00,2091.493,200,True,True,Ownership transferred successfully
2696,TX0002696,DRUG000899,2,DIST_14,WH_19,WH_19,TransferOwnership,2026-10-02T06:41:47.412898+00:00,2026-10-02T06:41:49.552290+00:00,2067.648,200,True,True,Ownership transferred successfully
2697,TX0002697,DRUG000899,3,WH_19,RET_049,RET_049,TransferOwnership,2026-10-02T06:41:49.552387+00:00,2026-10-02T06:41:51.613579+00:00,2061.184,200,True,True,Ownership transferred successfully
2698,TX0002698,DRUG000900,1,MFG_10,DIST_15,DIST_15,TransferOwnership,2026-10-02T06:41:51.613673+00:00,2026-10-02T06:41:53.693415+00:00,2079.733,200,True,True,Ownership transferred successfully
2699,TX0002699,DRUG000900,2,DIST_15,WH_20,WH_20,TransferOwnership,2026-10-02T06:41:53.693503+00:00,2026-10-02T06:41:55.766155+00:00,2072.644,200,True,True,Ownership transferred successfully
2700,TX0002700,DRUG000900,3,WH_20,RET_050,RET_050,TransferOwnership,2026-10-02T06:41:55.766274+00:00,2026-10-02T06:41:57.841606+00:00,2075.320,200,True,True,Ownership transferred successfully
2701,TX0002701,DRUG000901,1,MFG_01,DIST_01,DIST_01,TransferOwnership,2026-10-02T06:41:57.841813+00:00,2026-10-02T06:41:59.940062+00:00,2098.235,200,True,True,Ownership transferred successfully
2702,TX0002702,DRUG000901,2,DIST_01,WH_01,WH_01,TransferOwnership,2026-10-02T06:41:59.940325+00:00,2026-10-02T06:42:02.015192+00:00,2074.849,200,True,True,Ownership transferred successfully
2703,TX0002703,DRUG000901,3,WH_01,RET_001,RET_001,TransferOwnership,2026-10-02T06:42:02.015271+00:00,2026-10-02T06:42:04.096735+00:00,2081.458,200,True,True,Ownership transferred successfully
2704,TX0002704,DRUG000902,1,MFG_02,DIST_02,DIST_02,TransferOwnership,2026-10-02T06:42:04.096821+00:00,2026-10-02T06:42:06.166571+00:00,2069.743,200,True,True,Ownership transferred successfully
2705,TX0002705,DRUG000902,2,DIST_02,WH_02,WH_02,TransferOwnership,2026-10-02T06:42:06.166657+00:00,2026-10-02T06:42:08.227162+00:00,2060.497,200,True,True,Ownership transferred successfully
2706,TX0002706,DRUG000902,3,WH_02,RET_002,RET_002,TransferOwnership,2026-10-02T06:42:08.227257+00:00,2026-10-02T06:42:10.290458+00:00,2063.193,200,True,True,Ownership transferred successfully
2707,TX0002707,DRUG000903,1,MFG_03,DIST_03,DIST_03,TransferOwnership,2026-10-02T06:42:10.290550+00:00,2026-10-02T06:42:12.361986+00:00,2071.429,200,True,True,Ownership transferred successfully
2708,TX0002708,DRUG000903,2,DIST_03,WH_03,WH_03,TransferOwnership,2026-10-02T06:42:12.362078+00:00,2026-10-02T06:42:14.430072+00:00,2067.987,200,True,True,Ownership transferred successfully
2709,TX0002709,DRUG000903,3,WH_03,RET_003,RET_003,TransferOwnership,2026-10-02T06:42:14.430179+00:00,2026-10-02T06:42:16.493938+00:00,2063.751,200,True,True,Ownership transferred successfully
2710,TX0002710,DRUG000904,1,MFG_04,DIST_04,DIST_04,TransferOwnership,2026-10-02T06:42:16.494030+00:00,2026-10-02T06:42:18.641587+00:00,2074.656,200,True,True,Ownership transferred successfully
2711,TX0002711,DRUG000904,2,DIST_04,WH_04,WH_04,TransferOwnership,2026-10-02T06:42:18.641678+00:00,2026-10-02T06:42:20.706546+00:00,2064.860,200,True,True,Ownership transferred successfully
2712,TX0002712,DRUG000904,3,WH_04,RET_004,RET_004,TransferOwnership,2026-10-02T06:42:20.706661+00:00,2026-10-02T06:42:22.773888+00:00,2067.211,200,True,True,Ownership transferred successfully
2713,TX0002713,DRUG000905,1,MFG_05,DIST_05,DIST_05,TransferOwnership,2026-10-02T06:42:22.773975+00:00,2026-10-02T06:42:24.847528+00:00,2073.543,200,True,True,Ownership transferred successfully
2714,TX0002714,DRUG000905,2,DIST_05,WH_05,WH_05,TransferOwnership,2026-10-02T06:42:24.847655+00:00,2026-10-02T06:42:26.916994+00:00,2069.329,200,True,True,Ownership transferred successfully
2715,TX0002715,DRUG000905,3,WH_05,RET_005,RET_005,TransferOwnership,2026-10-02T06:42:26.917082+00:00,2026-10-02T06:42:28.982078+00:00,2064.990,200,True,True,Ownership transferred successfully
2716,TX0002716,DRUG000906,1,MFG_06,DIST_06,DIST_06,TransferOwnership,2026-10-02T06:42:28.982163+00:00,2026-10-02T06:42:31.055760+00:00,2073.591,200,True,True,Ownership transferred successfully
2717,TX0002717,DRUG000906,2,DIST_06,WH_06,WH_06,TransferOwnership,2026-10-02T06:42:31.055841+00:00,2026-10-02T06:42:33.120512+00:00,2064.664,200,True,True,Ownership transferred successfully
2718,TX0002718,DRUG000906,3,WH_06,RET_006,RET_006,TransferOwnership,2026-10-02T06:42:33.120597+00:00,2026-10-02T06:42:35.183652+00:00,2063.048,200,True,True,Ownership transferred successfully
2719,TX0002719,DRUG000907,1,MFG_07,DIST_07,DIST_07,TransferOwnership,2026-10-02T06:42:35.183737+00:00,2026-10-02T06:42:37.258178+00:00,2074.435,200,True,True,Ownership transferred successfully
2720,TX0002720,DRUG000907,2,DIST_07,WH_07,WH_07,TransferOwnership,2026-10-02T06:42:37.258259+00:00,2026-10-02T06:42:39.325811+00:00,2067.546,200,True,True,Ownership transferred successfully
2721,TX0002721,DRUG000907,3,WH_07,RET_007,RET_007,TransferOwnership,2026-10-02T06:42:39.325897+00:00,2026-10-02T06:42:41.392100+00:00,2066.196,200,True,True,Ownership transferred successfully
2722,TX0002722,DRUG000908,1,MFG_08,DIST_08,DIST_08,TransferOwnership,2026-10-02T06:42:41.392213+00:00,2026-10-02T06:42:43.464732+00:00,2072.513,200,True,True,Ownership transferred successfully
2723,TX0002723,DRUG000908,2,DIST_08,WH_08,WH_08,TransferOwnership,2026-10-02T06:42:43.464816+00:00,2026-10-02T06:42:45.534922+00:00,2070.099,200,True,True,Ownership transferred successfully
2724,TX0002724,DRUG000908,3,WH_08,RET_008,RET_008,TransferOwnership,2026-10-02T06:42:45.535008+00:00,2026-10-02T06:42:47.600906+00:00,2065.892,200,True,True,Ownership transferred successfully
2725,TX0002725,DRUG000909,1,MFG_09,DIST_09,DIST_09,TransferOwnership,2026-10-02T06:42:47.601009+00:00,2026-10-02T06:42:49.766887+00:00,2085.518,200,True,True,Ownership transferred successfully
2726,TX0002726,DRUG000909,2,DIST_09,WH_09,WH_09,TransferOwnership,2026-10-02T06:42:49.766975+00:00,2026-10-02T06:42:51.844249+00:00,2077.265,200,True,True,Ownership transferred successfully
2727,TX0002727,DRUG000909,3,WH_09,RET_009,RET_009,TransferOwnership,2026-10-02T06:42:51.844463+00:00,2026-10-02T06:42:53.919005+00:00,2074.527,200,True,True,Ownership transferred successfully
2728,TX0002728,DRUG000910,1,MFG_10,DIST_10,DIST_10,TransferOwnership,2026-10-02T06:42:53.919107+00:00,2026-10-02T06:42:55.994275+00:00,2075.162,200,True,True,Ownership transferred successfully
2729,TX0002729,DRUG000910,2,DIST_10,WH_10,WH_10,TransferOwnership,2026-10-02T06:42:55.994360+00:00,2026-10-02T06:42:58.075318+00:00,2080.952,200,True,True,Ownership transferred successfully
2730,TX0002730,DRUG000910,3,WH_10,RET_010,RET_010,TransferOwnership,2026-10-02T06:42:58.075404+00:00,2026-10-02T06:43:00.153725+00:00,2078.309,200,True,True,Ownership transferred successfully
2731,TX0002731,DRUG000911,1,MFG_01,DIST_11,DIST_11,TransferOwnership,2026-10-02T06:43:00.153905+00:00,2026-10-02T06:43:02.238925+00:00,2085.012,200,True,True,Ownership transferred successfully
2732,TX0002732,DRUG000911,2,DIST_11,WH_11,WH_11,TransferOwnership,2026-10-02T06:43:02.239016+00:00,2026-10-02T06:43:04.332898+00:00,2093.876,200,True,True,Ownership transferred successfully
2733,TX0002733,DRUG000911,3,WH_11,RET_011,RET_011,TransferOwnership,2026-10-02T06:43:04.332979+00:00,2026-10-02T06:43:06.398233+00:00,2065.248,200,True,True,Ownership transferred successfully
2734,TX0002734,DRUG000912,1,MFG_02,DIST_12,DIST_12,TransferOwnership,2026-10-02T06:43:06.398320+00:00,2026-10-02T06:43:08.477036+00:00,2078.710,200,True,True,Ownership transferred successfully
2735,TX0002735,DRUG000912,2,DIST_12,WH_12,WH_12,TransferOwnership,2026-10-02T06:43:08.477286+00:00,2026-10-02T06:43:10.553682+00:00,2076.349,200,True,True,Ownership transferred successfully
2736,TX0002736,DRUG000912,3,WH_12,RET_012,RET_012,TransferOwnership,2026-10-02T06:43:10.553780+00:00,2026-10-02T06:43:12.630428+00:00,2076.637,200,True,True,Ownership transferred successfully
2737,TX0002737,DRUG000913,1,MFG_03,DIST_13,DIST_13,TransferOwnership,2026-10-02T06:43:12.630612+00:00,2026-10-02T06:43:14.726843+00:00,2096.214,200,True,True,Ownership transferred successfully
2738,TX0002738,DRUG000913,2,DIST_13,WH_13,WH_13,TransferOwnership,2026-10-02T06:43:14.726997+00:00,2026-10-02T06:43:16.807046+00:00,2080.038,200,True,True,Ownership transferred successfully
2739,TX0002739,DRUG000913,3,WH_13,RET_013,RET_013,TransferOwnership,2026-10-02T06:43:16.807139+00:00,2026-10-02T06:43:18.952900+00:00,2064.028,200,True,True,Ownership transferred successfully
2740,TX0002740,DRUG000914,1,MFG_04,DIST_14,DIST_14,TransferOwnership,2026-10-02T06:43:18.952989+00:00,2026-10-02T06:43:21.033845+00:00,2080.848,200,True,True,Ownership transferred successfully
2741,TX0002741,DRUG000914,2,DIST_14,WH_14,WH_14,TransferOwnership,2026-10-02T06:43:21.033945+00:00,2026-10-02T06:43:23.093036+00:00,2059.084,200,True,True,Ownership transferred successfully
2742,TX0002742,DRUG000914,3,WH_14,RET_014,RET_014,TransferOwnership,2026-10-02T06:43:23.093128+00:00,2026-10-02T06:43:25.182253+00:00,2089.118,200,True,True,Ownership transferred successfully
2743,TX0002743,DRUG000915,1,MFG_05,DIST_15,DIST_15,TransferOwnership,2026-10-02T06:43:25.182336+00:00,2026-10-02T06:43:27.265762+00:00,2083.420,200,True,True,Ownership transferred successfully
2744,TX0002744,DRUG000915,2,DIST_15,WH_15,WH_15,TransferOwnership,2026-10-02T06:43:27.265867+00:00,2026-10-02T06:43:29.338081+00:00,2072.207,200,True,True,Ownership transferred successfully
2745,TX0002745,DRUG000915,3,WH_15,RET_015,RET_015,TransferOwnership,2026-10-02T06:43:29.338168+00:00,2026-10-02T06:43:31.407949+00:00,2069.774,200,True,True,Ownership transferred successfully
2746,TX0002746,DRUG000916,1,MFG_06,DIST_01,DIST_01,TransferOwnership,2026-10-02T06:43:31.408051+00:00,2026-10-02T06:43:33.484186+00:00,2076.128,200,True,True,Ownership transferred successfully
2747,TX0002747,DRUG000916,2,DIST_01,WH_16,WH_16,TransferOwnership,2026-10-02T06:43:33.484289+00:00,2026-10-02T06:43:35.579737+00:00,2095.440,200,True,True,Ownership transferred successfully
2748,TX0002748,DRUG000916,3,WH_16,RET_016,RET_016,TransferOwnership,2026-10-02T06:43:35.579823+00:00,2026-10-02T06:43:37.650490+00:00,2070.660,200,True,True,Ownership transferred successfully
2749,TX0002749,DRUG000917,1,MFG_07,DIST_02,DIST_02,TransferOwnership,2026-10-02T06:43:37.650582+00:00,2026-10-02T06:43:39.717399+00:00,2066.809,200,True,True,Ownership transferred successfully
2750,TX0002750,DRUG000917,2,DIST_02,WH_17,WH_17,TransferOwnership,2026-10-02T06:43:39.717483+00:00,2026-10-02T06:43:41.786641+00:00,2069.151,200,True,True,Ownership transferred successfully
2751,TX0002751,DRUG000917,3,WH_17,RET_017,RET_017,TransferOwnership,2026-10-02T06:43:41.786726+00:00,2026-10-02T06:43:43.860361+00:00,2073.629,200,True,True,Ownership transferred successfully
2752,TX0002752,DRUG000918,1,MFG_08,DIST_03,DIST_03,TransferOwnership,2026-10-02T06:43:43.860452+00:00,2026-10-02T06:43:45.932762+00:00,2072.302,200,True,True,Ownership transferred successfully
2753,TX0002753,DRUG000918,2,DIST_03,WH_18,WH_18,TransferOwnership,2026-10-02T06:43:45.932839+00:00,2026-10-02T06:43:48.081159+00:00,2072.138,200,True,True,Ownership transferred successfully
2754,TX0002754,DRUG000918,3,WH_18,RET_018,RET_018,TransferOwnership,2026-10-02T06:43:48.081257+00:00,2026-10-02T06:43:50.156485+00:00,2075.220,200,True,True,Ownership transferred successfully
2755,TX0002755,DRUG000919,1,MFG_09,DIST_04,DIST_04,TransferOwnership,2026-10-02T06:43:50.156592+00:00,2026-10-02T06:43:52.236081+00:00,2079.482,200,True,True,Ownership transferred successfully
2756,TX0002756,DRUG000919,2,DIST_04,WH_19,WH_19,TransferOwnership,2026-10-02T06:43:52.236170+00:00,2026-10-02T06:43:54.296995+00:00,2060.818,200,True,True,Ownership transferred successfully
2757,TX0002757,DRUG000919,3,WH_19,RET_019,RET_019,TransferOwnership,2026-10-02T06:43:54.297086+00:00,2026-10-02T06:43:56.366011+00:00,2068.918,200,True,True,Ownership transferred successfully
2758,TX0002758,DRUG000920,1,MFG_10,DIST_05,DIST_05,TransferOwnership,2026-10-02T06:43:56.366096+00:00,2026-10-02T06:43:58.441974+00:00,2075.870,200,True,True,Ownership transferred successfully
2759,TX0002759,DRUG000920,2,DIST_05,WH_20,WH_20,TransferOwnership,2026-10-02T06:43:58.442065+00:00,2026-10-02T06:44:00.509373+00:00,2067.301,200,True,True,Ownership transferred successfully
2760,TX0002760,DRUG000920,3,WH_20,RET_020,RET_020,TransferOwnership,2026-10-02T06:44:00.509479+00:00,2026-10-02T06:44:02.576976+00:00,2067.489,200,True,True,Ownership transferred successfully
2761,TX0002761,DRUG000921,1,MFG_01,DIST_06,DIST_06,TransferOwnership,2026-10-02T06:44:02.577064+00:00,2026-10-02T06:44:04.645896+00:00,2068.826,200,True,True,Ownership transferred successfully
2762,TX0002762,DRUG000921,2,DIST_06,WH_01,WH_01,TransferOwnership,2026-10-02T06:44:04.645986+00:00,2026-10-02T06:44:06.720456+00:00,2074.462,200,True,True,Ownership transferred successfully
2763,TX0002763,DRUG000921,3,WH_01,RET_021,RET_021,TransferOwnership,2026-10-02T06:44:06.720542+00:00,2026-10-02T06:44:08.793550+00:00,2073.001,200,True,True,Ownership transferred successfully
2764,TX0002764,DRUG000922,1,MFG_02,DIST_07,DIST_07,TransferOwnership,2026-10-02T06:44:08.793637+00:00,2026-10-02T06:44:10.877104+00:00,2083.460,200,True,True,Ownership transferred successfully
2765,TX0002765,DRUG000922,2,DIST_07,WH_02,WH_02,TransferOwnership,2026-10-02T06:44:10.877190+00:00,2026-10-02T06:44:12.939499+00:00,2062.302,200,True,True,Ownership transferred successfully
2766,TX0002766,DRUG000922,3,WH_02,RET_022,RET_022,TransferOwnership,2026-10-02T06:44:12.939623+00:00,2026-10-02T06:44:15.015228+00:00,2075.598,200,True,True,Ownership transferred successfully
2767,TX0002767,DRUG000923,1,MFG_03,DIST_08,DIST_08,TransferOwnership,2026-10-02T06:44:15.015319+00:00,2026-10-02T06:44:17.099595+00:00,2084.268,200,True,True,Ownership transferred successfully
2768,TX0002768,DRUG000923,2,DIST_08,WH_03,WH_03,TransferOwnership,2026-10-02T06:44:17.099703+00:00,2026-10-02T06:44:19.257214+00:00,2078.043,200,True,True,Ownership transferred successfully
2769,TX0002769,DRUG000923,3,WH_03,RET_023,RET_023,TransferOwnership,2026-10-02T06:44:19.257300+00:00,2026-10-02T06:44:21.325228+00:00,2067.921,200,True,True,Ownership transferred successfully
2770,TX0002770,DRUG000924,1,MFG_04,DIST_09,DIST_09,TransferOwnership,2026-10-02T06:44:21.325328+00:00,2026-10-02T06:44:23.401308+00:00,2075.970,200,True,True,Ownership transferred successfully
2771,TX0002771,DRUG000924,2,DIST_09,WH_04,WH_04,TransferOwnership,2026-10-02T06:44:23.401397+00:00,2026-10-02T06:44:25.467686+00:00,2066.282,200,True,True,Ownership transferred successfully
2772,TX0002772,DRUG000924,3,WH_04,RET_024,RET_024,TransferOwnership,2026-10-02T06:44:25.467770+00:00,2026-10-02T06:44:27.531636+00:00,2063.859,200,True,True,Ownership transferred successfully
2773,TX0002773,DRUG000925,1,MFG_05,DIST_10,DIST_10,TransferOwnership,2026-10-02T06:44:27.531723+00:00,2026-10-02T06:44:29.616442+00:00,2084.712,200,True,True,Ownership transferred successfully
2774,TX0002774,DRUG000925,2,DIST_10,WH_05,WH_05,TransferOwnership,2026-10-02T06:44:29.616529+00:00,2026-10-02T06:44:31.682811+00:00,2066.274,200,True,True,Ownership transferred successfully
2775,TX0002775,DRUG000925,3,WH_05,RET_025,RET_025,TransferOwnership,2026-10-02T06:44:31.682901+00:00,2026-10-02T06:44:33.748316+00:00,2065.407,200,True,True,Ownership transferred successfully
2776,TX0002776,DRUG000926,1,MFG_06,DIST_11,DIST_11,TransferOwnership,2026-10-02T06:44:33.748408+00:00,2026-10-02T06:44:35.821389+00:00,2072.974,200,True,True,Ownership transferred successfully
2777,TX0002777,DRUG000926,2,DIST_11,WH_06,WH_06,TransferOwnership,2026-10-02T06:44:35.821476+00:00,2026-10-02T06:44:37.900209+00:00,2078.722,200,True,True,Ownership transferred successfully
2778,TX0002778,DRUG000926,3,WH_06,RET_026,RET_026,TransferOwnership,2026-10-02T06:44:37.900333+00:00,2026-10-02T06:44:39.999414+00:00,2099.073,200,True,True,Ownership transferred successfully
2779,TX0002779,DRUG000927,1,MFG_07,DIST_12,DIST_12,TransferOwnership,2026-10-02T06:44:39.999514+00:00,2026-10-02T06:44:42.075024+00:00,2075.502,200,True,True,Ownership transferred successfully
2780,TX0002780,DRUG000927,2,DIST_12,WH_07,WH_07,TransferOwnership,2026-10-02T06:44:42.075112+00:00,2026-10-02T06:44:44.142678+00:00,2067.559,200,True,True,Ownership transferred successfully
2781,TX0002781,DRUG000927,3,WH_07,RET_027,RET_027,TransferOwnership,2026-10-02T06:44:44.142758+00:00,2026-10-02T06:44:46.204066+00:00,2061.302,200,True,True,Ownership transferred successfully
2782,TX0002782,DRUG000928,1,MFG_08,DIST_13,DIST_13,TransferOwnership,2026-10-02T06:44:46.204148+00:00,2026-10-02T06:44:48.361106+00:00,2081.610,200,True,True,Ownership transferred successfully
2783,TX0002783,DRUG000928,2,DIST_13,WH_08,WH_08,TransferOwnership,2026-10-02T06:44:48.361189+00:00,2026-10-02T06:44:50.433371+00:00,2072.175,200,True,True,Ownership transferred successfully
2784,TX0002784,DRUG000928,3,WH_08,RET_028,RET_028,TransferOwnership,2026-10-02T06:44:50.433468+00:00,2026-10-02T06:44:52.511181+00:00,2077.705,200,True,True,Ownership transferred successfully
2785,TX0002785,DRUG000929,1,MFG_09,DIST_14,DIST_14,TransferOwnership,2026-10-02T06:44:52.511260+00:00,2026-10-02T06:44:54.580800+00:00,2069.533,200,True,True,Ownership transferred successfully
2786,TX0002786,DRUG000929,2,DIST_14,WH_09,WH_09,TransferOwnership,2026-10-02T06:44:54.580897+00:00,2026-10-02T06:44:56.646310+00:00,2065.406,200,True,True,Ownership transferred successfully
2787,TX0002787,DRUG000929,3,WH_09,RET_029,RET_029,TransferOwnership,2026-10-02T06:44:56.646397+00:00,2026-10-02T06:44:58.707670+00:00,2061.266,200,True,True,Ownership transferred successfully
2788,TX0002788,DRUG000930,1,MFG_10,DIST_15,DIST_15,TransferOwnership,2026-10-02T06:44:58.707769+00:00,2026-10-02T06:45:00.800576+00:00,2092.799,200,True,True,Ownership transferred successfully
2789,TX0002789,DRUG000930,2,DIST_15,WH_10,WH_10,TransferOwnership,2026-10-02T06:45:00.800672+00:00,2026-10-02T06:45:02.871184+00:00,2070.504,200,True,True,Ownership transferred successfully
2790,TX0002790,DRUG000930,3,WH_10,RET_030,RET_030,TransferOwnership,2026-10-02T06:45:02.871294+00:00,2026-10-02T06:45:04.947483+00:00,2076.181,200,True,True,Ownership transferred successfully
2791,TX0002791,DRUG000931,1,MFG_01,DIST_01,DIST_01,TransferOwnership,2026-10-02T06:45:04.947583+00:00,2026-10-02T06:45:07.027284+00:00,2079.693,200,True,True,Ownership transferred successfully
2792,TX0002792,DRUG000931,2,DIST_01,WH_11,WH_11,TransferOwnership,2026-10-02T06:45:07.027367+00:00,2026-10-02T06:45:09.100417+00:00,2073.043,200,True,True,Ownership transferred successfully
2793,TX0002793,DRUG000931,3,WH_11,RET_031,RET_031,TransferOwnership,2026-10-02T06:45:09.100499+00:00,2026-10-02T06:45:11.169686+00:00,2069.180,200,True,True,Ownership transferred successfully
2794,TX0002794,DRUG000932,1,MFG_02,DIST_02,DIST_02,TransferOwnership,2026-10-02T06:45:11.169767+00:00,2026-10-02T06:45:13.243074+00:00,2073.301,200,True,True,Ownership transferred successfully
2795,TX0002795,DRUG000932,2,DIST_02,WH_12,WH_12,TransferOwnership,2026-10-02T06:45:13.243170+00:00,2026-10-02T06:45:15.302391+00:00,2059.213,200,True,True,Ownership transferred successfully
2796,TX0002796,DRUG000932,3,WH_12,RET_032,RET_032,TransferOwnership,2026-10-02T06:45:15.302482+00:00,2026-10-02T06:45:17.375786+00:00,2073.297,200,True,True,Ownership transferred successfully
2797,TX0002797,DRUG000933,1,MFG_03,DIST_03,DIST_03,TransferOwnership,2026-10-02T06:45:17.375876+00:00,2026-10-02T06:45:19.521452+00:00,2071.708,200,True,True,Ownership transferred successfully
2798,TX0002798,DRUG000933,2,DIST_03,WH_13,WH_13,TransferOwnership,2026-10-02T06:45:19.521544+00:00,2026-10-02T06:45:21.587762+00:00,2066.212,200,True,True,Ownership transferred successfully
2799,TX0002799,DRUG000933,3,WH_13,RET_033,RET_033,TransferOwnership,2026-10-02T06:45:21.587848+00:00,2026-10-02T06:45:23.654689+00:00,2066.832,200,True,True,Ownership transferred successfully
2800,TX0002800,DRUG000934,1,MFG_04,DIST_04,DIST_04,TransferOwnership,2026-10-02T06:45:23.654783+00:00,2026-10-02T06:45:25.728291+00:00,2073.501,200,True,True,Ownership transferred successfully
2801,TX0002801,DRUG000934,2,DIST_04,WH_14,WH_14,TransferOwnership,2026-10-02T06:45:25.728377+00:00,2026-10-02T06:45:27.793704+00:00,2065.319,200,True,True,Ownership transferred successfully
2802,TX0002802,DRUG000934,3,WH_14,RET_034,RET_034,TransferOwnership,2026-10-02T06:45:27.793788+00:00,2026-10-02T06:45:29.858121+00:00,2064.326,200,True,True,Ownership transferred successfully
2803,TX0002803,DRUG000935,1,MFG_05,DIST_05,DIST_05,TransferOwnership,2026-10-02T06:45:29.858216+00:00,2026-10-02T06:45:31.929425+00:00,2071.203,200,True,True,Ownership transferred successfully
2804,TX0002804,DRUG000935,2,DIST_05,WH_15,WH_15,TransferOwnership,2026-10-02T06:45:31.929511+00:00,2026-10-02T06:45:33.996554+00:00,2067.036,200,True,True,Ownership transferred successfully
2805,TX0002805,DRUG000935,3,WH_15,RET_035,RET_035,TransferOwnership,2026-10-02T06:45:33.996651+00:00,2026-10-02T06:45:36.060520+00:00,2063.863,200,True,True,Ownership transferred successfully
2806,TX0002806,DRUG000936,1,MFG_06,DIST_06,DIST_06,TransferOwnership,2026-10-02T06:45:36.060610+00:00,2026-10-02T06:45:38.132031+00:00,2071.414,200,True,True,Ownership transferred successfully
2807,TX0002807,DRUG000936,2,DIST_06,WH_16,WH_16,TransferOwnership,2026-10-02T06:45:38.132106+00:00,2026-10-02T06:45:40.204680+00:00,2072.567,200,True,True,Ownership transferred successfully
2808,TX0002808,DRUG000936,3,WH_16,RET_036,RET_036,TransferOwnership,2026-10-02T06:45:40.204768+00:00,2026-10-02T06:45:42.273987+00:00,2069.213,200,True,True,Ownership transferred successfully
2809,TX0002809,DRUG000937,1,MFG_07,DIST_07,DIST_07,TransferOwnership,2026-10-02T06:45:42.274068+00:00,2026-10-02T06:45:44.342539+00:00,2068.465,200,True,True,Ownership transferred successfully
2810,TX0002810,DRUG000937,2,DIST_07,WH_17,WH_17,TransferOwnership,2026-10-02T06:45:44.342626+00:00,2026-10-02T06:45:46.406810+00:00,2064.178,200,True,True,Ownership transferred successfully
2811,TX0002811,DRUG000937,3,WH_17,RET_037,RET_037,TransferOwnership,2026-10-02T06:45:46.406894+00:00,2026-10-02T06:45:48.545911+00:00,2062.529,200,True,True,Ownership transferred successfully
2812,TX0002812,DRUG000938,1,MFG_08,DIST_08,DIST_08,TransferOwnership,2026-10-02T06:45:48.545996+00:00,2026-10-02T06:45:50.617948+00:00,2071.946,200,True,True,Ownership transferred successfully
2813,TX0002813,DRUG000938,2,DIST_08,WH_18,WH_18,TransferOwnership,2026-10-02T06:45:50.618051+00:00,2026-10-02T06:45:52.700889+00:00,2082.830,200,True,True,Ownership transferred successfully
2814,TX0002814,DRUG000938,3,WH_18,RET_038,RET_038,TransferOwnership,2026-10-02T06:45:52.700977+00:00,2026-10-02T06:45:54.772639+00:00,2071.655,200,True,True,Ownership transferred successfully
2815,TX0002815,DRUG000939,1,MFG_09,DIST_09,DIST_09,TransferOwnership,2026-10-02T06:45:54.772726+00:00,2026-10-02T06:45:56.839505+00:00,2066.773,200,True,True,Ownership transferred successfully
2816,TX0002816,DRUG000939,2,DIST_09,WH_19,WH_19,TransferOwnership,2026-10-02T06:45:56.839590+00:00,2026-10-02T06:45:58.918039+00:00,2078.442,200,True,True,Ownership transferred successfully
2817,TX0002817,DRUG000939,3,WH_19,RET_039,RET_039,TransferOwnership,2026-10-02T06:45:58.918123+00:00,2026-10-02T06:46:00.986250+00:00,2068.120,200,True,True,Ownership transferred successfully
2818,TX0002818,DRUG000940,1,MFG_10,DIST_10,DIST_10,TransferOwnership,2026-10-02T06:46:00.986341+00:00,2026-10-02T06:46:03.050499+00:00,2064.151,200,True,True,Ownership transferred successfully
2819,TX0002819,DRUG000940,2,DIST_10,WH_20,WH_20,TransferOwnership,2026-10-02T06:46:03.050593+00:00,2026-10-02T06:46:05.137049+00:00,2086.449,200,True,True,Ownership transferred successfully
2820,TX0002820,DRUG000940,3,WH_20,RET_040,RET_040,TransferOwnership,2026-10-02T06:46:05.137133+00:00,2026-10-02T06:46:07.199569+00:00,2062.430,200,True,True,Ownership transferred successfully
2821,TX0002821,DRUG000941,1,MFG_01,DIST_11,DIST_11,TransferOwnership,2026-10-02T06:46:07.199647+00:00,2026-10-02T06:46:09.269154+00:00,2069.500,200,True,True,Ownership transferred successfully
2822,TX0002822,DRUG000941,2,DIST_11,WH_01,WH_01,TransferOwnership,2026-10-02T06:46:09.269241+00:00,2026-10-02T06:46:11.336199+00:00,2066.951,200,True,True,Ownership transferred successfully
2823,TX0002823,DRUG000941,3,WH_01,RET_041,RET_041,TransferOwnership,2026-10-02T06:46:11.336282+00:00,2026-10-02T06:46:13.399938+00:00,2063.649,200,True,True,Ownership transferred successfully
2824,TX0002824,DRUG000942,1,MFG_02,DIST_12,DIST_12,TransferOwnership,2026-10-02T06:46:13.400024+00:00,2026-10-02T06:46:15.471009+00:00,2070.978,200,True,True,Ownership transferred successfully
2825,TX0002825,DRUG000942,2,DIST_12,WH_02,WH_02,TransferOwnership,2026-10-02T06:46:15.471091+00:00,2026-10-02T06:46:17.541704+00:00,2070.606,200,True,True,Ownership transferred successfully
2826,TX0002826,DRUG000942,3,WH_02,RET_042,RET_042,TransferOwnership,2026-10-02T06:46:17.541790+00:00,2026-10-02T06:46:19.682516+00:00,2067.745,200,True,True,Ownership transferred successfully
2827,TX0002827,DRUG000943,1,MFG_03,DIST_13,DIST_13,TransferOwnership,2026-10-02T06:46:19.682606+00:00,2026-10-02T06:46:21.760923+00:00,2078.310,200,True,True,Ownership transferred successfully
2828,TX0002828,DRUG000943,2,DIST_13,WH_03,WH_03,TransferOwnership,2026-10-02T06:46:21.761013+00:00,2026-10-02T06:46:23.834664+00:00,2073.644,200,True,True,Ownership transferred successfully
2829,TX0002829,DRUG000943,3,WH_03,RET_043,RET_043,TransferOwnership,2026-10-02T06:46:23.834753+00:00,2026-10-02T06:46:25.916456+00:00,2081.695,200,True,True,Ownership transferred successfully
2830,TX0002830,DRUG000944,1,MFG_04,DIST_14,DIST_14,TransferOwnership,2026-10-02T06:46:25.916554+00:00,2026-10-02T06:46:28.058761+00:00,2142.197,200,True,True,Ownership transferred successfully
2831,TX0002831,DRUG000944,2,DIST_14,WH_04,WH_04,TransferOwnership,2026-10-02T06:46:28.058891+00:00,2026-10-02T06:46:30.139052+00:00,2080.153,200,True,True,Ownership transferred successfully
2832,TX0002832,DRUG000944,3,WH_04,RET_044,RET_044,TransferOwnership,2026-10-02T06:46:30.139154+00:00,2026-10-02T06:46:32.202530+00:00,2063.368,200,True,True,Ownership transferred successfully
2833,TX0002833,DRUG000945,1,MFG_05,DIST_15,DIST_15,TransferOwnership,2026-10-02T06:46:32.202612+00:00,2026-10-02T06:46:34.288310+00:00,2085.691,200,True,True,Ownership transferred successfully
2834,TX0002834,DRUG000945,2,DIST_15,WH_05,WH_05,TransferOwnership,2026-10-02T06:46:34.288415+00:00,2026-10-02T06:46:36.344947+00:00,2056.524,200,True,True,Ownership transferred successfully
2835,TX0002835,DRUG000945,3,WH_05,RET_045,RET_045,TransferOwnership,2026-10-02T06:46:36.345035+00:00,2026-10-02T06:46:38.403333+00:00,2058.292,200,True,True,Ownership transferred successfully
2836,TX0002836,DRUG000946,1,MFG_06,DIST_01,DIST_01,TransferOwnership,2026-10-02T06:46:38.403416+00:00,2026-10-02T06:46:40.476533+00:00,2073.108,200,True,True,Ownership transferred successfully
2837,TX0002837,DRUG000946,2,DIST_01,WH_06,WH_06,TransferOwnership,2026-10-02T06:46:40.476633+00:00,2026-10-02T06:46:42.565538+00:00,2088.898,200,True,True,Ownership transferred successfully
2838,TX0002838,DRUG000946,3,WH_06,RET_046,RET_046,TransferOwnership,2026-10-02T06:46:42.565623+00:00,2026-10-02T06:46:44.642378+00:00,2076.749,200,True,True,Ownership transferred successfully
2839,TX0002839,DRUG000947,1,MFG_07,DIST_02,DIST_02,TransferOwnership,2026-10-02T06:46:44.642466+00:00,2026-10-02T06:46:46.715344+00:00,2072.871,200,True,True,Ownership transferred successfully
2840,TX0002840,DRUG000947,2,DIST_02,WH_07,WH_07,TransferOwnership,2026-10-02T06:46:46.715514+00:00,2026-10-02T06:46:48.874788+00:00,2070.858,200,True,True,Ownership transferred successfully
2841,TX0002841,DRUG000947,3,WH_07,RET_047,RET_047,TransferOwnership,2026-10-02T06:46:48.874882+00:00,2026-10-02T06:46:50.947321+00:00,2072.432,200,True,True,Ownership transferred successfully
2842,TX0002842,DRUG000948,1,MFG_08,DIST_03,DIST_03,TransferOwnership,2026-10-02T06:46:50.947409+00:00,2026-10-02T06:46:53.019219+00:00,2071.783,200,True,True,Ownership transferred successfully
2843,TX0002843,DRUG000948,2,DIST_03,WH_08,WH_08,TransferOwnership,2026-10-02T06:46:53.019455+00:00,2026-10-02T06:46:55.134419+00:00,2114.956,200,True,True,Ownership transferred successfully
2844,TX0002844,DRUG000948,3,WH_08,RET_048,RET_048,TransferOwnership,2026-10-02T06:46:55.134500+00:00,2026-10-02T06:46:57.221016+00:00,2086.509,200,True,True,Ownership transferred successfully
2845,TX0002845,DRUG000949,1,MFG_09,DIST_04,DIST_04,TransferOwnership,2026-10-02T06:46:57.221100+00:00,2026-10-02T06:46:59.295564+00:00,2074.457,200,True,True,Ownership transferred successfully
2846,TX0002846,DRUG000949,2,DIST_04,WH_09,WH_09,TransferOwnership,2026-10-02T06:46:59.295647+00:00,2026-10-02T06:47:01.369740+00:00,2074.086,200,True,True,Ownership transferred successfully
2847,TX0002847,DRUG000949,3,WH_09,RET_049,RET_049,TransferOwnership,2026-10-02T06:47:01.369823+00:00,2026-10-02T06:47:03.432997+00:00,2063.166,200,True,True,Ownership transferred successfully
2848,TX0002848,DRUG000950,1,MFG_10,DIST_05,DIST_05,TransferOwnership,2026-10-02T06:47:03.433091+00:00,2026-10-02T06:47:05.504588+00:00,2071.490,200,True,True,Ownership transferred successfully
2849,TX0002849,DRUG000950,2,DIST_05,WH_10,WH_10,TransferOwnership,2026-10-02T06:47:05.504678+00:00,2026-10-02T06:47:07.565333+00:00,2060.647,200,True,True,Ownership transferred successfully
2850,TX0002850,DRUG000950,3,WH_10,RET_050,RET_050,TransferOwnership,2026-10-02T06:47:07.565422+00:00,2026-10-02T06:47:09.630176+00:00,2064.748,200,True,True,Ownership transferred successfully
2851,TX0002851,DRUG000951,1,MFG_01,DIST_06,DIST_06,TransferOwnership,2026-10-02T06:47:09.630266+00:00,2026-10-02T06:47:11.715545+00:00,2085.272,200,True,True,Ownership transferred successfully
2852,TX0002852,DRUG000951,2,DIST_06,WH_11,WH_11,TransferOwnership,2026-10-02T06:47:11.715937+00:00,2026-10-02T06:47:13.779581+00:00,2063.632,200,True,True,Ownership transferred successfully
2853,TX0002853,DRUG000951,3,WH_11,RET_001,RET_001,TransferOwnership,2026-10-02T06:47:13.779667+00:00,2026-10-02T06:47:15.843419+00:00,2063.745,200,True,True,Ownership transferred successfully
2854,TX0002854,DRUG000952,1,MFG_02,DIST_07,DIST_07,TransferOwnership,2026-10-02T06:47:15.843512+00:00,2026-10-02T06:47:17.919113+00:00,2075.591,200,True,True,Ownership transferred successfully
2855,TX0002855,DRUG000952,2,DIST_07,WH_12,WH_12,TransferOwnership,2026-10-02T06:47:17.919329+00:00,2026-10-02T06:47:20.103058+00:00,2112.398,200,True,True,Ownership transferred successfully
2856,TX0002856,DRUG000952,3,WH_12,RET_002,RET_002,TransferOwnership,2026-10-02T06:47:20.103179+00:00,2026-10-02T06:47:22.176809+00:00,2073.622,200,True,True,Ownership transferred successfully
2857,TX0002857,DRUG000953,1,MFG_03,DIST_08,DIST_08,TransferOwnership,2026-10-02T06:47:22.176910+00:00,2026-10-02T06:47:24.258005+00:00,2081.088,200,True,True,Ownership transferred successfully
2858,TX0002858,DRUG000953,2,DIST_08,WH_13,WH_13,TransferOwnership,2026-10-02T06:47:24.258100+00:00,2026-10-02T06:47:26.325255+00:00,2067.146,200,True,True,Ownership transferred successfully
2859,TX0002859,DRUG000953,3,WH_13,RET_003,RET_003,TransferOwnership,2026-10-02T06:47:26.325372+00:00,2026-10-02T06:47:28.395138+00:00,2069.759,200,True,True,Ownership transferred successfully
2860,TX0002860,DRUG000954,1,MFG_04,DIST_09,DIST_09,TransferOwnership,2026-10-02T06:47:28.395228+00:00,2026-10-02T06:47:30.465031+00:00,2069.794,200,True,True,Ownership transferred successfully
2861,TX0002861,DRUG000954,2,DIST_09,WH_14,WH_14,TransferOwnership,2026-10-02T06:47:30.465131+00:00,2026-10-02T06:47:32.531550+00:00,2066.413,200,True,True,Ownership transferred successfully
2862,TX0002862,DRUG000954,3,WH_14,RET_004,RET_004,TransferOwnership,2026-10-02T06:47:32.531632+00:00,2026-10-02T06:47:34.595442+00:00,2063.803,200,True,True,Ownership transferred successfully
2863,TX0002863,DRUG000955,1,MFG_05,DIST_10,DIST_10,TransferOwnership,2026-10-02T06:47:34.595530+00:00,2026-10-02T06:47:36.665442+00:00,2069.905,200,True,True,Ownership transferred successfully
2864,TX0002864,DRUG000955,2,DIST_10,WH_15,WH_15,TransferOwnership,2026-10-02T06:47:36.665540+00:00,2026-10-02T06:47:38.732824+00:00,2067.277,200,True,True,Ownership transferred successfully
2865,TX0002865,DRUG000955,3,WH_15,RET_005,RET_005,TransferOwnership,2026-10-02T06:47:38.732926+00:00,2026-10-02T06:47:40.803488+00:00,2070.552,200,True,True,Ownership transferred successfully
2866,TX0002866,DRUG000956,1,MFG_06,DIST_11,DIST_11,TransferOwnership,2026-10-02T06:47:40.803683+00:00,2026-10-02T06:47:42.900421+00:00,2096.729,200,True,True,Ownership transferred successfully
2867,TX0002867,DRUG000956,2,DIST_11,WH_16,WH_16,TransferOwnership,2026-10-02T06:47:42.900515+00:00,2026-10-02T06:47:44.965280+00:00,2064.757,200,True,True,Ownership transferred successfully
2868,TX0002868,DRUG000956,3,WH_16,RET_006,RET_006,TransferOwnership,2026-10-02T06:47:44.965367+00:00,2026-10-02T06:47:47.041735+00:00,2076.361,200,True,True,Ownership transferred successfully
2869,TX0002869,DRUG000957,1,MFG_07,DIST_12,DIST_12,TransferOwnership,2026-10-02T06:47:47.041814+00:00,2026-10-02T06:47:49.186148+00:00,2071.330,200,True,True,Ownership transferred successfully
2870,TX0002870,DRUG000957,2,DIST_12,WH_17,WH_17,TransferOwnership,2026-10-02T06:47:49.186275+00:00,2026-10-02T06:47:51.257151+00:00,2070.870,200,True,True,Ownership transferred successfully
2871,TX0002871,DRUG000957,3,WH_17,RET_007,RET_007,TransferOwnership,2026-10-02T06:47:51.257246+00:00,2026-10-02T06:47:53.362086+00:00,2104.833,200,True,True,Ownership transferred successfully
2872,TX0002872,DRUG000958,1,MFG_08,DIST_13,DIST_13,TransferOwnership,2026-10-02T06:47:53.362178+00:00,2026-10-02T06:47:55.464926+00:00,2102.742,200,True,True,Ownership transferred successfully
2873,TX0002873,DRUG000958,2,DIST_13,WH_18,WH_18,TransferOwnership,2026-10-02T06:47:55.465008+00:00,2026-10-02T06:47:57.667302+00:00,2202.286,200,True,True,Ownership transferred successfully
2874,TX0002874,DRUG000958,3,WH_18,RET_008,RET_008,TransferOwnership,2026-10-02T06:47:57.667390+00:00,2026-10-02T06:47:59.836502+00:00,2169.104,200,True,True,Ownership transferred successfully
2875,TX0002875,DRUG000959,1,MFG_09,DIST_14,DIST_14,TransferOwnership,2026-10-02T06:47:59.836591+00:00,2026-10-02T06:48:01.991568+00:00,2154.970,200,True,True,Ownership transferred successfully
2876,TX0002876,DRUG000959,2,DIST_14,WH_19,WH_19,TransferOwnership,2026-10-02T06:48:01.992106+00:00,2026-10-02T06:48:04.059031+00:00,2066.906,200,True,True,Ownership transferred successfully
2877,TX0002877,DRUG000959,3,WH_19,RET_009,RET_009,TransferOwnership,2026-10-02T06:48:04.059185+00:00,2026-10-02T06:48:06.167906+00:00,2108.714,200,True,True,Ownership transferred successfully
2878,TX0002878,DRUG000960,1,MFG_10,DIST_15,DIST_15,TransferOwnership,2026-10-02T06:48:06.167988+00:00,2026-10-02T06:48:08.241083+00:00,2073.086,200,True,True,Ownership transferred successfully
2879,TX0002879,DRUG000960,2,DIST_15,WH_20,WH_20,TransferOwnership,2026-10-02T06:48:08.241199+00:00,2026-10-02T06:48:10.310214+00:00,2069.006,200,True,True,Ownership transferred successfully
2880,TX0002880,DRUG000960,3,WH_20,RET_010,RET_010,TransferOwnership,2026-10-02T06:48:10.310331+00:00,2026-10-02T06:48:12.424581+00:00,2114.242,200,True,True,Ownership transferred successfully
2881,TX0002881,DRUG000961,1,MFG_01,DIST_01,DIST_01,TransferOwnership,2026-10-02T06:48:12.424672+00:00,2026-10-02T06:48:14.500045+00:00,2075.365,200,True,True,Ownership transferred successfully
2882,TX0002882,DRUG000961,2,DIST_01,WH_01,WH_01,TransferOwnership,2026-10-02T06:48:14.500135+00:00,2026-10-02T06:48:16.568422+00:00,2068.281,200,True,True,Ownership transferred successfully
2883,TX0002883,DRUG000961,3,WH_01,RET_011,RET_011,TransferOwnership,2026-10-02T06:48:16.568505+00:00,2026-10-02T06:48:18.714732+00:00,2065.598,200,True,True,Ownership transferred successfully
2884,TX0002884,DRUG000962,1,MFG_02,DIST_02,DIST_02,TransferOwnership,2026-10-02T06:48:18.714815+00:00,2026-10-02T06:48:20.791271+00:00,2076.445,200,True,True,Ownership transferred successfully
2885,TX0002885,DRUG000962,2,DIST_02,WH_02,WH_02,TransferOwnership,2026-10-02T06:48:20.791458+00:00,2026-10-02T06:48:22.882207+00:00,2090.738,200,True,True,Ownership transferred successfully
2886,TX0002886,DRUG000962,3,WH_02,RET_012,RET_012,TransferOwnership,2026-10-02T06:48:22.882398+00:00,2026-10-02T06:48:24.962801+00:00,2080.391,200,True,True,Ownership transferred successfully
2887,TX0002887,DRUG000963,1,MFG_03,DIST_03,DIST_03,TransferOwnership,2026-10-02T06:48:24.962891+00:00,2026-10-02T06:48:27.032878+00:00,2069.980,200,True,True,Ownership transferred successfully
2888,TX0002888,DRUG000963,2,DIST_03,WH_03,WH_03,TransferOwnership,2026-10-02T06:48:27.032964+00:00,2026-10-02T06:48:29.177012+00:00,2144.040,200,True,True,Ownership transferred successfully
2889,TX0002889,DRUG000963,3,WH_03,RET_013,RET_013,TransferOwnership,2026-10-02T06:48:29.177097+00:00,2026-10-02T06:48:31.248264+00:00,2071.161,200,True,True,Ownership transferred successfully
2890,TX0002890,DRUG000964,1,MFG_04,DIST_04,DIST_04,TransferOwnership,2026-10-02T06:48:31.248349+00:00,2026-10-02T06:48:33.319057+00:00,2070.698,200,True,True,Ownership transferred successfully
2891,TX0002891,DRUG000964,2,DIST_04,WH_04,WH_04,TransferOwnership,2026-10-02T06:48:33.319180+00:00,2026-10-02T06:48:35.422028+00:00,2102.841,200,True,True,Ownership transferred successfully
2892,TX0002892,DRUG000964,3,WH_04,RET_014,RET_014,TransferOwnership,2026-10-02T06:48:35.422128+00:00,2026-10-02T06:48:37.484551+00:00,2062.414,200,True,True,Ownership transferred successfully
2893,TX0002893,DRUG000965,1,MFG_05,DIST_05,DIST_05,TransferOwnership,2026-10-02T06:48:37.484635+00:00,2026-10-02T06:48:39.559368+00:00,2074.725,200,True,True,Ownership transferred successfully
2894,TX0002894,DRUG000965,2,DIST_05,WH_05,WH_05,TransferOwnership,2026-10-02T06:48:39.559469+00:00,2026-10-02T06:48:41.618499+00:00,2059.023,200,True,True,Ownership transferred successfully
2895,TX0002895,DRUG000965,3,WH_05,RET_015,RET_015,TransferOwnership,2026-10-02T06:48:41.618605+00:00,2026-10-02T06:48:43.691864+00:00,2073.251,200,True,True,Ownership transferred successfully
2896,TX0002896,DRUG000966,1,MFG_06,DIST_06,DIST_06,TransferOwnership,2026-10-02T06:48:43.691950+00:00,2026-10-02T06:48:45.764790+00:00,2072.834,200,True,True,Ownership transferred successfully
2897,TX0002897,DRUG000966,2,DIST_06,WH_06,WH_06,TransferOwnership,2026-10-02T06:48:45.764871+00:00,2026-10-02T06:48:47.832855+00:00,2067.979,200,True,True,Ownership transferred successfully
2898,TX0002898,DRUG000966,3,WH_06,RET_016,RET_016,TransferOwnership,2026-10-02T06:48:47.832935+00:00,2026-10-02T06:48:49.991631+00:00,2076.829,200,True,True,Ownership transferred successfully
2899,TX0002899,DRUG000967,1,MFG_07,DIST_07,DIST_07,TransferOwnership,2026-10-02T06:48:49.991720+00:00,2026-10-02T06:48:52.073493+00:00,2081.767,200,True,True,Ownership transferred successfully
2900,TX0002900,DRUG000967,2,DIST_07,WH_07,WH_07,TransferOwnership,2026-10-02T06:48:52.073576+00:00,2026-10-02T06:48:54.135881+00:00,2062.296,200,True,True,Ownership transferred successfully
2901,TX0002901,DRUG000967,3,WH_07,RET_017,RET_017,TransferOwnership,2026-10-02T06:48:54.136098+00:00,2026-10-02T06:48:56.205071+00:00,2068.952,200,True,True,Ownership transferred successfully
2902,TX0002902,DRUG000968,1,MFG_08,DIST_08,DIST_08,TransferOwnership,2026-10-02T06:48:56.205197+00:00,2026-10-02T06:48:58.344027+00:00,2138.817,200,True,True,Ownership transferred successfully
2903,TX0002903,DRUG000968,2,DIST_08,WH_08,WH_08,TransferOwnership,2026-10-02T06:48:58.344190+00:00,2026-10-02T06:49:00.419262+00:00,2075.057,200,True,True,Ownership transferred successfully
2904,TX0002904,DRUG000968,3,WH_08,RET_018,RET_018,TransferOwnership,2026-10-02T06:49:00.419403+00:00,2026-10-02T06:49:02.494527+00:00,2075.116,200,True,True,Ownership transferred successfully
2905,TX0002905,DRUG000969,1,MFG_09,DIST_09,DIST_09,TransferOwnership,2026-10-02T06:49:02.494774+00:00,2026-10-02T06:49:04.568067+00:00,2073.284,200,True,True,Ownership transferred successfully
2906,TX0002906,DRUG000969,2,DIST_09,WH_09,WH_09,TransferOwnership,2026-10-02T06:49:04.568154+00:00,2026-10-02T06:49:06.635020+00:00,2066.860,200,True,True,Ownership transferred successfully
2907,TX0002907,DRUG000969,3,WH_09,RET_019,RET_019,TransferOwnership,2026-10-02T06:49:06.635097+00:00,2026-10-02T06:49:08.694060+00:00,2058.956,200,True,True,Ownership transferred successfully
2908,TX0002908,DRUG000970,1,MFG_10,DIST_10,DIST_10,TransferOwnership,2026-10-02T06:49:08.694144+00:00,2026-10-02T06:49:10.767252+00:00,2073.101,200,True,True,Ownership transferred successfully
2909,TX0002909,DRUG000970,2,DIST_10,WH_10,WH_10,TransferOwnership,2026-10-02T06:49:10.767349+00:00,2026-10-02T06:49:12.839210+00:00,2071.854,200,True,True,Ownership transferred successfully
2910,TX0002910,DRUG000970,3,WH_10,RET_020,RET_020,TransferOwnership,2026-10-02T06:49:12.839403+00:00,2026-10-02T06:49:14.914130+00:00,2074.711,200,True,True,Ownership transferred successfully
2911,TX0002911,DRUG000971,1,MFG_01,DIST_11,DIST_11,TransferOwnership,2026-10-02T06:49:14.914276+00:00,2026-10-02T06:49:16.993068+00:00,2078.782,200,True,True,Ownership transferred successfully
2912,TX0002912,DRUG000971,2,DIST_11,WH_11,WH_11,TransferOwnership,2026-10-02T06:49:16.993162+00:00,2026-10-02T06:49:19.140683+00:00,2075.669,200,True,True,Ownership transferred successfully
2913,TX0002913,DRUG000971,3,WH_11,RET_021,RET_021,TransferOwnership,2026-10-02T06:49:19.140779+00:00,2026-10-02T06:49:21.205910+00:00,2065.122,200,True,True,Ownership transferred successfully
2914,TX0002914,DRUG000972,1,MFG_02,DIST_12,DIST_12,TransferOwnership,2026-10-02T06:49:21.206005+00:00,2026-10-02T06:49:23.272196+00:00,2066.184,200,True,True,Ownership transferred successfully
2915,TX0002915,DRUG000972,2,DIST_12,WH_12,WH_12,TransferOwnership,2026-10-02T06:49:23.272286+00:00,2026-10-02T06:49:25.343624+00:00,2071.330,200,True,True,Ownership transferred successfully
2916,TX0002916,DRUG000972,3,WH_12,RET_022,RET_022,TransferOwnership,2026-10-02T06:49:25.343716+00:00,2026-10-02T06:49:27.409914+00:00,2066.190,200,True,True,Ownership transferred successfully
2917,TX0002917,DRUG000973,1,MFG_03,DIST_13,DIST_13,TransferOwnership,2026-10-02T06:49:27.410001+00:00,2026-10-02T06:49:29.479204+00:00,2069.196,200,True,True,Ownership transferred successfully
2918,TX0002918,DRUG000973,2,DIST_13,WH_13,WH_13,TransferOwnership,2026-10-02T06:49:29.479286+00:00,2026-10-02T06:49:31.554529+00:00,2075.236,200,True,True,Ownership transferred successfully
2919,TX0002919,DRUG000973,3,WH_13,RET_023,RET_023,TransferOwnership,2026-10-02T06:49:31.554664+00:00,2026-10-02T06:49:33.630871+00:00,2076.192,200,True,True,Ownership transferred successfully
2920,TX0002920,DRUG000974,1,MFG_04,DIST_14,DIST_14,TransferOwnership,2026-10-02T06:49:33.631118+00:00,2026-10-02T06:49:35.707238+00:00,2076.107,200,True,True,Ownership transferred successfully
2921,TX0002921,DRUG000974,2,DIST_14,WH_14,WH_14,TransferOwnership,2026-10-02T06:49:35.707572+00:00,2026-10-02T06:49:37.782056+00:00,2074.469,200,True,True,Ownership transferred successfully
2922,TX0002922,DRUG000974,3,WH_14,RET_024,RET_024,TransferOwnership,2026-10-02T06:49:37.782147+00:00,2026-10-02T06:49:39.845918+00:00,2063.764,200,True,True,Ownership transferred successfully
2923,TX0002923,DRUG000975,1,MFG_05,DIST_15,DIST_15,TransferOwnership,2026-10-02T06:49:39.846005+00:00,2026-10-02T06:49:41.934931+00:00,2088.919,200,True,True,Ownership transferred successfully
2924,TX0002924,DRUG000975,2,DIST_15,WH_15,WH_15,TransferOwnership,2026-10-02T06:49:41.935018+00:00,2026-10-02T06:49:44.012957+00:00,2077.932,200,True,True,Ownership transferred successfully
2925,TX0002925,DRUG000975,3,WH_15,RET_025,RET_025,TransferOwnership,2026-10-02T06:49:44.013044+00:00,2026-10-02T06:49:46.080884+00:00,2067.833,200,True,True,Ownership transferred successfully
2926,TX0002926,DRUG000976,1,MFG_06,DIST_01,DIST_01,TransferOwnership,2026-10-02T06:49:46.080973+00:00,2026-10-02T06:49:48.155418+00:00,2074.437,200,True,True,Ownership transferred successfully
2927,TX0002927,DRUG000976,2,DIST_01,WH_16,WH_16,TransferOwnership,2026-10-02T06:49:48.155515+00:00,2026-10-02T06:49:50.323094+00:00,2076.320,200,True,True,Ownership transferred successfully
2928,TX0002928,DRUG000976,3,WH_16,RET_026,RET_026,TransferOwnership,2026-10-02T06:49:50.323192+00:00,2026-10-02T06:49:52.388411+00:00,2065.211,200,True,True,Ownership transferred successfully
2929,TX0002929,DRUG000977,1,MFG_07,DIST_02,DIST_02,TransferOwnership,2026-10-02T06:49:52.388501+00:00,2026-10-02T06:49:54.460648+00:00,2072.140,200,True,True,Ownership transferred successfully
2930,TX0002930,DRUG000977,2,DIST_02,WH_17,WH_17,TransferOwnership,2026-10-02T06:49:54.460732+00:00,2026-10-02T06:49:56.522534+00:00,2061.795,200,True,True,Ownership transferred successfully
2931,TX0002931,DRUG000977,3,WH_17,RET_027,RET_027,TransferOwnership,2026-10-02T06:49:56.522620+00:00,2026-10-02T06:49:58.607640+00:00,2085.014,200,True,True,Ownership transferred successfully
2932,TX0002932,DRUG000978,1,MFG_08,DIST_03,DIST_03,TransferOwnership,2026-10-02T06:49:58.607745+00:00,2026-10-02T06:50:00.677740+00:00,2069.968,200,True,True,Ownership transferred successfully
2933,TX0002933,DRUG000978,2,DIST_03,WH_18,WH_18,TransferOwnership,2026-10-02T06:50:00.677937+00:00,2026-10-02T06:50:02.745337+00:00,2067.382,200,True,True,Ownership transferred successfully
2934,TX0002934,DRUG000978,3,WH_18,RET_028,RET_028,TransferOwnership,2026-10-02T06:50:02.745428+00:00,2026-10-02T06:50:04.811323+00:00,2065.888,200,True,True,Ownership transferred successfully
2935,TX0002935,DRUG000979,1,MFG_09,DIST_04,DIST_04,TransferOwnership,2026-10-02T06:50:04.811429+00:00,2026-10-02T06:50:06.886811+00:00,2075.375,200,True,True,Ownership transferred successfully
2936,TX0002936,DRUG000979,2,DIST_04,WH_19,WH_19,TransferOwnership,2026-10-02T06:50:06.886903+00:00,2026-10-02T06:50:08.964534+00:00,2077.624,200,True,True,Ownership transferred successfully
2937,TX0002937,DRUG000979,3,WH_19,RET_029,RET_029,TransferOwnership,2026-10-02T06:50:08.964613+00:00,2026-10-02T06:50:11.033649+00:00,2069.029,200,True,True,Ownership transferred successfully
2938,TX0002938,DRUG000980,1,MFG_10,DIST_05,DIST_05,TransferOwnership,2026-10-02T06:50:11.033735+00:00,2026-10-02T06:50:13.112300+00:00,2078.558,200,True,True,Ownership transferred successfully
2939,TX0002939,DRUG000980,2,DIST_05,WH_20,WH_20,TransferOwnership,2026-10-02T06:50:13.112396+00:00,2026-10-02T06:50:15.197544+00:00,2085.142,200,True,True,Ownership transferred successfully
2940,TX0002940,DRUG000980,3,WH_20,RET_030,RET_030,TransferOwnership,2026-10-02T06:50:15.197646+00:00,2026-10-02T06:50:17.275359+00:00,2077.706,200,True,True,Ownership transferred successfully
2941,TX0002941,DRUG000981,1,MFG_01,DIST_06,DIST_06,TransferOwnership,2026-10-02T06:50:17.275448+00:00,2026-10-02T06:50:19.429130+00:00,2077.350,200,True,True,Ownership transferred successfully
2942,TX0002942,DRUG000981,2,DIST_06,WH_01,WH_01,TransferOwnership,2026-10-02T06:50:19.429222+00:00,2026-10-02T06:50:21.509343+00:00,2080.114,200,True,True,Ownership transferred successfully
2943,TX0002943,DRUG000981,3,WH_01,RET_031,RET_031,TransferOwnership,2026-10-02T06:50:21.509429+00:00,2026-10-02T06:50:23.567525+00:00,2058.087,200,True,True,Ownership transferred successfully
2944,TX0002944,DRUG000982,1,MFG_02,DIST_07,DIST_07,TransferOwnership,2026-10-02T06:50:23.567636+00:00,2026-10-02T06:50:25.635313+00:00,2067.668,200,True,True,Ownership transferred successfully
2945,TX0002945,DRUG000982,2,DIST_07,WH_02,WH_02,TransferOwnership,2026-10-02T06:50:25.635806+00:00,2026-10-02T06:50:27.711239+00:00,2075.419,200,True,True,Ownership transferred successfully
2946,TX0002946,DRUG000982,3,WH_02,RET_032,RET_032,TransferOwnership,2026-10-02T06:50:27.711325+00:00,2026-10-02T06:50:29.788765+00:00,2077.433,200,True,True,Ownership transferred successfully
2947,TX0002947,DRUG000983,1,MFG_03,DIST_08,DIST_08,TransferOwnership,2026-10-02T06:50:29.788844+00:00,2026-10-02T06:50:31.864102+00:00,2075.249,200,True,True,Ownership transferred successfully
2948,TX0002948,DRUG000983,2,DIST_08,WH_03,WH_03,TransferOwnership,2026-10-02T06:50:31.864192+00:00,2026-10-02T06:50:33.926030+00:00,2061.830,200,True,True,Ownership transferred successfully
2949,TX0002949,DRUG000983,3,WH_03,RET_033,RET_033,TransferOwnership,2026-10-02T06:50:33.926121+00:00,2026-10-02T06:50:35.997369+00:00,2071.241,200,True,True,Ownership transferred successfully
2950,TX0002950,DRUG000984,1,MFG_04,DIST_09,DIST_09,TransferOwnership,2026-10-02T06:50:35.997461+00:00,2026-10-02T06:50:38.092284+00:00,2094.814,200,True,True,Ownership transferred successfully
2951,TX0002951,DRUG000984,2,DIST_09,WH_04,WH_04,TransferOwnership,2026-10-02T06:50:38.092435+00:00,2026-10-02T06:50:40.199243+00:00,2106.793,200,True,True,Ownership transferred successfully
2952,TX0002952,DRUG000984,3,WH_04,RET_034,RET_034,TransferOwnership,2026-10-02T06:50:40.199433+00:00,2026-10-02T06:50:42.290512+00:00,2091.068,200,True,True,Ownership transferred successfully
2953,TX0002953,DRUG000985,1,MFG_05,DIST_10,DIST_10,TransferOwnership,2026-10-02T06:50:42.290615+00:00,2026-10-02T06:50:44.378100+00:00,2087.472,200,True,True,Ownership transferred successfully
2954,TX0002954,DRUG000985,2,DIST_10,WH_05,WH_05,TransferOwnership,2026-10-02T06:50:44.378354+00:00,2026-10-02T06:50:46.533377+00:00,2155.014,200,True,True,Ownership transferred successfully
2955,TX0002955,DRUG000985,3,WH_05,RET_035,RET_035,TransferOwnership,2026-10-02T06:50:46.533493+00:00,2026-10-02T06:50:48.616494+00:00,2082.994,200,True,True,Ownership transferred successfully
2956,TX0002956,DRUG000986,1,MFG_06,DIST_11,DIST_11,TransferOwnership,2026-10-02T06:50:48.616578+00:00,2026-10-02T06:50:50.773956+00:00,2072.226,200,True,True,Ownership transferred successfully
2957,TX0002957,DRUG000986,2,DIST_11,WH_06,WH_06,TransferOwnership,2026-10-02T06:50:50.774049+00:00,2026-10-02T06:50:52.839249+00:00,2065.192,200,True,True,Ownership transferred successfully
2958,TX0002958,DRUG000986,3,WH_06,RET_036,RET_036,TransferOwnership,2026-10-02T06:50:52.839349+00:00,2026-10-02T06:50:54.904505+00:00,2065.149,200,True,True,Ownership transferred successfully
2959,TX0002959,DRUG000987,1,MFG_07,DIST_12,DIST_12,TransferOwnership,2026-10-02T06:50:54.904592+00:00,2026-10-02T06:50:56.975146+00:00,2070.547,200,True,True,Ownership transferred successfully
2960,TX0002960,DRUG000987,2,DIST_12,WH_07,WH_07,TransferOwnership,2026-10-02T06:50:56.975227+00:00,2026-10-02T06:50:59.044495+00:00,2069.261,200,True,True,Ownership transferred successfully
2961,TX0002961,DRUG000987,3,WH_07,RET_037,RET_037,TransferOwnership,2026-10-02T06:50:59.044604+00:00,2026-10-02T06:51:01.115847+00:00,2071.224,200,True,True,Ownership transferred successfully
2962,TX0002962,DRUG000988,1,MFG_08,DIST_13,DIST_13,TransferOwnership,2026-10-02T06:51:01.115998+00:00,2026-10-02T06:51:03.193545+00:00,2077.536,200,True,True,Ownership transferred successfully
2963,TX0002963,DRUG000988,2,DIST_13,WH_08,WH_08,TransferOwnership,2026-10-02T06:51:03.193652+00:00,2026-10-02T06:51:05.269378+00:00,2075.720,200,True,True,Ownership transferred successfully
2964,TX0002964,DRUG000988,3,WH_08,RET_038,RET_038,TransferOwnership,2026-10-02T06:51:05.269459+00:00,2026-10-02T06:51:07.345279+00:00,2075.814,200,True,True,Ownership transferred successfully
2965,TX0002965,DRUG000989,1,MFG_09,DIST_14,DIST_14,TransferOwnership,2026-10-02T06:51:07.345370+00:00,2026-10-02T06:51:09.418212+00:00,2072.834,200,True,True,Ownership transferred successfully
2966,TX0002966,DRUG000989,2,DIST_14,WH_09,WH_09,TransferOwnership,2026-10-02T06:51:09.418325+00:00,2026-10-02T06:51:11.493188+00:00,2074.855,200,True,True,Ownership transferred successfully
2967,TX0002967,DRUG000989,3,WH_09,RET_039,RET_039,TransferOwnership,2026-10-02T06:51:11.493274+00:00,2026-10-02T06:51:13.556364+00:00,2063.084,200,True,True,Ownership transferred successfully
2968,TX0002968,DRUG000990,1,MFG_10,DIST_15,DIST_15,TransferOwnership,2026-10-02T06:51:13.556451+00:00,2026-10-02T06:51:15.625299+00:00,2068.839,200,True,True,Ownership transferred successfully
2969,TX0002969,DRUG000990,2,DIST_15,WH_10,WH_10,TransferOwnership,2026-10-02T06:51:15.625401+00:00,2026-10-02T06:51:17.697072+00:00,2071.652,200,True,True,Ownership transferred successfully
2970,TX0002970,DRUG000990,3,WH_10,RET_040,RET_040,TransferOwnership,2026-10-02T06:51:17.697278+00:00,2026-10-02T06:51:19.843597+00:00,2071.181,200,True,True,Ownership transferred successfully
2971,TX0002971,DRUG000991,1,MFG_01,DIST_01,DIST_01,TransferOwnership,2026-10-02T06:51:19.843686+00:00,2026-10-02T06:51:21.923173+00:00,2079.480,200,True,True,Ownership transferred successfully
2972,TX0002972,DRUG000991,2,DIST_01,WH_11,WH_11,TransferOwnership,2026-10-02T06:51:21.923272+00:00,2026-10-02T06:51:23.991760+00:00,2068.481,200,True,True,Ownership transferred successfully
2973,TX0002973,DRUG000991,3,WH_11,RET_041,RET_041,TransferOwnership,2026-10-02T06:51:23.991841+00:00,2026-10-02T06:51:26.052842+00:00,2060.994,200,True,True,Ownership transferred successfully
2974,TX0002974,DRUG000992,1,MFG_02,DIST_02,DIST_02,TransferOwnership,2026-10-02T06:51:26.052926+00:00,2026-10-02T06:51:28.137350+00:00,2084.414,200,True,True,Ownership transferred successfully
2975,TX0002975,DRUG000992,2,DIST_02,WH_12,WH_12,TransferOwnership,2026-10-02T06:51:28.137492+00:00,2026-10-02T06:51:30.220738+00:00,2083.237,200,True,True,Ownership transferred successfully
2976,TX0002976,DRUG000992,3,WH_12,RET_042,RET_042,TransferOwnership,2026-10-02T06:51:30.221338+00:00,2026-10-02T06:51:32.284742+00:00,2063.394,200,True,True,Ownership transferred successfully
2977,TX0002977,DRUG000993,1,MFG_03,DIST_03,DIST_03,TransferOwnership,2026-10-02T06:51:32.284843+00:00,2026-10-02T06:51:34.359340+00:00,2074.489,200,True,True,Ownership transferred successfully
2978,TX0002978,DRUG000993,2,DIST_03,WH_13,WH_13,TransferOwnership,2026-10-02T06:51:34.359420+00:00,2026-10-02T06:51:36.431974+00:00,2072.548,200,True,True,Ownership transferred successfully
2979,TX0002979,DRUG000993,3,WH_13,RET_043,RET_043,TransferOwnership,2026-10-02T06:51:36.432058+00:00,2026-10-02T06:51:38.508386+00:00,2076.321,200,True,True,Ownership transferred successfully
2980,TX0002980,DRUG000994,1,MFG_04,DIST_04,DIST_04,TransferOwnership,2026-10-02T06:51:38.508477+00:00,2026-10-02T06:51:40.579658+00:00,2071.174,200,True,True,Ownership transferred successfully
2981,TX0002981,DRUG000994,2,DIST_04,WH_14,WH_14,TransferOwnership,2026-10-02T06:51:40.579767+00:00,2026-10-02T06:51:42.659520+00:00,2079.745,200,True,True,Ownership transferred successfully
2982,TX0002982,DRUG000994,3,WH_14,RET_044,RET_044,TransferOwnership,2026-10-02T06:51:42.659600+00:00,2026-10-02T06:51:44.727050+00:00,2067.443,200,True,True,Ownership transferred successfully
2983,TX0002983,DRUG000995,1,MFG_05,DIST_05,DIST_05,TransferOwnership,2026-10-02T06:51:44.727143+00:00,2026-10-02T06:51:46.808538+00:00,2081.388,200,True,True,Ownership transferred successfully
2984,TX0002984,DRUG000995,2,DIST_05,WH_15,WH_15,TransferOwnership,2026-10-02T06:51:46.808622+00:00,2026-10-02T06:51:48.873724+00:00,2065.095,200,True,True,Ownership transferred successfully
2985,TX0002985,DRUG000995,3,WH_15,RET_045,RET_045,TransferOwnership,2026-10-02T06:51:48.873944+00:00,2026-10-02T06:51:51.014231+00:00,2063.939,200,True,True,Ownership transferred successfully
2986,TX0002986,DRUG000996,1,MFG_06,DIST_06,DIST_06,TransferOwnership,2026-10-02T06:51:51.014370+00:00,2026-10-02T06:51:53.094997+00:00,2080.619,200,True,True,Ownership transferred successfully
2987,TX0002987,DRUG000996,2,DIST_06,WH_16,WH_16,TransferOwnership,2026-10-02T06:51:53.095096+00:00,2026-10-02T06:51:55.180225+00:00,2085.121,200,True,True,Ownership transferred successfully
2988,TX0002988,DRUG000996,3,WH_16,RET_046,RET_046,TransferOwnership,2026-10-02T06:51:55.180308+00:00,2026-10-02T06:51:57.253529+00:00,2073.214,200,True,True,Ownership transferred successfully
2989,TX0002989,DRUG000997,1,MFG_07,DIST_07,DIST_07,TransferOwnership,2026-10-02T06:51:57.253613+00:00,2026-10-02T06:51:59.337679+00:00,2084.059,200,True,True,Ownership transferred successfully
2990,TX0002990,DRUG000997,2,DIST_07,WH_17,WH_17,TransferOwnership,2026-10-02T06:51:59.337769+00:00,2026-10-02T06:52:01.399091+00:00,2061.313,200,True,True,Ownership transferred successfully
2991,TX0002991,DRUG000997,3,WH_17,RET_047,RET_047,TransferOwnership,2026-10-02T06:52:01.399658+00:00,2026-10-02T06:52:03.472236+00:00,2072.561,200,True,True,Ownership transferred successfully
2992,TX0002992,DRUG000998,1,MFG_08,DIST_08,DIST_08,TransferOwnership,2026-10-02T06:52:03.472325+00:00,2026-10-02T06:52:05.552744+00:00,2080.412,200,True,True,Ownership transferred successfully
2993,TX0002993,DRUG000998,2,DIST_08,WH_18,WH_18,TransferOwnership,2026-10-02T06:52:05.552830+00:00,2026-10-02T06:52:07.627309+00:00,2074.472,200,True,True,Ownership transferred successfully
2994,TX0002994,DRUG000998,3,WH_18,RET_048,RET_048,TransferOwnership,2026-10-02T06:52:07.627389+00:00,2026-10-02T06:52:09.695088+00:00,2067.693,200,True,True,Ownership transferred successfully
2995,TX0002995,DRUG000999,1,MFG_09,DIST_09,DIST_09,TransferOwnership,2026-10-02T06:52:09.695175+00:00,2026-10-02T06:52:11.764425+00:00,2069.242,200,True,True,Ownership transferred successfully
2996,TX0002996,DRUG000999,2,DIST_09,WH_19,WH_19,TransferOwnership,2026-10-02T06:52:11.764510+00:00,2026-10-02T06:52:13.838078+00:00,2073.561,200,True,True,Ownership transferred successfully
2997,TX0002997,DRUG000999,3,WH_19,RET_049,RET_049,TransferOwnership,2026-10-02T06:52:13.838161+00:00,2026-10-02T06:52:15.901814+00:00,2063.646,200,True,True,Ownership transferred successfully
2998,TX0002998,DRUG001000,1,MFG_10,DIST_10,DIST_10,TransferOwnership,2026-10-02T06:52:15.901899+00:00,2026-10-02T06:52:17.964769+00:00,2062.864,200,True,True,Ownership transferred successfully
2999,TX0002999,DRUG001000,2,DIST_10,WH_20,WH_20,TransferOwnership,2026-10-02T06:52:17.964851+00:00,2026-10-02T06:52:20.120561+00:00,2072.748,200,True,True,Ownership transferred successfully
3000,TX0003000,DRUG001000,3,WH_20,RET_050,RET_050,TransferOwnership,2026-10-02T06:52:20.120663+00:00,2026-10-02T06:52:22.191434+00:00,2070.764,200,True,True,Ownership transferred successfully
